CODCLI;FANTASIA
20465;SERVE BEM SUPERMERCADOS
20948;CASA VOGADO 
22005;PEG PAG BONSUCESSO
22022;EMPORIO SERTANEJO
22640;EMBALAGENS CRISTAL
40887;SUP. RIBEIRAO 
41541;SUPER BAHIA 
22641;LIDER SUPERMERCADO
24735;PANIF. E SUP. UNIAO 
40853;SUZIANE DOMINGOS DE OLIVEIRA SILVA 
40943;COML. BENEVIDES
22642;W. R. SUPERMERCADO
22686;SUP. KARAJAS
6651;SUP. CACULINHA
6233;SUP. VENEZA
34232;SUP. PAYOL 
40011;SUP. GAROTAO
6163;PEG PAG PAULISTAO   
20949;CASA DE CARNE BOI PRECOCE
22627;SUP. REDENCAO
22667;PABULLUS MERCEARIA
22668;COMERCIAL VITORIA
34544;MERCADINHO SELVA 
22669;DISK MARMITEX
21190;SUP. GOIANO
21729;ARMAZEM GOIAS
21730;MERC. CARVALHO
21762;MERCEARIA BOA SORTE
40218;COMERCIAL TALISM? 
22818;SM SUP.
20827;SUP. AMARAL 
20828;PANIFICADORA COLMEIA 
24567;MERC. ESTRELA 
40385;CASA DE CARNES PLANETA
24568;MERCADO BEM-VINDO 
20950;SUP. MARCOS
20988;SUP. CANNAA
21178;SUP. 3 IRMAOS
34461;SUPERMERCADO PROPICIO 
41724;CONVENIENCIA NOVA ROMA 
17565;MERC. BOA ESPERANCA
1453;BAR E ARMAZEM GUIMARAES
21771;PANIFICADORA BOM JESUS
21788;COMERCIAL OESTE
21865;QUICK
21872;SUPER ECONOMICO
35375;MERCEARIA + OPCAO 
22674;SUP. DULAR
22675;SUP. MENDES 
9270;SUP. COISA  NOSSA
17532;ARTS PAN
18439;SUPER STORE
21097;NAUTICO PRAIA CLUBE
21098;ATACADAO BOM PRECO
22676;SUPER AGROLEITE 
22707;SUP. CASSIANO
22708;SUP. MANO A MANO
22719;KGG SUPERMERCADO
21123;M K LANHOUSE
21216;SUP. MARACANA
21217;MINEIROS LANCHE
9220;SUP. CONFIANCA
21485;SUP. ECONOMIA
8810;PEG PAG INDAIA 
40451;MINIMERCADO DONA MARIA
40919;MERCEARIA COMPRE MAIS 
18349;MENDONCA SUPER CENTER
8640;PONTO FELIZ SUPERMERCADO 
21486;SUP. BABALU
22515;MERC. RIBEIRO
22729;PEG PAG BRASIL
34635;COMERCIAL JM 
34685;SACOLAO ECONOMICO 
17170;MERCADO BORGES
17171;BARCELOS POSTO DE MEDICAMENTOS
18351;DROGARAPIDA
8410;PEG  PAG  REZENDE     
21320;DROGARIA VENEZA
21321;PANIFICADORA DUARTE
34464;SUP. E CASA DO PAO
8130;SUP. BRASIL
21409;COMERCIAL SOUZA
22796;SUP. FAVORITO
23446;SUP. TROPICAL 
40747;EMPORIO DO BICHO 
23484;SUP. E CASA DE CARNE NELORE 
19806;MINI BOX VITORIA
17538;DROGARIA FINSOCIAL
21410;RECANTO SUPERMERCADO
21411;SUP. LUCAS
21177;PANIFICADORA PAO CAFE
21581;EMPORIO PEIXOTO
17719;SUPER STORE (CAMPINAS)
21629;MERC. ALVORADA
35619;COML. GARCIA
45819;R A SUPERMERCADO
21630;HOTEL SONHO VERDE
21631;CHURRASCARIA NOSSA SRA. DA GLORIA
21632;PHARMAVITAE
22520;DROGARIA PARAISO
23006;SUP. PH 
4887;SUP. MARQUES
21700;MERC. ROCHA
16576;DROGARIA SOUZA
16577;DROGARIA CURITIBA
21701;SUP. CAMBRAIA
39300;EMP. KAWE 
799;COOP. AGROP. MISTA DE BELA VISTA DE GO
20826;HOTEL 1 OPCAO
49786;57.329.991 SUELEM GOMES DO CARMO
49788;DIST.DO DUNGA
21702;MERC. SAO JOSE
21705;DISTRIBUIDORA SAMPAIO
20500;RESTAURANTE RECANTO
20695;PEG PAG BAHIA
20711;SUP. ECONOMIA
20825;LANCHONETE TROPICAL 
21175;SUP. MONTE SINAI
21176;PANIFICADORA ELDORADO II
29848;SUP. JR 
3778;SUP. BIG BOX
17572;DROGA SANTA
21633;MERCADO CRISTAL
21679;SUP. VIRNA
21685;SUP. TRES IRMAOS
21482; PIZZARIA KI SABORE
4907;SUP. CANEDAO
32391;SO FRANGO E CARNE SUPERMERCADO
40177;BEBIDA GELADA VITORIA
6083;SUP. PAGUE MENOS 
17543;DROGA MASTER
20683;AGROPECUARIA SOUSA E SILVA
24828;MEC. SILVA 
40837;CANAA PAPELARIA E VARIEDADES 
41004;CASA DA LIMPEZA
22677;MERC. REIS
22700;
22706;COM. DOIS IRMAOS DE ALIMENTOS 
22975;VISUAL EVENTOS
22978;COMERCIAL DA HORA 
26807;MARCOS ANTONIO DAL'EVEDO VE
34372;PONTO FRIOS
21882;SUP. PONTO CERTO
21883;CABECA BAR
21019;PAEZE SUPERMERCADOS 
21049;SUP. CONFIANCA
21145;SUP. CAMPEAO
21187;SUP. NORATO
21188;SUP. SERVE LAR
5839;SUP. MODELO
22023;MERC. CARVALHO 
39762;DOUGLAS PROMOCOES 
43297;SUPER IDEAL
22024;O ECONOMICO
22025;MERCABOX
24140;RENASCER 
26455;SUP. MASTER
26456;MERC. SAO PAULO
26457;MERC. MN
21354;PANIFICADORA PAO CASEIRO
9690;PEG PAG ALO GOIAS   
21793;SUP. CARLA
21856;FLAVIOS BAR E RESTAURANTE
17526;SUP. EDUARDO
21857;GIRAFRALDAS
9560;SUP. ATLANTICO
21345;DROGARIA SEARA
22007;SUP. SANHACO
22008;KIBS CARNE
24102;SUP. CONFIANCA 
9400;SUPERGIRO SUPERMERCADO
21068;MINI BOX BOCA DE LOBO II
21077;SUP. BROTAS
39498;COML. TREVO 
21189;MINI MERCADO PARAISO
25074;SUPERMERCADO  MANANCIAL 
22009;SP 2005 2
22010;COML. DONA HELENA
22011;SUPER 10 SUPERMERCADO
22027;SUP. 15 D
39783;QUITANDA DA VOVO 
40445;SUP. SERVE LAR 
45728;SUP. KIPAO
21966;GELATTI PIZZARIA
21967;SUP. REI
26792;SUP. MARANATHA 
30916;IMPERIO VERDE ALIMENTOS NATURAIS 
34919;SUPERMERCADO OURO VERDE 
10310;SUP. ECONOMIA  POPULAR
10270;PEG PAG IPIRANGA    
21977;DROGA CERTA
22000;MINI BOX MORADA DO SOL
472;SUP. GRAJAU
20498;DROGARIA GOIAS
20615;MERCADINHO DO MURICI
20616;PEG PAG E CASA DE CARNE MANA
20617;DIA E NOITE CONVENIENCIA
24308;SUP.BARATAO (SAO JOAO)
32626;GAROTO DISTRIBUIDORA DE BEBIDAS 
47159;MINIBOX COMPRE JA ATACADO E VAREJO
18049;SUP. AGROVET
2693;SUP. E MERCEARIA AZEVEDO
21847;COMERCIAL AGUIA
21848;COMERCIAL SURUBIM
34830;ATACADAO MIX 
21858;SUPER FRIOS
21946;MERC. E PANIFICADORA TRIGOIANIA
21947;IPE ATAKAREJO
23103;RC ALIMENTOS 
5106;SUP. REAL      
21443;MERC. SAO PATRICIO
21451;XEROCOPIA PAPELARIA
22504;SUP. ALVORADA
22601;SUP. E PANIF.PRIMAVERA
22602;COMERCIAL SAINCA
34465;MERCEARIA DO BAIRRO 
22657;SUP. GOIAS
22658;MERCAFRIOS SUPERMERCADO 
24091;SUP. LIDER
21425;TOP 10 MERCEARIA
22632;MERC. TIRADENTES
34876;CONVENIENCIA PEGUE E PAGUE 
47451;SUPER AASILVA
22633;SUP. COMPLETO
22634;GANESHOP
22635;LOURDES JARDIM CRUVINEL
22939;COML. OLIVEIRA
2770;SUP. DUBOM
17790;CASA IANA
21157;MERCADO PORTO
21194;Z E L CONVENIENCIA
2480;COML. PEIXOTO
22500;AB SCHOOL
40610;SUP. DO PARQUE
41483;COML. BONFIM
22501;COMERCIAL SANTA RITA
22502;SUP. CHAVEIRO
22503;XINGU SUPERMERCADO
24101;SUP. TOCANTINS
35048;COML. J P
40448;BEBIDAS GELADAS VITORIA
4178;SUP. VERA CRUZ
21487;FLOR DO PEQUI - CONVENIENCIA
16869;ARMAZEM DA TUCA
4078;SUP. CONTINENTAL
26904;SUPERMERCADO REIS
21191;PANIF. JUNDIAI
21192;COMERCIAL PAGUE MENOS
21193;DISK CERVEJARIA RIO CLARO
21601;MOQUECA PEIXARIA
21602;IDTEC - INST. CULTURA E ARTE
39151;EMBALAGENS COSTA 
41301;COML. LUIZA
22631;C CENTRAL
21211;CASA SUICA - EMPORIO DO PAO
5904;SUP.O BARATAO
21804;COML. CASTRO
21805;FARMACIA UNIAO
21806;MINI BOX SANTO ANTONIO
35182;MINI BOX JR
5864;FLAVIO'S ARMAZEM    
886;COML. SORAIA
21249;SUP. BEIJAMIM
21834;FREITAS CINE FOTO
21835;CYBER LOCADORA
21836;COMERCIAL ALVES
38052;SUP. SOARES
743;ARMAZEM PATERNON    
2357;ARMAZEM SILVA       
21807;C L SUPERMERCADO
21808;SUP. ENCONTRO DOS AMIGOS 
21809;DISTRIBUIDORA E COMERCIAL ARAGUAIA
34389;ACOUGUE DO GRINGO
35992;EMPORIO SABIA 
14551;MERC. FORTONNY
21810;MERC. DELMONDES
21811;COMERCIAL RENASCER
21812;CONVENIENCIA POSTO JK
21956;COMERCIAL ECONOMICO
21957;COMERCIAL CUPIM
35292;SUP. DOIS VIZINHOS
21958;COMERCIAL PROGRESSO
21959;COMERCIAL SILVA
22782;SUP. ETC E TAL
85;CONSUMO CADASTRO
87;CONSUMO CADASTRO
21212;SUP. VICTOR
21213;MINIBOX CLARA
1324;SUP. VARJAO
1234;ARMAZEM STA. BARBARA
41687;BAGDA BEER CAFE
47627;O BARATAO COML.
21253;SUPER PONTUAL
21254;CASA DAS FRUTAS
21255;NOVA DROGARIA RAQUEL
21256;SUPEMERCADO SAO JOAO
21257;PAO NOBRE - PANIFICADORA
38887;MERC. 2 PARENTES
42648;SUP. TEMPO NOVO 
21960;COMERCIAL SANTOS
21961;SUP. NERAO
21962;COMERCIAL LEITE
617;SUP. ESTRELAR
21258;PANIFICADORA DICASA
40372;SUP. CACULINHA
40972;SUPER XIMBAS
21469;RW MERCEARIA
21470;SUP. IMPERIAL
17588;PANIF. SANTA LUZIA
151;SUP.AVENIDA
21471;MINI MERCADO NUTRIBEM
17578;COML. CLARICE
21472;SUP. KI DELICIA
21963;DROGARIA SAO LAZARO
21985;COMERCIAL MORAIS
21986;COMERCIAL PRIMAVERA
2340;SUP. 3 S
41737;BUCANEROS RESTAURANT SPORT BAR 
18611;SUP. PORTEIRAO
21473;SUP. JOIA
21474;BRASIL CARNES
21529;SUPER MAUGE
34398;ENTREPOSTO ALIMENTOS & CIA 
21987;SUP. HOLANDA
18743;DROGARIA ITAPUA
22033;BIG DIST.
22038;SUP. BRASIL
22056;SUP. SILVA
22057;PEG PAG LELIS
21243;SUP. COMPRE CERTO
21244;DROGARIA CENTRAL
41176;SUP. POTENCIA 
41292;SUP. ESQUINAO
20796;IMPERIO DOS DOCES
20797;NACIONAL SUPERMERCADO
20798;SUP. REAL BRASIL 
20799;SUP. TEM TEM II
21245;PAES E FRIOS - PANIFICADORA
38721;COML. LIMA
22034;SUP. J. CAMPOS
22035;MERC. SANTANA
22036;SUP. EVOLUCAO
22037;MERCADINHO SANTIAGO
20800;COMERCIAL TISTAL 
21246;DISK CERVEJARIA PINGUIM
35305;SUP.BIG CENTER
36032;MERCEARIA GIL
50413;RESTAURANTE RAIZES
588;SUP. COLUMBIA
21247;MERC. SUZANA
18729;DROGARIA BANDEIRANTE
664;MERCADINHO ECONOMICO
21248;CONVENIENCIA ATLANTA
35385;SKILOS FRIOS
35488;MERCADINHO PAGUE MENOS
21952;SUPER BOM
21953;SUP. SANTA CLARA
21954;SUP. NOSSA SENHORA DA GUIA
21955;COMERCIAL MAIA
21159;DROGA DIAS
36447;MERCADO E CASA DE CARNES SANTOS 
21210;CINE MAX
20685;FRIOS E CONVENIENCIAS MC
20686;POSTO BRASIL
21239;CASA DE CARNE PIONEIRO
21152;DROGABELLA
35964;COML. BOM PRECO 
21153;DROGARIA REAL
3438;CASA JUNQUEIRA      
21240;DROGARIA SAO CAMILO
21949;PEG PAGA PEIXOTO
21950;MERC. DOURADOS
39307;RENOVE LIMPP 
21951;SUP. DINIZ
21241;BOM BOI CARNES E CONVENIENCIA
3318;SUP. GUANABARA III
21242;SHARON ARQDESIGN
15409;FARMACIA SANTOS
35829;REDE 3 SUPERMERCADO 
36992;IMPERIO SUP.
3288;SUP. CAMPO VERDE
21396;SUP. BOM PRECO I
21484;SUP. RAMOS
21483;MERC. GOIAS
41332;SUP. GOIANAO (MORADA)
21948;SUP. SUPER MAIS
22031;SUP. GAROTO
22032;SUP. CRISTAL
22778;EMPORIO DUARTE
36013;SUP. SALOBRO
36986;SUP.HIPER MARTINS
20684;MERCADO COMPER
21422;DROGARIA LINS
21843;SUPER BOX SILVA
21844;COMERCIAL CASTRO
40784;CASA RURAL
21845;MINI BOX LALU
21846;PEG PAG ROMA
21826;SAMAUMA RESTAURANTE
23550;COMERCIAL TOCANTINS 
21292;SUP. MARQUES
40987;MERC. DO VEI 
21328;SUP. DO PARQUE
15427;SUP. PANTANAL
20645;DROGARIA DROGAFARMA
23092;DROGARIA MUTIRAO 
20952;SUP. MARCOS
41961;MERC. DEUS E FIEL
20953;SUP. MARCOS
20954;SUP. MARCOS
21318;SUP. HORANA
21453;MERCADINHO SHOW
21510;NASA CHURRASCARIA
14594;SUP. PARAISO II
21511;DROGARIA MORAIS
21512;WIGNY PEG PAG
21540;DEL BAR 
34138;COML.RIBEIRO
21541;SUP. GUERRA 
21542;REQUINTE PAES E DOCES
10710;DROGARIA PLUS
15549;DROGA VEIGA
26864;SUP. VILA AZUL 
41050;MAX SUPERMERCADO(VL.MUTIRAO II)
15550;VIVI FARMA
21458;ESCOLA INTERAMERICA
5635;SUP.  BARATAO
21459;SUPER 1000
18684;PAO MELHOR SUP.
42592;MERC. E DISTRIBUIDORA BOX 63
42605;SUPER PAGUE MENOS 
21464;O BARATAO DO FERNANDES
21465;MERCADINHO DENISE
21575;SUPER MIX
21576;MERC. DUAS IRMAS
41993;MERC. DA JOICE
21661;MERC. SILVA
21662;SUPER CAIO
22750;SUP. DO VITIN 
21454;DROGA LOPES
5515;WILSON LOURENCO DE ALMEIDA
28998;VITORIA LANCHONETE
34412;SUP. BARATEIRO 
21455;DONA LEDA CASA DE PAES 
5406;SUP. CEBOLINHA
21456;SKINAO CASA DE CARNES E VERDURAO 
27727;SUP.LIMA
41080;SUPER PRIME SUP.
21457;MERC. KARAJAS
5226;SUP. FLOR DE MINAS
21543;PANIFICADORA KI PAO
21658;FARMACIA SANTA MONICA
21659;SUP. EMPORIO HANNA
36084;MERC. LOPES
21660;SUP. EDSON
23661;ADEGA - O CORUJAO 
4263;MERC. E PANIF. GONTIJO
1116;SUP. ECONOMIA
42201;COML. LOPES
42615;SUPER CLARA 
21289;BRASPRESS TRANSPORTES
21290;TIO GENARO PIZZARIA
17566;SUP. FORTALEZA
21316;MERC. E ACOUGUE KL
21317;NENE FRALDAS
34327;SUP. NS 
20951;SUP. MARCOS
21502;SUP. PROGRESSO
21507;PANIFICADORA NOVA GERACAO
21508;PANIFICADORA AGUA NA BOCA
21509;CHURRASCARIA RODEIO
26817;YELLOW
37622;SUPER NATHY 
21816;MEGA CONVENIENCIA
2320;SUP. S. M.
15902;DROG. SANTA PAULA
20627;LANCHONETE DO ZE DO QUEIJO
37715;RAÇÕES ARAGUAIA
20659;SUP. PINGO DOCE
21144;SUP. RESENDE
21146;COMERCIAL RODRIGUES
2290;ARMAZEM ALMEIDA     
21824;COMERCIAL GABRIELLY
35912;PETRO CONVENIENCIA 
21825;MERC. MARTINS
19802;DROG. GARRA
19803;DROG. ALEXFARMA
2216;SUP. GAROTO
21384;SUP. SAO VICENTE
34838;SUP. COMPRE BEM 
17619;SUP. COAMA
21421;EXPRESSO SHOP
21838;MERC. COSTA
21839;MINI MERCADO POTIGUAR
21840;COMERCIAL SANTOS
38171;MINI BOX ADRIANO 
22735;REST.ESPAÇO CASEIRO
22764;POSTO MEDICAMENTO SUCUPIRA
18096;SUP. UNIAO
49870;SUP.AVENIDA
19758;REST. LANCHONETE JAU
19761;MIMI BOX SERVE BEM
41333;REAL SUPERMERCADO 
41790;COML. PARANA
21270;DROGARIA PRINCIPAL
20607;EMBALAGEM CENTRAL
20475;SUPERFRAN -  SUPERMERCADO
20609;SUP. GIRASSOL
20610;PANIF. E MERCEARIA DOCE SABOR 
24820;CASA DE CARNE E MERC. ZE LAMBRETA
35926;MERCADO AVENIDA
20614;COLEGIO IPE
21656;CANAA LANCHES
21657;SUP. DO BETAO
21841;PEG PAG CASTRO
21842;MERC. DO RAFINHA
35806;MERCEARIA CARVALHO 
19780;FLORESTAL
17612;DROGARIA BEATRIZ
21250;SUP. BARATAO
870;COML. HUMBERTO
21251;BATATAS BAR E MERCEARIA
38482;CITRO5 ATACAREJO
17617;COML. COELHO
21837;CENTER SHOP - CONVENIENCIA
22088;COMERCIAL SOARES
22105;LEAO SUPERMERCADO
22106;SUP. NAVES
43298;ARMAZEM SAO GERALDO
24103;MERCADINHO DO ZE MAURO
20782;SUP. RODANTE
21352;COMERCIAL SOL NASCENTE
21381;CASAS D'MELLO 
41954;SUPER GIGANTAO 
21534;SUP. E LANCHONETE JAGUA
21535;COML. CARVALHO
21536;DROGARIA GOIAS
21537;CARPACCIO CONVENIENCIA 
21126;PANIFICADORA E CONFEITARIA SONHO DE MEL
40847;SUP. VITORIA 
21127;PAPELARIA MESQUITA
110;SUP. TRIANGULO
21467;EMBALAGENS E PRESENTES VAI E VEM
183;SUP. CACULA
36040;TIO WILLYS SUPERMERCADO
47933;SUP.RODRIGUES
185;SUP. NOSSO LAR
21468;REST. VAI E VEM
21980;SUP. MUNDIAL
21981;MERC. E LANCHONETE JHS 
21982;MARIMPEL PAPELARIA
26808;DU VALLI CONVENIENCIAS 
36011;MERCADO ALVES 
22754;LANCHONETE MARCOS 
22776;SUP. VIDA NOVA
21663;SUP. DO BAIANO
17872;RESTAURANTE TRADIÇAO GOIANA
186;AGROP. STA. BARBARA
35678;MERCEARIA MK COMPRE MAIS 
47597;COML. ANDRADE
195;COML. SAO VICENTE DE PAULO
20783;GAUCHOS BAR
20784;MINI BOX LM
20785;SUP. TEMPO NOVO 
20786;SUP. BOM PRECO
34326;MERCEARIA PAIS E FILHOS
21664;SUP. SERVI-SE
21813;UNICOM 
21814;PANIFICADORA PAO DE MEL
20787;SUP. FORMOSO 
21503;SUP. CRISTALINA
38594;SUP. MERCADO PLANALTO
16980;SUP. VARGAS
21504;SUP. BOM PRECO
212;FRUT. SOL NASCENTE
22777;COMERCIAL NOVO SABOR
29745;HOPS
36087;HORTIFRUTI CENTRAL 
21505;ACOUGUE E SACOLAO RIBEIRO
21506;NUTRY CENTER - PET SHOP
21522;SUP. SAMILLA
21523;SUP. BOM DIA
35932;COML. SOUZA 
21524;XAVIER CONVENIENCIA
22785;MIX MOTOPECAS
23523;DROGARIA FLAMBOYANT II 
274;COML. AVENIDA
296;SUP. TUCHAS
39336;SUP. ECONOMIA
20544;CONVENIENCIA PALACINHO
335;COML. MINI- BOX
11119;SUP. VITORIA
353;MERC. REAL      
18727;SUP. OPCAO
38633;MINE MERCADO ECONOMICO
21526;MERCEARIA & PANIF. ITARUMA
50614;LACERDA BUFFET
21527;MR. TIME CONVENIENCIA
21528;SUP. SUPER GIRO
21346;COML. POMBO
41379;SUP. E PANIFICADORA SANTOS DUMONT
24789;COML. GOMES 
18990;SUP. RODRIGUES
21347;PRA VOCE SUPERMERCADO
20545;PRINCIPE - HOTEL
20546;TROPICAL RAJA GAUCHA
35954;GENIAL EMPORIO 
20788;MED CAO PET CENTER
20789;CASA DE CARNE PONTE BRANCA
21348;SUP. MODELO
21515;ACHEY VERDURFRUTY'S
21530;EMPORIO COISAS DA ROCA
21531;COMERCIAL SAO JORGE
34350;EMPORIO MEDEIROS 
21532;SARICO FARMA
21533;PANIFICADORA E SUP. PAULISTA
20790;SUP. E CASA DE CARNE BOM BIFE
20791;MERCADINHO PAG MENOS
21349;PANIFICADORA DORIANA
38720;DUECAFFE CAFETERIA & CONVENIENCIA
440;SUP. DO AFONSO
21350;PANIFICADORA BOM JESUS
21351;COMERCIAL ASSUNCAO
20688;FLORES E CESTAS 
21466;SUP. COMPRE BEM
41795;SUP. CACULINHA
20752;HOTEL DEVILLE 
20779;DROGANIRA
20781;DROGARIA SANTA MONICA
22066;CONVIVENCIA PONTO FINAL
21828;MINI BOX NETO
42640;CASA DE CARNE ALVORADA
42647;MERCEARIA POPULAR
21829;MERC. VISTA BELA
21830;IGM DISTRIBUIORA
20751;COMERCIAL SANTA EDWIRGES
21151;DROGA FORTE
21428;PRATICA LOGISTICA
100;SUP. RAMOS
35049;SUP. GALVAO
21444;ARMAZEM VALE DO SOL
18427;SUP. E PANIFICADORA GALDIN0
21445;COML. MENDONCA
21831;SUP. AQUINO'S 
21832;SUP. ECONOMICO
41115;EMPORIO DIA A DIA 
21983;CANDIDA FRIOS E CONGELADOS
21984;MERC. FERREIRA
22058;COMERCIAL PINTO
22797;SUP MARAVILHA
105;CASA SARAIVA
41578;MEGA SUPERMERCADO (NOVA ESPERANCA)
41602;STOCK SUPERMERCADO 
107;SUP. IDEAL
21329;SUP. BOAS COMPRAS
20743;COML. BOCA DE LOBO
20744;COMERCIAL TIZO
35842;EMPORIO ANHANGUERA 
35859;TESTE MAXIMA
21361;SUP. SAO BENTO
21362;SUP. CAMPOS
21827;SUP. POR DO SOL
3146;SUP. NACIONAL
372;SUP. POPULAR
42668;SUPER BARATAO EXPRESS 
21300;MARIAH RESTAURANTE
21301;SUP. ABELHA
21302;COML. COMPRE BEM
2661;MERCABOX ARAUJO
21635;MINI BOX ELDORADO
42737;SUP. NOVO HORIZONTE 
20681;SORVETERIA E LANCHONETE IGLU
21636;SUP. M & M
21637;DROGA ANA
21638;SUP. AMAZONAS
22734;LESTE CONVENIENCIA
21303;SUP.  ESTRELA DO SUL
34499;COML. LIMA
21304;COMERCIAL RODRIGUES
21614;SUP. ERRE EFE
21615;COMERCIAL PRIMAVERA
21616;COML. PARANA 
21617;PANIFICADORA E CONFEITARIA DORIANA
22794;COM. CONQUISTA
18462;LINGUICA PORTO REAL
17544;RENY SUPERMERCADO
21305;PADARIA E CONFEITARIA TRIUNFO
38776;SUP. SUPREMO
40903;SUP.PAG POUCO
6004;SUP. TROPICAL
21306;DROGA MAXIMA
5944;COML. ROCHA 
21323;PANIFICADORA BOM DIA
41977;SUPERMERCADO QUERO MAIS
21647;POSTO DE MEDICAMENTOS VITORIA
21790;SUP. GUANABARA
21791;BAR DO DECIM
21803;SUP. PADRA
21815;TIBA SPORT CENTER
22763;SUPERLIMA SUPERMERCADO
34538;COML. CASTRO
20682;PORTO REAL ATACADISTA
20811;VAREJAO DO IRMAO
20865;SUP. JAMILI 
20866;PANIFICADORA TURVELANDIA 
21161;MAGAZINE ANAPOLINO
21162;COML. ZUZA
18414;SUP. SUPER STAR
21655;COMERCIAL VITORIA
21672;COML. SOUZA
21686;SUP. ARAGUAIA
42943;ARMAZEM REAL
21720;CATERETE RESTAURANTE E BAR
21721;SUP. LEMOS
22748;LS SUP. E DISTRIBUIDORA DE BEBIDAS
22749;JULIO FR RESTAURANTE E PIZZARIA
22751;TOTE SUPERMERCADO
34460;CARTORIO DO REGISTRO DE IMOVEIS E ANEXOS
41239;SUP.  DOUGLAS 
24599;MERC. E ACOUGUE JARDIM DAS FLORES
21273;SUP. FERREIRA 
21274;ARMAZEM FORTALEZA
21277;PAO DOCE PAO - PANIFICADORA
39463;TAYNARA SANTANA MORAES 06499857106
40171;HIPER CASA DE CARNES VITORIA 2 
18708;SUP. SOARES
1531;SUP. ALVES
1522;SUP. CRISTAL
21312;HIPERPAN - PANIFICADORA
21313;SUP. VIDA.COM
40330;PEG PAG MARIANE
43342;SUP. PRO BRAZILIAN (JD. ATLANTICO)
21390;YPE SUPERMERCADO
21495;SUP. ECONOMIA
21496;JR SUP.
21497;MERCADAO OURO PRETO
24807;MERC. FROTA
45639;SHOP DOS ANIMAIS
24811;MAX NET GAMES
21577;MERC. J P
22733;PANIFICADORA BEIJO QUENTE 
21391;MERC. E CASA DE CARNE LARA
21397;PANIFICADORA OURO BRANCO
21398;PEG PAG VILA NOVA
34513;MERC. TEODORO E DIST. DE BEBIDAS
21399;BONO SUPERMERCADO
24498;SUP. ALVES
21440;POLIVET - PROD. AGROPECUARIOS
21441;CAPIM VERDE - RESTAURANTE
18103;DROGAMED
34554;ZERO GRAU BEBIDAS 
40389;COMPRE BEM SUPERMERCADO
21442;AMARELAO 
21578;SUP. NUTRILAR
21579;MERCADINHO SAO JOSE
21580;COMERCIAL SILVA
21608;MERC. SANTA MARIA
21609;VERDURAS MANUS SUPERMERCADO
21610;MERC. SERTANEJA
21611;FARMACIA LIMA
21623;SUP. PERTILE
21624;MERC. SUPRILAR
21634;SUP. BOM PRECO
21644;MERCABOX FRUTILAR
42532;MEGA ATACAREJO
21645;LANCHES INTERLAGOS ALGO +
21646;MERCADO FAMA
22769;SUP.SAO CARLOS
22789;SUP. E CASA DE FRANGO JR
17595;SUP.PROEZA
34218;SUPERMERCADO JUNIOR 
21538;UM A UM ATACADO E VAREJO
20795;COML. E BAR PONTO CERTO
887;HIPERMERCADO CACULINHA
21539;SUP. SANTA CLARA
21582;SUP. PARQUE
34775;BAR E MERCEARIA DA LU
21594;COMERCIAL NOVO SUL
21595;SUP. VITORIA
21596;DISKOL - ADEGA
23058;SUP. TEND TUDO
3629;SUP. GARIBALDE
176;SUP. BOA ESPERANCA
3043;SUP. CARRIJO
21252;CASA DO PAO PANIFICADORA
21299;MINI MERCADO AGM
1503;ARMAZEM ALMEIDA
42732;J M SUPERMERCADO 
21605;SUP. SOUZA
21643;SUP. ED. JUNIOR
21382;COMERCIAL CASTRO
21400;SUP. MARIANA
26878;HIPERMERCADO TO KERENDO
34245;COMERCIAL MURTA 
21401;MERC. MANSO
21402;SUP. MUNIZIO
21403;MERC. ALVES
22819;SUP. MAYARA
31103;POLO ATACADO DISTRIBUIDOR E VAREJO LTDA
34885;SUPERMERCADO SERVE MAIS 
24106;SUPER GRAMADO 
20855;SUP. ATENDE BEM 
20856;SUP. NUNES 
20857;COMERCIAL J.K.
20858;FARMACIA GLOBO 
22816;DINAMITE SUPERMECADO (OLINDA)
22226;SUP. PIG 
22235;PANIF. E MERCEARIA BRASIL
22281;COMERCIAL XINGUARA DE ALIMENTOS
3323;MICHELITA PANIFICADORA
42733;PANIF. K.PAO 
18577;DROGA NOVA
22282;PAG PAG SELECTA
21488;SUP. CONTIJO
1647;SUP. PONTO CERTO
15329;SUP. PAG POUCO
34251;CALCULUS ASSISTENCIA CONTABIL
21489;IGREJA LUZ PARA OS POVOS
21490;PANIFICADORA SUPREMA
21491;AGROPECUARIA SAO JOSE
22283;MERCEARIA KENNEDY
22284;SUPER FRUTAS
34892;SUP. PEROLA 
40438;SUP. MAIA
22285;SUP. ALTO DA COLINA
24105;DENESFARMA 
18443;LIDER FESTA
1381;SUP. JUNQUEIRA
21492;PANIFICADORA MARISTA
22805;SENA SUPERMERCADOS
22807;SUP. JK
15330;SUP. FELIPE
17393;DROGARIA  ALEXANIA
21238;COMERCIAL POTENCIA
42736;SUP. ECONOMICO 
15337;SUP. FAMA
20803;BAR & ARMAZEM RAIO DE SOL 
20804;PANIFICADORA PAO E CIA
22490;SUP. MARTINS
40329;COML. JM
20805;MERC. NOSSA SENHORA APARECIDA
21259;DROGARIA SANTA MONICA
1661;SUP. ELDORADO
20699;POSTO AVENIDA
20860;SUP. 15 DE NOVEMBRO 
35020;MENTTORA ADMINISTRACAO 
20861;FRANGO ATROPELADO - LANCHONETE
21260;DROGARIA SANTA MONICA
20862;PANIF. MUNDO NOVO 
42161;MERCADINHO ESTRELA
42304;VERDURAO VENCEDOR 
1430;SUP. TEM DE TUDO
15334;COML. ATRAENTE
15335;PEG PAG SILVEIRA
40916;SUP. DO GORDINHO
15332;DAFRUTA
24810;CONVENIENCIA MARRECO
22746;RELOJOARIA VIEIRA
23487;SUP. ROCHEDO
21976;FARMACIA SANTA MARIA
38997;SUP. COMPERFRUTAS
21978;POINT VIRTUAL - LAN HOUSE
15327;SO UTILIDADES
21979;DROGARIA DOM BOSCO
21899;SUP. MEDIANEIRA
18115;SUP. IDEAL
40439;REAL ALIMENTOS 
1467;MINI BOX SERVE BEM  
21900;SUPER GOMES
21901;COMERCIAL BOM PRECO
21902;DISC CERVEJA DO RILTON
18957;SUP. BOM PRECO
42608;MINI BOX SUL 
22137;ARMAZEM GOIAZ
2198;MERCADO VERDAO
22138;COMERCIAL SOBERANO
22790;SUPER BRASIL SUPERMERCADO
22791;SUP. BALTAZAR
23186;EXPLODE CORACAO
35913;SUP. AMERICA 
21853;MERC. E CONFEITARIA ESTRELA
21854;PANIFICADORA PAO DE MEL
20867;PANIFICADORA PREFERIDA 
20868;CASA DO CRIADOR
24104;DROG. DO CIDADAO
34253;COML.CECILIA
22139;SUPERMERCADO MINI BOX LIDER
22166;SUMARE RESTAURANTE
32469;MERCEARIA GARCIA 
22168;COML. ALMEIDA
15338;MERC. UNIAO
40465;LIGERIM GAS E AGUA 
40479;SUP. BARRARIA
20869;DELLA ELDORADO
20870;PONDEROSSA PRODUTOS NATURAIS
21859;GALERIA DOS PAES
21860;DROGARIA DOM ORIONE
42635;JHONY LEITE DA SILVA
46828;JN PROMOCOES
21861;COMERCIAL LIDER
21903;MERC. PLANALTO
1275;SUP. SAO JOSE
1298;PEG PAG BONZAO
1307;MERCADO SILVA 
35914;FABBRICA DI PIZZA 
40930;SUP. PREDILETO 
22169;SUP. MINI PRECO
22170;ORLA SUPERMERCADO
22811;VIDA PANIFICADORA E CONFEITARIA
22758;SUP TALUS
39315;MERC. CARDOSO II 
22770;UPI UPI
1589;MERC. OLIVEIRA  
21723;MERC. JV
15331;COML. 3 IRMAOS
1603;SUP. CACULINHA
35404;SUP. FAMILIA 
35425;SUP. PORTAL SAO FRANCISCO
22176;SACOLAO DA ECONOMIA
1317;COML. ESTEVAM
1321;CASA PORTUGUESA     
15707;FARMANET
38875;COML.  ARAUJO
21724;POTENCIA SUPERMERCADO
21725;COMERCIAL BOM JESUS
21904;MERC. CARVALHO
20854;COMERCIAL PRIMAVERA 
21905;MINI MERCADO E PANIFICADORA UAI
35924;MINI MERCADO THIAGUINHO
41153;MERCADINHO BOM PRECO
21906;MINI BOX OPCAO
22178;PEG PAG ST. ANTONIO
22179;COMERCIAL PONTO CERTO
22196;RESTAURANTE PRATAO GOIANO
22224;SUP. ESPERANÇA
39391;SUP. CENTRAL
22225;SUP. JUNIOR
22812;SUP CENTRAL
22808;PANIFICADORA SAL E DOCE 
5752;MERCABOX SILVA
2128;SUP. NAVARRO
26820;SUP. SUPERGOL 
35564;SUP. LEAO 
21799;COMERCIAL BARATAO
21800;SUP. E PANIF. TEIXEIRA
21801;SACOLAO CENTER
21426;FRIOS JM
21501;N 1 SUPERMERCADO
26818;SUP. MUNDIAL 
42670;LANCHONETE JL
21519;DROGARIA POMPEIA
21520;DROGARIA MARANATA
21544;BRILHANTE SUPERMERCADO
23593;SUP. TEND TUDO 
41382;MERCEARIA ARCA DE NOE
21802;LOJA DE CONVENIENCIA OISKY
21917;SUP. XAVIER
21974;REAL FRUTAS
21975;SUP. REAL
22809;MERCABOX II IRMAOS 
34230;MERC. AGUIAR 
22810;LANCHONETE MOREIRA
21792;DROGARIA VITORIA
5259;A- GE
21798;SUP. ARAGUAIA
3169;COML. PLACINE 
41624;SUPER PEDRAO
19860;SUP. DINOVO
20587;SUP. RENASCER
20588;MERC. KAIROS
20589;SUP. CRISTO REI
39563;RODOVAN PRODUTOS DE LIMPEZA
39565;SORTIDAO DA ECONOMIA 
21132;SUP. CHIARINI 
21133;MERCADINHO ALIANCA
21134;FRUTOS DO CERRADO SORVETES
19861;SUP. FLORIANO
42013;MERC. AMORIM 
46585;SUP. COABA
19862;MERC. BOA SORTE
21938;MINIBOX SAO FRANCISCO
21939;MED FARMA
20707;MERC. AVENIDA
20771;PANIFICADORA EMPORIO DOS PAES
482;SUP. FORTALEZA 
34237;REY LAR SUPERMERCADO (LOJA 03)
34427;MERCEARIA DO GOIANO
21427;MERC. MISSIONE
21429;PANIFICADORA PAO DE MINAS
21430;COMERCIAL COSTA
21431;PANIF. RIANAPOLIS 
21545;MINI MERCADO ALBATROZ
35566;SUP.ROBIN
35571;ITARUMA SUP E ELETRODOMESTICO LTDA ME
21546;COMERCIAL DONY
21547;SUP. E MERCEARIA MARQUES
21907;MERC. NACIONAL
21908;RAFAELA LANCHES
21909;BONANCA COM. VAREJ.DE PROD. ALIMENTICIOS
40884;HILDEJANE PEREIRA DE ARAUJO NUNES
21169;SUP. SERRA VERDE
21170;SERRA DOURADA ALIMENTOS 
21171;VIVA BEM - CONVENIENCIA
21548;COMERCIAL 42
22753;SUP.BONANZA
21432;SUP. BOM VIZINHO
35934;SACOLAO FRUTOS DA TERRA 
2809;SUP. TOLEDO
17668;COML. CEASA
17669;MERC. LISBOA
21261;DROGARIA SANTA MONICA
21336;SUP. DIANOPOLIS
34445;SUP.SAO MIGUEL
21337;COMERCIAL CERRADO
21338;SUP. CONQUISTA
21339;FARMACIA DO POVO
21340;SAO LUIS IMPORTADOS
21433;PEG PAG RR
35636;COML. VITORIA 
21434;COMERCIAL SUPER SERVE
20773;RESTAURANTE BIA FREDES
21476;SUP. NAPONENSE
21549;SUP. OLIVEIRA
21550;DROGARIA AMARAL
42484;SUP. SICKEIRA 
21607;MERCADINHO SANTO EXPEDITO
21910;DROGARIA FARMA VINTE
21911;COMERCIAL VIGAMO
21912;CHURRASCARIA E LANCHONETE PCA. DO BOI
42725;DIST. DE BEBIDAS LINGUA DE FOGO 
42727;PANELINHA 
23009;SUP. VITORIA 
21551;SUP. REAL
21552;ARMAZEM FORTALEZA
24107;REDE BEM SUP.
31027;AMANHECER SUPERMERCADO
39436;MERC. E VERDURAO GOIAS 
20801;COMERCIAL DIAMANTE
20802;MERC. POPULAR
1863;SUP. BRAGA
41731;DI CASA SUPERMERCADO 
41791;SUPER TOP 
21341;LANCHONETE CALIFORNIA
1933;COML. PANTANAL
2001;ARMAZEM MUNDIAL     
30939;ASSADOS & CIA II 
40431;MERCADINHO DA FAMILIA
40980;DUBRAZ SUPERMERCADO 
17664;SUPERVI (JD. GOIANO)
21477;MERC. E ACOUGUE TATU
32454;MERCADINHO  DINIZ
42148;DONNA DI CASA SUPERMERCADO
42303;SUP. MONTEIRO 
42812;REAL SUPERMERCADO
21553;HORA + CONVENIENCIA
1199;MERC. SILVA     
1218;COML. TRES DE JUNHO
2007;SUP. REZENDE
21342;SUP. TAWANA
35337;SUP. ANDRADE
21343;COMERCIAL ROCHA
21740;SUP. EMANUEL
21821;SUP. TROPICAL
39012;MERC. DO TREVO - VENDAO 
1223;SUP. DO LAR
21554;COMERCIAL EL SHADAI
21555;COMERCIAL FRANCO
21556;PANELA DE GELO 
21557;SUP. CENTRAL
40997;PREDILETO SUPERMERCADO
47325;COML. CHICO
22952;TOSHCA ARABIAN 
2240;MERCADINHO DO TONINHO
21822;SUP. SERVE BOX II
23007;SUPERMARES 
17796;DROGARIA TERAPEUTICA
42531;WL DISTRIBUIDORA 
2048;ARMAZEM TAVARES     
21344;CHURRASCARIA GRAMADO
21423;COMERCIAL E CASA DE CARNES ESPADILHA
21314;ARMAZEM VIDA NOVA
21315;SUP. GUIMARAES
42552;HIPERBOM SUPERMERCADO 
21353;SUP. DANTAS
18387;COML. JERONIMO
21424;SUPER RIO BRANCO
847;REDE JAIME - 2
2717;SUP. ORIENTE
34369;AÇOUGUE E SUPERMERCADO NORDESTAO
42866;SUP. BARATAO
21592;SUP. AVENIDA
21897;W N ECONOMICO
21913;COML. PORTO REAL
21914;MINI BOX QUERIDO
21915;COML. DO LAR
21916;MERCANTIL SUL
34444;SUPER NOSSO SUPERMERCADO
22201;COML. TOCANTINS
22202;SUP. CENTRAL
839;SUP. PROGRESSO 
15963;SUP. BURITI
42449;COML. RODRIGUES 
42823;SUP. BAILAO
18567;DROG SANTA TEREZINHA
845;SUP. BRAGA E GARCIA 
21649;MERCADO MOREIRA 
21364;ADM/GO - ASSOCIACAO
21365;MARCUS SUPERMERCADO
21366;SUP. SERVE BEM
21367;SUPERDO
21570;SUP. SERVE BEM
21571;MERC. E VERDURAO SILVA
21572;JEAN TRANSPORTES
19807;MERC. VASCONCELOS
31039;BRF S.A. 
34388;PANIFICADORA EMANUEL 
20578;SUP. LIMA
22237;TRANS-RAPIDO URUACU
20579;K.G.M.
20580;LANCHONETE PEDRA BRANCA
41457;SUPER E DE CASA
41502;SUP. NOVO  LAR 
21593;MAIS SUPERMERCADO
23008;MERCADINHO SANTA EXPEDITA 
3507;COML. MORTOZA
15314;SUP. SAO JOSE
16742;PEG PAG CARVALHO
42722;PANIF. RIVIEIRA
25997;SUP. REAL
20581;PASTELARIA DO ARLINDO
20582;BAR JATAI
19808;REST. E LANCHONETE PLANET
19809;LOJAS PAULISTA
42678;SUP. MARTINS 
42757;COML. SILVA 
3558;MERC. TREVAO    
21927;MERC. MELHOR PRECO
21368;MERC. FREITAS
19740;BAR E MERC. LOURENCO
19741;DROGA POP
34399;COMERCIAL WS
35816;MERCADINHO SERVE BEM
19742;SUP. BOM PRECO
21369;SUP. NATANE
21928;DITRIBUIDORA DE BEBIDAS BOA SORTE
21929;DROGARIA VERAO
22046;VERDURAO KAYAPO
35867;ATACADAO DIA DIA - LJ 1
22047;HOTEL E REST. B E K
22944;EMPORIO DA EMPADA 
3528;SACOLAO VERDES FRUTA
24708;SUP. RS 
21558;COMERCIAL BRASIL
18581;SUP. SILVA
15811;SUPER STORE
21559;DROGARIA SANTA TEREZINHA
21560;SUP. CAVALCANTE
42771;SUPER MOURA
21940;SUP. ESPERANCA
21877;COMERCIAL BARBOSA
21878;STOP LANCHE
21879;PANIFICADORA DEUS E GUIA
20568;DIST. DE OVOS JACARE 
31041;DIST. DE BEBIDAS MADRID
35847;EMPORIO NOTA 10
20569;ATACADO O CACULINHA
20570;COML. MR
21941;SUP. ESPERANCA
21942;POSTO E RESTAURANTE PARAISO
24109;COML. CRISTAL 
42062;SEMPREBOM SUPERMERCADO 
942;CASA DO PRODUTOR MAIRIPOTABA
21326;FARMACIA ARAGUAIA
20499;DROGARIA CRISTAL
21880;SUP. TOMASI
42669;EMPORIO WALTER SANTOS
21881;COMERCIAL SOUSA
21933;MINI BOX JR
20571;MERC. SANTA MARIA
20572;SUP. CENTRAL
20573;SUP. LIDER
42675;SUPER AVISTAO 
21355;CASA DE CARNES 83
20565;DROGARIA SAO MARCOS
20566;DROGARIA MILANO 
21356;ARMAZEM POPULAR
21357;FRUTARIA DO POVO
35092;SUPERMERCADO & CASA DE CARNE JE 
21943;MERCADINHO FERNANDES
21666;SUP. E CASA DE CARNE AVENIDA
21667;100 HORAS LOJA DE CONVENIENCIA 
21668;COMERCIAL ECONOMICO
5006;SUP. PROGRESSO
26806;PEG PAG SUPER 10 
42595;COMERCIAL KEMILLY 
5034;SUP.ALVES
21669;CHURRASCARIA E LANCHONETE CARRETEIRO III
21944;SUP. CAPIM DOURADO
21965;COAPIL - COOPERATIVA AGROPECUARIA
24110;SUP. REAL 
46955;FIORELLA CONFEITARIA
22103;PANIFICADORA AGUA NA BOCA
4497;MINIMERCADO ARAGUAIA
22155;LA MASSAS
21670;COMERCIAL MARCOS
21671;CASA SETE
42753;SUPER MARQUES 
21563;COMBATE EXTINTORES
21564;BICHO SOLTO - PET SHOP
21565;PANIF. E CONFEITARIA SANTA CLARA
3596;SUP. SANTA GENOVEVA
29864;SUP. CAMPOS VERDES 
34629;PET MANIA 
22156;BAR E MERCEARIA CARVALHO
22157;SUP. PEROLA
17815;MINI MERCADO BOM JESUS
22158;COMERCIAL GOIAS
5057;MERC. DA IRENE  
42685;MIX CONVENIENCIA 
42739;SUP. BARAO 
21566;DROGARIA BOM JESUS
21567;COMERCIAL AMERICA
21568;COML.SANTA TEREZINHA
21569;LANCHONETE ITAMARATI
22159;PEG PAG MENOS
42764;SEMA SUPERMERCADO 
22187;SUP. SANTISSIMA TRINDADE
20567;SUP. FERLULA
20574;D' ANGELIS SUPERMERCADO 
20575;RESTAURANTE JERUEL
23061;BELPLAST 
34645;COMERCIAL SUPER 1 
23062;SUP. BRILHANTE 
21286;SUP. SERVE BOX
21287;DROGARIA FARMABEM
21288;SUP. DAVI
21363;COMERCIAL SANTOS
42695;CENTRAL DE RACOES 
20576;FRIOS E EMBALAGENS RIO VERDE 
20577;SUP. PREDILETO
22188;CANTINA CESUT
22198;SUP. ECONOMICO
34922;MINI BOX GABY 
22199;DROGA FASMA
22200;PANIFICADORA NOSSO PAO
21693;MERC. SANTOS
21754;SUP. MARTINS
4085;VERDURAO DA FAMILIA 
42787;SALGADOS SABOROSOS
42790;MERCADINHO PROGRESSO
15339;SUP. TEND TUDO
4247;SUP. BRISA
15364;PETISCO CHOPERIA
21642;POLLOS GRILL RESTAURANTE
50420;MULTICOISAS
3246;MERC. OLIVEIRA
34787;RB - DISTRIBUIDORA 
35498;MERCADINHO PAGUE POUCO
21970;SUP. GALVAO
21971;SUP. GABRIELA
21972;COMERCIAL UNIAO
21973;SUP. ESPERANCA
22002;MERC. LOPES
4325;SUP. MUNDIAL
21606;MERC. TORQUATO
22020;PEG PAG FERREIRA
22186;MERCADINHO BURITI
22313;DELIRIO CARIOCA
42738;A & P LANCHONETE 
14592;SUP. SERVE BEM
18467;DROGARIA CARVALHO
20599;DROGARIA LILIAN
20638;CONVENIENCIA RATINHO AM PM
20664;CELIA MARIA - PADARIA
42511;SUP. MELO
22710;SUP. SOUZA
20767;EURO SUP.
20768;REDE LAN HOUSE
20899;COMERCIAL BOM PRECO
20900;PANIFICADORA SABOR MINEIRO
35831;SUP. MAMAEZINHA 
21319;COML. ALCANTARA MARTINS 
20665;COMERCIAL JR
21333;SUP. GRANADO
21884;SUP. MODELO
43295;MEGA FASHION
21885;COMERCIAL EVOLUCAO
21886;SUP. ILHA DO SOL
4431;SUP.REIS   
4433;DELLA PANIFICADORA(NOVA SUICA)
42780;SUP. ALVORADA
21419;BARATAO SHOPPING
49389;MAGER CLEAN
21753;CACIQUE RODOSHOPPING
21887;LANCHONETE MUNIZ
23493;SUP. CONSUMO 
15341;SUP. AMARAL
15342;LAGO AZUL SUP.
21334;IZZO SUPERMERCADO 
16467;DROGARINA
30201;COML. ELSHADAY
41386;REST. E LANCHONETE RANCHO ALEGRE
21612;SUP. MONTE SINAI
21613;CHURRASCARIA E CIA
21618;MERCADINHO BANDEIRANTES
21619;BAR E ARMAZEM PEREIRA
21620;DROGARIA REYDROGA
42744;MERC. DO PORTUGA 
20998;COMERCIAL MOTA
19743;SUP. VITORIA
21335;BEM MAIOR - SUPERMERCADO
2496;NOVA BELITARIA PEG PAG
21358;PEGUE PAGUE GALISTAO
42788;COML. LIDER
42800;JB ATACAREJO
20700;SUP. DIAS
21862;SUP. REIS (5-GOIATUBA)
21876;DROGA LIDER
18026;PANIF. E LANCHONETE A FAVORITA
108;SUP. SOARES
21291;PANIF. NANA
15312;COML.SANTA LUZIA
15313;MINI-MERCADO CASA DE CARNE FILE DE OURO
31096;MERC. BRITO
47871;FRIOS E EMBALAGENS BARZAO
21888;DROGA NOVA
21889;CHURRASCARIA PAULISTA
23063;LOJA DE CONVENIENCIAS PARAISO
18463;DROGARIA SAO GABRIEL
21665;MERC. PAULA
42756;LUIZA ALVES DE SOUZA
2785;SUP. BRAGA
21405;DROGARIA POPULAR
21493;BRAZINHA BAR
21817;DENE VARIEDADES
21864;SUP. MARCOS 
42711;REST. TIO VICENTE 
42766;LANCHONETE DA BAHIANA
23141;COMERCIAL CRISTAL 
23142;ARMAZEM DO PRODUTOR 
21787;SUP. MODELO
21890;MILHO VERDE PAMONHAS E CIA
20597;JN LANCHONETE
20598;SUP. RIO BONITO
21964;COMERCIAL AURORA
21406;SUP. LIMA
41381;MERC. ESTRELA
49014;BEBIDAS SANTOS 24 HORAS
21407;DROGARIA ARAGUAIA
20999;CHURRASCARIA RECREIO
21000;PANIF. SANTO ANTONIO 
21050;SUP. ALCANTARA
25008;SUP. JR
42537;MB NASCIMENTO DE SECOS E MOLHADOS LTDA
21271;DROGARIA PONTO DA SAUDE
17687;DROGARIA OLIMPICA II
3166;MORAES HIPERMERCADO
21272;SANTA LUZIA DROGARIA
21461;SUP. MENUDO
15365;SUP. SAO MARCOS
42049;EMPORIO E CASA DE CARNES BETINHO
21408;DEL RIO SUPERMERCADO
21420;K E K CONVENIENCIA
21478;RESTAURANTE BESSA
21479;SUP. J.V.
21934;RESTAURANTE COME BEM
34420;COML. BONATTI 
39420;MERCADO MARTINS 
21935;COMERCIAL NORTE
15366;RS SUPERMERCADO 
21462;SUP. BEM BOM
21463;SUPER UNIBOM
22736;SUP. COELHO II
41073;NATHILIE REPRESENTACOES
21691;MINI BOX E ACOUGUE SAO JOAO
21692;SUP. BRASIL
21936;COML. NOVO HORIZONTE
21937;BAR DO VICENTE
42719;N 1 SUPERMERCADO 
23220;DROGARIA MADRE TEREZA 
21156;A TERAPEUTICA
21475;SUP. SAO PAULO
20501;ATLANTA - RESTAURANTE E PIZZARIA
47793;COML. MOREIRA
47822;CONVENIENCIA DJ
20981;DROGARIA NACIONAL
20995;ARAGUAIA SUPERMERCADO 
22072;SUP. CRISTAL GELO 
22073;SUP. PRECO BOM
20996;SUP. AEROPORTO
25075;DISK BEBIDAS 
35058;MERC. ALTAS HORAS
39487;COPARPA
25078;DROGA STAR 
25084;PANIF. MORAIS 
21385;SUP. ALVES
21386;SUP. LARES
21387;O BARATAO FERNANDES
41328;DINEY EMPORIO E VARIEDADES
21412;SUP. PLANALTO
21755;MERCADO DUARTE
20997;PANIFICADORA CARRIJO 
17691;SUP. CB
22236;EMBALAGENS BORGES
2080;SUP. MARTINS
42742;SUPER CENTRO ATACADISTA 
2050;SUP. VITURINO
21743;MERCEARIA SANTA ROSA
24574;MERCADINHO RODRIGUES
42596;DROGA POP PLUS 
42834;NOVA PANIFICADORA
21756;DOCERIA BOMBOM
21757;PEG PAG CENTRAL
21818;SUPER REAL
21819;COMERCIAL VIDA
21820;LANCHONETE FONTE DE ENERGIA
39995;SUP.REDE SERVE MAIS(BANDEIRANTES)
22737;PEG PAG BARBOSA
18388;VIDAO SUP.
18546;SUP. SAO JOSE
20690;FARMACIA BRASIL
20691;SUP. VAREJAO
42599;SUPER TREMENDAO
20692;PANIFICADORA AVENIDA
21744;CLINICA VETERINARIA DR. AU AU
3856;SUP. VITORIA
21583;MR. TOY BRINQUEDOS
3934;MERC. CAMPOS    
42867;YAHOO CALÇADOS 
21584;DROGARIA COIMBRA
3981;SUP. BATISTA
15494;SUP. AMAZONAS
21745;COMERCIAL MONTELO
21746;SUP. JUNIOR
42892;REST. DO OUTRO LADO DO PARAISO
21749;COMERCIAL NACIONAL
21750;SUP.  DALAT
21998;SUP. MAIS 
15307;MERCADO GAROTO
22227;DROGA FAMILY
41936;SUP. PEREIRA 
22228;DROG.FERREIRA
3956;SUP. RIBEIRO
21449;COML. MARTINS
21450;SUP. UNIAO
20979;SUP. FORTALEZA
35378;MERCADINHO NUNES 
47748;PANIFICADORA ITAMARATY
21999;SUP. SANDRO'S
15309;ARMAZEM SAO FRANCISCO
22041;DROGA FACIL
22101;PAMONHARIA PARAISO
22102;SUP.  AMERICO GAS
40284;COML. BOM JESUS
20630;SUP. MANO A MANO
20632;EMPORIO HERMANOS
18505;COML. RODRIGUES
15428;SUP. SALES II
15429;SUP. ESPERANCA
34891;SUPER 20 SUPERMERCADO
22061;LIDER SUPERMERCADO
22062;SUP. BRANDAO
22063;SERVE BEM
20736;CANTINA DO OBJETIVO
20737;MINE MERCADO E CASA DE CARNES CENTRAL
34373;SUPERMERCADO SABIA 
21293;MERCADO UNIAO
21294;CAFE COM BISCOITO
12455;PANIF. MANA
17683;SUPER STORE
22064;MOTEL VENUS
49172;FORNERIA ORIGINAL COZINHA GOIANIA
39896;ATACADAO DA ECONOMIA
24142;CASA DA LAVOURA 
1517;SUP. ZAGO
22243;COMERCIAL TEIXEIRA
4726;COML.  ALAMEDA
17296;CASA MARANHAO LIMA
35890;COML.FERNANDES
21823;MEGA REIS SUP.
22154;SUP. NOGUEIRA
22086;MERCE - FRUTAS 
22087;COML. NG
22181;SUP.  REIS
34433;COML. DEUS E MAIS 
22182;REAL SUPERMERCADO
22244;COMERCIAL CAMPINAS
22245;COMERCIAL SOMBRA AMIGA
22246;SUPER SO CARNES
22247;SUP.  RIACHUELO
34646;SORVETERIA MEC MILK 
4773;EMPORIO ARABE       
7754;MINI BOX BOCA DE LOBO
20547;SUP. RODRIGUES
20601;VERDURAO E MERCEARIA T - 7
22183;SUP. GAROTO
40828;BAR E DIST. DE BEBIDAS FIM DE TARDE
22184;ADEGA CENTRAL
22185;SUP. KAMILLO'S 
18492;UNIAO HIPER CENTER
7753;MERC. CASTELO BRANCO
4828;SUP. SERVE PALMEIRAS
40373;COML. ALVES
40799;COML. BARATEIRO
40826;MANIKRAFT GUAIANAZES IND. CELULOSE PAP.
15959;SUP. ESPLENDOR
22014;SUP. CAMILA
22021;SUP. 2000
4885;SUP.GOIANIA
32060;EMPORIO MARTINS FRUTAS E VERDURAS
42636;PAO.COM 
21307;BR - MANIA
21048;COMERCIAL L. G.
15628;SUP. REAL
15629;MERC. ROSA
21308;PANIF. ELDORADO
35148;BOA OPCAO  MERCEARIA E BEBIDA GELADA
21309;SUPER GOIANO
20975;CHURRASCARIA MISSIONEIRA
20976;SUP. SKINAO
20977;DELTA LANCHONETE
20978;LANCHART'S
40920;TUTA SUP.
41482;LUZINETE SOUZA ROCHA 
20980;COMERCIAL ECONOMICO
21310;COML. OLIVEIRA
21311;LOJA DM - UTILIDADES E PAPELARIA
21863;A POPULAR DROGARIA
21873;DROGARIA LIDER
40906;PARIS I BAGUETTE CAFE 
41324;MINI BOX BAIANO
21874;EMBALE
15400;FARMACIA RAMOS
4904;SUP. REZENDE
26892;COMERCIAL WM
45965;MERCADO PRIMAVERA
46995;SUP SERVE MAIS
4926;ARMAZEM BRASIL      
4941;PEG PAG N. SRA APARECIDA
15876;TONY MERCADO
21781;SUPER BOX TEM TEM 
5997;SUP. GOIANIA 
15768;DROGARIA DO CLERO
1276;SUP. CASA GRANDE
21782;VAREJAO OPCAO
21783;SUP. RIBEIRO
5656;MASTER SUPERMERCADO
16950;MERC. AMARAL
16951;MERCADO ABRANTES
5657;SUP. PALMEIRA
5659;SUP. ECONOMIA
41535;SUPER JOIA 
22016;SUP. TERRA SANTA
21784;MINI MERCEARIA VAZ
22739;SUPER LOJA MARTINS
23996;COM. IDEAL
6023;SUP. BARROS
14577;GERALDO VICENTE DA SILVA O TOCANTINENSE 
34405;USE TRANSPORTES
1224;ARMAZEM SAO JOAO
20586;MERC. VITORIA
20605;GOIAS VERDURAS
22017;SUP. DO JULIN 
22018;SHOW FESTAS 
41947;CONVENIENCIA SOUSA 
20776;SUP. JAIME
22006;SUP. PRIMAVERA
6043;SUP. DO PRODUTOR
22059;DISTRIBUIDORA DE OVOS ADONAI
22089;COMERCIAL SERVE LAR
38782;SUP. BRASIL
22090;PEG PAG DO LAR
2811;SUP. BANDEIRANTES
22091;REAL ALIMENTOS
17196;DROGARIA ULTRAFARMA
2709;SUP. BORBA
41577;MERC. COBAL
41623;PANIF. PAO DA HORA 
2685;SUP. UNIAO
18570;SUP.CAMBUIM
15380;DROGARIA MOREIRA
15381;MINI BOX PRADO
20777;RESTAURANTE PANELA CHEIA
20928;SUP.IDEAL
34683;AMERICA PAES 
22092;SUP. MINEIRO
22093;MERCADINHO MINEIRO
23065;COMERCIAL MATOS
23066;PHARMACY 
1526;SUP. SAO CARLOS
35073;SUPERMERCADO LARISSA
35881;SUPER BOX DA FAMILIA 
21585;SUP. CENTRAL
21586;PONTO Z CONVENIENCIA
21587;AGROPECUARIO CIDADE E CAMPO
21588;DROGANOSSA
19863;SUP. GOIANDIRA
26901;COML. FEITOSA
34241;TRANSFER FRETES E MUDANCAS 
5280;SUP  VAI
1519;PEG PAG GIRASSOL
19669;MERC. NOSSA SRA. APARECIDA
19670;SACOLAO DA ECONOMIA
19671;CONV. E LANCHONETE PETROCOM
42726;SUPER TAVARES
19672;CONVENIENZZA TOLEDO
20873;ACAI CAFE - LANCHONETE
5281;SUP. 1 DE MAIO
21589;COML. PEREIRA
27731;SUP. MEIO A MEIO 
42680;MINE BOX E CONVENIENCIA SERVE BEM 
3741;SUP. CLASSICO
1921;SARA SUP.
21590;SUP. MARCOS 
21591;BAR E MERCEARIA CAIRES
20874;ZAFFHINETE - LAN HOUSE
42315;SUPER BOX AURENY III 
21054;MONTANA SUPERMERCADO
21062;CAMPEAO CHOPP - BAR E RESTAURANTE
17241;FRUTARIA CASTRO LIMA
5527;DIST. ANDREOLLI
21988;POSTO DE MEDICAMENTOS SANTA ANA
41958;DE PAULA FRIOS
42657;IMPERIO BEER 
22003;MERCADINHO E ACOUGUE JARDIN DAS FLORES
22004;CHURRASCARIA IMPERADOR
21063;PORTO FERREIRA
21626;MARTINS SUPERMERCADO
42869;COML. BIEL
45820;EMPORIO DAS CARNES JM
4608;PANIF. MULT PAN 
4728;SUP. BROTAS
22094;PANIFICADORA SANTO AGOSTINHO
22095;SUP. FABIANA
42696;SUP. TA BARATO 
5569;NOSSO NOVO SUPERMERCADO
22096;NELORE CARNES E CONVENIENCIA
21627;SUP. SERVE BEM
21628;MERC. BANDEIRANTES
42378;SUPER NATHY 
3795;COMERCIAL SANTANA 
763;ARMAZEM SAO LUCAS   
22741;SUP. ROTA VERDE
5584;EMPORIO SANTO ANTONIO
42768;ARMAZEM EXPRESS
22177;SUP.  PRECO BOM
20503;TERRACO RESTAURANTE
22114;COMERCIAL ECONOMICO
42660;MINI BOX JARDIM EUROPA 
22742;SUP. BOM PRECO
4632;SUP. CENTRAL
21296;SUP. FERNANDES
81;SUP. 007
1132;PEG PAG MARQUES     
35494;SUPER BIG SUPERMERCADO 
5607;SUPERUTIL
1268;SUP. BONANCA
153;ARMAZEM LIMA
35409;PATA AQUI PATA CA
42450;STOP BEBIDAS GELADAS
22115;SUP.  JUNIOR
22116;ZR CINE FOTOS E CONVIVENCIA
1147;MERC. SANTA CRUZ
21297;COML. CARDOSO
21516;DROGANOVA
21517;BARATAO MATERIAIS PARA CONSTRUCAO
21518;CASA DE CARNE UNIAO 
18550;COML. LUCAS SUP.
18551;PANIFICADORA BOM JESUS
27399;COML. CRISTAL
34608;SUP. OUVIDOR 
22117;SUPERMERCADO E DIST. DE BEBIDAS IMPÉRIO
22118;COMERCIAL REAL
22119;COML. SANTA TEREZINHA
23488;REST. E LANCHONETE 3 IRMAOS -P A J
5646;SUP. RECORD
42778;MERCADINHO MATHEUS
15778;SUP. ZM
25727;WELLINGTON PEREIRA ROSA
20497;PLATANO BRASIL DIST. E EXPORTADORA
21120;MINI BOX GAROTINHO
21121;SUP. CASSIANO
4499;SUP. KIBOM
42549;SUP.ESTRELA
42616;MINI BOX COLIBRI 
21738;SUP. SAO FRANCISCO
14553;SUP. REDE SERVI MAIS  (DONA IRIS)
4721;SUP. MEIA PONTENSE
16482;COML. DE FRANGOS WM
22740;FARMACIA SANTO HILARIO
879;SUP. LACERDA
42802;HOTEL E RESTAURANTE DONA GENI
874;COML. ECONOMIA
21370;BRODWAY - CONVENIENCIA
15603;NOSSO ACOUGUE
15927;DROGARIA MILANO
42860;SORVETERIA POR DO SOL
3785;SUP. XIQUE XIQUE
14576;MINI BOX IPE
155;TANGARA POINT       
21371;DROGARIA BEM ESTAR
21372;G. DALLAS RESTAURANTE
35542;MERC. PAULISTA 
16585;COML. BOM JESUS
6218;MERCABOM
21373;DISTRIBUIDORA DE OVOS BELA VISTA
211;MERCADO VERATTI     
239;COML. SANTO ANTONIO
42621;BIROSCA MERCEARIA & BEBIDAS
22738;PAG POKO SUPERMERCADO 
245;MINI MERCADO SILVA  
6153;SUP. J P
10360;SUP. PRO BRAZILIAN (ST. AEROPORTO)
39069;COML. BUENO 
18587;MERC. NEIDE
18588;COML. PAG MENOS
20649;SUPER MARQUES
20669;MERC. DO CHICO
20679;LUIZA LANCHES
31012;BAHIA DISTRIBUIDORA 
35776;BENTAO SUPERMECADO
20929;PANIFICADORA AGUIA DOURADA
17078;SUP. GIRASSOL
7780;SUP. RODRIGUES
17052;SUP. ALVORADA II 
20476;SUP. TROPICALHENTE
20477;SUP. CRISTAL 
20507;DROGAPOP
25398;VP INDUSTRIA E COMERCIO
25411;COML. MIRANDAO
21002;SUP. G & M
21025;SUP. SUDOESTE
5174;SUPER MARISOL
22238;NUNES DISTRIBUIDORA DE BEBIDAS
5104;"""PEG-PAG MARTINS"" "
22743;SUP. VIDA NOVA
20680;RESTAURANTE PANELA VELHA
42763;MAMMA DONNA
42873;ARMAZEM GOIANO
3813;SUP. MAGALHAES
4546;MERC. SAO GERALDO
6298;MERC. JUNIOR    
23025;PEG PAG MENOS 
32614;DISTRIB. DE BEBIDAS VERA CRUZ 
20778;SUP. MARISTA
20925;COMERCIAL LIMA
20926;TOLEDO COMERCIO E DISTRIBUIDORA
20927;SUP. PLATERO 
15631;MINI BOX STA. LUZIA
41883;COML. SOUSA DIAS 
22120;MINI BOX SUPRILAR
22121;ARMAZEN REZENDE
23026;PANIFICADORA PAO DOCE 
23027;SUP. SERVILAR
23028;SUP. ECONOMIA 
39568;SUP. E DISTRIBUIDORA OESTE 
23029;SUP. LIDER 
20658;MERC. ELSHADAY
22122;ACOUGUE FARTURA
22123;SUP. SAO CRISTOVAO
23538;HIPER FESTA(JD. STO. ANTONIO)
20543;COMERCIAL JAGUA
20603;ALIANCA FRIOS
20604;ALICE BARBOSA - SUPERMERCADO
24680;MERC. PARANA 
20732;DROGARIA PHARMARIO
15671;SUP. BETEL
17308;DROGA BRASIL
21324;DROGARIA SAO LUCAS
34506;COMERCIAL CESAR 2 
15317;SUP. RIVAS
20663;PANIFICADORA BOM JESUS
5790;SUP. PARANA
15374;SUP. FLORESTA
5791;SUP. ELDORADO
42828;SMART MAYSA
3104;PEG PAG GOIAS       
22559;SACOLAO ECONOMIA
21325;DROGARIA UNIAO
20757;
20839;MERC. PEROLA 
20840;RAQUEL PAES E DOCES 
42876;MERC.VIANA
20841;SUP. DELOMAR 
21327;MEGA SUPERMERCADO (FINSOCIAL)
21276;DROGAMED
21359;COML. E CASA DE CARNE PONTO CERTO 
45959;CANAA PAPELARIA E VARIEDADES
5737;PEG PAG ALO GOIAS   
20640;COMERCIAL 12 DE JUNHO
15975;DROGAMANDA
22124;FRAJOLA BAR
20843;PANIFICADORA JUSTINA 
35349;TEND TUDO (CENTRO)
21521;DAFRUTA
49708;HIPER CASARAO
24178;DROG. BRASILIA 
16924;FARMACIA STA. TEREZINHA
18272;SUP. PANIF. MINEIRAO
15954;ACO BOM PRECO 
41396;COML. ROCHA
21122;STRAVAGANZA PADARIA E CONFEITARIA
22125;SUP. BOM PRECO
22126;SUP.  PORTUENSE
23205;CASA DE CARNE CREMONA 
1158;SACOLAO DA ECONOMIA
38019;ARMAZEM COMPANHIA
5724;ARMAZEM ALVORADA 
5812;SUP. QUINTANILHA
15672;DROGARIA LIDER
836;TICO FRIOS          
48797;OFERTAO MINI MERCADO
48799;COML. CONQUISTA
15596;DROGASUL
5087;SUP. AQUARIUS
20583;SUP. BOM PRECO
20584;CASA DAS BEBIDAS
20611;COML. CONFIANCA
35366;MOREIRAO SUPERMERCADO 
20650;DISTRIBUIDORA SANMART
20657;DROGARIA VILA BOA
24973;SO AVISTA SUPERMERCADO 
24980;MENOR PRECO SUP. E CASA DE CARNES
24981;SUP. BOM PRECO 
34658;LANCHONETE E RESTAURANTE VARGAS
41453;ATACADAO SERRA NEGRA
5853;MERCABOX PAULISTA
15779;DROGA VITORIA
5403;SUP. QUEIROS
15872;DROGACENTER
21673;UTIL VARIEDADES
35371;SUP. RR 2
5378;SUP. BONS PRECOS
1527;SUPERMERCADO SUPER Z 
5395;SUP. PINGO DE MEL
24144;SUP. GABI 
24147;CALDAS CONVENIENCIA DISTR. DE BEBIDAS
24177;SUP. SINVAL 
24382;MERC. BOA SORTE 
523;ARMAZEM RAMOS       
39911;MERC. GOMES
21714;MERC. GOMES
5156;ARMAZEM TEIXEIRA CENTRAL
21715;MERC. NOSSA SRA. APARECIDA
21716;MERCADO CANTINHO DO CEU
21717;GIGA BYTE LACHE
1207;SUP. BORJAO
1887;SUP. REZENDE
15297;COML. DA NOVE
17418;DROGARIA SANTA DONATA
39393;SUPER EUZANE - BELA VISTA
21718;SUP. R. BATISTA
3447;SUP. ALVORADA
49829;LOJAS SENSACAO
49833;24.033.864 RICARDO PATRIC DE SOUZA PEREI
18483;COML. IRMAOS SOUSA
34491;CONVENIENCIA PIRES & SOARES 
18484;MERCADINHO MEGA BOX
593;MERC. DO NEGO   
22084;SUL BEBIDAS 
611;SUP. CARVALHO 
22085;SUP.  BOLAO
20708;ATRIO DIET SHOP - ACADEMIA
20733;MERCADINHO SHANAN
21621;MIT ENGENHARIA E CONSTRUTORA
21625;BOM VIZINHO SUPERMERCADO
22661;HOSPITAL ESPIRITA EURIPEDES BARSANULFO
23658;RIO VERMELHO ATACADO E VAREJO
21237;DROGARIA UNICOM
21298;COMERCIAL DIA A DIA
49127;EDY SUPERMERCADO
35372;RONY BARBOSA DIAS 01059227142 
22240;HIPER MORITA SUP.
13220;LANCHONETE E CHURRASCARIA PRESIDENTE
21374;SUPER PRO LAR
21375;CASA SARDEIRO
15372;FARMA MAIS
18541;SUP. BOM PRECO
21379;RESTAURANTE CRISTAL
1154;SUP. NOSSA SENHORA APARECIDA
34498;FAST-FOOD BR MANIA 
47305;LVS TRANSP. E DIST. DE AGUA E BEBIDAS  
21380;LANCHE DG SALGADOS
21383;COMERCIAL VIEIRA
21435;SUP. VITORIA
21436;MERC. PLANALTO
20473;VIRA LATA E CIA - PET SHOP
42235;SUP. MORAIS
20474;SUP. VENEZA
20504;SUP. G.T.
5135;SUP. ROYAL
22074;MERC. MATEUS
22075;MERC. PAI E FILHO
21437;SANTA HELENA CONVENIENCIA
35927;COML. MUTUM
662;MERCADO CESTA BASICA 
5679;COML. BORGES
3210;SUP. UNIAO
1838;MERC. QUEIROZ 
22076;SUP. CONTIJO
15608;BOM MESTRE PAES E DOCE
22077;NOSSO MERCADINHO
16959;DROGA RIO
39912;BAR E RESTAURANTE PANELAO
40118;SEMPRE SUPERMERCADOS
45836;COML. WJ
22966;SUP. CORDIAL 
1935;PANIF.RAIO  DO  SOL
20536;MERCADO PROGRESSO
20537;SORVETTO - SORVETEIRA
41925;MERCADO MAREGA 
20538;PANIFICADORA DEGUSTE
20539;MERCADINHO 9 DE JULHO
21719;D.M. MARTINS E MACHADO SECOS E MOLHADOS
20505;SUP. BOM VIZINHO
39514;O PONTO
39537;PET E CIA
20506;SUP. MARTINS
5212;MERC. NORTE SUL 
4073;SUP. GOMES
22042;MERC. SAO LUIZ ORIONE
22043;SUPER SACOLAO
34827;SUP. RODRIGUES
42314;MAIS DOCE FESTAS
24678;SUP. RODRIGUES
24679;PEG PAG GIRASSOL
568;CASAS DO FRANGO     
5066;SUP.KILAO
12201;SUP.SILVA
40215;COML. BOM SUSSESO
40242;SUP.PRIMICIAS
1569;SUP. PANELAO
2589;SUP. CANDIDO
25701;DIST. J.L. DE BEBIDAS
25703;MERC. E BEBIDA ZERO GRAU
25704;POSTO ZE CARIOCA 
42577;GRAND LAR SUPERMERCADO 
22044;SUP. VITORIA 
22045;SUP. IDEAL
6357;SUP.JC 
6367;MERCEARIA MOURA
39829;COML. RAMOS 
42448;NOVA PANIFICADORA
18573;SUP. PONTUAL 2 (REDE AMIGA)
19765;SUP. VALADARES
21460;MARIA MOLECA CONVENIENCIA
39144;SUP. SANTANA
48944;SUPER EUZANE
22180;RD COMERCIO
5799;COML. CABRAL
1837;ARMAZEM  MARQUES
6164;GREGO RESTAURANTE
2051;SUP. MOREIRA 
40835;RENATIM DISTRIBUIDORA 
47129;HELENA SUPERMERCADO
19804;COML. AQUARIOS
21376;SUP. PARAIBA
21377;RESTAURANTE SERVE MAIS
20660;SUP. PAGUE MENOS
20667;CHURRASCARIA E LANCH. SUCAL 
42496;RODRIGAO SUPERMERCADO
20668;COML. CENTRAL
24511;SUP. MINEIRO
15299;QUARTETTO SUPERMERCADOS(PLANO DIR.NORTE)
21736;COMERCIAL BARBOSA
1397;PANIF. SAO LUCAS
39895;LANCHONETE DIMENSÃO
15479;LANCHONETE MINERAL 5 ESTRELA
2004;SUP. DO EDINHO
21378;SUP. PAGUE MENOS
20829;PANIFICADORA CHANDELLI 
34859;ESPETO POPULAR 
5846;SUP. GUANABARA
5849;MIRANGAS
5851;SUP. REAL
2433;SUP.BOM SUCESSO II
31277;SUP. SAO PEDRO
35369;OS MOURA 
1174;SUP. MARCOS
15705;MERC. DOIS IRMAOS
4925;COML. CONQUISTA II
41950;MINI MERCADO PEREIRA 
4679;PANIF. CAMPINEIRA
20502;DROGASETE
4249;MINI BOX CRUZEIRO DO SUL
21200;O JAPONES 
21214;PANIFICADORA PAO KENTINHO
35470;SUP. PONTO CERTO 
21215;CHURRASCARIA GAUCHA
24496;SUP. BONSUCESSO 
20831;SUP. PRECO BAIXO
20832;SUP. HAWAI 
20852;COMERCIAL GIRASSOL 
20853;SUP. E PANIF. BEL PAO
34950;COML. IRMAOS SOUSA
15291;O ESQUINAO
1993;SUP. PONTO CERTO
25399;CAPRICHO
25409;PEGUE PAGUE RECANTO MAT. P/ CONSTRUÇOES
25410;PONTE DO MOINHO CONVENIENCIA
41131;COML. SANTOS 
41283;ESSENCIAL SUPERMERCADO 
18260;SUP. 3 PODERES
2341;CENTRAL MERCANTIL   
4661;SUP. RIO DA PRATA
42130;SERVEMIX PRESTADORA DE SERVICOS
4330;COML. SOUZA
16603;SUP. BOM JESUS
22759;PANIFICADORA MINEIROS
2003;AERO EMPORIO        
26803;CASA DA PICANHA 
39314;SUP. POPULAR
15504;SUP. DA FAMILIA 
463;FRIOS & CIA
23143;ATACADO IRMAOS SOUSA
23144;CHURRASCARIA E LANCHONETE TALENTOS 
39235;COML.LEITE
39322;MARA RUBIA FERREIRA DA SILVA 
20846;COMERCIAL CRISTAL 
871;ARMAZEM PAINEIRAS
1690;MINI BOX PORTIGUA   
14570;SUP. SERVE BEM
41303;RAMON SUZART DA SILVA CARDOSO 
15269;RENASCER FRIOS
15270;COML. PONTO FELIZ
23145;ARMAZEM DO SABOR
23146;SUP. UNIVERSO
23175;CASA DE CARNE E VERDURAO DA ECONOMIA 
42502;TREVO CONVENIENCIA
23219;SUP. ANJO CLEUBIM 
3692;ARMAZEM FEREIRA
15264;MERCADO DOIS IRMAOS
1509;MERC. GOMES
20734;MINIBOX SAO BENTO 
42232;TIC TAC SORVET.& HAMBURGUER. BAO BISURDO
20735;MINIMERCADO FARIA 
20844;SUP. DO VIZINHO 
3475;MERCADINHO JAO
18590;FARMACIA FARMABELA
39548;RHOTA DA CARNE
47011;CELEIRO EMPORIO
1535;SUP. ESTRELA
14031;SUP. NOSSA CASA
14030;MERC. NUNES
20991;MERCADO E CASA DE CARNE SAO BENTO
20992;MERC. ROCHA
34857;MERC. NOSSA SENHORA APARECIDA 
20993;SUP. MORENO
4826;SUP. CESAR
6320;SUP. OLIVEIRA
22012;MERC. DO PARQUE 
6330;COML. COSTA
35370;ARMAZEM SANTA LUZIA 
20651;RESTAURANTE E LANCHONETE RANCHO ALEGRE
5177;FAVORITO ALIMENTOS  
20994;COML. NOVO HORIZONTE
1729;SUP. MONTEIRO
22015;COML. PEREIRA
1941;SUP. ARAUJO
1954;SUP. PRO BRAZILIAN  (LESTE VILA NOVA)
4226;MERCEARIA GUERREIRO
29511;AGRO AGUIAR
35364;TO NA ESKINA 
47090;SUPER BEM BARATO
5918;SUP. ATLANTICO 
20652;SUP. BANDEIRANTES
20653;SUP. MARANATA
20654;MERCABOX GOIAS 
217;SUP. DO JERONALDO
35649;SUP. KARITHA 
15306;MERC. VITORIA
3786;MERCADO SANTOS
9610;SUP. RODRIGUES
5847;SUP. A B C
42192;REMAQ REFRIGERACAO COMERCIAL
21731;COMERCIAL CONFIANCA
21732;COMERCIAL PREDILETO
21733;COMERCIAL ALMEIDA
4544;SUP. WJ
21734;COMERCIAL SOUSA
21735;PEG PAG TEM TEM
7750;MINE BOX BEIJA-FLOR
21683;MERC. E CASA DE CARNE SERRA DOURADA
21684;SUP. LAGO AZUL
27837;SUP. SETE MARES
35365;MERCADO LIMA 
6138;MERCADO CORBARI 
1315;MINI BOX SOUZA
14562;COML. STO. EXPEDITO
21737;COMERCIAL ABREULANDIA
21758;SOLUCAO EMBALAGENS E DOCES
35671;MERCADO 2 IRMAOS 
21759;COMERCIAL GIRASSOL
21760;SUP. COMPREBEM
21761;MERC. LIPD
14563;BOM PRA CACHORRO
15285;MINIBOX 2000
20830;ENEIAS BAR & CONVENIENCIA 
34518;RURAL PET
17732;DROGA MASTER
410;EMPORIO REZENDE     
15257;SUP. MARCOS
5305;MERC.  GUINE     
34227;LUZ SOLAR
409;BOCA DE LOBO VAREJO
5311;SUP. BELIM
21622;SUPER MARISTA 
15303;SUPER STORE (VL. PAI ETERNO-TRINDADE)
39726;SUP. DA MAMAEZINHA 
47766;REDE ADAO(ST.CENTRAL)
1717;SUP.BOCAO
395;SUP. RODRIGUES   
16894;SUP. E PANIF.CONFIANCA
16602;LANCHE MOREIRA
11144;SUP. POPULAR
35672;MINI BOX NACIONAL 
1017;SUP. BARBOSA
1334;SUP. MINE PREÇO
23261;SUP. RIBEIRO
20917;JA FRIOS
20918;BUNGE ALIMENTOS
42271;MERC. CASTRO 
42534;MINI BOX TAQUARUCU GRANDE 
1054;SUP.  CAMPEAO
1082;SUP. NOSSA CASA
20945;SACOLAO CENTRAL
2630;PANIF. E LANCHONETE GRAO DE TRIGO
1668;COML. SILVA
20919;NATIVA - PROD. NATURAIS
5640;ACOUGUE E MERCEARIA REAL
16065;FONTANA
39880;SUP. BOM PRECO
39903;PEG PAG G 13 
21923;MINI BOX WW
21924;UNIVERSO DAS EMBALAGENS
21925;SUP. OPCAO
15256;SUP. MARTINS NETO
21926;PANIFICADORA E PEG PAG CLAYBON
35715;COML. BARBOSA 
21994;COML.MARTINS
16066;ARMAZEM SAO JOSE
3038;SUP. AGUA LIMPA
7785;PEG PAG SERVE LAR
581;CONDOR MERCEARIA
34605;MERCEARIA DO TUBA 
3247;BAR E MERCEARIA DO CARDAO
18437;SUP. CONQUISTA
15253;COML.NOSSA SENHORA APARECIDA
21036;SUP. RENASCER
26804;MABELLA PANIFICACAO 
34246;COMERCIAL BOM SUCESSO 
20064;MERCADO PRIMAVERA
21074;SUP. PALHARES
21075;MERCADINHO SOL E MAR
1259;COML. CAROL
15239;COML. FERNANDES
4597;SUP. GLOBO
35021;MINI BOX JS
2164;MERC. KIPA LANE 
21895;META SERVICOS - CONSTRUTORA
1583;HIPER SACOLA CHEIA
21076;SUP. ARAGUAIA
22933;EBPL - PRODUTOS LIMPEZA
41395;ATACAREJO EXTRA FORTE 
22945;SUP. BOA SORTE 
22953;RIO NEGRO PESCADOS 
22956;MERC. JURITI
1899;SUP. MONTERREY
1904;SUP. CACULA 
2958;SUP. BOM PRECO
18669;SUPER MARQUES
24090;SUP. DA MARLENE
24112;DROG. SANTA CLARA 
24113;DROG. COBRE TUDO
24114;CASA DAS EMBALAGENS 
24115;MERC. FERREIRA 
15295;COML. VITORIA
42389;MERC. INDAIA 
15296;BAR E MERCEARIA AZENHA
1473;ARMAZEM COSTA       
21785;MEGA SUPERMERCADO
2866;SUP.MINEIRAO
21786;DROGARIA INOVE
2665;MERCADO SAO SEBASTIAO
35569;IMPERIO DOS ALIMENTOS 
2710;SUP. GOIANAPOLIS
2956;BAR LANCHONETE CONVENCOES
20847;DIOURO SUPERMERCADO 
20848;LANCHONETE MAU MAU
20849;CHURRASCARIA BOI NA BRASA
15282;DROGA FONE
42702;COML.3A
4075;ARMAZEM DO POVO     
21995;SUP. ECONOMICO
21996;SUPER FESTAS
21997;SUP. FREIRE
2487;SUP. CARREIRO
34587;MACHADO ALIMENTOS 
20850;MERC. DO DJALMA
20851;DROGARIA SANTO ANTONIO 
2739;SUP.SILVA
26801;SUP. E CASA DE CARNE VITOR HUGO 
26810;SUP. ISABELA
26824;SUP. RODRIGUES 
34649;CASA DE CARNES CONQUISTA 
48388;TATIANE FRIOS SUPERMERCADO
21919;O AVISTAO MEGA SUPERMERCADOS
50361;BLITZ DO ACAI
50363;CONVENIENCIA PINGUIM
50367;SUPER GIL
21920;SUP. REAL MADRI
39942;SUP. O BARATEIRO
21921;COMERCIALVES
22107;MINI BOX CASTRO
15241;SUPERMERCADO MASTRO'S 
5015;SUP.CARRETA
15373;DROGA FARMA
35214;PANIFICADORA BOM SABOR
18578;SUP. IMPERIAL
15275;SUP. SERVE LAR
21922;SUP. ALVARENGA
24111;EMPORIO WF
39119;MERC. CARMES 
404;SUP. DIAS
17697;CASA NOVA ALIANCA
9800;MERC. OLIVEIRA  
15276;PEG PAG TATICO
2335;COML. LEITE
23453;SUP. ELDORADO 
23454;SUP. UNIAO 
41573;PEG PAG MATHEUS
20845;COML. PINHEIRO 
24184;SUP. CHAPADAO
190;SUP. GOIAS
2278;PRIMAVERA FRIOS     
42597;SUPER REI
22078;MERC. GENIAL
20822;COMERCIAL SOUZA 
20823;COMIDA CASEIRA DONA TITA 
20824;COMERCIAL ECONOMIA
34684;ARMAZEM DO CERRADO 
34693;IVONETE MARTINS DA COSTA 
39524;COML. TEND TUDO
22097;SUPER  BOX SANTA RITA
22098;J RAS VARIEDADES
3806;SUP. KGL
39041;SUP. REIS (NOSSA SENHORA DA SAUDE)
22099;NATUR BRASIL LANCHE
21010;G A BRASIL 
21011;FRUTARIA VERDE AMARELO 
23481;MERC. ITAMSOL 
23482;MERCADO NOVO HORIZONTE 
41725;COML. COMPRE BEM
23483;ARMAZEM SAO PAULO 
17698;DROGARIA VIVIFARMA
1118;MERC. REAL      
22189;SUP. TAYLE
17731;DROGARIA SAO MATEUS
42673;PANIF. FELICITA EIRELI 
15423;ECO FARMA
20943;MERC. DOIS IRMAOS 
20944;MINI MERCADO AGROVILA
3120;SUP. NOVO IDEAL
39685;SUP. SANTO 
14555;PEG PAG VIEIRA
1560;MERC. MARCOS    
21295;SUP. VITORIA
16868;VIRACOPOS BAR
21404;CONVENIENCIA NEBLINA
42588;A FEIRINHA PANIFICADORA & MINIMERCADO 
42646;DISK CESTA GUARAI 
21452;SUP. SAUDE
23223;SUP. LACERDA
23224;MERC. TAVARES
23229;PEIXINHO BAR
23232;CHURRASCARIA DO WALMOR
20527;SUP. LIDERANCA
20528;SOLAR SUPERMERCADO
20529;MERC. DO SANENA 
21690;MERC. E FRUTARIA DA ECONOMIA
21561;DROGARIA SAO PEDRO II
42671;SUPER ECONOMICO 
21562;DROGARIA SAO PEDRO
22197;SUP. IRMAO GUIDO
194;COMERCIAL NOVA ESPERANCA
16782;HIPER MIRANDA
40966;SUP. CAMARGO
21275;PONTO DO PAO 
21446;MINIBOX ESTRELA GUIA 
32227;EMPORIO CRISTO REI 
21448;DROGARIA DO POVO II
42663;CASA DE CARNES MODELLO 
15819;ASSOCIACAO DAS FILHAS DE HIRAN
24677;G & A 
20585;MINI BOX CENTRO OESTE
20696;MINI MERCADO PAI E FILHO
20697;SUP. JARDINS
34855;SUPER CRIS 
35648;MERCADO RODRIGUES 
22210;SUP. MOTA
22211;SUP. BRASIL
22212;SUP. NUNES
23991;SUP. PRIMAVERA
2565;CASA GOIANA
32082;MERCADO SAMUKA'S 
34442;MERCADO TURISTA
14571;SUP. MOTA
21008;SAMAUMA RESTAURANTE
21009;PANIFICADORA DONA JULIA
16382;DROGARIA ATUAL
23590;ALEXMED 
20698;COMERCIAL QUASE TUDO
3489;MERCADAO DA ECONOMIA
16889;CASA DE CARNE E MERCEARIA VIEIRA
27718;MINI MERCADO AIRES
42664;SUPER CAMPEAO 
21498;PET SHOP TXUTXUCAO
3487;MERC. REIS      
23591;MADRI SUP. 
23592;SUP. DO VIZINHO 
16383;SUP. LACERDA
7591;SUP. BATISTA
3151;MERC. CENTRAL   
4209;COML. TIAGO
28704;MERC. & PANIFICADORA CENTER DUNA
34673;PEG PAG O BARATAO 
21674;FORNO DE PEDRA - RESTAURANTE
21675;MERC. LACERDA
14;SUP. FERNANDES
21676;COML. BOM PRECO 
34692;COML. TAVARES
3080;SUP. BOM PRECO
2351;MERCADINHO CENTRAL 
1852;MERC. SOL POENTE
2419;ARMAZEM FLORESTA
5479;SUP. FRUTOS DA TERRA
35057;BIRAS CALDOS 
2820;COML. JATAI
15600;SUP. NEVOEIRO
21677;SUP. KOYOTE
21678;HAPPY DOG VETERINARIA E PET SHOP
35724;SUPER MARQUINHOS 
35732;SUPER NOSSO SUPERMERCADO
21680;SUPER ATACADO VALLE VERDE
21681;EMPORIO SIQUEIRA
21682;POSTO TELEFONICO JK
3446;MERC. NASCIMENTO
34854;CLAUDIA ROBERTA DO NASCIMENTO 
17708;SUP. CARVALHO
4861;SUP. NOGUEIRA
15601;DROGARIA SAO FRANCISCO
31176;AGRO NUNES
41135;COML. DONA BEBE 
20662;SUP. AVENIDA
1470;SUP. NAVES
20530;SUPER SIM SUPERMERCADO
20531;SUP. CARREIRO
20532;SUP. SOL NASCENTE
35059;MERCEARIA SANTOS
5629;CASA DE CARNE SILVA 
15305;VERDURAO ALVORADA
20540;CRUZEIRO SUPERMERCADO
20541;CASA CAYRES - MERCEARIA
20542;CASA SAO JOSE
43027;EMPORIO JL
23030;MERC. BATISTA 
20533;COMERCIAL ARAGUAIA
20534;COLANDY - LANCHONETE
20535;PEG PAG BARBOSA
36168;COML. ALVARENGA 
1622;PANIF. COLOMBO 
21360;EMPORIO PERIM
23032;SUP.  RAMOS 
23033;PIZZARIA PIRANDELLO 
23034;SUP. LARANJAO 
42607;PEG PAG CORDEIRO 
23059;SUP.  FIRMEZA 
23060;LANCHONETE TREVAO 
17295;FARMA BELLA
2407;MERCADO R K S       
21494;MERC. MACIEL
23188;PEG PAG BOM PRECO 
35294;SUP. PARAISO
23189;SUP. TIRADENTES
23190;MERC. VITORIA
1038;SUP. UNIAO
15369;DROGAVIDA
22193;SUP. BRILHANTE
15272;SUP. 3 IRMAOS
23327;MINI BOX ROCHA ETERNA 
20709;COML. E ACOUGUE FONTE DA ECONOMIA
20710;COMERCIAL BIG BIG 
21932;SUP. CAMPEAO
18692;
17332;SUP. E PANIF. 88 SUL
22194;MERC. OLIVEIRA
22310;MANHATTAN HOTEL
2607;SUP. J. ALVES
42629;EMPORIO FER-CEL 
42644;PA EMPORIO CENTER 
2184;TOSTA SUPERMERCADO 
2199;MERCADO LIMA        
3597;SUP. REIS
21688;SUP. AROEIRA
21689;PEG PAG UNIAO
35333;EMPORIO DUO
4021;SOARES BAR E ARMAZEM
15212;COML. JM 
21012;SUP. J G 
4584;SUP. BRILHANTE
4709;SUP. CRISTAL
42058;SUPER MASTER SUPERMERCADO 
22858;FRIOS E EMBALAGENS VITORIA
20525;PANIFICADORA RODRIGUES
4129;SUP. CENTER ROMA
4130;SUP. CAMPEAO
50422;MINI MERCADO E DISTRIBUIDORA DE BEBIDAS
5462;MERCADO PONTAL      
34867;DISTRIBUIDORA DE BEBIDAS COPACABANA 
3182;SUP. DOIS IRMAOS 
20623;RESTAURANTE E CHURRASCARIA DO ZIQUINHA
20624;SUP. PIRES
13232;SUP.VILA NOVA
15181;MERC. SILVA LEMES
42645;MERC. E ACOUGUE DO BIGODE 
15183;YAFA CONFECCOES
23283;DISTRIBUIDORA DE BEBIDAS PAULISTA
23293;SAPEKA
3896;HORTIFRUTI 15 HORAS
14540;MERC. SILVA
40117;SUP. QUERO MAIS
2918;SUP. RIO VERMELHO
21930;PASSO LIVRE SUPERMERCADO
15242;COMERCIAL CORREIA
15244;MERC. MUTIRAO I
42059;COML. ARAUJO
4076;MERCABOX PEG E PAG POUCO 
23168;COML. POTENTE 
23169;SUP. SANTA RITA 
23170;ATACADAO AMIGAO
47163;BLACK BEER E PETISCARIA
23171;MERCADINHO DIMAS 
23172;COMERCIAL AMARAL RAMOS 
21866;SUP. LIDER
1296;MERC. SENA      
41806;COML. MT
3663;MERC. LUGOR     
21867;COML.RIO CLARO
21868;PAO GOSTOSO
21989;SUB WAY
15180;SUP. IDEAL
41151;LEAO BAIRRO 
41604;SUP. FAZENDINHA
21990;MINI BOX GAROTINHO 
20655;CONVENIENCIA ALVORADA
20656;ADEGA E MERCEARIA DOURADO
21142;POLIPECAS
29219;MERCAL/CONSTRUFLAM
42435;MERC. E CASA DE CARNE BELEM 
5778;SUP. SERVE BEM
21869;SUP. SAO JORGE
5328;SUP. MARTINS
34883;PANIFICADORA PADRE CICERO I 
34901;SUPERMIX BRAZ 1
38820;ATACADO MOVEIS
2406;SUP. GIROTTO 
15359;SUP. VITORIA
3515;PEG PAG & FRUTARIA SILVA
21499;SUP. PAGUE MENOS
21500;SUP. PAULISTA
21514;CENTRAL FRIOS
2107;COML. FAMA
40216;MERCADAO ESTRELA 2
42617;SORVETERIA PL
3735;SUP. SOUZA
5947;SUP. MINI PRECO
2114;SUP. MASSA 
3052;COM. EXPLOSAO (REDE AMIGA)
42654;MERCADO NOGUEIRA 
42810;EUROPA PAES
2516;SUP. AURORA
2525;QUARTETTO SUPERMERCADOS (PLANO DIRETOR)
24855;SUP. DA DIVISA 
20625;SUDOESTE FRIOS
985;SUP. TEIXEIRA
35246;SMART SUPER MERCADO
35316;ZENILDA SALGADOS 
22213;COMERCIAL CENTRAL
22214;COMERCIAL SERVE MAIS
20514;SUP. CAMPELO
5664;COML. PRAZAO
34512;SUPER BIG SUPERMERCADO 
3088;MERC. GOIAS     
20626;SUP. SERVI DIA
21051;PADARIA E CONFEITARIA QUITANDELLA
3654;COML. GOIABEIRAS
38879;MERCADAO DA ECONOMIA 
20621;BISCOITO CASEIRO - LANCHONETE
5949;MERC. SOUZA     
22215;PEG PAG NUNES 
22216;SUP. NUNES II
22217;ATACADAO DULAR
22218;BRAVO´S SUPERMERCADO
42690;SUPER ECONOMICO 
22195;SUP. DINOVO
3448;PEG PAG SOL NASCENTE
3463;SUP. TATICO
5384;SUP. BRASILEIRO
4331;MERC. LIMA      
42361;SUPER CENTER SUPERMERCADO 
24499;DROGAFARMA 
24500;UNIGAS
3059;COML. E PAPELARIA BOM PREÇO
16921;DROG. MEDSERV
4038;SUP. E PANIF. PROLAR
39934;MERC. PEROLA
4040;SUP. AVENIDA
16961;COML. SILVA
4044;SUP. SANTA RITA
16934;SUP. BOM PRECO
3040;MERC. ARAUJO    
41966;ATENDE BEM SUPERMERCADO 
1879;SUP. BOA SORTE
2930;SUP.CORUMBA
23494;SUP. MUTIRAO 
23499;SUP. MOURA III 
21041;SUP. RICARDO
35318;SUPERMERCADO DAYEI 
21096;PEG PAG E CASA DE CARNE NORDESTE
17703;COML. BORGES 
2889;NOSSO SUPERMERCADO    
22219;SUP. MUNDIAL
20622;COMERCIAL ORIENTE
4611;SUP. CENTRAL
4612;MERCADINHO COMPAGUI 
15207;SUP. BANDEIRA
1639;LUZITANA SUPERMERCADO
22112;MERCA FRIOS 
39335;COML. NEVES
15205;MERC. BOM JESUS
22220;SUP. CENTRO
22221;SUP. MOTA SUL
22222;MERCADO MARCOS
3705;ARMAZEM DO WILMAR   
42652;WS SUPERMERCADO 
22160;JM DISTRIBUIDORA DE BEBIDAS
22161;COMERCIAL FILADELFIA
24676;COML. COUTO 
15206;ARMAZEM GOIANDIRA
4057;SUP. CENTRAL
39077;COML. FRUTOS DA TERRA 
21071;AMPM - CONVENIENCIA TAMANDARE
22431;MERC. MORAES
21072;COML. ESTRELA
21087;FORTE GAS
21088;SUP.PARA TODOS
15193;SUP. UNIAO
15248;SUP. BRASIL
15246;MERC. POPULAR
18596;SUP. SOL NASCENTE
12166;SUP. COELHO
22491;REDE SAUDE POPULAR
3808;COML. ITAJUBA
3820;PANIF. E LANCHONETE FOGAO A LENHA
22271;DROGARIA SAUDE 
3553;SUP. MODELO
34424;SUP. BOM PRECO 
15123;DROGARIA PRINCIPAL
22292;DROGARIA MAIS SAUDE
22293;MERCADINHO POPULAR
4188;COML.  SAO PEDRO
22294;SUP. LOPES
39364;MERCEARIA ALVES
4192;CASA DE CARNE E MERCEARIA PINHEIRO
3841;SUP. BRENDHA
7801;COML. FELIX
51252;SUPER NAVES
3619;MERC. BOA ESPERANCA
40324;VERDURAO MESSIAS  
23282;LIDER SUPERMERCADO
15151;SACOLAO DA ECONOMIA
15152;MERC. JB
22295;SUP. PINHEIRO
15177;PANIF. BIANGULO
22296;MERCADO BELA VISTA
22297;SUP. SONHO DA VILA
3185;SUPER ECONOMIA
21052;GRAO ESPRESSO - CAFETERIA
15097;SUP. SIRVA-SE BEM
20891;PANIFICADORA BIANGULO 
4292;PEG PAG ECONOMIA    
15095;SUP. VITORIA
4134;SUPP. GRANJA I
5188;SUP. FONTES
1258;SUP. COSTA
24093;COML.BARBOSA
24116;MERC. PRIMAVERA 
40419;LEAO BAIRRO 
45753;NELYO COMERCIAL
22153;MINI MERCADOS DOIS IRMAOS
2490;SUP. COELHO
2382;SUP. PASCOAL
5938;MERCADINHO MOTA
15127;COML. OLIEVIRA
15171;SUP. AMIZADE
35687;SUPER JOIA 
4480;MERCADINHO PAULISTA 
7581;ZE RIBEIRO SUPERMERCADO
16897;DROG.ZUBEIDI
3728;MERC. NOVO HORIZONTE
15795;DROGARIA SHALLON
34910;CONVENIENCIA TOCANTINS 
35368;ATAKAREJO 
22298;PAG E PEG
15250;SUP. TENDTUDO
21143;MERC. UNIBOM
47815;EMPORIO MANA
47828;SUPER BOM PRECO
21855;MERC. ALVES
21870;MINI MERCADO BURITI
15234;DROGARIA PRIMAVERA
15235;DROGARIA STA. BARBARA
4886;SUP. BOM PRECO
40531;SUP. BOM PRECO
42277;TESTE MAXIMA -FANTASIA
16975;MERC. L C
17172;DROG. PHARMA & VIDA
17721;DROGARIA JK
15363;PEG PAG TROPICAL
15903;COMERCIAL GOMES
40535;SUP. BOM PRECO
15904;COML. TERRA NOVA
15233;SUP. JUNIOR
17195;SUP. 3 IRMAOS
15229;J L DA SILVA E CIA
20058;MERC. E FRUTARIA SANTOS
21712;COMERCIAL EBENEZER
35860;COMIVA
20902;MINI BOX PRIMAVERA 
4242;MERC. PORTEIRAO 
15251;DA VO SUP.
2877;SUP.  VILA  NOVA
4659;SUP. BONTEMPO 
15149;FARMACIA  AIMAR
15150;DROGARIA VISAO
15176;PEG PAG IPE
15173;SUPER FEIRAO BRASIL
15174;DROGARIA GOIAS
15204;SUPER LIMA SUP.
15201;PAI & FILHO SUPERMERCADO 
21322;MERCADO CAMPO DO ARROZ
12813;COML. MINI CUSTO
31040;MINI MERCADO PEREIRA 
41240;MAJESTOSO
15146;SUP. POLIANA II
21898;SUP. BARATEIRO
20885;SUP. LEAO 
42594;HOTEL BRASIL
42661;COML. J F C 
20886;COMERCIAL KI JOIA
21438;ACROFARMA FARMACIA
15199;SUP. DO CAMPEAO
21439;SUP. SUPER PONTO BOM RETIRO
35405;COML. GOIANO 
35549;COML. CASTRO 
21513;SUP. TRIUNFO
20758;SUP. AMARAL
20887;CORUJAO RESTAURANTE E CONVENIENCIA
42573;BOM PALADAR BURGER 
20888;MERCAFRUT CAMPEAO
20889;POSTO GUARANY II 
21945;FARMACIA AVENIDA
22314;ARMAZEM ROSA 
20759;FARMACIA PERNAMBUCANA
20780;REPUBLICA DA SAUDE
22308;GRAJAU SUPERMERCADO
22309;MERCADINHO MARCOS
51074;REDE MAE SUPERMERCADO(BAIRRO GOIA)
15139;EMPORIO DO LUIZINHO
34385;COMERCIAL CARDOSO 
15137;HIPERMERCADO CRISTAL
22315;SUPER JOIA
18435;SUP. PIONEIRO
18248;SUP. E PANIF. VITORIA
22268;SUP. POTENCIA
39652;HUGO PIETRO 
22269;MERCABOX LIDER
22270;MERC. E LANCHONETE SINAI
23064;SUP. REIS (8-ST. CENTRAL)
15669;MERCADINHO RAMOS
51027;MINI BOX JARDIM
15230;SUPER 1
39153;OLIVEIRA SUPERMERCADO
39885;SUP. TEIXEIRA 
15231;DINAMITE SUPERMERCADO(RESID.MAURICIO)
15226;PANIF. PONTO CERTO
4794;PANIFICADORA SONHO DA VILA
25613;HAPPY FESTAS
25614;SUP. SAO ROQUE 
32535;NILL MART
25619;COML. BOM PRECO
20550;SUP. QUERO MAIS
20551;DROGAMARY'S
20552;DROGAMARY'S
20553;DROGAMARY'S
34866;SUP. MODELO
21093;SUP. E PANIFICADORA PAO GOSTOSO
21094;MINI MERCADO CRISTAL
21095;CASA FORTE - MERCEARIA
16995;DROGARIA AMORIM
42167;ADRIEL PEREIRA SALGADO 
16996;SUP. MINEIRAO
5391;MERC. CASTELO BRANCO
21262;ATENDE LAR SUPERMERCADO
21263;DROGALIZA
715;SUP. RIO
2915;SUP. IDEAL
590;ARMAZEM ALVES       
20892;SUP. IDEAL
15141;SUP. FATIMA
41953;MIOU LATIU
49001;CURRALERO
558;MINI BOX AVENIDA    
21418;SUP. SERVE MAIS
15166;SUPER REIS
4533;SUP. GUANABARA
21264;ARMAZEM DO JOAO
41700;CASA DE CARNE DO GAUCHO 
21265;AMERICA SUPERMERCADO
21266;PANIFICADORA PAO DOURADO
23521;SUP. SERVE BEM 
23530;CASA SAO JOSE
47254;EMPORIO ICE
47255;BELISSIMO BAR E RESTAURANTE
2361;SUP. BETEL
15143;SUP. E CASA DE CARNE UNIAO
15377;FARMACIA CANDIDO RONCATO
11399;SUP. JR 1
18197;GIRO RAPIDO
310;COML.  NOVA  OPCAO
14589;SUP. HELENA
553;SUP. CENTRAL
14171;MERC. PRECO BAIXO
6180;SUP. ALTO GIRO
39714;COMPRE +
3789;COLONIA DE FERIAS JESSE PINTO FREIRE
4321;SUP. JC
15107;SUPER 10 SUP.
13212;SUP. ESTRELA
28673;IMPERADOR SUP.
34396;SUP. AQUARELA
24585;SUP. FERRARI
505;MAX SUPERMERCADO
22799;SUP E PAPELARIA LOBO
23214;DROGARIA LISBOA 
35922;SUP. CENTRAL 
23215;COML. DE FRIOS BRUNO 
23216;SUP. EXTRA FORTE 
5940;SUP. TRANZAL
21267;DROGARIA IDEAL II
182;SUP. FAVORITO
21268;MERCADO E PANIF. MODELO 
178;SUP. MINAS GERAIS
15348;FARMACIA VITAL
13249;KI  PAO
17313;PEG PAG ERY
4296;MINI BOX            
15605;SUP. VITORIA
17775;DROGA LIDER
23533;PEG PAG AIRES 
41882;BENONE
994;SUPER COUTO 40
21269;PIZZARELA
18159;COML. SOUZA
15349;SUP. BRASIL
47262;QR CODE BRASIL
15219;JOSIAS COML.
15216;DROGARIA GLOBO
23534;COMERCIAL MILHOMEM 
23537;ARMAZEM DO ROCHA
23539;COM. RIO VERDE
35383;COMERCIAL MULTI MIX 
3584;SUP. CARDOSO
22171;MERCEARIA SOCIEDADE
20482;SUP. SUPERMIX
5251;SUP. CACULINHA
4696;SECOS E MOLHADOS CAIADO
39755;ENES PEREIRA DA SILVA COMERCIO E SERVICO
21413;SUP. BETINHO
2372;SUP. PRIMAVERA 
21414;SUP. CORUMBA
26431;MINI BOX E SORVETERIA KI-MEL
26432;SUP. DO TIAO
41959;PEG-PAG MENOS 
26433;COML. CASTRO 
20642;HIPER BOM - SUPERMERCADO
22173;CIA DO PAO
22175;KING FRIOS
16696;DROG. SANTA HELENA
45794;PEG PAG BONZAO
15213;DROGARIA SEVILHA
4375;PEG PAG BOM PRECO   
21415;COM. BRESSAN 
15161;SUPER ECONOMIA 
4381;SUP. AMERICA
21416;MEGAPANE PANIFICADORA
21417;COMERCIAL TIRICA
15215;SUP. DECARLI
15343;SUP. MERCADO CRISTAL
15425;SUP. JERUSALEM II 
252;HENRIQUE SUPERMERCADO
10752;MERC. INACIO
16895;SUPER MERCEARIA GOMES
26852;FRUTARIA E MERCEARIA MACAUBA 
39485;COML. SOUZA
20554;DROGAMARY'S
15165;SUP. NELMAX
15129;DROGARIA SOARES
5192;PANIF. MERCEARIA  MODELO
20671;PANIFICADORA EMPORIO DOS PAES
39819;SUP. PRIMAVERA
4214;LANCHONETE DO POSTAO
4216;MERCEARIA RENASCER
4623;MERC. TIANA
15142;COML.BANDEIRA
35594;SAO JOAO SUPERMERCADO
46962;EMPORIO ARTE PAO
20548;DROGARIA PLANALTO
5663;MERCADO PLANALTO
15085;DROGARIA ECONOMICA
20673;PADARIA 2000
20674;LANCHONETE MUNDIAL
41046;SUP. AMAZONAS 
20675;SUPER UNIAO SUPERMERCADOS(CENTRO)
15122;DROGARIA ARAGUAIA
882;SUP. INDIARA
21092;POLOS PAES E DOCES
42650;SUPER GAROTAO
42658;SUP. SALMO 91 
24386;LOJAS DO ZINHO 
3418;SUP. ALVORADA
15607;DROGARIA CRISTO REY
4825;SUP. CENTRAL
15154;BAR E MERCEARIA PASSARINHO
20549;ADEGA MORAIS
16907;DROGARIA SEIS IRMAOS
15098;JATAI LANCHES
23428;REIS 2 SUPERMERCADO 
15099;SUP. CAMPEAO
7805;MERC.DIVINO PAI ETERNO
4308;COML. MONTIVIDIU
39618;SUPER GAROTAO
42637;MERC. CENTRAL 
49025;TINEY SUPERMERCADO
12703;SUP. DO TEDD
15064;ENXOVAIS CASA BELLA
885;SUP. CASTELAO
891;SUPERMARES
26952;REGINALDO DE JESUS ARAUJO 
26953;KITANDA 
34447;CATOLE CONVENIENCIA E LANCHONETE 
5837;SUP. BOAS NOVAS
21330;SUP. ECONOMIA
21331;K E K IRRESISTIVEL - UTILIDADES
21332;FLORICULTURA FLORES E CESTAS
21388;SAO SIMAO PHARMA
21389;SUPER REAL SUPERMERCADO
40110;SUP. BARATAO 
4641;PETI PAO PADARIA E CONFEITARIA
24123;MAMAO METERIAIS ELETRICOS E SERVICOS
24124;O MERCADINHO
1104;PEG PAG PASTORINHOS 2
1861;SUP. KORISCO
24136;LANCHONETE E CHURRASCARIA CERRADO 
24137;SUP. BOA SORTE
15059;SUP. SAO JORGE
15060;DROGA CENTRO
15163;SUP. FAVORITO
15361;COML. LEAO DA VILA
20875;MERC. MENDES
24375;J.M. SUP.
24138;DROG. GENERICA DO POVO
34466;MERC. GARCIA 
24139;MAX PAO II 
15030;SUP. BOM DO LAR
5874;SUP. SAO SEBASTIAO
15063;
596;SUPER 15 
20876;HIPER MORITA SUP.
20878;PANIFICADORA CAPRICCIO 
559;SUP.SANTANA
577;SUP.  D J
11400;SUP. PAIVA
2965;COML. CECILIA
2322;COML. QUEIROZ
337;CASA SAO LUCAS      
21278;SUP. PINGO
3010;SOMBRA SUPERMERCADO
2870;MERC. DANIEL    
21279;SUP. MINAS
15116;SUP. ORLA
15113;PRIMADELLA PANIFICADORA
20562;TARANTELLA PIZZARIA 
35183;SUPER FREITAS SUPERMECADO
15091;DROGARIA INDEPENDENCIA 
15110;SUP. ALA-DEL
15061;SUP.PRIMAVERA
15057;TALISMA
21280;SUP. LILI
21281;LANCHONETE E PANIFICADORA ALVORADA
34682;MEGA SUPERMERCADO 
22001;MERCADINHO AP
22039;VERD. MERC. SERRA DOURADA 
22040;SUP. TRES AMORES
16888;SUP. MAXIMO
15025;SUP. TELO
40529;MAIS ECONOMIA SUPERMERCADO
12747;SUP. GALVAO
20880;POSTO DE MEDICAMENTO DO POVO 
854;SUP. GRANADO II
1089;PONTO DA ECONOMIA
19794;MERCADINHO DUDA
19795;SANTA HELENA II CONVENIENCIA
19796;MERC. DIONIZIA
343;TAIWAN MAGAZINE     
3499;SUP. GUANABARA
405;SUP. CENTRAL
15043;MERCADINNHO LOPES
3752;SUP. SOUZA
15065;SUP. SAO FRANCISCO
20961;SUP. ALVES
23230;CASA AGROPECUARIA
20962;SUP. ESTRADAO 
708;SUP. PORTELANDIA
15079;SUP. PAGUE POUCO
15075;COML. SAO MARCOS
40907;MERC. CRISTAL
15421;SUP. NSSA. SR. APARECIDA
20676;PANIFICADORA NUTRIPAES
20677;SUP. PAGUE MENOS
20963;HOTEL E RESTAURANTE MINEIROS 
20964;SUP. E CASA DE CARNE ECONOMIA
35684;SUP. RIBEIRO 
15008;MERCADO SAO JOSE
18737;SUP. VITORIA
4943;SUP. SHALON
21283;D'ITALIA PIZZARIA
34906;COML. DIA A DIA
21284;DEGUSTAR RESTAURANTE E CERVEJARIA
14556;SUP. ECONOMICO
4303;ARMAZEM ESTRELA 
749;MERC. PAULISTA  
24513;DROGARIA MAIS BRASIL
15039;SUP. PAKAMAM
6280;MERC. SANTANA   
20634;ATLANTA CONVENIENCIAS
15037;PEG E PAG HORIZONTE
21694;PANIF. ART MASSAS
41029;ELIENE DE FATIMA CASTILHO
23158;COMERCIAL BOM PRECO
49206;AGROSITO RACOES
21282;SUP. REAL
20879;MERC. SILVERIO 
39605;VALERIA ENXOVAIS 
240;MARLENE MODAS
15118;DROGARIA BETEL
14564;SUP. MASTER
1489;SUP. COMPER NORTE
20636;SUP. REIS
35681;SUP. PEREIRA 
15033;MERC. CAMPEAO
12728;ELDORADO CONVENIENCIA
19976;SUP. PARATI
20666;PANIFICADORA PAO DE MEL
14976;SUP  STA. ROSA
17324;MASTER ATACADISTA E DISTRIBUIDOR
25;MERCADINHO DO HELIO 
12719;MINI  BOX  MESQUITA
15506;DROGAMED
41102;MINI MERCADO DUAS IRMAS
20960;SANTA FE NUTRICAO - RESTAURANTE
4513;CAMPEAO SUPERMERCADOS(ST.CENTRAL)
14890;SUP. AVENIDA
50667;CASA DE CARNES AGUA LIMPA LTDA
40376;SUP. BRAZ LTDA
47810;CASA DO PRODUTOR
20989;VIVER FARMA
4010;SUP. DO DIMAS
20556;LANCHONETE RIO QUENTE
951;MERC. IROMAR    
39287;VERDURAO VENCEDOR 
2075;SUP. DINIZ
2201;SUP. ECONOMIA
12736;SUP. PAULA
14993;DROGARIA PAZ
18077;ATACADAO NORDESTINO
20557;NUMERIANO - MERCEARIA
20558;MERC. SOL NASCENTE
20559;COMERCIAL GOMES
20560;CENTRAL GAS
20561;SUP. SUPRA
15056;MERCADINHO MARMELO
40280;SUPER LIDER 
20518;SUP. ATALAIA
20519;ECOPOSTO C4
20520;EMPORIO BRASIL
20521;VERDURAO DO JAPONES
2907;COOP. AGROP. DE AURILANDIA
14987;DROGATINS
1295;CASA DA ROCA        
14911;DROGARIA BRASIL
2234;MERC. BORGES    
26794;SUP. BOM PRECO II
38886;MERC.  TIMBAUBA
14989;SUP. CONQUISTA (MORADA DO SOL)
17391;SUP. MINAS
15049;MERC. JK
26896;EMPORIO DOIS IRMAO
34814;EMPORIO DA CERVEJA 
42184;MERC. PANIFICADORA E CONFEITARIA SUPREMA
14982;FARMACIA MELO
1106;O CABECAO           
14963;PEG PAG SANTA RITA
14922;MINIMERCADO IDEAL 
5754;SUP. BRANCO
433;ARMAZEM SILVEIRA
1826;VENDAO DA 56
1844;SUP. DO DILO
2259;VALE FERTIL         
14921;SUP. COUTINHO
14960;MERCADINHO TERRA NOSSA
14920;SUP. LARA
1896;PANIF. MOREIRA II
14991;FARMACIA SANTA AUGUSTINHO
14950;PADARIA NACIONAL
35807;COML. KAROL JUNIO
12770;DONNA PANIF. E LANCHONETE 
12774;SUP. SKINAO
15000;SUP. TABAJARA
1487;SUP. SAO PEDRO
35348;SUPERMERCADO NOVO DIA 
35377;SERVE MAIS SUPERMERCADO 
24135;FARM. E DROGARIA SAO MARCOS 
24161;SUP. SANTOS LIMA 
268;SUP. SOUZA
15047;COML. EXTRA
14948;FARMAIS
1184;MERCADO FLAMBOYANT 
22934;DROGARIA PAG MENOS 
22937;SUPER SERVE LAR
22938;SUP. CRUZEIRO DO SUL
22940;SUP. MARTINS 
16919;SUP. NOVO HORIZONTE
19752;ACOUGUE E MERC. DO GALEGO
24108;FERRERO 
24125;SUPER BOM RETIRO 
24169;MULTICOPOS 
24173;EMBALAGENS REAL 
22941;CHURRASCARIA SAO GERMANO 
1463;MERCADINHO CATALAO  
35607;COML. BISPO 
35731;SUP. DIA A DIA 
39853;COML. ALTO BONITO 
954;SUP. GOIABAO
1746;SUP. ELDORADO
14918;BAR DO DETE
14915;SAO LUIZ IMPORTADOS
43004;COML. LUCAS
45302;MERCADINHO SOUSA
24174;DOCE GULA 
24180;ANTONIO BAR 
15048;VERDURAO SERRA DO CARMO
15044;FARMACIA STA. MONICA
19762;O BARATAO SUPERMERCADO
19771;DROGA LIDER
3968;SUP. MOTA
15070;DROGARIA STA. CLARA
12755;PADARIA LIBERDADE
15015;SANTOS SUPERMERCADO
39327;MERC. CONQUISTA 
20894;COMERCIAL BARBOSA 
21073;EXA DISTRIBUIDORA E SERVICOS
24884;COML. CERQUEIRA
24885;RBC/EBC 
24886;EMPORIO DO FRANGO
20774;JT BRITAS 
20775;ICARAI CONVENIENCIAS
24121;COML. FORTALEZA 
24122;SUP. EVOLUCAO
39467;SUP. RIO DOURADO
15050;DROGARIA CARVALHO
21085;SUP. ARAGUAIA
23067;SUP. 3 IRMAOS 
23074;LANCHONETE MARAJO
35570;COML. ARAGUAIA 
39160;COML.MARTINS
40417;LEAO BAIRRO 
23095;EMPORIO MIX SUP.
23104;COMERCIAL TEND TUDO 
23105;ALIANCA ALIMENTOS 
383;SUP. CACULA
30735;MERCADO TRES IRMAOS
49211;CANDANGAO
34545;SUP. E PANIF. ESTRELA DO SUL
21597;COMERCIAL OPCAO
14994;FARMACIA SANTO AGOSTINHO
14995;DROGARIA PALMAS
14996;CASA DO BEBE
23110;AGROPECUARIA SHOPING DO PRODUTOR 
23551;SUP.  CASARAO 
14536;CASA DA LAVOURA
14970;SUP. ALVES 
14999;FARMACIA DEUS E GRANDE
12706;MACARRAO
1696;SUPERMERCADO BARREIRAO 
14967;MERC. NUVEM BRANCA
20694;DROGARIA CAPITAL
21015;SUPER SOUSA
34455;SERVE MAIS SUPERMERCADO 
2378;SUP. MARTINS
14972;SUP. J K
14973;LUCAS MAGAZINE II
14974;LUCAS MAGAZINE I
15024;SUP. MONTE SINAI
15055;SUP. MARCOS
34828;SUP. PRECO BOM 
2376;SUP. TATICO
14895;SUP. SAO FRANCISCO
14907;SUP. PONTE DE PEDRA
29438;SUP. REIS (7-ST.CENTRO-PIRES DO RIO)
36090;SUPER SUPREMO 
14905;SUP. FRIBURGUER
17276;CONGREGACAO CRISTA NO BRASIL
18306;DROGARIA TAQUARALTO
20810;SUP. SOUZA CRUZ 
12861;SUPERMERCADO JOIA 
733;SUP. LIMA NETO
10846;SUP. M S
22053;TRANSPORTADORA SOL NASCENTE
14882;SUP. TROPICAL
15496;DROGA ANA
14934;PANIF. RECANTO DO SABOR
1546;SUP. MACHADO
12761;SUP. CONQUISTA (CENTRO)
31077;MAGRASS 
2353;SUP. INHUMAS
1291;SUP. LAGO DOS TIGRES
1794;MERC. GARIBALDE 
2798;SUP. SANTOS
742;ARMAZEM PERNAMBUCO
1504;MERC. STO. ANTONIO
2283;SUP. STAR
14892;SUP. JULIANO
2092;FIGUEIRA BRANCA PANIFICADORA
39473;CASA DA CARNE 
46947;MOREIRA MUNDIAL SUPERMERCADOS
14925;SUP. FEIRAO
3751;SUP. LIDER
14830;SUP. BOA VISTA II
24195;MERCADO UNIAO 
1932;SUP. MEIRA
1942;PEG PAG ARAUJO      
20508;CONVENIENCIA PALMAS BRASIL - AMPM
20510;MERCADO NOVO HORIZONTE
35856;MERCEARIA SOUZA
20511;LANCHONETE BANDEIRA
12159;MERC. QUIXABEIRA 
1860;COML. UNIAO
14984;SUP. BOM PRECO
14985;FARMACIA CENTRAL
40240;SUP. ATLANTA
23070;COMERCIAL CENTRAL 
23071;SUP. SAO JORGE 
17047;COML. RAMOS
11050;SUP. E CASA DE CARNE CAIADO
2639;SUP. UNIAO CAETANO
13237;SUP. LIDER
14876;SUP. VITORIA
14828;SUP. BOA VISTA 
14829;SUP. FEIRAO
23072;SUP. CALIFORNIA 
23073;DROGAMAIS 
16058;DROGA PHONE
39502;SUP. PARA TODOS
2228;COML.CAMPEAO
14879;SUP. SAO MATEUS
14881;SUP. DIAS MOREIRA
22786;VERDURAO
11029;SUP. RIVAS
40290;SUP. ARAGUAIA
11437;BUDO - KAN SUPERMERCADO
11439;MEGA SUPERMERCADO
14822;SUPER BAIXIM 
11127;SUP. SAO JOSE
2460;PEG PAG SANTIAGO    
2468;SUP. CENTRAL
14910;COML. DO LAR
14844;SUP. CURIO
31323;MINIMERCADO BOM JESUS II 
35403;SUP. ALIANCA 
14841;SUP. FLORESTA II
2481;SUP. LAVILLE
20718;LANCHONETE TIA JOANA
11030;SUP. DAMASCENA 
23159;MERCADO RRG 
2511;ARMAZEM RAMOS       
23160;NOVA PAO GOSTOSO
40317;SUP. ARAGUAIA
20712;MERCADO SERVE BEM
20713;SUP. FANTASTICO
20714;COMERCIAL MARCOS
20716;MERC. PONTES
20717;SORVETERIA KI SABOR
2252;BAR E MERCEARIA MIRANDA 
40349;SUP. ARAGUAIA
23161;CONVENIENCIA ENCONTRO DOS AMIGOS 
23162;PALADAR ALIMENTOS PREPARADOS 
23163;SUP. SERTANEJO 
23164;SUP. ECONOMICO 
34174;COML. BEIRA RIO
14872;SUP. BOM DE MAIS
14873;SUP. SUPER M
21696;MERCEARIA DO MARIO
22111;SUPER SAO MIGUEL
50880;VEM KI TEM
22162;COMERCIAL GLORIA
24175;REINO ANIMAL PRODUTOS AGROPECUARIOS 
2255;SUPER NACIONAL
14954;SUP. MAX
5595;ARMAZEM LIDER 
2078;SUP.  BRASIL      
2295;PM PAES
14868;PEG PAG VIDA NOVA
21687;MERCADO UNIVERSITARIO
21695;SUP. REY LAR
47585;DIST. DE BEBIDAS ZERO 70
47590;EMPORIO DO GOLE 63 DISTRIBUIDORA
1601;SUP. OLIVEIRA
18981;SUP. SAMPAIO
14924;MERCADINHO SERVE MAIS
3857;SUP. LOURO
15835;DROGARIA FORTALEZA
15836;SUP. MARTINS
21697;SUP. BELA VISTA
21698;PANIFICADORA PAO DE MEL
21699;COMERCIAL SHALON
40694;HTS SUPERMERCADO
11040;COML. CORDEIRO
2336;SUP. PROCOPIO
1907;SUP. BEM ME QUER
15084;GENERICA
42704;ARMAZEM POPULAR 
2109;SACOLAO CENTRAL     
655;SUP. ELDORADO
20555;PEG PAG SANTA EFIGENIA
17944;IGEL
24709;EMILLY PRESENTES 
41992;SUP. MAIS VOCE
20837;SUP. SAO JOAO
20838;SUP. ECONOMICO 
21020;SUP. ESTRELA 
14855;COML. GRAJAU
13225;SUP.  ECONOMIA
10932;SUP. QUEIROZ
11208;MERC.  CAMPOS
11484;ACOUGUE E MERCEARIA ALVORADA
11312;CITRO 5 DIST. DE PROD. ALIMENTICIOS
11314;PASSARELA SUP.
40705;SUP. ECONOMIA 
41127;SUP.WE
14765;SUP. BORGES
10968;SUP. GANHA POUCO
14787;SUP. LIDER
11143;SUP. PRIMOS
11146;SUP. COSTA
42784;MERCADO DO DIVININHO
42789;CRISTO REI II SUPERMERCADO
11242;SUP. SAO MIGUEL 
23149;MINIMERCADO TAVEIRA 
15344;MERC. SAO PAULO
11492;ARMAZEM SUPERMERCADO
28871;CHURRASCARIA INTERLAGOS II 
42098;PEG PAG DUNGA 
27;MERCEARIA BARBOSA 
20907;SANTA MARTA
20908;BR MANIA T-10
11660;SUP. PATROCINIO
157;BAR E MERC. SANTA MARIA
23199;SUPERZE 
23200;MERCEARIA DO MAURINHO
49078;CASA DO PASTEL
23228;CINEMAS FLAMBOYANT
10811;MERC. SOL NASCENTE 
3427;SUP. GIGANTAO
41380;J K COMERCIO DE ALHO CEBOLA E OUTROS
14889;MERCADINHO SAO FRANCISCO
14886;SUP. E SACOLAO DONA XEPA
14808;SUP. CAMPEAO
11221;COML.  ARAGUAIA
21481;FRALDAS SAPEKA
14803;PEG PAG MACHADO
42792;SUPERMIX JK
11141;COVAL
21993;COMERCIAL JR
3346;SUP. SAO JORGE 
20228;PEG PAG AGUIA
14801;COOPER AGRO
11260;ARMAZEM GOIAS 
47214;SUP. CONQUISTA
47223;MERC. ALEXANDRE
11053;PEG PAG BR
2533;MERC. BARBOSA JU
20719;COMERCIAL PAIS E FILHOS
20720;SABOR E REQUINTE SORVETAO
14864;SUP. RIO VERMELHO
18305;SUP. LEMOS
10901;SUPER-UTIL SUPERMERCADO
14862;SUP. MORIA
2586;SUP. CARMO
41461;CONVENIENCIA PONTO EXTRA 
42618;SUP. ALIANCA
10883;MERC. SOUZA
14847;SUP. PACHECO
20721;FRUTARIA IDEAL
20722;COMERCIAL RIO VERDE
11405;SUP. ESTRELA DALVA 
42815;E G SALGADOS
42819;MINI BOX MILLA
14849;SUP. CONCORDIA II
20724;SUP. CANEDO
20725;SUP. PASSE BEM
21100;SHOW MIX CONVENIENCIA
21101;COMERCIAL AMORIM
44352;SUP. TROPICAL
20833;MERCEPANI
2649;MERCADINHO ALVORADA
11460;PLANALTO COMERCIAL
11183;SUP. E PANIF. SOARES
11184;SUP. GARCIA
3836;CASA DO CONSUMIDOR
11369;BARATAO SHOPPING
20834;MINIBOX CARDOSO 
20835;WIGNY PEG PAG
42655;SINEZIA DE SOUSA SILVA SOARES 
21164;COLEGIO EINSTEN
23035;ROMA DISTRIBUIDORA
23036;SUP. MONTE SIAO 
35302;SUPERMERCADO ECONOMICO 
48503;RESTAURANTE BOM SABOR
24275;SUP. CENTRAL 
11376;MERC. RAMOS
11380;MERC. SAN MARTINS TOTO
4056;CASA MARINHO
42799;MERCEARIA 4J
20903;SUP. EVOLUCAO
20904;SUP. O BARATAO 
20905;MINI BOX GAUCHO
23037;SUP. GARAVELO 
23038;HOTEL E RESTAURANTE 3 RANCHOS 
7745;PANIF. E MERCADO DOIS IRMAOS
21480;CASA DO SITIO
14861;SUP. BATISTA
20906;SUPER BOM
42656;PANIF. WM
42667;SUPER BARATAO EXPRESS 
10995;SUP. SOL NASCENTE
6931;HOTEL E MERCEARIA COLINAS
11297;SACOLAO ARAUJO
10912;MERCADO STA. RITA DE CASSIA
42070;MUNDIAL LOGISTICA INTEGRADA LTDA 
14818;BRASIL DIST. DE DOCES
14819;ASSOCIACAO BENEFICENTE ANDRE LUIZ
20764;SANTE JUSSARA
20765;SUP. MOURA
20766;COML. PRECO BOM
20895;CASA DE DOCES OCCA 
11310;SUP. GRIMPAS
14811;SUP. DO LEO
11690;COML. DINIZ
6206;SUP. LEMOS 
2942;MERCADINHO PAULISTA 
11107;PANIF. E SUPERMERCADO ESTRELA DO S
11419;MERC. ARACCO 
22477;DROGARIA NOVA OPCAO
10926;SUP. IDEAL 
10930;CASA DA ROCA
42751;SUPERMERCADO MARTINS 
3938;SUP. LEMOS
23698;DIST. JK 
23699;SUP. REAL 
42721;SUP. CANAA I 
23700;SUP. MAGNO 
14809;COML. FUGA
14810;FEIJAO COM ARROZ
14858;SUP. COMPRAO
14859;SUP. ELDORADO 
6197;SUP. FERREIRAO
14877;SUP. SUPER VALE
10951;SUP. PONTO CERTO
10952;SUP. AEROPORTO
20836;PEG E PAG SANTA ROSA
20479;STATUS LANCHE
20480;DROG. AMERICANA 
20481;PONTO DOS PASTEIS - LANCHONETE
20967;BUTEKO DO JOAO
21931;JEFFERSON
42754;LS VARIEDADES 
2938;SUP. NETAO
11524;COML. CASTRO
11438;SUP. POPULAR
11607;COML. BONFIM
11608;COML. CINTRA
26858;PREMIER EMBAL. E BEBIDAS NACIONAIS E IMP
38813;MAIS ECONOMIA A CASA DA LIMPEZA
22418;BRASIL SUL
3504;ARMAZEM BANDEIRA
21991;SUP. BARROS II
21992;DROGARIA IMPERIAL
23226;SUP. VITORIA
23227;CINEMAS GOIANIA SHOPPING
20968;COMERCIAL CUNHA
6094;MERCADO NOLETO
11944;COML.NIPON
47204;PANIF. PAO CROCANTE
7171;SUP. BELA VISTA 
11065;SUP. ECONOMICO
14827;COML. UNIAO
42769;DUBAIRRO SUPERMERCADO
11609;COML. MAE FILOMENA
18114;PANIF. MEDEIROS
11804;SUP. CONSIGO
20821;FLORESTA DOCES 
11724;ARMAZEM SAO BENTO
42801;SUP. PRECO BAIXO
2672;COML. SOUZA
14737;SUP. BANDEIRANTE
314;SUP. EMAUS
11588;COML. SOL NASCENTE
5072;GIRASSOL SUP.
11592;COML. TOCANTINS
2325;SUP. RIO VERMELHO
14826;MERC. JARDIM GOIAS
629;SUP. DEUS  E  GRANDE
11873;CENTRAL ATACADISTA
14732;MINI BOX EL SHADAY
40161;MERC. E PANIFICADORA SUPREMA
47731;COML. BARATO TODO DIA
14733;HIPERBOX CENTRAL
6353;COML. DE VERDURAS TARUMA
4589;SUP. O AMIGAO
1388;CASA OURO NEGRO
14796;ASILO TRINDADE CURADO
41826;NOBRE SUPERMERCADO
11288;SUP. CENTRAL
3416;COML. VIEIRA
213;PEG & PAG E CASA DE CARNE NORDESTE 
11681;COML. FERNANDES
24380;"CLAUDIO""S PANIF. E LANCHONETE"
41997;SUP.GOIANO
42822;COML. FAVORITO
705;COMERCIAL LEAL
187;CASA CAMILO
11507;PEG PAG EMANOEL 
11508;SUP. CRISTAL
20871;MERC. BOA VISTA 
20872;CASA DE CARNES E MERCEARIA MOREIRA 
14761;DROGARIA ATLANTICA
11295;SUP. SANTA RITA
328;COML. SILVA
14757;SUP. REAL
3560;MERC. SERVE BEM
6039;SUP. FREIRE
40195;COML. SAO FRANCISCO
5142;SUP. BOA ESPERANCA
20896;PANIFICADORA VITORIA 
14782;MERCADINHO TERRA NOSSA 
6631;SUP. REIS
32525;SUP. TAVARES 
41908;SUP. 02 IRMAOS 
283;MEGA SUPERMERCADO
20898;ARMAZENS FAST FOOD 
11296;PEG PAG IPANEMA
3282;SUP. MARISILVA
35317;PADARIA E SUPERMERCADO SUPER BIG
41658;COML. PONTO CERTO
20745;SUP. CONQUISTA 
20746;MINI BOX POPULAR 
20747;GIGA LANCHES
20748;COMERCIAL RODRIGUES
24721;JCS INFORMATICA
14820;SUP. DESTAK
11155;SUP. 3 AMORES
14816;COML. GABRIELE
11162;SUP. REGIONAL
26931;SACOLAO VENEZA
40246;FRUTARIA E MERC. BATISTA
22151;DROGAMINAS
22152;K E K CONVENIENCIA
20965;SUP.W L RUFO
20966;PANIFICADORA GUIMARAES
3455;SUP. CONCEICAO
39497;COML. VITORIA 
21871;SUP. POTY
14755;COML. PACHECO I
14773;DROGARIA LEONEL
22207;DISTRIBUIDORA BARBOSA E LEMOS 
44194;SPLENDOUR RESTAURANTE
13778;PANIF. E MERCEARIA LOBO
11173;MINI BOX BOCA DE LOBO II
14815;SUP. DANIEL
11179;CENTER FRIOS 
649;COML. TOCANTINS
14752;SUP. CENTRAL
17389;DROGARIA SAO JORGE
11568;SUP. FATIMA
4161;COOPERNORTE
40273;NOSSA KAZA SUP.
11570;SUP. SAO VICENTE
14780;SULAMAR  SUPERMERCADO
4821;CEREALISTA OURO BRANCO
797;MINE  BOX  51
22832;SUP. BRASIL
42783;SUP. AMIGAO
14756;COML. PACHECO II
5551;CASA MOREIRA
14751;SUP. OURO VERDE
22028;MOREIRAO SUPERMERCADO 
22029;SUP. DA FAMILIA 
22030;SUP. POPULAR
22054;SUP. POPULAR
2545;MERC.  RODRIGUES
20478;DROGARIA DROGAVIDA
14776;COML. FERREIRA BORGES
5442;COML.  BOA  SORTE
14783;SUP. BEM VINDO
18800;COML. COSTA
2313;CARMINHA SUPERMERCADO
11675;COML.MESSIAS
40331;MINIMERCADO EDUARDA
47738;REDE STORE (AP. MANSOES PARAISO)
14730;AUTO REFORMADORA S. M. 
49423;PREMIUM DISTRIBUIDORA
14727;CIAL PAULA
14728;ARMAZEM DAVID
14729;RIO VERMELHO DISTRIBUIDOR
1755;BORGES SUPERMERCADO
42296;CASA DAS CARNES DJ
6063;COML. CENTRAL
21112;COMERCIAL MADUREIRA
12172;ESTRELAO SUPERMERCADO
20881;MERC. FAMA 
11575;COML. CENTRAL
11486;CASA BOA SORTE
12180;PASTELARIA FORMOSA 
11857;FRUTARIA MONTIVIDIU
11903;SURILAR MERCEARIA
11905;MERCABOX GOIANINHO
11789;CHURRASCARIA INTERLAGOS 
11798;LOJAO JP 
11642;MERC. ECONOMICA
12195;SUP. BRASIL
12204;SUP. BOM VIZINHO
22471;SUP. BRUNO
11927;M. AGOSTINI
40396;SUP. CM
11970;SUP. CRISTAL
11993;COML. SAO FRANCISCO
20807;SUPER 10 - SUPERMERCADO
12485;SUP. ALCUTE
711;COML. RAMOS
40208;MINE-MERCADO FLAMBOYANT 
12102;MINE BOX REI DO VALE 
21016;ENTREPOSTO LOJA DE CONVENIENCIA
21017;REAL FOOD ALIMENTACAO 
12208;MERC. SUPER
12486;CAETANO SUPERMERCADO 
39540;MERCADINHO J S 
47700;SUPER INDUSTRIAL
11219;MERC. PARA TODOS 
12504;EMPORIO 87
19261;MERCADO NOVO TEMPO
27030;SUP. QUARTETO
20595;PINGUIM BEBIDAS GELADAS
12151;SUP. GONSALVES
14706;SUP. SERV CACHOEIRA ALTA
20220;SUPER BEMDI
47061;SUPER PRIME
47062;MEU MERCADO
12107;MERCADO BOA SORTE 
12110;VAREJAO PAI E FILHO
14696;SUPER DORA SUPERMERCADO
12134;SOLUCAO - SUPERMERCADO
11812;SUP. PONTUAL
40470;SUP. COMPRE MAIS
11748;SUP. RANGEL
14772;ADEGA & CIA DO VINHO
23115;PANIF. E CONFEITARIA CAFE COM PAO 
23116;CASA SOUSA 
42659;SUP. BOM VIZINHO 
11591;SUP. E PANF. MAGALHAES
14584;SUP. BLESSA
11640;ASSADOS E CIA 
11665;SUP. PRIMO
11671;PANIF. COLOMBO
64;CASA SAO JOAO
39489;SUP.TOSTA(VL.FATIMA)
543;MERC. REGIO
23117;COMERCIAL MIRANDA 
23118;FRUTOS DA TERRA
23119;DIPAN DISTRIBUICAO 
11959;MERCADO ESTRELA
11960;SUP. PASSE BEM
11968;ARMAZEM UNIAO
12214;SUP. VILA MORAIS
12115;O VERDURAO
12227;SUP. IDEAL
11837;LUZ PARA OS POVOS-MINISTERIO APOSTOLICO
11978;COML.MEIRY
21013;COML.SINO DE OURO
42683;EMPORIO ROCHA
47705;LILIANE ALVES RODRIGUES 
11828;PEG PAG JUNIOR 
11732;PANIF. PAO NOBRE
14726;MERCADO DO JAPONES
20769;SUP. DO MARQUES
4042;COML. COELHO
11981;COML. FLORIANO
11569;CASA GOIS
18003;SUP. PRIMAVERA
12015;MALUN SUPERMERCADO
14672;DROGARIA MENEZES
42681;SUPERREIS 
14673;SUP. RIBEIRO
14774;COML. MEGA BEM
21045;THILE HOTEL
11928;MERC. PAI E FILHO 
4364;SUP. NOVO LAR
21091;DROGARIA PARQUE
14747;SUP.SOBERANO
14670;COML. DIANE
3074;MERC. RODRIGUES
51015;MERCADO PINGO DE OURO
17918;PEG PAG ALVINEY
4815;COML. POPULAR
11759;BURITI SUP.
42437;SUPER PRIMICIAS 
14767;ARMAZEM ROSA
14768;SUP. ECONOMIA
22820;SUP. VITORIA
11744;MERC. SAO LUCAS
3428;CIAL  E  PANIF. DA GENNY
18374;SUP. UNIAO
42689;EMPORIO SANTANA & ASSUNCAO 
3419;COML. ROCHA
14715;SUP.ALVORADA
3025;COML. ARAGUANAIS
4372;COML. TIRADENTES
27958;MERC. E CASA DE CARNE PASCOAL 
23209;ELDORADO SUPERMERCADO 
23210;MERC. VENDA NOVA
23211;STRAVAGANZA PADARIA E CONFEITARIA 
23218;SUP. FRAGA 
14716;EMPORIO SERVE BEM
2954;CASA PAULISTA
22521;DISTRIBUIDORA IMPERIAL
22840;CASA DOS BOLOS
14714;SUP. REIS
42694;CASA DAS ERVAS 
23231;SUP. MARANATA
12032;PEG PAG  PLANALTO
12051;TRADICIONAL REST.
12054;COML. REAL
12064;SUP. MOREIRA
270;MINI BOX AGUIAR
12047;COML. SANTOS
12050;COML. SUL
27379;LANCHONETE E CONFEITARIA GOIANA 
822;COML. SUPER PRECO
11659;BAZAR E MERC. SANDE 
21135;COMERCIAL PERNAMBUCO
20600;SUP. REGIONAL
30195;COML. DE ALIMENTOS SUL 
246;SUP. REAL
12029;MINE MERCADO PALMEIRAO 
22670;SUP. BEM BARATO
14723;PANIFICADORA E CONFEITARIA MALIBU
40941;LIDERANCA
12004;MERC. NUNES 
12167;SACOLAO XEPA 
14708;SUP. VILA RICA
12202;ARMAZEM CARVALHO
19262;BIG BOX ELDORADO
39646;SUP. ECONOMIA
12327;SUP. SILVA
14660;SUP. SAO CAETANO
19263;SUP. MINEIRAO
19264;SUP. BONI
11878;SUP. TAVARES
14707;MINIMERCADO E ACOUGUE SOL NASCENTE
14659;SUP. MIQUEIAS
12565;TRANSP. AMORIM 
20931;COMERCIAL CONFIANCA
3340;ARMAZEM J. F. OLIVEIRA
40681;ATACADINHO ATACAREJO
19268;REST. ECOLOGICO NOSSA SENHORA APARECIDA
19270;CASA DE CARNE BRASIL
19271;HORA EXTRA
21833;COMERCIAL VIEIRA
21849;PIT STOP BEBIDAS GELADAS
40994;SUP. ENNES 
21081;MERCADO 3 IRMAOS
5496;ARMAZEM  ECONOMIA
706;SUP. SERVE BEM
14678;SUP.  VERONICA
40420;LEAO BAIRRO
20911;COMERCIAL SEMPRE VALE
20912;SUPER MERCADO MIRANDA 
12291;SALIONI SUP. VETERINARIO
12564;MERCADINHO MOREIRA
3659;LANCHONETE DO JEOVA
22483;SUP. CENTRAL
22484;SUP. SACOLAO ANDRADE
22512;AVENIDAS SUPERMERCADO
22529;BAUDUCCO
20983;ESCOLA INFANTIL CANTINHO DO CEU
23005;AMIGO TRANSPORTES
23165;PUMAS LANCHES 
23166;MASTER FRIOS 
23167;MULTIDRINK
23179;SUP. MAK 
12578;COML. OLIVEIRA
14664;DROGARIA SAO FRANCISCO
42507;SUP. ROCHA PEREIRA 
12310;BAR  E  MERCEARIA  VARETA
14665;SUP. ARCO IRIS
18287;DROGAMAZON
12312;SUP. GARAVELO
14637;SUP.  ALMEIDA
40460;MERCADINHO BOM PRECO
12580;BAR E MERCEARIA OLIVEIRA
12296;SUP. DO LAR
12298;SUP. JUNIOR
790;SUP. CIRILO
14674;SUP. BOM PRECO
18002;DROGARIA ABC
14641;SUP. MUTIRAO
14642;SUP. SAO JOAO
12257;COML. SANTA CRUZ
14698;SUP. GOIAS
14679;SUP. GLORIA
20590;PARADA CARRO DE BOI - LANCHONETE
13034;CASA MELO
4261;SUP. NOSSA SENHORA APARECIDA
3888;AUTO POSTO CANTO VERDE
42709;PRODUTOS DE LIMPEZA SOBEL 
47293;MUNIZ GOURMET
22552;SUP. JULIMAR
11514;CASA DE CARNE GLOBO
12302;SUP. IDEAL
14639;MERC. UNIAO
42700;SUPER JOIA 
42731;SUP. OURO VERDE
20591;DELICIAS DA FAZENDA - LANCHONETE
20592;LANCHONETE OASIS
20593;COMERCIAL JARDIM RIO CLARO
22637;COML. COIMBRA
20594;PARADA BRASILIA CALDAS
14640;SUP. SAO CARLOS
12087;MINI BOX BARCELOS
12091;G. C. R.  COMPRAS PARA IGREJA 
14624;COML. DINIZ
12630;SUP. AD
14603;MERC. MARAJARA
11535;SUP. CAMPELO
27413;SUP. POPULAR
29318;COML. E AÇOUGUE JL
42716;PEQUI GOURMET 
42717;SUP. FAMILIA 
23039;EMPORIO DOS FRIOS 
23111;SUP. GOIANO 
23120;DROGARIA COBRE TUDO 
23250;SUP. BEIRA RIO
17429;MINI BOX REAL
12357;COML. SANTA LUZIA
14653;MERCABORGES
13028;SUP. REIS - FILIAL
13029;SUP. REIS (1-R. BENJAMIN/CENTRO)
11617;EMPORIO DOM  LUCAS
38800;CASA DE CARNE E MERCEARIA RAISSA 
25138;FRUTARIA E CIA 
15765;HOTEL E RESTAURANTE MARTINS
7811;SUP. LIDERANCA
11041;REDE JAIME
12280;COML. ALVORADA
12451;COMERCIAL CENTRAL
17280;SUP. SOARES
24475;FARMACIA DO TRABALHADOR DO BRASIL 
14632;MERC. E CASA DE CARNE JR 
42735;SMOKING BEER TABACARIA 
14633;CASA VITAL
12532;SUP. TEIXEIRA
11948;PEG PAG BOMBADO
23236;SUP. ARAGUAIA II
25501;SUP. SAO LUIZ
40736;MINI BOX GARCIA 
25502;SUPER POSITIVO SUP.
25503;SUPER MASTTER O GIGANTE BARATEIRO 
12454;SUP. BRASIL
12497;PANIF. ROMA
28863;SUP. BARCELONA
23332;BAR E MERCEARIA 
11848;SUP. SERVE BEM
20863;LANCHONETE MONJOLO
23237;MERC. MONTEIRO
23243;BL HOSPITALAR
21103;ATACADO COMPRE FORTE
12402;ARMAZEM GONCALVES
20957;MERC. MENOR PRECO 
21055;MERCADO BOM DIA
12646;PANIF. PAO OURO
20864;FORA DE HORA
42775;MARA REGIA DOS SANTOS RIBEIRO
12137;SUP. BOM VIZINHO
14711;SUP. MARIO
11892;SUP. MINI CUSTO
11995;SUP. ESTRELAO 
12143;SERVE-JA FESTAS
40942;MORIA SUPERMERCADO
24130;COML. RODRIGO 
24176;COML. BRASIL
24181;FARM. DOS TRABALHADORES DE GOIAS 
24182;COML. MARCOS
12927;SUP. SAO JOSE
42649;SUP. AMORIM 
13340;MERC. DO MILTON
21114;SUP. REIS (6-MORRINHOS)
20940;RODOLANCHE
20941;SAFRA SUPERMERCADO
21057;TORTA PLUS - LANCHONETE
41621;REZENDE SUPERMERCADOS 
49006;MM PAPELARIA
23134;SUP. COMPRAO 
23135;RM BALAS E CHOCOLATE
23136;EMPORIO DOS PAES 
18415;SUP. RECANTAO
41585;PEG PAG DOIS IRMAOS 
13343;SUP. E LANCHONETE BRASIL 
13344;GOIANESIA PRODUTOS ALIMENTICIOS LTDA
13346;VERDURAO CENTER
23180;COMERCIAL TOTAL 
23181;SUPER BOX ALIANCA 
13117;PANIF. MODELO
13118;SUP. VALENTIN
13126;MERCADINHO ECONOMICO
21007;ATLAS TRANSPORTE E LOGISTICA
13347;VAREJAO DE CARNE E PANELAO
14646;SUP. COBALCHINI
31073;SUP. GOIAS 
12547;SUP. PAULISTAO
20318;CASA DO CHOCOLATE - LOJA DE DOCES
20990;THATY CONVENIENCIAS 
13091;BARATERO SUPERMERCADO
12999;CASA DE CARNE COSTA
4539;COML. REAL
11190;SUP. GOIAS
11644;SUP. AMAPA
12683;SUP. BARATAO
42767;LIDER SUPERMERCADO
42797;SOARES E SILVA
13045;SUP. RECIFE
13047;SUP. COELHO
13103;SUP. PARA TODOS
13104;ARMAZEM RIBEIRO
18798;SUP. E CASA DE CARNE BRASIL CENTRAL
18413;SUP. GOIAS
13505;MERC. SAO PEDRO
13511;SUP. AGROVALE
34454;SUP. PEIXOTO 
12664;MERCEARIA VIDA NOVA
12665;SUP. KARAJAS
12111;SUP. E CASA DE CARNE BRASIL
12415;SUP. PRECO BAIXO
12584;ARMAZEM POPULAR
20646;FARMACIA NATURO DIET
23185;PEG PAG E CASA DE CARNE MANIA 
23208;SUP. PINHEIRO 
12926;PEG PAG SERVE BEM 
12929;AUTO POSTO T-63
18255;SUP. ATENDE BEM
12883;PANIF. PAO KENTIM
18284;SUP. CORDEIR'US
13140;SUP. SKINAO (NV. HORIZONTE)
13141;COML. NSA. MAE
12441;ARMAZEM SAO SEBASTIAO 
12471;CASA DE CARNES DOMINGOS
42601;AGRO-KITANDA
42609;GSA GAMA SUCOS E ALIMENTOS LTDA.
47164;MAIS ECONOMICO DISTRIBUIDORA DE GAS
24552;SUP. SERVE MAIS 
14611;SUP. DOIS IRMAOS
12891;SUP. FARTURAO  II
42643;SUP. CRUZEIRO DO SUL
14657;PANIF. E MERCADO OLHOS D'AGUA
12610;MERCADINHO TRINDADE
2791;SHOPPING NG
12320;COML. TRES IRMAOS
20727;PANIFICADORA LIMA
20728;CASA DE PAES ALIANCA
20729;SUP. ROCHA
20730;SARAH SUPERMERCADOS
14630;FARMACIA  VITAL DE GENERICOS & CIA
14631;SUP. VICTORIA
23206;AKI SABOR SALGADOS 
23207;SUP. CASSIANO
12545;COML. MAX.
12619;SUP. SANTOS  DUMONT
42613;SEJA NATURAL
13000;MERC. ROSA
20731;COML. OLIVEIRA 
13335;SUP.REAL
13067;MERCADO LIDER
13068;SUP. SEIARA  ECONOMICO
38878;MERCADAO DA ECONOMIA 
12657;COML. BOA ESPERANCA
12972;SUP.  STO.  ANTONIO
12793;FLOR E CULTURA CESTAS E FLORES
12803;MERC. VL. BRASILIA
12915;PANIF. E LANCH. PATRICIA
41387;PANIF. PAO DO CEU
12916;CASA MELO
12912;SUP. D'MELLO
14604;DROGARIA NOSSA SENHORA APARECIDA
14605;SUP. PIRACICABA
13197;TOKA COML. DE UTENSILIOS
41134;SUP. ALTO - GIRO BARATINHO 
13374;SUP. OLIVEIRA
22478;DROGARIA ARCO IRIS
22479;AGRO SAFRA SUP.
14695;MERC. RIBEIRO
41093;MERCADO EFRAIM EIRELI 
10997;MERC. MANACA
12917;SUP. OURO BRANCO II 
12918;PIRENEUS RESTAURANTE PIZZARIA
12617;O ATACADAO
12663;PADARIA LIVRAMENTO
42688;FARTURAO SUPERMERCADO 
22480;SUP. EXTRA
22481;SUP. BOM PRECO
22482;MERC. SIMPLES
14608;SUP. LAMBARI
12962;SUP. ARAUJO 
42612;CONVENIENCIA BOB ESPONJA 
14609;SUP. NOVO BRASIL
18193;SUPER SILVIO SUP.
12853;SUP. GLOBO
13110;SUP. BANDEIRA
47224;AMERICA BEER
21104;MEGA SUPERMERCADOS
12981;SUP. SILVA
12819;SUP. PRECO BOM
23125;MERC. MARTIN
41378;CASA DE CARNE ELIAS
23126;SUP. MILHOMEM 
23187;SUP. CANAA 
23212;DODO SUPERMERCADO
23213;PRIME ATACADO
12034;FRIOS DOURADO 
12085;LANCHONETE MARQUES
42796;CASA DE CARNE RODOVIARIA
12096;BAR E MERCEARIA OLIVEIRA 
12125;LANCHONETE E RESTAURANTE ACGMR 
22531;SUP. GAMA
22565;MERCADO MASTER
22603;ATACADAO COMPRE JA
26855;MERCADO SOUSA 
13523;PEG PAG MERGULHAO
13493;SUP. JP
13495;PEG PAG VISTA ALEGRE
21070;RESTAURANTE BARRIGA VERDE
10793;MERC. DO NONO III
13423;MERC. E ACOUGUE PAULA 
42912;SUPER ESMERALDA
20897;LANCHE BRASILIA II 
22604;DISTR. DE BEBIDAS FORTEVILLE
20817;SUP. CONTORNO
20818;LUISMAR MARRA DA SILVA 
18004;MERCADINHO CARNEIRO
12910;FRUTAS E COMPANHIA
42069;SUP. FARIA 
12942;SUP. SUPER DEZ
13006;PEG PAG   J  PAULINO
13419;MERC. LIMA
13534;SUP. GRANJA II
13538;SUP. ARAGUAIA
42623;MEU ATACADO 
13360;COMERCIAL PROGRESSO 
13361;SUP. MARANATA
17118;DROGA NOSSA
12971;SUPER PRATICO
12274;SUP. ALIANCA
14499;MERC. SOUSA
13624;MERC. SERVE BEM
13058;DIST. UNIVERSO
23153;MERCADINHO SHANAN
41996;SACOLAO DO POVO
23154;ENXOVAIS EL-SHADAY 
23155;COMERCIAL MASTER 
23156;COMERCIAL LINDER 
23157;COMERCIAL RENASCER
12970;SUP. MINI BOX
39176;MERCADAO DA ECONOMIA
13009;REDE BANK
12868;SUP.  NATHALIA
13152;SUP. BARROS
14523;COMERCIAL PANTANAL
42662;SUP. DONA IRIS
24854;SUP. CARINHOSO 
13368;PANIF. ITAICI
13376;COML. BRANDAO
42317;SUP. PEROBEIRA
43123;SUP. BOM PRECO
46686;FLAMBOYANT FLORICULTURA
13378;COML. ROCHA
13383;CEZAR SUPERMERCADO
12586;MINIBOX ANDREY
12870;SUP. ESTRELA
12713;COML. GALVAO
6110;MERCADINHO DO BAIANO
12592;SUP. BOM PRECO
12594;TUTTI FRUTTI PAES
12218;SUP.  SOUZA
39894;WS DISTRIBUIDORA
11237;CASA  MALTA
12297;PAN
12318;DOCURA BOMBONS
14521;COM. ROCHA OLIVEIRA
12590;SUP. NOSSA SENHORA APARECDIDA 
42924;SUP. PLANETA
13195;POSTO TUCUNARE
12334;SUP.  NSSA. SRA. DE  LOURDES
14522;SUP. CRISTO REI
12845;SUP. CACULINHA
20726;PANIFICADORA DANIELA
17329;DROG. DISK FARMA
42838;SUP. AMERICA
11364;SUP. PRECO BOM
3384;MERC. SAO JORGE
13167;COML. POTY 
10803;AMARELAO
42976;COML. RODRIGUES
45857;POTIM MERCEARIA
45860;FVE MERCEARIA
14494;PETRO POSTO
13562;SUP. BELA VISTA
24849;LANCHONETE SOL.COM
12998;PANIFICADORA KITANDELA
13041;SUP. LESSA
40087;COML. BEIRA RIO
22984;DROGA PHARMA 
22985;SUP. BASILIO
22986;FARMACIA SANTA CLARA 
22987;WG DISTRIBUICAO 
13560;PAES E DOCES TENTACOES
42791;BENDITO EMPORIO
13576;COML. ALIANCA
13461;SUP. MARCOS
13463;SUP. MARCOS
13464;COML. SAO JOAO
42902;MERCADO SOARES
22988;MANA ALIMENTOS 
23990;TRANS BONATO TRANSPORTE
13281;SACOLAO TREVO
14526;MARINELA CONFEITARIA
13597;MINIMERCADO SILVA 
5518;HIPER NORTE SUP.
14500;COML. ESTRELA
11679;MINI BOX PINHEIRO
13285;SUP. MINI BOX
20812;ABRIGO BEZERRA MENESES
40160;SUPER ORLA
20814;HOTEL E RESTAURANTE FORTALEZA
342;TAIWAN MAGAZINE     
13060;MERCAFRUTAS 
13288;SUP. MERCEARIA GLOBO
42627;GDB COMERCIAL 
47001;DIST. DE BEBIDAS E CONVENIENCIA 
14618;COML. SAO SEBASTIAO
13484;MERCADINHO DO ELIAS
13485;COML.  ARAUJO
20815;MERC. CARVALHO
41825;GAS VILA RICA
41928;PETROPOLIS INDUSTRIAL 
20816;SUP. ATENDE MAIS (INDUSTRIAL)
13587;DELICATASSEN TOSCANA
26986;CHEFIA BEER
41980;EMPORIO 020
14487;SACOLAO DEL REY
13474;SUP. SERVE LAR
12017;SUP. COUTO
13487;SUP. CONQUISTA
13622;COML.  DAYSE
13390;MATSUDA SEMENTES E NUTRICAO ANIMAL
39226;COML. PARAISO
13292;COML. DOM VELOSO
13299;SUP. S S SUL
13489;COML. OESTE
13517;SUP. D' PRADO
23000;COML. MINEIRO 
42910;SUP. ECONOMIA
42940;SUP. OLIVEIRA
23001;MINIMERCADO CARVALHO 
23002;SUP. TAQUARALTO
23017;MAGOS TRES COMIDA NATURAL 
13684;M.M BOLINA
13686;MERC. GOMES
45847;MERCADINHO ECONOMICO
14496;SUP. CODAL II
23014;SUP. O AMIGAO 
20916;SOLAR - SUPERMERCADO
13711;PANF. E CONFEITARIA SAO JOSE
13713;SUP. 307  NORTE
11340;SUP. PROMOCIONAL 
42046;COML. COSTA 
42692;SUPER ECONOMICO 
12053;SUP. BONOPOLIS 
20760;VAREJAO DE CARNES PAULISTA
20761;COML ARAGUAIA 
20762;SUP. E CASA DE CARNE IDEAL 
20763;SUP. LOBO
12905;PRACA DE ALIMENTACAO
13714;SUP. EXPEDITO
2183;COML. CARVALHO
20901;PEG PAG SOARES
13670;SUP. REIS (4-ST. CENTRAL - RIO VERDE)
22392;MINI BOX ECONOMIA
22393;SUP. MASQUE
13739;PANIF. KI DELICIA
18128;A DROGA CENTER
2230;SUP. SAO SEBASTIAO
17210;DROGAMARY'S
12265;SUP. SUPER SERVE 
22394;SUPER NOBREZA
22395;COMERCIAL XAVIER
23193;PINHEIRO MERCEARIA 
23252;SUP. SERVE LAR
23507;DEPOSITO DO PARAIBA 
740;SUP. E PANIF. CRISTAL 
17211;FARMACIA SAO LUCAS
40010;SUP. ROYAL 
821;PEG PAG  VIEIRA
13687;BAR E MERCEARIA CAMPOS
2447;SUP. BOM SUCESSO
3668;SUP. FREIRE
15346;BAR E LANCHONETE MINEIRO
42782;SUPER MAIS
13011;AGROVALE
49160;QUALY FRIOS
12746;AM SUPERMERCADO
13345;CRISTAL CONVENIENCIA
13546;NOVO ARMAZEM MENDONCA 
30911;IMPACTOS DIST. DE BEBIDAS
46153;MINI MERCEARIA LIMA
13548;SUP. ECONOMIA (SANTUARIO)
15382;CASA DE CARNE NORDESTE
3026;COML. SOLI
23019;MERC. ALVES
23020;HIPER TABOCAO SUPERMERCADO
42699;MERC. CENTRAL 
47216;M E MERCEARIA
23021;COMPRE CERTO
23022;COMERCIAL SANTA MARTA 
13549;HIPERMERCADO SANTOS
13209;PANIF. DOM QUIXOTE
13626;SUPER KITANDA 
40217;BAR MERC. PONTO FINAL
2737;SUP. AMARAL
13194;SUP. PECUARISTA
14505;ARMAZEM MARILIA
12763;COM. NSSA. FAZENDINHA
42628;COML. PONTO FRIO
298;MERCADO E CASA DE CARNES LAGOA
13183;COML. PIRES
13184;MORETA SUPERMERCADO
13186;FARM. CRISTO REDENTOR
31293;COML. ALIANCA
20819;SUP. + ECONOMIA
13450;SUP. NOSSA SENHORA APARECIDA
21105;SUP. DO BRINCO
13568;SACOLAO STA. LUZIA
13572;COMPRE BEM SUPERMERCADO
21003;PANIFICADORA PAO DA TERRA 
21040;SUP. BURITI
20820;SUP. PAULOLANDIA 
29202;PEG E PAG HOLLIDAY
42651;NOVA PANIFICADORA
47156;NOVO SUPERMERCADO GOIANDIRA
13315;ARTE PAO
14587;SUP. SERVE BEM
22553;SALINAS SUPERMERCADO
22600;COMERCIAL THAIZ
42633;MERC. ALTERNATIVA 
2792;SUP. BOCA QUENTE
23266;CASA SOUSA
3439;SUP. COMPRE BEM
31177;FIRME & FORTE FITNESS FOOD 
42442;EMPORIO MARAJA
13573;CELEIRO SUPERMERCADO
13574;SUP. CACU
13358;SUP.SAO FRANCISCO
13480;SUP. CACHOEIRA
27838;MERCEARIA VILELA
41271;MERCADINHO SANTA FE 
13721;UNISUPER
13435;MENDES SUPERMERCADO
13439;COMERCIAL BARATAO
13565;SUP. CACULINHA
15456;SUP. CONDAL
39876;COML. DE CARNES
2370;NOVO SUP.
13733;POSTO WALTER SANTOS
674;SUP. CINCO ESTRELA
13567;MINI BOX ECONOMIA
42953;SUA CASA SUPERMERCADO
13819;PANIF.SABOR DO TRIGO
13320;SUP.TOSTA(VL.SANTA MARIA)
13608;COML. UNIAO
13758;MERC. NOSSA SENHORA
13847;MERCADINHO ALVES
42585;SUP. BOM DEMAIS 
47108;COML. LOPES
13680;SUP. MATOS
14484;COML. DA MATA 
13833;VERDURAO VERDAO
15794;BAR E LANCHONETE DO TONIO
13829;SUP. ALO BRASILIA
13831;COML. VITORIA
42829;MERC. TAVARES
13737;MERC. POPULAR
20913;MARTINS SUPERMERCADO
20915;COMERCIAL GOMES
23010;COMERCIAL ARAGUANAS 
39958;TRANSDOCURA ATACADO E DISTRIBUICAO LTDA
23011;MERC. DO RILTON 
23012;SUP. NORDESTE 
23013;SUP. CACU 
20647;LOJA DOS DOCES E FESTA
20648;COML. TOPAZIO
20678;PANIFICADORA PAO DOURADO
21141;COML. NORTE
13682;COML. ALCANTARA
42836;ATACADAO TEM DE TUDO
13689;COML. ELDORADO
13769;MERC. SOUSA
16901;DROG. VERAO
13770;AUTO POSTO MODELO
22338;SUP. GOIANO
42718;MERC. IMPERIO 
22375;DISTRIBUIDORA ZERO GRAU
13876;COML. HORING
24859;SUP. AMIGAO
22325;SUP. MEGA REIS
22326;AUTO POSTO SOL
40405;MARQUES MAIS
40524;SUPER MONTEIRO
24860;HARADA SUP.
22334;MERC. SENHOR DO BOMFIM
22335;COMERCIAL MARIANOPOLIS
24861;SUP. LEONEL
24862;REST. RIO DOCE 
42598;AGROPECUARIA CRISTO REI 
25589;MERC. TORRES 
22376;COMERCIAL RIO ARAGUAIA
22377;SUP. BATISTA
22409;PANE MIO CASA DE PAES
12328;MINE BOX BOM DIA
42897;CALIFORNIA PAES
21082;DROGARIA UNICOM
21083;PONTO 14 RESTAURANTE
22336;MERC. KAINY E KEY
19727;PEG PAG SOARES
41284;SUP. FERNANDES 
19728;ARMAZEM DO FABIO
19729;MERCADINHO REI DO LAR
13612;SUP. KARTUCHAO
21116;BUNGE ALIMENTOS
25325;LANCHONETE SONHO MEU
25326;MERC. MEDRADO
25334;SUP. PARAISO
21084;PONTO PEREIRA RESTAURANTE
21113;SUP. SERVE BEM
14443;SUP. GUANABARA
42600;SUPER TREMENDAO
14444;SUP. PLANALTO
3591;SUP. E PANIF. CONTRIGO 
23542;COML. ANA E SOPHIA 
13443;SUP. DO GILBERTO 
19730;COML. FONSECA
42942;CERVARIA SUPERMERCADO 
13836;COML. QUASE TUDO
13841;SUP. SOL NASCENTE
22614;MERCADINHO PAGUE MENOS
22628;CASA DE CARNE SANTA MARIA
41329;SUP. VEREDAO 
23543;DISTRIBUIDORA GIRO RAPIDO
23544;SUP. SERVE LAR
3636;SUP. DO LAR
22554;MERC. BANDEIRA
11414;SUP. DA  FAMILIA
41035;EMPORIO MUNDO VERDE 
7401;COMIVA
22629;COML. ALIANCA
22630;DROGARIA POPULAR
20932;SUP. O BARATEIRO
20933;SUP. BARATAO
21018;DROGARIA ACACIA 
13757;COM. E DIST. DE BEBIDAS PARANA
5507;PANIF. ARAGUAIA
2373;NOSSA FAZENDINHA    
14497;SANTA FE SUP.
46020;REDE 3 SUPERMERCADO
23500;MUITO GOSTOSO 
23501;SUPER VITORIA 
23502;POLIFRIOS 
4489;PANIF. SAO CRISTOVAO
13889;ARMAZEM CACHOEIRA 
13890;SUP. BATISTA
41490;SUPER GOL SUPERMERCADO 
23253;BAR & LANCHONETE VILA NOVA 
23254;SUP. DO ANIZINHO
23267;SUP. BIG NIGHT 
23504;LANCHONETE SENNA
23505;MERC. BOM PREO
23506;MERC. MS 
40194;MERC. DO PEZAO
4367;COML. CARUMBE
13676;ARMAZEM MARINS 
3865;COML. MONTE DOURADO
11320;SUP. MAGNO
13644;COML. LIDER
42837;MERC. ALMEIDA
11145;SUPERCOUTO III(AP.GYN - PQ.AMAZONIA)
49809;SUPER GALILEU SUP.
20982;LANCHONETE PIT STOP
369;SUP. MARQUES
11244;PEG PAG UNIAO
46647;MERCEARIA DO DORIVAM - COMERCIO DO POVO
11262;COML. FARIA
11191;SUP. MEDEIROS
11468;SUP. UNIAO
3173;COML. TOCANTINS
11693;COML. DEUS E MAIS
6941;CASA VIOLETA
4858;SUP. SAO JUDAS  TADEU
18706;MERC. E PANIF. RIO DOCE
18453;SUP. VIEIRA
21064;MERC. E ACOUGUE KIBOM
21078;PANIFICADORA DONA DEJA
21079;SUP. VIANA
24438;SUP. ECONOMICO 
13653;MERC. DO NEGO
22587;EMPORIO O CORONEL
28917;COML. MACHADO 
42749;SUP.SALES
22588;VERDURAO ARCO IRIS
22606;NATURAL ORTI FRUTI
17127;MERCADO RODRIGUES
13656;SUP. SILVA
24814;SUP. TRIUNFO 
43011;MINI MERCADO RUA 23
12061;ARMAZEM DO VILMAR
4829;SUP. ALFA
13861;SUP. PONTES
13862;SUP. ECONOMICO
26845;CASA DE CARNES DO CLAUDIAO 
42844;MERC. BRASIL
17814;SUP. ECONOMICO
24204;JN PNEUS E RODAS 
14463;MERC. ARAUJO
4686;COML. JL
13806;SUP. RAIO DE SOL
13810;ARMAZENS CARVALHO 
22419;FARMACEU
22439;MERCEARIA SAO JOAO 
42803;COML. SOUSA
42886;SUP. AGAP
47136;AGRO FRANGOS
24318;MERC. J V 
2038;SUP.  REAL
13921;SUP. SANTA RITA
13762;DRAGARIA SAUDE
43038;FELTRIN SEMENTES LTDA.
47392;SUP. PAGUE MENOS
47405;ADEGA DA LOIRA
13868;ANDRADE SUP.
22440;MERC. SOUZA
22516;MERC. 2 DE OUTUBRO
13811;SUP. MENDES
42005;PONDA
13812;SUP. ECONOMIA
3045;ARMAZEM  PAULISTA
5127;MERC. NSSA. SR. APARECIDA
4621;COML. RODRIGUES
38888;IMPERIO BURGUER
1623;COML. RIO VERDAO
14397;SUP. BOM PRECO
12847;PANIF. SAN GENERO
12904;ARTESANATO DO PAO
25395;SUP. ALVORADA
26856;RINALDO OLIVEIRA ARAUJO 
25407;LA FOOD INDUSTRY LTDA 
25422;HD PAPELARIA
13294;SUPERCOUTO
11430;SUPER NOSSA SENHORA DA GUIA
11457;COMERCIAL LOPES
42604;MINI MERCADO COMPRE AKI 
3273;ARMAZEM CARNEIRO
11500;ARMAZEM DO BRAS
13327;O PREDILETO
22339;MERC. GREEN VALE LTDA
22340;MERCADO FERREIRA
45708;SUP. PRECO BOM
22341;SUP. MULTICOMPRAS
22342;DISTRIBUIDORA DE BEBIDAS SAMPAIO
22343;SUP. MENOR PRECO
4942;SUP. ESTRELA
11431;SUP.  2 IRMAOS
42622;ATACADAO DOS PRECOS BAIXOS
4813;COML. LEAO
19659;SUP. E PANIF. SANTA HELENA
13522;MERC. MILHOMEM
17096;DROG. STA. INES
5097;SUP. MARINHO(ST.DOS FUNCIONARIOS)
47015;EDEN SUPERMERCADO
13913;MERC.  COSTA
13915;PEG PAG R. D.
101;COML. ALVORADA
12253;ARMAZEM SANTA LUZIA
25568;ALMADEM EMPORIO E MERC. 
40387;SUP. ECONOMIA (SAO BERNARDO)
25572;REST. E LANCH. VITORIA DAS THERMAS
25590;DIST. CORDEIRO 
9890;SUP. DA CIDA     
4148;SUP. CACULINHA
42983;DIST. DE BEBIDAS E MERCEARIA OL
43065;FORNATTA PANIFICADORA
12435;SUP. ENCONTRO DOS AMIGOS II
13945;PANIF. VITORIA
14010;COML. OLIVEIRA
13999;PANIF. MAUA
29179;SUP. FREITAS 
39349;ACOUGUE MODELO 
4908;COML. BELA VISTA
1099;SUP. PACHECO
14426;SUP. SUPERLIMA LTDA
14427;COML. DE SECOS MOLHADOS BEIRA RIO
14428;COML. MARINHO
42798;ATELIE DOS FIOS
14016;SUP. BOM PRECO
22410;DROGARIA FLORENCA 
22425;ENN'S SUPERMERCADO
32433;CINE BAR E LANCHONETE 
22555;D'LIRIOS
42846;SUP. BOM PRECO
3071;SUP.TROPICAL
14480;SUP.  SALES
14019;PANIF. SAO FRANCISCO
2659;SUP. SERVE LAR
46787;ESPETO PAULISTA
46799;RACOES MIRANDA
13948;SACOLAO DO EDSON
13949;CASA DO SITIO
10610;SUP. LEVE(ST.LESTE UNIVERSITARIO)
13892;PEG PAG VIVA
13894;SUP. 2 IRMAOS
47270;NEURIVALDO REPRESENTACOES
14433;SUP. PAULICEIA 
14477;COML. BAMBINO
13794;MERCADINHO PEDROSA
14475;PANIF. MERC. PONTO CERTO
687;SUP. CENTRAL
1032;SUP. MONTE SIAO
14421;PIQUIRAS
22949;NEUGEBAUER
22965;MERC. SANTOS 
22967;COMERCIAL SILVA 
42687;FAMILIA TEIXEIRA 
22969;CASA DE CARNE CANARINHO 
4373;PANIF. SUPER PAO
2008;SUP. DALLAS
14470;MERC. SAO SEBASTIO
40422;LEAO BAIRRO 
13795;SUP.BOA SORTE
14423;SUP. EMA
9300;SUP. IMPERIAL
39753;SUP. MUNDIAL 
22970;SUP. FERREIRA 
14417;CABRAL SUP.
14456;PANIF. ATUAL
14022;SUPER PAO
14023;SUP. KAIROS
13900;SUP. RAFAEL
10815;SUP. CENTRAL
10832;SUP. DELSA
20974;PERFETTI
207;SUP. CIQUEIRA
14407;SUP. SERRA AZUL
14408;SUP. BIG LAR
13864;SUP. DO ORESTINHO
21090;KI SABOR - PANIFICADORA
42743;DELI CONVENIENCIA 
13308;SUP. MARANHENSE
13348;MERC. MOREIRA
13462;SUP. MARCOS
40223;SUPER 10 SUPERMERCADO 
10929;SUP. NOVO HORIZONTE
17128;CASA JUAZEIRO
5070;MERC. PIRY
14434;MERC. GOMES
10971;SUP. BETEL
47032;CASA MARIA QUIOSQUE CAFE E CHOPP
6059;MERCADINHO CHAVES
23235;LANCHONETE DOCE PIMENTA
23276;RESTAURANTE E LANCHONETE ANHANGUERA
23277;MINI BOX BOA VISTA
23278;SUP. FERREIRA
13783;SUP. PONTO VINTE
42959;PANIFICADORA TRIGO PANE
10996;SUP. VARGAS
2399;COML. CRISTO REI
2505;PEG PAG  J.L.
45862;BAR E MERCEARIA FREITAS
12636;COLEGIO  PREVEST
14395;SUP. BERLIM
21147;DROGARIA PRIMU'S
10852;PEG PAG MENOS
40928;MINI BOX ELSHADAY 
189;SUP. SANTOS
5064;SUP. ESTRELA
2123;SUP. MENDONCA
4810;MERC. UNIAO
40751;HEINZ BRASIL S.A. 
22371;COMERCIAL BOM PRECO
22517;FICUS ESPACO DAS DELICIAS 
22518;SUP. BROTAS
22556;SUP. NOVA GERACAO
22557;GF PANIFICADORA
43034;DISK BEBIDAS E FRIOS LAGOA AZUL
22586;MEGA MIX
12756;MERCADINHO CARVALHO
22475;CHAO GOIANO
22476;JUST! EMPORIO E CONVENIENCIA 
22486;PEG PAG IDEAL
42765;SONHUS PANIFICADORA 
43051;CARMINHA
12996;SUP. O FATURAO
3464;COML. CHAVES
25248;BOATE ELIENAYITE
25249;QUITANDA E CONF. SAO JUDAS TADEU 
19229;SUPER MERCADO DO ZE MARIA
40973;ARMAZEM EMPORIO & DIST. DE FRIOS
42611;BARIFIT BISTRO ALIMENTACAO SAUDAVEL 
19233;SUP. RIO VERDE
19237;MERCADO SALVATI
18633;SUP. MARCUS
21850;BLITZ HOUSE - LAN HOUSE
14087;PEG PAG ROBERTONI
41812;COML. HIGOR
3102;SUP. MEDEIROS
5386;SUP. MINHOQUINHA 
23563;COMERCIAL COIMBRA 
15599;DROGARIA LUCIANA
42638;COML.  SOARES
2830;SUP. SOUZA
15766;DROGARIA SOLUCAO
11018;SUP. COLOSSO
732;COML. COELHO
19731;SUP. SOL E LUA
11904;EMPORIO BRASIL SUPERMERCADO
12345;COML.  CHAPADAO
13970;SUPER PEG PAG POUCO
40418;LEAO BAIRRO 
13971;SUP. BOM PREÇO
13972;PEG PAG JR.
13973;SUP. RAFAEL
14053;MERC. SANTOS
19732;MERC. CABRAL
15767;DROGARIA LIFE
42140;SUP. CARAJAS 
14125;DE TUDO COMERCIO E REPRESENTACOES
19734;MINE BOX ALMEIDA
19735;MERC. SANTA RITA DE CASSIA
13974;SUP. FAVORITO
491;EMPORIO XARA
43043;PEG PAG MOREIRA
14191;PORTAL DA SERRA
11936;MERC. SAO JORGE 
11907;COML. SILVA
12839;PAEZE SUPERMERCADO
14121;SUP. ALIANCA
12446;MERC. BRASILIA BAR
12068;ARMAZEM SOUZA 
12548;SUP. DA ECONOMIA 
17896;SUP. QUIRINOS
40731;SUPER ALENCAR 
13830;SUP. 3 IRMAOS
2261;SUP. FAICALVILLE
13904;SUP. J. M.
3272;ARMAZEM TEIXEIRA
42772;SUPER ARAGUAIA
16625;VIJUPIMP - COM. PROD. LIMPEZA
772;PANIF. BRASPAO
14405;SUP. SAFRA
14406;SUP. F. K.
11736;IGM MIX
27420;DF.GOIAS
2807;SUP.E PANIFICADORA JAU
21106;DROGARIA PASTEUR
11020;SUPER ECONOMICO 
13982;MERC. BOM JESUS
43157;SUPER TRIUNFO
11824;SUP. MACARRAO
14168;GABRIEL SUPERMERCADO E DISTR.
11747;MERC. J B 
14134;COML. VITORIA
42762;PANIF. FLOR DE GOIAS 
24986;SUPER NUNES 
24987;SUP. TROPICALE
24988;GENOVA PAES
12835;SUP. SATURNUS
42773;TERRITORIO DO CERVEJEIRO
42975;PREMIUM SUPERMERCADO
13911;PEG PAG GOIANO
11087;SUP. IDEAL
21065;MARCELI ROTISSERIA
14135;SUP. MAGALHAES
43572;ROSA RESTAURANTE
47028;ADEGA +
47031;DIST.RESENHA
13930;SUP. PRECO BOM
13931;SUP. LIDER
14388;EMPORIO CASARAO
17297;SUP. GIRASSOL
42960;MERCEARIA DO BOCA
18073;MARC. CAMPOS TAVARES
22445;SUP. QUENEDE
22446;MERCADINHO POPULAR
22447;SUP. ECONOMIA
14073;IMPERIO DOS SABORES
42691;COMPLETINHA
21066;SUP. WB
5759;EMA ALIMENTOS
18665;PANIF. COLMEIA
13935;SUP.  JOIA
45322;MERCEARIA DO CABURE
23324;COMERCIAL SAO SEBASTIAO 
18853;SUP. BRAGA
755;SUP. NOVA OURORA
13956;SUP. GABRIELZINHO
22071;SUP. JUNIOR
23477;SUP. SAO JOSE 
23478;MERC. AZEVEDO 
23485;SUP. REGIONAL 
40186;SUP. CRISTAL
14046;BELA VISTA
23558;SUP. SAO JOSE
23559;SUPER CONFIANCA 
23560;MERC. ALMEIDA
30908;SUPER GIGANTAO
42795;TOP 10 SUPERMERCADO
42906;REST. COMIDA CASEIRA
5336;SUP. GABRIELA
13953;SUP. VERDAO
14063;MERC. CASTRO
13957;HIPER MERCADO PRIMAVERA
2268;SUP. XERICO
1637;CASA TAVARES        
21086;SUP. TREVO
14050;SUPERFRIOS
14052;SUP. ALVORADA
14069;SUP. RODRIGUES
18701;SUP. SO FRIOS 3
14083;PANIF. DUARTE 
19918;SUP. ARAGUAIA
19923;PEG PAF W. B.
19227;SUP.UNIAO
13968;MERCADO ARAGUAIA
21037;SUP. NOVA REPUBLICA
2850;SUP. MONZA
13927;CASA CARNE BOM BIFE
40150;PEG PAG CATARINENSE
48783;MERCADO PIRES
22473;ALCANTARA SUP.
22474;CHAO CERRADO
22638;COML. VITORIA
14294;MERC. JOTAS
14203;COML. LIMA
46635;COML. BIANCA 3
11800;COML.  ARAGUAIA
17640;PHARMAMIDA
23225;DROGARIA LINS
23234;UNIAO PANIFICADORA E CIA
18270;DROGARIA CENTRAL
14284;PANIF. E LANCHONETE PAO QUENTE
14285;PANIF. DO SAUL
4591;SUP. TUDO BOM
10783;SUP. CRISTO REI 2
14297;PANIF. ROYAL
14239;SUP. PRO BRAZILIAN (JD. AMERICA)
27799;MERCADINHO CARDOSO 
47166;SUP. CATARINENSE (NOVO PLANALTO)
14240;TEND TUDO (AMENDOEIRAS)
753;SUP. VAREJAO
42603;COML. ASSIS 
46581;SUP. VALADARES
46583;SUP. TRADICIONAL
47068;RESTAURANTE E PIZZARIA LIDER
13046;SERVE BEM SUP.
21107;CERVEJARIA FLAMENGO
21108;SUP. REAL
21109;MERCADINHO SAO SEBASTIAO
18767;SUP. NUTRILAR
41238;MERC. REIS
14241;FLORICULTURA MATA VERDE
17450;DROGAMERICA
14077;SUP. LAGOS
14242;SUP. BRASIL
20753;LANCHONETE NOVO SABOR
127;SUP. RIO VERMERLHO
14181;SUP. BIRAO
14386;ARMAZEM SANTO AMARO 
14539;L. C. SUPERMERCADO
40162;COMERCIAL SANTO ESPEDIDO
3435;SUP. PINTA SILGO
20754;LANCHONETE DO RUBINHO
20755;LANCHONETE ESTACAO DO SABOR 
20756;MINIMERCADO SILVA
43052;JL COMERCIO
43066;PEG PAG MINEIRO
22048;SACOLAO JB
22049;PANIF. E CONFEITARIA NOSSO PAO
22050;COMERCIAL EMBAPEL
3814;SUP. RODRIGUES
16866;RESTAURANTE E PIZZARIA LIDER
38827;COML. LATADA
19226;SUP. UNIAO
12980;POSTO LM
4162;COML. AMAZONIA
13527;MERC. GUIAQUIL
19745;MERC. SARDEIRO
14058;SUP. ARCO IRIS
11718;CIAL  DE  VERDURAS  DAMASO
23015;DISTR. DE BEBIDAS RAULIM 
23016;MERC. LOPES
23023;SUP. CACULINHA
40188;RESTAURANTE MADEIRAS E PANIFICACAO 
12322;PEG PAG TEM DE TUDO
14233;SUP. KAIRO
22389;SUP. CENTRAL
22390;AUTO POSTO SILVANIO
42156;MERCEARIA RODRIGUES
22458;CASA DE CARNE BIG BIFE
22459;SUP. ANDORINHA II 
23024;REY LAR SUPERMERCADO 
23069;COML. CRISTAL 
38909;SUPERMERCADO DA FAMÍLIA 
23147;CAMPELO ATACADO 
12245;PEG PAG GLOBO
12252;MERC. RIBEIRO
2485;WILDSON LOPES SAFATLE
48571;CONVENIENCIA ESQUINA 13
3773;BAR E ARMAZEM SUL GOIANO
14188;SUP. MICROK'S
19009;SUP. FLAMBOYANT
27515;KARINA PANIFICADORA
27518;SUP. IDEAL
27521;SORVETERIA E PIZZARIA ESTUPENDO 
40409;MERCADO NOVO SAYAO
10560;SUP. MARCOS
22907;SUP. 20 V
14090;NOVA MARCA DIST.
14091;SUP. SERVE MAIS
14093;SUP.SANTOS
14094;SUP. COMPROVE
38924;SUPER CATEN
6322;SUP. KANTAO
729;MERCADINHO OPCAO 
14184;SUP. PANIF. RENDE MAIS
14185;MINI BOX JULIANA
14186;SUP. REALEZA
38953;BAR DO LUIZ
17854;SUP. MARTINS
14392;SUP.  CAMARGOS II
1534;LANCHONETE PALOMA
20938;PAES E PAES PANIFICADORA
20939;DONA ROSA PADARIA
40446;SUP. VALE DO SOL
14204;COMERCIAL MACHADO
13401;SUP.  SOUZA
24634; 
18316;COML. MOTA
10010;MERCANTIL SAO JOSE  
14237;ARMAZEM NSSA. SRA. APARECIDA
21179;DROGARIA FORMOSA
14120;SUP. CRISTO REI
5278;SUP. MODELO
3536;SUP. LORENA
39050;COML. BOM MOTIVO 
39070;SUP. ZERO HORA 
39143;ROYAL PET SHOP
14207;HIPER VIP
21042;MERC. REAL
21043;DROGAMED
21044;SUPER SACOLAO E AVICULA PAGUE MENOS 
40508;SEMPRE MAIS SUPERMERCADOS
46525;COML. MOURAO
16;ARMAZEM BRASIL
22570;MUNDO DOCE
22571;MERC. JM 
22572;CENTER JUNTAS E RETENTORES
22444;SUP. PEROLA
41661;ATACAREJO 
12495;SUP. EXTRA REZENDE
12993;COML. ANDRADE
11899;SUP. UNIVERSO
5196;BAZAR E MERCEARIA VERUSCA
14029;MEGA SUPERMERCADO (BALNEARIO)
22879;SUP. DO TEDD
12650;SUP. SAO JOSE
2845;D N TEIXEIRA 
39177;MERCADAO DA ECONOMIA
14252;LOJA DE CONVENIENCIA TOCANTINS 
13133;SUP. BARATAO
15402;BUNNY SUPERMERCADO
15410;SR. PADEIRO EMPORIO E PANIFICADORA 
27459;PIZZARIA NATAL
40553;COISAS DA ROCA
14330;MERCANTIL RODRIGUES
15466;DROGARIA BOM JESUS
15447;SUP. BOM PRECO
15449;SUP. SUPER MAIS
22540;SUP. SERVILAR
22541;SUP. BOM TEMPO
22542;COMERCIAL RONDON
22859;EMPORIO LEITES E MARTINS
22860;NOSSA PASTELARIA
14287;SUP. BRASIL
15450;SUP. ALVES
15451;ARROBA SUPERMERCADOS
15484;DROGARIA STA. MARTA
15485;SUP. MAXX
15486;DROGARIA MULTIFARMA
39219;IMPERIO SUP.
14288;MINI BOX DOIS IRMAOS
11818;COML.  LAGOA  AZUL
22578;SUP. PAGUE MENOS
22620;SUP. SUPERMANIA
40857;COML. PONTO CERTO
40908;PANIFICADORA MARKS 
22621;SUP. MONTE VERDE LTDA
15487;COML. TUBARAO
15476;FARMACIA DROGA VALE
15452;DROGA VIDA II
15454;DROGA VIDA III
41940;ARNALDO FERNANDES DA SILVA 
14371;COML. OLIVEIRA
22366;MINIMERCADO SERVE BEM 
22367;CASA SAO PAULO PIZZARIA
22622;MERCABOX FAVORITO
22623;SUP. EBENEZER
14304;SUP. BARBOSA
11708;SUP. EVOLUCAO
14119;SUP. TOCANTINS
14290;MERCADINHO SOUZA
22051;SUP. ELDORADO
43319;TESTE MAXIMA
22052;SUP. POTENCIA
22976;RESTAURANTE PAMONHARIA MILHO VERDE 
17645;SUP. PROGRESSO
11954;PEG PAG PAULISTA 
22355;COVENIENCIA CENTRAL
41070;COML. PIA 
14235;MERC.  NSSA. SRA. APARECIDA
14257;LEAO DIST. DE BEBIDAS E MERC
14350;SUP. 2M
14353;SUP. DIEGAO
2065;SUP. SANTA TEREZINHA
32083;RACOES FALCAO 
42193;ADILSON PROFETA DE OLIVEIRA 
22624;ARMAZEM SL 
22356;MINI MERCADO UNI MAIS
22368;MINI MERCADO RAJOB
22369;DROGARIA ITAPUA
22370;COMERCIAL VERDURAS LOGOS
14377;COML. SIDERAL
22671;SUP. GOIABEIRAS
25206;DOCE CRIANÇA
25215;JL ALIMENTOS
25216;MERC. CORREIA 
39506;MERC. NOVO HORIZONTE
22625;SUPER DIRINHOS SUPERMERCADO
22703;PIMPOLHO FRALDAS
22787;DISTRIBUIDORA DOIS IRMAOS
15481;DROGARIA SAUDE 21
15482;DROGA CENTER
41111;PANIF. DOSURA
15442;DROGARIA SANTA  MARTA
22695;STIVALE DO BRASIL
22760;MERCADO E ACOUGUE SKINA
22870;SUP. LUIZAO
22391;DROGARIA SHALLON
41563;SUP.20 VER
22396;SUP. SAPUCAIA
22877;CASA DE CARNE NELORE DE OURO E SUP
15443;COML. GOIANO
15444;C M COMERCIO
15467;DROGARIA GUIMENES
18263;MERCEARIA PASSE BEM
15540;SUP. TIJOLINHO
15542;MERC. RIBEIRO
15543;COML. MARTINS
23556;EMPORIO AMAZONAS 
39705;PEG PAG CENTRAL 
12126;PANIF. MUNDIAL 
14154;SUP. SERVE MAIS
14333;SUP. KADAYO
14338;MASTER DISTRIBUIDORA
27546;MIX FRIOS
41400;SUP. FREITAS
14339;SUP.ALVORADA
22731;SUP. LARANJAO
21046;SUP. BARBOSA
21047;ISA NOVIDADES
21053;ARMAZEM GOYAZ
41574;ANA CLARA 
22579;MATSUDA GOIAS
22672;BETEL MAIS SUPERMERCADO
22673;SUP. LARANJEIRAS
22836;SUP CONQUISTA
22845;RST O TOSHCA
22846;LUCAS SUPERMERCADO
2879;SUP. NUNES
5699;SUP. CARRIJO
13817;MERC. DO GERALDINHO
39923;SUP. PEROLA
22861;DIST. DE DOCES.BALAS E BISCOITOS
22862;SUP.RIBEIRO
23031;SUP. PRATIKO (LESTE UNIV)
23096;BRASPLASTICOS 
14328;SUP.CANADA
15407;SUPERMAGICO SUPEMERCADO
41907;MERC. FLAMBOYANT 
22558;CASA DE BACO
22573;AMERICA PAES
22574;SUP. RAIO DE SOL
42131;SUP. SEMPRE BOM 
22575;MISTER LANCHES
22576;SUP. FLASH
22577;SUP. BETEL
15408;MERC. DA ECONOMIA
15574;DROGARIA DO POVO
15413;DROGA LUZ
15398;SUP. RHOYAL
15401;INTER DROGAS
15469;DROGARIA UNIVERSO
15523;DROGARIA CERRADO
11803;PEG PAG SERVE BEM 
39956;GIGANTE ATACADISTA (TAQUARALTO)
14247;SUP. QUERO MAIS
22683;SUP. E SACOLAO CANAA
22878;SUP. VITORIA
13083;POSTO LESTE III
42127;AVAMTHE SUP. (JD. CURITIBA)
20970;TOLENTINO SUPERMERCADO
14360;SUP. GALDINO
15384;AMPM - POSTO JARDIM BOTANICO
15977;SUP. RENASCER LTDA
27661;SOL CONVENIENCIA
42133;VEM QUE TEM SUPERMERCADO 
42624;COML. ECONOMICO 
15464;MERCE
22679;PAGUE MENOS
22489;EMPORIO SO EMPADA 
22699;HOTEL FAZENDA THERMAS  BONSUCESSO
22822;SUP. POR DO SOL
24096;FARM. DO TRABALHADOR DO BRASIL
14319;SUP. RIBEIRO
14320;COML. G G
18992;DROGARIA MC
22680;CIA DO ALIMENTO CINTRA
40051;SUP.ABC ITARUMA
40083;MCR SUPERMERCADO 
22681;ITA SUPER
22682;SUP. ALBINO 
22705;MAIS FESTA
24095;FARM. DO TRABALHADOR DO BRASIL 
15431;SUP. E PANIFICADORA ARRUDA
42339;MINI BOX JC 
15432;MERCADINHO DO PARQUE
15434;DROGA -SERV
17269;SUP. ECONOMISA
17795;MERCANTIL GOIAS
41128;PEG PAG 1: OPCAO 
14232;HIPER FEIRAO DA FAMILIA
21069;MIL DOCES
14228;SUP. TREVO
15463;DROGA VIDA
47787;SUP. MARTINS
47800;JR CASA DE CARNES
15455;DROGA VIDA I
18224;SUP. RIO PRETO
15680;DROGARIA BOM JESUS
15436;SUP. SANTOS
15437;SUP. RATINHO
40129;VERDURAO E CASA DE CARNES MARTINS
22397;TERRAS PANIF.
22398;MINIMERCADO LIDERANCA
22399;COML. JACAREZINHO
15458;SUP. SUDOESTE
15459;DROGARIA VITORIA
42516;SUP.RIBEIRO
15522;COML. FATIMA 
15417;SUP. APOLO
15418;DROGARIA SAUDE
15430;DROGARIA VERA CRUZ
22747;SUP. VITORIA 
23281;EMBALAGENS VITORIA 
20859;PAULO HENRIQUE
15472;MINI BOX PALMARES
15473;SUP. REAL
15470;DROGARIA SANTIAGO
13128;SUP. NOVO HORIZONTE
15999;VERDURAO VIANA
15461;DROGARIA BIO VIDA
22659;SUP. SOLAR
22660;CERRADO ALIMENTOS
39159;SUP. ECONOMICO 
15624;DROGARIA VIDA NOVA
15491;MINI BOX E CASA DE CARNE VITORIA
15497;DROGARIA NISSEY
22755;CONVENIENCIA VILA BRASILIA
22756;PANIFICADORA NATURALLE
22757;MERC. PAO E CIA
22801;SUP. BOM  PREÇO
15976;BIG FARMA
15554;SUP. REAL
15555;PEG PAG DANIELA
44208;FERRAGISTA 3E
15556;DROGARIA VITORIA
15557;FARMACIA LUCIO
16000;DROGARIA STA. MONICA
14316;SUP. PAI BADU
22803;TEM DE TUDO SUP.FERRAGENS E MAT DE CONST
22804;DROGARIA DINIZ
38910;MERC. E DISTRIBUIDORA SANTA HELENA
15498;DROGARIA SAO PAULO
15499;COML. CARAIBA
14277;MERC. SAO JOSE
2476;CHURRASCARIA SERGIO'S
24256;ESCOLA APICE
15699;COML.SANTOS
42162;CASA DE CARNE E DISTRIBUIDORA 208 NORTE 
22826;SACOLAO POPULAR
22827;COML. JOEMAS
22830;BUTTERFLY LANCHES
22841;MINAS SUP.
22866;COMERCIAL LEIRIANE
40351;SUP. NOTA 10. 
40356;LIDERANCA ALIMENTOS
14214;MINI BOX POTY
22678;BAR SANTANA
14380;SUP. ESQUINAO
2680;ARMAZEM PACOTAO     
27791;CASA DE CARNE BOM BIFE
38788;ACOUGUE 2 IRMAOS
15700;SUP. MACEDO
15701;DROGAMARY'S
15592;DROGARIA RAMOS
15593;GOIAS PROD. DE HIGIENE E LIMPEZA LTDA
17173;FARMACIA CENTRAL
22935;MERC. GOMES
39091;COML.VIEIRA
22936;SUP. CARAJAS
22650;DISTRIBUIDORA CENTRO SUL
22711;SUP. BOM PRECO 
22716;SUP. DO POVAO
22744;FLAMBOYANT GRILL E PIZZA
42676;BATISTA E CUSTODIO CONVENIENCIA 
22745;SCOOBYDOO LANCHES
24149;DROGARIA ZAIRON 
24150;NATURAL ALIMENTOS
22948;EMBALAGEM CENTRAL
22954;COMERCIAL DOCE LAR 
22955;DROGA VIDA 
40530;MIX MERCADO
22977;SUP. CENTRAL
23835;COM.BARATAO 
15580;SUP. PAGUE POUCO
15962;COML. SOL NASCENTE
18391;COML. & CASA DE CARNES CAMPEAO
42455;COML. LILI2 
14194;SUP. E PANIF. NIQUEL
14195;MERC. LORENA
34;SUP. COGAL
20969;PAMONHARIA DONA JULIA 
16863;SUP. MARÉ MANSA
39105;SHALOM ATACADISTA 
15583;PANIF.TUTTO PANE
15584;SUP. SOARES
22487;MERCADINHO RAPOSO 
22488;SUP. CAMPOS DO JORDAO
29051;SUP. SERTANEJO 
42684;MERCADINHO LM 
22806;ATACADAO MEIO A MEIO
14378;DROGARIA APORE
18295;SUP. BRAGA
40868;COML. RODRIGUES 
42666;SUP. BOM JESUS 
14219;SUP. ATUAL
22865;MINI MERCADO AURELIO
23057;SUP. MARCOS 2 
34028;ZERO GRAU SECOS E MOLHADOS
17079;DROGARIA SILVA
15940;DROGARIA INDEPENDENCIA
20920;PANIFICADORA PANED'ORO
20921;PEG PAG DO NENE
21035;COMA BEM FOGAO A LENHA - RESTAURANTE
41215;SUPER MIX SUPERMERCADO
15757;DROGARIA ALTERNATIVA
15525;MINI MERCADO MINEIRO
17169;SUP. REAL
15386;DROGALUZ
20922;FLORICULTURA ELI FLORES
42632;TECKCELL MIX DISTRIBUIDORA
20923;SUP. KAREN 
15610;SUPERBRASIL SUPERMERCADOS
49066;DIST. FESTEJA
15612;MERCADINHO LACERDA
15635;SUP. REIS
26861;MERCEARIA FIGUEREDO
40971;SUP.SERVE MAIS
15781;SUP.REAL 02
14343;COML. BRASIL
15516;BAR E MERCEARIA CAMPO ALEGRE
15517;SUP. AVENIDA
15518;DROGARIA NAZARE
17205;MERCADO ONETE
17206;KNATERRA - KOISAS NATURAIS DA TERRA
15655;SUP. SUPERMANIA
15659;SUP. MAGALHAES
15524;DROGA STAR
15620;SUP. UNIDAO
15856;SUP. ECONOMIA
14347;COMERCIAL  COELHO
15387;DROGARIA CORACAO DE JESUS
39893;AGRODOG PETS EIRELI 
15390;DROGARIA DIAS
15391;FARMACIA CENTRAL
15615;DROGARIA JOVIANIA
24063;MERC. ANNA BELLA
24064;GUTI MILK 
42794;COML. JERUSALEM
15622;SUP. BOM SUCESSO
15740;DROGAMAXIMA
15587;CENTRO SUL BEBIDAS & CIA
27670;CONVENIENCIA ELDORADO
15692;DROGARIA ANA PAULA
25244;LANCH. IMPERADOR
24065;DROG. + SAUDE 
15787;YPE SUPERMERCADOS
15788;COML. 2J
41390;EMPORIO BOM DEMAIS
22415;MERCADINHO SAO FELIPE
22416;PAPELARIA LIMPESA
23050;PEG PAG COSTA 
22400;COMERCIAL LUZ
39556;SUP. ALVORADA
22401;CASA DE CARNE AURORA
15646;DROGARIA PAIVA
15575;DROGARIA SAO THOME
15576;DROGA NOSSA
23051;MINE MERCADO LEONCIO 
42807;MERC. DOIS IRMAOS
23052;COMERCIAL AVENIDA
15677;MERCADO NOVA ALIANCA 
15678;MERC. MINE PRECO
15712;DROGARIA ANGELICA
15713;DROG. CENTRAL
21089;LISS FLORES - FLORICULTURA
15648;DROG.ALPES
15534;DROGA SUL
15686;MERC. PONTO REAL
15687;MINI MERCARDO RS
41443;ARMAZEM SAO JOSE 
41691;SUP. PINGUIM 
18687;EMILLY SUP.
15714;DROGARIA JOIA
16629;SUP. IRMAO GUIDO
17106;DROGARIA PONTAL SUL
15679;COML. FORTALEZA
38931;CASSIA VARIEDADES
17461;DROGALAB
15777;MINI BOX SERVE BEM
15688;MERC. E PANIFICADORA ALO BRASIL
15539;SUP.SOARES
51006;ATACADAO SUPER PET
15654;DROGASERV
19890;AGROPECUARIA OLIVEIRA
19892;POTENTE ALIMENTOS
19894;AGROPET - PET SHOP
23363;DROGA BEM 
16027;MERC. CARMEM
15760;DROGARIA BOM BRASIL
16860;MERC. STO. ANTONIO
15715;MERCADINHO SOARES 
15716;DROGARIA ELDORADO
19904;AMIGAO PET SHOP CONSULT. VETERINARIO
41719;PANIF. EL TRIGO 
19905;SUP. BONS PRECOS
21021;SUP. NOVO
17300;MERCADINHO DO MICHEL
14216;COML. LUCAS
17426;SUP. MINEIRO II
15718;DROGARIA FAMILY
15864;BAR E MERCEARIA ESPETOS E CALDOS
17470;MERC. SANTO ANTONIO
15807;DROGARIA E FARMACIA DECOLORES
15721;SUP. E PANIF. MANANCIAL
16859;DROG ECONOMIA
18222;DROGARIA FARMALARA
18752;DROGARIA TOTAL
14192;SUP. SERVE BEM
15392;MERC. IRMAOS ALVES
15393;MERCADO CUNHA
15394;FARMACIA DROGA VIDA
24126;RODOVALHOS CHOPP 
15609;DROGARIA ATHENEU
41506;SUP. PRO BRAZILIAN (PQ AMAZONIA)
42363;CASA DE CARNE ZERO GRAU 
50834;MERCEARIA E DISTRIBUIDORA - BEBA MAIS
20935;COML. LIBERDADE
20936;ACAI CLUB - LANCHONETE
20937;COMERCIAL DOIS IRMAOS
39000;SAO SIMAO SUPERMERCADOS
46586;COML.ALIANCA
15761;DROGAGIRON
24127;SUP. ALVES 
24128;EXA 
24129;CRISTAL SUP.
15510;MINI BOX MOREIRA
15660;FARMANOVA
15739;SUP. PARANA
15879;VAREJAO DAS FRUTAS
15562;SUP. SAO JORGE
18209;SUP. GAUCHAO
17598;DROGARIA POPULAR
17597;FARMACIA STA.EFIGENIA
15926;SUP. FLAMBOYANT
15877;FARMACIA ORVALHO
41202;ISABELY MODA 
15878;SUP. NILO
16856;DROG.DANUBIA
21969;SUP. PAGUE MENOS
15882;COML. GUERREIRO
15702;DROGARIA ISABELA
39706;MERCADINHO ECONOMICO
40770;CONFIANCA ACOUGUE E VERDURAO
24131;MERC. E DISTRITUIDORA DE BEBIDAS ITAICI
24132;LANCHONETE
24133;LANCHONE E RESTAURANTE BOCA DE LOBO
16855;SUP.SOLUCAO
15729;DROGARISSA
51147;MUNDO PET
22108;COMERCIAL CALIFORNIA
17469;CARBRAZ
15886;PANIFI. NSSA. SR. APARECIDA
15888;MARCEARIA SOUZA
16365;MEGA FRIOS
16604;UNIAO MERCADINHO E PANIFICADORA
15551;DROGARIA JK
15616;SUPERLESTE SUPERMERCADO
15553;MERC. DO VALE 
46711;COML. BEATRIZ
47594;PANIF. 3 IRMAOS
15750;HIPER FEIRAO PARAISO
15751;SUP. BRAGA
16013;DROGARIA CAMPOS VERDES
16014;MERCADINHO OLIVEIRA
42639;SUPER BOX BOM PRECO
42740;ATACADAO REIS 
16043;SUP. JULIANA
16044;DROG. VISUAL
22698;PANIFICADORA MEIRELHES
17044;DROGA VIDA
15752;DROGARIA DINAMICA
42705;SUP. JDS
15753;DROGARIA 31
15754;SUP. TEND TUDO
22079;SUP. MANANCIAL
22080;SUP. BOM PREÇO
23540;MERCADINHO BOM PRECO 
15696;FARMACIA E DROGARIA MODELO 
15743;DROGARIA SANTA MARIA
15745;DROGAVIDA
15840;NOVA MERCEARIA
41606;EMPORIO MM(ST.MORADA DO SOL)
15697;DROGARIA MODELO
16857;SUPER MIX ESTRELA
23541;SUP. E FRUTARIA 3 IRMAOS
23557;BOM PRECO SUPERMERCADO 
23561;SUP. BARREIRAO
39590;SUP. MORAIS II
15870;NOVA COSMETICOS
15813;COLEGIO SAGRADO CORACAO DE JESUS
15769;DROGARIA GUIMENES
15638;SUPER JOTA
15639;MERC. GOMES
42625;SUP. PRIMAVERA
15640;BAR E ARMAZEM CABIUNA
15642;MERC. DA CIDA
15829;SUP. JOAO DE BARRO
15805;SUP. GONTIJO
15771;MERC. PRECO BAIXO
15772;MINIBOX CRISTAL 
15773;DROGARIA ARAGUAIA
15776;DROGARIA CRISTAL
17309;SUP. NOVO HORIZONTE
20956;SUPERMECADO SOLAR 
15817;DROGA VIP
41934;MARIZA AGUA MINERAL 
15806;SUP. REIS
16059;DROGA LEVE
15860;CASA DE CARNE E MERCEARIA FARTURAO
15723;FARMACIA NOSSA SENHORA APARECIDA
15724;SUP. ECONOMIA
39963;DOCE FESTA
15726;DROGARIA PANORAMA
15874; COOP VINICOLA NOVA ALIANCA
15875;PHARMASU FARMACIA IPASGO 
17083;MERC. DIVINO PAI ETERNO
21039;POSTO TREVO 3
42729;MERCADO BOM PRECO 
15967;DROGAJATO
15968;ZUMM SUPERMERCADO
15727;DROGARIA UNICOM
19869;MERC. NOSSA SENHORA DE FATIMA
30915;AROMA LANCHONETE E CONVENIENCIA
19872;PANIFICADORA DELICIA
19879;COML. SAO JOSE
19885;PANIF. DU LAR
23240;QUITANDA E CONFEITARIA DHAYELLY
41978;SUP. PAULISTA
15790;COML. SILVA
15791;PANIF.PANINO III
15559;MERC. UNIAO
15530;DROGARIA AGUIAR
18621;DROGA FARMA
40149;SUP. PRECO BAIXO 
19886;ESTRELA SUPERMERCADO
19896;DROG. PAGUE MENOS
15913;PEG PAG REAL
15914;SUP. MODELO
22380;RADIAL
42706;J K SUPERMERCADOS
21573;SUP. SANTA IZABEL
49148;SUP.OPCAO
24151;NATURAL ALIMENTOS
15531;COML. OBA
15796;FARMACIA SAO JOSE
15636;DROGARIA AUXILIADORA
15831;DROGAVIDA
15832;FARMACIA VANDA
21574;COMERCIAL SANTO EXPEDITO
21598;MERC. PRIMAVERA
42042;LEVE MAIS ATACADO & VAREJO 
21599;DROGARIA 3 IDADES
22381;DOCE ME
23053;SUP. MERCANTIL TO QUERENDO
23054;G M POSTO CENTRAL 
39975;COML. RIBEIRO
15833;DROGA MAIS
15834;DROGARIA SAO BENEDITO
15839;MERC. SAMPAIO
22417;COMPRE BEM
22472;SUP. E PANF. SOUSA
45855;COML. BARCELOS
22549;DROGADANTAS
17650;DROGARIA DROGACY
50921;COML.RIBEIRO
15728;DROGARIA CAPITAL
16854;SUP. GOIAS
15674;SUP. BOM JESUS
15972;FARMACIA ARAGUAIA
40082;REAL SUPERMERCADO 
17084;SUP. BOTANTO
20984;MINIMERCADO SABIA 
15982;FARMALAR
15985;DROGARIA AMERICA
15938;DROGARIA SANTA PAULA
15930;COML.MINAS GOIAS
16251;DROGARIA HUGO
16253;SUP. RODRIGUES 
17757;MERC. VALE DOS SONHOS
41768;SUP. SAO JUDAS TADEU 
16835;DROGARIA BRUNO
16573;SUP. ALMEIDA
16847;DROG.COLOMBO
25230;MERC. RODRIGUES 
25231;COML. MASTER
43886;PAO DO GALLO PANIFICADORA
25232;MERC. ARAUJO
15919;DROGARIA C&M
17773;SUP. SAVANA
22081;SL SUPERMERCADO 
16371;MINI MERCEARIA SILVA
15820;SUP. ESTRELA DALVA 
15821;DROG SAO JOAO
22388;SUP. MENDANHA
23496;PASTELARIA VITORIA 
23497;ATALAIA COMERCIAL DE ALIMENTOS 
40163;MERCADO REZENDE
15965;DROGARIA FARMAFORTE
16574;SUP. SERVE LAR
17811;ARMAZEM STA. CRUZ
49298;CONVENIENCIA MINI MART
49307;MERCADO RC
16012;SUP. VITORIA
16069;SUP. SANTA FE
16070;DROGARIA VERA CRUZ
31879;ATACADO MARVEM 
40299;SUP. CANAA
15734;DROGARIA FERNANDES II
16361;DROGARIA SANTA CLARA
17314;MERCADO ECONOMIA
21891;SUP. TRES IRMAOS
15895;DROGARIA VIDA E SAUDE
15896;MERC. SERVE LAR
16004;COML. GUAPORE
15735;DROGARIA LINS
15736;DROGARIA OLIMPICA
16560;EMPORIO DA VOVO
17752;DROGARIA KARLLA
16073;DROGARIA POPULAR
16531;PEG PAG MATOS
15948;PANIF. GOIAS
15912;MERC. ARAGUAIA
41816;ARMAZEM  SANTOS
15841;SUP. XIMENES
15950;SUP. YPE
15960;DROGARIA GENESIS
15961;SUP. ALVES
16852;SUP. PERNAMBUCANO 
40315;VERDURAO DO ANDRE
15953;SUP. CORDEIRINHO
15935;DROGARIA CARVALHO
15936;DROGARIA SAO LUCAS
15937;SUP. MALTA
16024;PANIF. IMPERIAL
15956;POSTO DE MEDICAMENTOS CENTRAL
15957;MERC. POPULAR
19891;COML. E PANIF. BOM PRECO
19907;MERCADINHO N.S. D'ABADIA
19908;DROGANOVA
19910;ATACADAO TAVARES 
15822;SUP.COLEGIAL
15823;FARMACIA VIDA E SAUDE
15824;SUP. PONTO FINAL TEND TUDO
15825;SUP. FALEIROS
41971;GRASSA 
15826;MERC. RAPOSO
15730;DROGARIA EBENEZER
24983;SUP. REAL
19911;HIPERMERCADO CONQUISTA
24172;BELAFORMULA FARM. DE MANIPULACAO 
39180;AGRO PET LEONARDO 
18055;SUP. BASILIO
16075;MERCADO SAO CARLOS
16077;DROGA TERRA
17605;ACOUGUE E MERCEARIA VINHAL
47626;MERCEARIA DUFF
47632;APARECIDA FRANCISCA DA SILVA
16081;COML. GALILEIA
17764;SUP. LARANJEIRAS
15991;DROGARIA REDENCAO
15993;DROGARIA SAO MATHEUS
16128;SUP. MARQUES
19913;DROGAQUALY
15846;DROGARIA KARITA
41994;SUP. DO DORLI
15746;FARMACIA AVENIDA
15889;DROGARIA SAO MARCOS
16055;DROGARIA SENA
16136;DROGARIA DOM ORIONE
19917;SUPER MINI
40146;LUCAS SUPERMERCADOS (CENTRO)
40444;SUP. SANTANA
19919;SUP. ORIENTE
19920;MERC. SERRA DA GALGA
19921;SUP. MENOR PRECO
19922;CASA SAO JOSE
22255;PEG PAG ARAUJO
16067;FARMACIA & DROGARIA BR
16068;MERCADO RETORNO
15966;SUP. MACHADO
18913;MERCADINHO J. BRASIL
19924;SUP. BOM JESUS
17761;ARMAZEM MINI PRECO
15920;COML. NACIONAL
16138;FARMACIA ROCHA
15998;SUP. DO PERU
16001;DROGACIDADE
42620;CASA DE CARNE NOVILHA DE PRATA 
24944;SUP. BRAGA 
24984;DROGARIA BEM ESTAR 
50435;COML.WILLIAM
24989;SUP. LUCAS 
18925;SUP. RENASCER
21968;PANIFICADORA SERVE BEM
17218;BAR E MERCEARIA BOA ESPERANCA
15890;ARMAZEM CIBRAZEM
15808;DROGA - LIFE
15809;DROG. + SAUDE
16849;SUP. LD 
17762;ARTE PAO EMPORIO
21124;OLYMPIA SHOW E EVENTOS 
21125;SUP. GOIANO
17671;MERCADINHO ALENCAR
16569;DROGA CUNHA
15810;FARMANOVA
15933;SUPER POPULAR
15866;COML. REGINA
42300;PEG PAG LIDER
15868;SUP. TAVARES
17462;COML. BARROS
16679;MERC. VAZ
16680;MERCADINHO DO DIJALMA
16683;DROGAMIX
40822;SUP. MACHADO
16685;DROG. INDEPENDENCIA
19867;MINI BOX CASTELAO 
19898;DROGARIA SAO JUDAS
23597;DROGARIA MARTINS 
23598;COML. E CASA DE CARNE LUCAS
23601;MINI MERCADO EMPORIO
23602;MERCADINHO AQUARELA 
16837;COML. JUNIOR
16748;SUP. SERVE BEM
19899;DROGALVES
19900;DROGAMARY'S
19901;MINI BOX VIEIRA
19906;SUPER KITANDA II
42061;SUP. CABRAL
16020;SUP. SUPER GIRO
17758;MERCADO PARANAENSE
23044;PIZZARIA PIRANDELLO
23045;CHURRASCARIA E LANCHONETE PRIMUS 
39288;SUP. TERRA NOVA 
23046;MASTER SUPERMECADO 
23047;SUPERFRIOS 
23048;SUP. BIG MASTER 
16699;SUP. SILVA 
15916;MERCADINHO TRES PASSOS
15917;MINI BOX SERVE BEM
16927;A MISTUREIRA SECOS E MOLHADOS
16545;SUP. JK 
17765;COML. BRASIL
21600;SUP. SUPER COMPRAS
16549;SUP. CRISTAL
16439;BAR E MERC. NOROESTE
16440;SUP. SAO MIGUEL
16446;MERC. SUPER 1
42626;TOSTA SUPERMERCADO 
42634;SUP. EMA
18199;DISTRIBUIDORA PREMIER
18474;DROGARIA MAIA
16661;MERC. OLIVEIRA
16664;SUP. CIRINO
39763;LARA LANCHES 
17212;DROGA LUZ
16588;MERC. TEND TUDO
16589;BAR E MERCEARIA JUNQUEIRA
17760;GIGANTE DO SUL
18926;SUP. E CASA DE CARNES NOVA DIRECAO
41377;SUP. PRECO  BOM
23508;MINI BOX MORADA DO SOL II
23562;MERC. BORGES
23619;FLEURI SUPERMERCADO 
16006;DROGARIA ATLANTICA
16389;DROGARIA SAO PAULO
21067;MERCADINHO SORRISO
17289;MERC. & ACOUGUE TITULAR
16007;EMPORIO BOM PRECO
42405;COML. PALMAS 
16009;CRISTAL FESTAS
21056;ALPHA PANE
18565;PEG PAG AMORIM
17780;DROGANITA CENTER SUL
17788;DROGARIA  SAO MATHEUS
40898;SUPER VERISSIMO
21004;DOM JASON DISTRIBUIDOR
21130;PALACIO DAS FESTAS
16534;COML. H. N.
16390;DROGARIA 2000
16502;DROGARIA POPULAR
17793;FARMACIA CENTRAL
15980;DROGARIA SANTOS
21654;DISK BEBIDAS E PESCA PARAISO
24801;O PIMENTINHA 
16521;DROGARIA SAO LURENCO
17459;DROG. BOM PRECO
17460;SUP. E PANIFICADORA MANA
23655;MERC. SOL NASCENTE 
23656;SUP. CACULINHA 
42076;SUP. MONTERREY
23657;MERC. E PANIFICADORA SILVA
23618;SUP. ELDORADO 
23620;SANSARAH RESTAURANTE E CHOPERIA 
23621;SUP. CARVALHO 
23639;MERC. ALVES
15939;SUP. MINI BOX
16850;DROGARIA MODELO
25156;BAR DO ITAMAR
16607;CASA DAS RACOES ITUMBIARA
16608;SUP. SINVAL
46275;PEG PAG CENTRAL
16557;POSTO DE MEDICAMENTO
17782;SUP. MARAJO
16458;SUP. CRIATIVA
16891;DROG.VILA BRASILIA
15944;COML. ROSA
17287;SUP. FLAMBOYAM
40926;ARMAZEM MODELO
20985;PAO MAIOR PANIFICADORA E CONFEITARIA
20986;MERC. DO ANGELO
20987;MERC. CARDOSO
23555;SUP. ALVORADA 
25298;BOULEVARD
42693;EMPORIO MORIA 
21102;SUPER PEG PAG POUCO
23003;SUP. SERVE BEM 
23004;COMERCIAL CUMARU 
23049;LAREDO 
23055;SUP. PINHEIRO
26956;PANIFICADORA PANINI II 
39826;CASA DOS CEREAIS
23056;SUPERMERCADO DIGAO 
23575;SUP. R S 
23603;SUP. PAULISTA 
23604;SUP. BRAGA 
15947;SUP. BARATAO
15997;DROGARIA MUTIRAO
18859;DROGARIA GIRE
16732;COML. AGUIAR
16757;SUP. ECONOMIA
22267;PANIFICADORA IRMAO CAMPOS
16463;COML. PEDROSO
16561;SUP. CASTELO
17040;SUP. MICHELLA
16620;SUP. PITANGUI
42525;ATACADAO ANICUNS
17747;SUPERVI (CENTRO)
17759;CASA GOIANIA
16666;COML. ARAGUAIA
16667;MINI BOX 3 IRMAOS
16431;MERC. MENDES
23596;DROGARIA MONTIVIDIU
24887;MERC. 4-M 
24889;EXPRESSO MUNARETTO 
24903;SUPER VAREJAO
25372;SUP. PONTO CERTO
16613;DROGARIA VAZ
16614;DROGARIA VITA FARMA
16831;DIBEMH EQUIP MED HOSP LABORATORIAL
16671;BAR E ARMAZEM FAMILIAR
23241;HIPER FEIRAO 
17779;COML. 2002
16953;SUP. 2 IRMAOS
16636;SUP.TOCANTINS
16637;PEG PAG BOM PRECO
16954;MERC. PANELA CHEIA
31025;MINI MERCADO DO JUNIOR
41995;SUP.AVENIDA
21099;SUP. ASA BRANCA
23242;HI SUP.
23251;PEG PAG MENOS
21034;SUP. PREDILETO
16719;SUP. PRIETO
47433;MERC. E DISTRIBUIDORA BORGES
16805;SUP. ALMEIDA
16650;DROG.LEAL
16651;DROGA SAUDE
17038;MERC. PLANALTO
22358;BELLA FESTA(JD.EUROPA)
22359;DIFESTA
22360;REDE DE FESTA (APARECIDA-SERRA DOURADA)
22361;REDE DE FESTA(RESID.CELINA PARK)
16674;SUP. BATISTA
41800;ARMAZEM CONQUISTA 
49468;J B BEBIDAS
16675;SACOLAO SERVE MAIS
16615;BIOFARMA
16827;FARMA 2000
16738;PETE GALE
16751;DROGARIA SAO GERALDO
22362;PEG-PAG DOIS IRMAOS
18375;SUP. AROEIRA
16939;SUP. MILITAO
21118;BURITI PET CENTES - CLINICA VETERINARIA
17005;COML. ARAGUAIA
47174;COML. SANTANA 
16652;CASA DE CARNE BOI NA BRASA
16653;SUP. DIVININHO
16822;COML. STA. EDWIGES
17841;SUP. OLIVEIRA
16481;SUPER BOX VITORIA
16843;MINI BOX 31
16955;DROGA DIAS
17082;COML. CALIFORNIA
41813;M F COMERCIO 
16956;SUP. VAREJAO II
16770;DROGARIA ELDORADO
16609;COM. VITORIA
16610;SUP. FLORESTA
45144;SUP. CLAYBOM
16600;DROGARIA STA. ANA
16633;DROGARIA MENDONCA
16227;DROGARIA CAMARGO
16229;FARMA LIDER
17754;EMPORIO AROMAS E VINHOS
39672;COML. SAO JOSE 
25285;REDE SUPER LIDER
16829;SUP. SAO LUIZ
16705;CASA SIMOA
16706;DROGARIA IRMAO SOUSA
21038;PANIFICADORA BOM DIA
24699;COML. ALAMEDA 
16669;COML. PAGUE POUKO
16587;MERC. DNA. DITA
16478;DROGARIA ABC
21173;DROGANOVA
21174;PANIFICADORA FORMOSA
21119;RECANTO DO SABOR - PANIFICADORA
16984;DROG.SOLUCAO
17018;R. DROGARIA
16987;DROGARIA SOL NASCENTE
16804;COML. K BRASIL
16753;DROG.CRUZEIRO DO SUL
21180;SUP. DO MARQUINHOS
21181;DROGARIA SAO BENTO
21182;LANCHONETE PORTA ABERTA
16543;WEDER ROSA RABELO
43489;MERCADINHO TERRA
23419;PANIFICADORA SONHO DA VILA 
23420;SUP. MINEIRAO 
16755;PEG PAG UNIAO
20971;COMERCIAL BAZILIO 
20972;MINIBOX 2 IRMAOS
21005;CONVENIENCIA E LOCADORA AMERICA
51257;SUP.BESSA
21006;POSTO TERRA
21033;SUP. CANA BRAVA
23982;FARM. DO TRABALHADOR DO BRASIL 
17063;SUP. MAEDA
42703;SUP. CANAA I 
17670;FARMA SILVA
17066;MERC. CUNHA
17068;DROG.BEATRIZ
22448;REST. SABOR DA TERRA
46288;VOVO DA RACAO
16813;SUP. ESPERANCA
16640;DROG. FLORESTA
16642;SUP. BARBOSA (GUANABARA)
16643;DROGACLINICA
36107;COML.GOMES
47707;TOP MINIMERCADO
16644;DROGARIA ESPERANCA
22449;SUP. REAL
22450;COMERCIAL PARAMBU
22451;SUPER BOX COELHO
22452;SUP. POLO SUL
23195;SUP. DUARTT 
23196;CASA DE CARNE CARRIJO 
18172;MERC. OLIVEIRA
18657;SUP. COMPRE BEM
47094;HOTEL OITI
17032;SUP. MOURA
17033;SUP. MOURA III
17031;COML. FREITAS
16645;FARMA JUNIOR
24342;COML. CARDOSO 
23197;SUP. MINEIRINHO 
16579;SUP. TEND TUDO
16583;DROGARIA DO POVO
16949;SUP. BOM RETIRO
29123;REI DO PAO PANIFICADORA E CONFEITARIA 
22387;MERCADO SAO SEBASTIAO
22873;SUP. KI BOM 
24514;PANIF. PAO QUENTE
16812;MERC. ADORNO
16712;SUP. CAPANEMA
16713;MERC. REAL
16715;LUCAS SUPERMERCADO
16717;DROGARIA SANTA MONICA
26906;COML. JL
26907;BAR E MERCEARIA FIM DE TARDE 
16718;BRASPLASTICOS
17379;PANIF. MANA
18652;SUP. SAO JUDAS TADEU
17014;SUP. AVENIDA
16781;MERC. NOSSA SRA. APARECIDA
17022;COML. M. G.
22915;DROGARIA MOREIRA
22905;SUP. LEAO
23233;SUP.LIMA
18864;SUP. MARTINS
17057;ALEXFARMA
17059;SUP. JOIA
22916;SUP. SENA 
19705;VITAFARMA
42701;SUP. BARRETO 
17008;DROGAINA
17009;DROGA RYOS
22426;LOTERIA
22427;SUPER ATACADAO IRMAO GOIANO
22428;SUP. AVENIDA
17060;VIDA E SAUDE
17240;SUP. 2 IRMAOS
18863;SO METADE
17098;SUP. GOYAZ
17188;DROG. CARVALHO
42593;MERC. MALTA 
17179;SUP. MODELO
22429;COMERCIAL VITORIA
22430;SUP. MARINHO
18780;ALPHA  BOX
18240;DROGARIA ECONOMED
42730;SUP. RAPIDO 
16798;SUP. MAX  WS
19873;SUP. GARCIA
17024;DROG.SANTA MARIA
22548;SUP. GOIATUBA
42602;SUP.DA FAMILIA
18259;SUP. DIAMANTE
22908;SUP 3 PODERES
22909;DROGARIA SAO JUDAS TADEU
22883;COLEGIO GALILEU
22887;CASA SAO JOSE 
42679;MASKBOM MERCEARIA 
22888;SUP. BOM PRECO
19880;COML. LONTRA
19881;MINI MERC. SOARES
43104;BAIUCAS SUP.
47010;SUP. DA FAMILIA
50371;ATACADAO FRIOS E CIA
50383;TENDTUDO ATACAREJO
16912;SUP. BATUTAO
16928;DROGARIA REDE PHARMA
16900;DROG. VIGOR
21851;BRASINHA PIZZA E SHOP
17016;COML. SOBRINHO
19882;COML. CONQUISTA
19883;SACARIAS E MERC. HONORATO
19887;CENTER PAES
19706;COM. PEREIRA
16797;DROG.REY PHARMUS
22525;SUP. ATLANTICO
23714;MERC.  MACAUBA 
18922;MERCADO CRUZEIRO DO SUL
46144;BAR E DISTRIBUIDORA WAGAO
18923;SUP. FAMA
21001;MERCADINHO PAIS E FILHOS 
22457;DELPS TRANSPORTES 
17434;SUP. CAMPEAO
45110;MERC. GRAJAU
16944;SUP. CABRAL
18407;SUP. REIS
16725;SUP. 3 M
22911;MERC. DUAS IRMAS
16660;MERC. BOA SORTE
46205;MERCEARIA E CASA DE CARNES 3 IRMAOS
16806;DROG. NOSSA SENHORA
16777;SUP. ECONOMISA
22363;SUP. LOCAL
22364;SUP. ALIANCA
22365;COMERCIAL SUPER BOX
42672;CAPITAL FOOD SERVICE
22639;PIQUIRAS EMPORIO E RESTAURANTE
16778;SUP. MARAJO
16807;DROG.SAO PEDRO
16578;DROGAFORTE
16833;SUPER RIBEIRO
22712;FRIOS E CIA
22713;IMPERIO DAS FRALDAS
22852;TOP SUP
17027;SUP. MASTER
17028;POSTO DE MEDICAMENTO VIDA
17026;DROGARIA SAO LUCAS
22821;MERC. MORAIS
22892;SUP. NOGUEIRA
22893;COML.IRMAO SOUSA
42078;ESMERALDA PAES
22853;SUP. MOREIRA
22854;SUPER KAKARECO
18241;MEDFARMA 
18920;BAR E MERCEARIA COELHO
16786;SUP. DA MATA
42665;SUPER ECONOMICO 
16972;ESPACO FARMA
22894;SUP. SUL 02
23127;SUP. PRIMAVERA 
23128;SUPER PRIMAVERA
23129;SUP. SENNA 
41662;BIG FRIOS DISTRIBUIDORA 
16947;DROGARIA DROGAFARMA
22837;SUP.TROPICAL
23041;COML. ESTRELA 
23042;SUP. GOIAS
23043;PEG PAG MAGALHAES 
23082;BAR E MERCEARIA CANABRAVA 
23083;SUP. SUL CARAJAS 
18089;POSTO DE MEDICAMENTO GENERICO
42741;ESQUINA DO OCIO
17141;SUP. NOSSA SRA APARECIDA 
17328;SUP. CRISTAL
22567;MERC. MARKES
22568;MERC. ATENDE BEM 
18792;PASTELARIA LOBINHO
22526;DROGARIA TREMENDAO
22527;SUP. GLOBO
22528;PEG PAG SAO LUIS
22855;SUPER IDEAL
30227;SUP. TOCANTINS
22856;SUP. MATHEUS
22569;SUP. VITORIA
18941;SUP. SARAH EVA
17306;DROGARIA NSSA. SR. APARECIDA
17255;COML. DEUSADARA
21703;SUP. KAROL
21704;ART VIDA - PRESENTES
22663;MERC. CRISTO REY
22800;ITALYAN SORVETES
22802;SUP. SERVE BEM
18964;SUP. MOREIRA
43875;SUP. DAQUI
19007;SUP. ESTRELA
18452;SUP. PADRAO
17231;SUP. BARATAO
23080;SUP. SENA
23081;GUIMEL CONFECCOES 
17282;SUP. SARDINHA
18145;MINIMERCADO PARAISO
22881;MERCADO BOM PRECO
17135;MERC. ROCHA
42708;GOIAS ATACADO E VAREJO 
18232;SUP. MIRANORTENSE
17322;IGREJA ASSEMBLEIA DE DEUS
17291;SUP. BETAO
22857;SPEED UP ENERGY DRINK
17107;DROGARIA GOIAS
45851;BON ATACADISTA
22920;SUP. DO PAPAI
22921;COMERCIAL SANTA CLARA
22922;LUISA PARANHOS DE ASSIS
22923;RESTAURANTE TOSHCA
22924;PEG PAG FAVORITO
23084;SUP. IDEAL
17108;DROGARIA SAO JUDAS TADEU
18424;SUP. POTENCIA
17281;DROGA NOSSA
17143;DROG. GENERICA
17145;SUP. PARA TODOS
23085;HIPERSENNA 
17610;MERCADO NUTRILAR
18895;SUP. ECONOMICO
18896;DROGARIA MAYSA
17234;SUP. H J
22605;DROGANOSSA
17146;SUP. IRIS
18446;SUP. PAULISTA
42606;SUP. BOM FILE 
22441;MENDONCA SUPERMERCADO
22442;GIRO SUPERMERCADO
22443;SUP. TOCANTINS
22795;FARMACIA TOCANTINS
17311;SANATORIO ESPIRITA
22766;SUP. CAMPEAO
22767;PAO DI MINAS 
22768;COML. SANTO ANTONIO
17025;BIG BOX
16876;COML. EXTRA
16877;MERC. STO. ANTONIO
22910;SUP.CANDANGO
17176;COML. BARREIRA
17177;COML. LEVE MAIS
34888;SUP.SUPREMO
47471;PRECITO ATACADAO
22420;SUP. TEND TUDO
22899;CONVENIENCIA ELDORADO 03
16878;SUP. CRISTAL
18948;SUP. ESTRELA
18949;COML. NOLETO
21110;CAFE DO PONTO - LANCHONETE
21111;SUP. GILSON GAS
23989;MINI BOX DA ECONOMIA 
17194;DROG. HOLANDA
17002;SUP. SUPERMAIS
17003;SUP. SAMILLA
17114;FARMACIA SAO GABRIEL
17004;PEG PAG CLAYBOM
16937;SUP. SAO JOSE
16978;SUP. RAMOS
21058;BUTEKO DO JOAO BUENA VISTA
21059;RESTAURANTE BOCADILLO
21060;MERC. PAIS E FILHOS
21061;RESTAURANTE KNORR
22813;PEG PAG MICO
22814;PEG PAG PONTO CERTO
22492;EDSON SUPERMERCADO
22493;COMERCIAL MARATA
42630;SUP. CURUMIM
22494;SUP. BOM PRECO
22495;SUPER 3
16765;FARMACIA SAO SEBASTIAO
22378;SUP. BOM JESUS
22815;MINI MERCADO MODERNO
22925;SUP. ALVORADA
42752;MACHADO ALIMENTOS 
22926;PANIFICADORA NOVA ERA
23194;HIPER FARMA 
16971;PLENITUDE PHARMA
17020;SUP. SOLAR
16962;DROGAMINAS
17161;FARMACIA MODELO
22379;SOL NASCENTE SUPERMERCADO 
22414;CORPUS MOTEL
22709;JALES MACHADO
22727;POSTO BRASIL PRACA CIVICA 
22880;COMERCIAL SILVA
35471;SUPER LAR 
35484;COML. ANDA SOL 
17214;DROGAJA PLUS
16963;FARMACIA SAO JOSE
16965;SUP. COSTA RICA
22725;MERC. J.D
22927;MINIMERCADO BARAO
42631;GELO BOM 
22928;SUP. IAGO
17733;CHURRASCARIA DO WALMOR
17111;COML. UNIAO
22906;SUP.  OLIVEIRA
22914;SUP. AGUA LIMPA
26857;SUP. MEGA
45833;CAMPEAO SUPERMERCADOS(STA.HELENA)
17129;SUP. TRINDADE
17123;MERC. DO GORDO
17126;SUP. ROMEIRO
16880;POSTO SAO MATHEUS
16881;SUP. SOUSA FILHO
42712;MS SUPERMERCADO 
16882;COML. MINEIRO
16885;BIG BIG SUP.
22566;SUP. E DISTR. DE BEBIDAS LISBOA 
22798;MINI BOX SONHO VERDE
35584;AGROFERRAGISTA PIRES
35957;DIST. LIMPLAR 
22828;MERCADO E CASA DE CARNES PUREZAO
23349;COMERCIAL ALIANCA 
23350;COMERCIAL OLIVEIRA 
17305;FARMACIA ESSENCIAL
17327;SUP. PARENTE
35970;SMART TEND TUDO (ITAIPU)
17215;DROGA PLUS
18642;DROGARIA DROGAPOP
18190;DIST. DE BEBIDAS TROPICAL
18192;DROGARIA NACIONAL
22643;COMERCIAL CENTRO OESTE
22644;SUP. MAIS
22835;SUP. RIO URU
22847;MERCADO E CASA DE CARNE BOM CORTE
22848;R9 DISTRIBUIDORA DE BEBIDAS
17221;DROG. VITOR
17222;GIGLIOS SUPERMERCADO
46171;SERVSEMPRE SUPERMERCADO
18795;SUPERVI (VL. JAIARA)
22872;MERCADINHO PESSOA
18905;DROGA FORTE
18906;MERCABOX J.A
35839;TERRA SUPERMERCADO
47413;ESPACO GOURMET ANAPOLIS
19893;MEGA DROGARIA
19902;DROGA LIDER
19912;SUP. ECONOMIA
18688;DROGARIA POPULAR
18500;DROGARIA GRANVILLE
35962;LOJA DE CONVENIENCIA CENTER VILLE 
22461;POSTO DUARTE
22462;SACOLAO E MERCEARIA DO MARCONE
22463;SUP. PONTO CERTO
22464;SACOLAO ANAPOLIS
24163;CONSTRURIO MATERIAIS PARA CONSTRUCAO
19915;SUP. POPULAR
45824;I M ATACAREJO
17180;DROG. PAULISTANA
17182;DEPOSITO DO IVON
17121;SUP. MOREIRA
17085;DROG. GARAVELO
17100;CENTRAL AGROPECUARIA
24263;COMIGO
24164;SUP. PRATIKO (LESTE VL NOVA)
18365;MERC. VENINA
17824;DROGA PASSOS
17223;SUP. BOA VISTA
35869;COML. BOND PRECO
47600;COML. BEL
17321;SUP. NEVES
18239;SUP. PONTAL SUL
32346;IEGA 
17335;BOI GORDO
22055;SUP. SAO CARLOS
35982;A. A. DIB 
22068;COML. ECONOMICO
18405;NOVA DROGA VILLAS
18030;KAYKY SUP.
18301;SUP SOL NASCENTE
17865;MERC. POPULAR
42888;EMBALAGEM SERRANOPOLIS
22917;COMERCIAL NOVACOL
22918;SUP. ELDORADO
17219;SUP. SAO DOMINGOS
17132;PEG PAG TOCANTINS
17072;SUP. BUTEKAO
22346;SUP. 3 IRMAS
22382;COMERCIAL ECONOMIA
22383;COMERCIAL FERNANDES
17202;MINIMERCADO 62
17147;COML. FLORESTA
35627;SUP. PAGUE MENOS 
17148;SUP. TULIO
17149;SUPER PEG PAG J S
17101;SUPER RUBI
17102;SUP. PIMENTA
22384;CASA PARIS
22385;MINIBOX LIDER
22386;PANIF. E CONF. BELO PAO
16682;DROGARIA UNIVERSITARIA
49175;RESTAURANTE PORTAL DO LAGO
17199;DROGARIA ITAPUA
46603;MERC. RAFAEL
17136;FARMACIA SAO JOSE
17137;COML. COSTA
19916;DROG. FLAMBOYANT
19927;CASA DE CARNE NELORE
22337;PLANALTO CHURRASCARIA
34280;GOIABAO EMPORIO SUPERMERCADO (ST. SUL)
34343;BOM SABOR CONVENIENCIA 
17484;SUP. SERVE BEM
18869;TERRA BRASIL DIST. DE RAÇOES
18831;DROGARIA SANTA RITA
17443;SUP. S.A 
17089;COML. VIEIRA
35650;SUP. DA FAMILIA 2 
17090;DROGARIA CARMO
17133;SUP. PROGRESSO
17134;DROGARIA SANTA CLARA 
17778;DROGARIA DIAS
31042;MERCADO IPANEMA 
42282;PET VIDA
17152;DROGA LESTE
17157;MERC. PONTUAL
17209;DROGARIA SAN MARINO
17330;SUP. FERREIRA 
17493;SUP.ECONOMIA(TUVERLANDIA-CENTRO)
22889;SUP. 007
17253;ASSEMBLEIA DE DEUS
50666;SUP.DOSE DUPLA
18340;IPORA FRIOS
18265;SUP. BRASIL
18468;DROGARIA DO AUGUSTO
34370;M & A ALIMENTOS 
17270;DROG. GENERICA 
17354;DROG.DINAMICA
17254;SUP. DIMAS
18993;PRATIKO SUP.
18969;COML. MINI CUSTO
35895;LOJA DE VARIEDADES E EMBALAGENS
47625;SUP. PANINE
18970;SUP. RECIFE
18273;MERC. VIEIRA
17356;COML. TOCANTINS
17357;DINAMICA FARM. IPASGO 
42755;MERC. 5 IRMAOS 
17358;DROG.CANADA
17359;FARMALIVI
17360;DROGARIA DINAMICA
17312;CONVENIENCIA BOA SORTE
17213;DROGAJA
23793;SUP. DO IRMAO 
17348;SUP. ENCONTRO DOS AMIGOS
17349;MERCADINHO MOREIRA
18740;SUP. PINGUIM
17914;COML. FONSECA
34450;NOVA ALIANCA SUPERMERCADO
35967;COMANDO BARBEARIA E CHOPERIA 
18936;CASA DE CARNE SAN DIEGO
18830;MERCADINHO LIMA
17370;FARMACIA ESCOLA
22831;MERCADINHO E ACOUGUE JARDIN DAS FLORES
22833;MERC. SAO BENEDITO
22834;MERC. SILVA
34421;MERCEARIA GUIMARAES 
17857;DROGAFONE
18105;MERC. TOTINHA
17820;SUP. IRMAOS ALFENAS
22721;BETEL SUPERMERCADO
22902;SUPERVI JK
42759;CONSTRUTORA BOA VISTA
17817;MERCADO POPULAR
18261;SUP. POLO SUL
18986;SUP. BARBOSA LAJEADO
17245;MERC. MOREIRA
18828;SUP.TASSARINHA
42715;OLIVA EMPORIO BISTRO
17852;DROGAFONE II
17853;DROGAFONE III
22689;SUP. BELMAR
22690;SUP. MAIS ECONOMIA
34542;PANIFICADORA ALIANCA 
34550;MERCADINHO DA CHAPADA 
17472;SUP. SERVE MAIS
17476;SUP. ROCHA
18298;COML. MASTER
20958;ARMAZEM JOFRAN 
20959;WELL GAMES - LAN HOUSE
35780;SUP. MANA 
21026;DROGA IRIS
21027; FARMACIA ARTESANAL
17446;CASA GOIAS
17447;MINI BOX FAVORITU'S
18885;SUP.LUSTOSA
42785;DIST. AMPLA
18609;DROGARIA PRIMAVERA
17905;DROGARIA AURORA LTDA
22701;COMERCIAL XEPA
18871;DROGARIA SAO LUIZ
18290;DROGARIA LIBERDADE
43321;MERC. MANGA.SABINA
22550;REAL UTILIDADES
18269;SUP. REAL
17345;DROGARIA PAPILLON PARK
17346;FARMACIA CONFIANCA
23087;ATACADO ARAGUAIA 
34818;RACOES VENEZA 
35082;EMPORIO PAES E DOCES LTDA 
23088;SUP. SUPER NORTE
17250;PEG PAG FIGUEIREDO
22551;COMERCIAL PORTO  LEONE
18610;DROGARIA BARAK
18118;MERCADINHO MARCOS
35905;PANIF. PAO DO LAR
35909;SUP. SUPEROCHA
18819;COML. MINEIROS
18820;COML. MARCOS
18821;SUP. CEARA 
17252;MERC. TRES IRMAOS
17307;DROGAFACIL
42786;CASA DUARTE 
17644;SUPER AGUIA SUP.
18773;DROGARIA CRISTO REI
17256;SUP. CACULA
17262;SACOLAO AVENIDA
17257;ATACAREJO DIAS
18698;SUP. BARATANI
34568;BOMBOCADO CONVENIENCIA L14 
35376;SUPER ALVINO 
18431;SUP. SAO JOSE
19004;SUP. TRADICAO
17263;DROGARIA CARVALHO
17264;DROG. CARVALHO
35933;SUP. BOM VIZINHO
17648;SUP. PACHECO
17728;JOSE DO VINHO
18469;DROGAVISA
17846;SUP. SOBERANO
18113;SUP. TEND TUDO
18833;SUP. KISUPER
17383;CENTER FRIOS
18796;DROGARIA SANTA LUZIA
18560;SUP. CASTELO
44174;SUP.UNIAO
23086;SUPERMAX 
474;COML. RICARDO
14410;COML. BOSQUE
18101;MEGA VIZINHO
35384;PONTO DO LANCHE
35401;COML. GRAO MAIOR
18699;SUP. ALTERNATIVO
18086;O VERDURAO II
18258;IGREJA EVANGELICA
22849;SUP. SUPERBUSO
22850;SUP. VITORIA
42436;SUP. IDEAL 
24162;SUP. CORRENTE 
49062;DOSIM TO GO
17368;SACOLAO PARANA
17452;SUP. ORIENTE
17299;SUP. MARTINS
21117;POCAM COMIDA CASEIRA - RESTAURANTE
42610;MERCADINHO BLM 
18823;DROGARIA PAGUE MENOS
18333;GURU FRUTAS
17369;DROGARIA REAL
18223;MATSUDA GOIAS
18370;SUP. VIDEIRA
22615;CONVENIENCIA JULIANA
22884;COMERCIAL SAO LUCAS
22885;SUP. VITORIA
22919;ROONEI SOARES
43325;PALMITOS PEQUIRITU
43346;MINI BOX SOUZA
43653;SOUL COSMETICOS
18334;SUP. AMIGAO
17355;SUP. NOVO LAR
18403;NOVA DROGA VILLAS
18404;NOVA DROGA VILLAS
18778;SUP. ECONOMIA
42619;LANCHE DO PALHUCA 
22886;SUP. METUZALEM
24165;BAR E MERC. DO JULIO
18804;SUP. REAL
18966;COML. ESTRELA
18891;MERCADO ALVES
17337;DROG.SANTA LUCIA
17338;WAGNER GUILHERME
18890;LOTUS SUP.
18719;FARMACIA E DROGARIA BRANDAO
22783;COMPOSTO CONVENIENCIA
22784;SUP SERVE BEM
18157;SUP. CENTRAL
17442;SUP. FABIANA
17672;SUP. CANAA
17323;BAR E RESTAURANTE SPAZIO
17380;MERCABOX CANABRAVA
17372;POSTO MEDICAMENTOS SAO JOSE
34842;BOMBOCADO CONVENIENCIA 5 
17236;VERDURAO ECONOMICO
17244;MERC. MARQUES
17713;DROGART
17439;CASA AMORIM
17407;DROG.NEO GENERICO
17816;DROGARIA + SAUDE
35908;POINT DA LARANJA 
18071;PEG PAG ALVORADA
22519;SCGC ESPACO INTEGRADO DE TERAPIAS
22687;SUP. CARVALHO
22688;MEGA SUPERMERCADO
18187;SUP. REAL
22728;POSTO T-4
22765;TRANSPORTADORA DO VALLE
22775;SUPERBOX BOM JESUS
22863;MERCADINHO WJ
22864;EXTRA SOM
17553;MERC. E PANIF. IPE
17558;SUP. SACOLAO
17567;HORTIFRUTI INDEPEDENCIA
17663;SUPERVI (CENTRO)
17494;DROGARIA VITORIA IV
17226;ICE MANIA 
17227;COML.  POPULAR
17298;DROGCIVICA
18097;SUP. MODELO
35986;MERCADINHO CANTAO 
37011;MERC. MACEDO 
18098;SUP.BRASIL(GOIANESIA))
17611;PANIF. E MERCEARIA CANAA
17508;REDE LUCAS (004 AFONSO PENA-ITUMBIARA)
42614;MERC. SAO FRANCISCO 
42674;SUP. SERVE BEM 
22607;SUP. IMPERIAL
50721;SUPERSILVA
22608;GLOBO REVISTARIA 
22882;LUMIERE HOME VIDEO
18164;CASA MARTINS LIMA
42641;MERC. DO FACAO 
17904;SUP. 3 M
17977;DROGARIA GENERICA
20955;FABRICARE - DROGARIA
17432;FRALDAS SAPEKA
17455;SUP. CACULA II
37649;SUP. CAJUI
48395;ZL CASA DE RACAO
17458;PEG PAG BOM PRECO
18586;DROGARIA SAO SEBASTIAO
22664;PANIF. PARAGUAI 
18280;COMERCIAL CACHOEIRA
17509;COML. RODRIGUES
37943;SUP. ALIANCA 
17601;COML. FONSECA
18861;DIST. DE ALIM. TRES A TRES
17843;COML. TELES
18135;A PHARMACEUTICA
35041;REAL ACOUGUE E MERCEARIA
42682;COML. CAMARGO 
18972;SUP.ECONOMICO
17415;TRANSPORTADORA CRISTINA
18984;DROGARIA BARROS
17834;MTG CONVENIENCIA
30961;MAETERRA PRODUTOS NATURAIS LTDA
22069;SUP.  VAZ
18854;DROGAMIL
22714;BV DISTRIBUIDORA
19817;SUP. RAYSA
38338;RK COMERCIAL 
17593;SUP. AVENIDA
22867;DROGARIA SANTANA
17609;DROG. RECANTO
19889;CLAUDINO LOPES DA SILVA
26978;SUP. E SACOLAO GABRIELE 
34144;IND. E COM. CEREAIS ALIANCA 
19925;PEQUITITO CONVENIENCIA
19926;SUP. BOM VIZINHO
19928;SUP. JAQUELINE
22505;ITALIAN SORVETES
22506;VISAO SUP.
34501;MERCADINHO REAL PRECO 
22507;COMERCIAL  RODRIGUES
22509;COMERCIAL 2T
18615;COLONIAL BISCOITERIA  E CONFEITARIA
18663;SUP. ARANTES LTDA
19930;SUP. JARDINS
45856;MB
22726;EMPORIO VEM QUE TEM 
17821;PANIF. JM
18881;SUP . SAO JOSE
18762;COML. ARAUJO
19931;SUP. ALENCAR
38384;SUPER MAX
49080;SUP. XANDY
38438;SUP. MOREIRA 
18695;ARMAZEM TOCANTINS
22691;ESKINAO DA 41
22779;SUP. IMPERIAL
22780;MERC. GALVAO
22781;CHURRASCO GAUCHO
34231;PEG PAG PLANALTO
22874;SUP. ECONOMICO
19932;CANTINA COLEGIO VISAO
17399;FARMA LIFE
17402;MERC. RODRIGUES
20946;PAO NOSSO CONFEITARIA E PANIFICADORA
34886;CASA DE CARNE SOARES 
35486;MERCEARIA MESQUITA 
17890;SUP.CAMPEAO
18710;SUP. SAO JOSE
22875;MEU ECONOMICO(LJ.01)
17408;DROG. MENDANHA
45887;PONTAL ATACADO E VAREJO(PAQUETA)
18156;COML. RUFATTO
17949;TINTAS LEINERTEX
17479;CARAJAS SHOPPING
17480;DROGARIA CENTRAL
36005;SUP.SOUZA
36800;COML. TOCANTINS
42677;CHURRASCARIA CAPIM DOURADO 
18734;DROGAMED
22372;COMERCIAL DEUS E MAIOR
22373;SUP. CARRO CHEIO
22374;SUP. CENTRAL
18367;GEROMAO CONVENIENCIA
18315;COML. COSTA
35800;SUP. GOIAS FRIOS 
22352;SUP. QUERO MAIS
22353;SUL FRIOS
22354;POSTO GUANABARA
17922;SUP. BAHIA
18654;MINI MERCADO BOM PRECO
35865;KINTA RODA LANCHONETE
21028;DIST. FRI LEITE
21029;SUP. SANTA HELENA
21030;HIPER VIP
21031;PANIFICADORA OFICINA DO PAO
17467;SUP. GAROTINHO
17468;SUP. LUCENA
30909;CASA DE CARNE E CONVEN. DO TIAOZINHO
45937;COML. COSTA
45952;FRAN HAIR COSMETICOS E VARIEDADES
22510;DOCE PALADAR
17941;SUP. BARATEIRO
17946;DROG BOM SUCESSO
21032;SUP. COMPRE BEM
36122;CASA DO CRIADOR 
36143;TEXANUS BAR E RESTAURANTE 
22233;CANTINA DA TIA TETE 
18442;SUP. SAO JOSE
18244;DROGARIA SANTA LUZIA
18559;SUP. AGUIA
17551;SAO SALVADOR
35880;VAREJAO DA FAMILIA
35900;REVISTAS E BEBIDAS.COM 
17936;COML. VARGAS
17682;FARMACIA DOS TRABALHADORES DE TAQUARUCU
22876;MEU ECONOMICO(LJ.02)
22912;SUP. LEMES
22913;SUP. KARTUCHAO
36688;PANIFICADORA E MERCEARIA FERNANDES 
18148;SUP. LOBO
18161;MERC. CANAA
18382;MERCADINHO BOM PRECO
18408;COML. OPÇAO
17975;LANCHE BRASILIA
45893;MERC. GUINE
22896;DROGA DANTAS
22897;DROGA LIDER
22898;COMERCIAL LIDER
22761;MESTRE SUPERMERCADO
22762;ARMAZEM CARVALHO
18805;DROGARIA LIDER
34269;SUP. RIO BARAO 
22060;COMERCIAL POKO PRECO
18267;SUP. EDUARDA
18944;SUP. CARDOSO
18220;SUP. CRIMEIA
18309;MERC. COIMBRA
18266;SUP. IMPACTO
17583;SUP. SERVE MAIS
22234;DROGAFONE V
17449;PEG PAG AGUIAR
17844;SUP. LAR FELIZ
21603;COMERCIAL CARDOSO
21604;COMERCIAL TRADICAO
21706;COMERCIAL L E L
21707;SUP. COMPRE BEM
18012;DROGARIA COCHANINA
18067;DROGARIA PAJE
17970;COML. BURITI
22609;MERC. BOM PRECO
22610;EMPORIO FLAMBOYANT
22611;SUP. PEQUIZEIRO
35047;MAIS Q PAO 
21708;CELSON E CIA BAR E RESTAURANTE
22626;A CAMARGO
22696;SILVA SUP.
18806;MERC. RIBEIRO
36074;ARMAZEM DA CARNE 
18775;SUP. MIRANDA
21710;DROGARIA LINS
22612;HIPER BOX TEND TUDO
22613;MERC. MONTE VERDE
45879;COML. CINCO IRMAS
18865;COML. JM
22972;PEG PAG ESPANHOL 
22973;HIPER GEGE 
17957;MERC. SERRA AZUL
17958;MERC. CAMARGO
36038;SUP. TATICO (JD AMERICA)
18841;COML. PONTO CERTO
18689;DROGA LUNNA
22496;SUP. PEIXOTO 
22497;SUP. SERVE BEM
22498;A HOSPITALAR
35631;AGROVALE PET BETEL
37402;CASA DA CARNE PATUREBA 
22499;MINIBOX
17373;PEG PAG SUPER REIS
18421;SUP. MARCUS
17229;SUP. DAYAM
36075;MERCEARIA ARAGUAIA 
36474;MINI BOX 43 
17232;SUP. FORTALEZA
22704;SUP. DOIS AMIGOS 
17659;DROGA SAUDE
22508;SUP. BARAO
18834;SUP. CELTA
18712;DROGARIA MILAO
18667;SUP. PANIF. TAKTICOS
18361;SUP. WS
18846;SUP. POTENCIA
17660;DROGARIA SAO LUCAS
17994;FARMACIA DO ADRIANO
17997;MERC. SOUZA
22347;PIZZARIA NOVO SABOR
22348;SUP. PONTO CERTO
18847;SUP. PANTANAL
35801;SUPER ECONOMIA 
18238;FARMACIA SANTA MARIA
18247;DROGARIA CERRADO
18809;MINI BOX QUASE TUDO
17723;COML. FERA
22349;MERCABOX DA COSTA
37913;COML. VALADARES
22350;TOTAL FARMA
22351;SUP.SAO JOSE
18862;SUP. EXPLOSAO 
17398;SUPER STORE
45872;MINI MERCADINHO E ACOUGUE PERNAMBUCANO
18441;TODA HORA SUP.
18636;DROGANOSSA
22665;PANIFICADORA E FRIOS 
22666;SUP. VISAO
35936;SUP.SAO JOSE
36624;SUP. KALLYSSAMMY 
17602;COML. SHALOM
24279;COML. DA HORA
18418;EMPORIO DO VINHO
18883;MERCADO PARATI
34154;MERCADINHO PAGUE MENOS 
18204;COML. CAMILA
18985;DROGARIA DO POVO
18818;SUP. CINTRA
17772;DROGARIA NOVA VIDA
34549;SUP. SUPER VALU
38085;DC COMERCIAL DE ALIMENTOS LTDA 
18126;COML. IRMAOS SOARES
18815;SUPER BARAO SUPERMERCADO(CID. JARDIM)
21022;CASA DE RACAO MUNDO DOS ANIMAIS
21023;PEG PAG UNIAO
21024;REAL SUPERMERCADO
45905;AGROMASTER
17576;SUP. CENTRAL
17499;FARMACIA STA. MONICA
18018;SUP.S BAHIA
18524;SUP. MARKUS
18897;SUP. CENTRAL
38196;POTY SUPERMERCADO
18870;DROGARIA CRISTINA
22585;SUP. GAROTAO
17579;MEIDE DISTRIBUIDORA DE BEBIDAS
17715;ARMAZEM DIAS
34252;MARIA LUCIENE ESTEVAO 02713615496 
22904;FARMACIA POPULAR
18679;COML. POLIANA
18381;HOTEL DOS VIAJANTES
17542;SUP. VITORIA
17549;MERC. GOIANA
38086;COM. TOCANTINS 
17909;BRASIL VARIEDADES
18670;MERC. LEAL
18491;COML. SAO MARCOS
43241;CONVENIENCIA LIMA
18816;MERCANTIL - TO QUERENDO
17937;SUP. JUNIARA
18311;ART INOVACOES CESTAS
18619;DROGARIA BARAO
18160;COML. MOURA
38763;MINI BOX REI DE FRANGO 
18506;COML. BARRINHA
18901;DROGARIA VICTORIA
18353;MERC. RODRIGUES
17801;COMERCIAL 3 IRMAOS
34819;IMPERIO DOS PAES 
17802;SUP. FABIANA
17803;CADA DE CARNES TAVARES
22412;COML. ANDRE
17589;SUP. ABADIA
18473;PAPEL E ARTE
18366;SUP. PONTO CERTO
37858;MERCADINHO  NORDESTE
17704;COML. BRUNNO
17706;PAGO'S DO SUL
17804;DROGARIA PHOENIX
18447;MERCADINHO BARATEIRO
21794;MERC. OLIVEIRA
45894;MELHOR PRECO SUPERMERCADO
21795;SUPER ZE
21796;PANIFICADORA PYT PAO
21797;TERRA FERTIL E CASA FORTE CONSTRUCOES
18799;SUP. 3 IRMAOS
17528;PEG PAG SANTA MARIA
45917;SUP. FORTALEZA
34864;TEM SUPERMERCADOS I
17529;PEG PAG GONCALVES 
19008;SUP. VERAS
17534;MERCEARIA INDAIA 
34924;CASA DE CARNE E MERCEARIA MS
34974;COMERCIAL OURO PRETO 
43248;REDE DE FESTA(APARECIDA-GARAVELO)
22793;SUP.CESTO DE OURO
22411;COMERCIAL X5
17614;MERCADINHO ESTRELA DE DAVI
22082;MERC. RAMOS
37859;SUP. FEIRAO DA ECONOMIA
38593;JATHIVI COML. RIBEIRAOPRETANA DE ALIM. E
22109;SILVA E RIO BRANCO
22823;DISTRIBUIDORA SERRA AZUL
22824;BAR E MERCEARIA DO IRON
22825;PANIF. FORMOSA
22829;PEG PAG SANTANA
18017;PEG PAG  VL. NOVA
45895;SUP.MARTINS
17483;MERC. TAVARES
17940;OPEN FARMA
22127;COML. SUL
17952;SUP. REIS (3-AV.AFONSO PENA/ST.CENTRAL)
43018;COML. WA
45867;SUPER MAX SUPERMERCADO
22128;SUP. GRAMADO
22357;PANIFICADORA JL
22421;MERCADO UNIAO
21711;SUP. L E S
21763;SUP. ECONOMICO
34271;SUP. DO VOVO
21764;SACOLAO ESPERANCA
21765;DISTRIBUIDORA DE DOCES SAUL
21766;SACOLAO TRIANGULO
34485;MINI PRECO 
21115;COMERCIAL PONTO CERTO
17805;DROGARIA SAO JOSE
21653;COML.TOCANTINS
21722;EMPORIO CANEDO
45852;SACOLAO MUNDO DAS VERDURAS
21739;SUP. REIS
24630;MONTE SINAI VARIEDADES
24631;DROGARIA SANTA CLARA 
21767;COMERCIAL PARAMBU
22838;COMERCIAL MORAIS 
22839;AVENIDA DOS PAES
17901;SUPER 10 SUPERMERCADO
21768;MERC. BALSENSE
18508;COML. TRES IRMAOS
47770;COML. POINT DAS BEBIDAS
18459;SUP. CAMILA
21892;SUP. CORTES
22067;MERC. TOCANTINS
22134;MINI BOX PEIXOTO
18680;SUP. TREVISO
17710;SUP. D´TERRA
21769;SUP. OLIVEIRA
21770;COML. CASTELAO
34603;MERCEARIA SUPER ZE
18904;SUP. BRANDAO
21789;COMERCIAL ASA BRANCA
21875;SUP. CAMARGO
21775;PLANETA ANIMAL
21776;SUP. BATISTA
21777;TUTA LAN HOUSE
34475;CASA DE CARNE E MERCEARIA DO DIVINO 
18776;SUP. BOI PRETO
18363;DROGARIA POMPEIA
21778;SUPEMERCADO ARAGUAIA
21896;SUP. PONTO FINAL
17934;MERC. ALMEIDA
34745;PREMIUM CONVENIENCIA 
17935;BIOFARMA
17938;SUP LIDER
18735;MERCABOX BAGDA
21779;PANIFICADORA SABOR MINEIRO
32354;COMERCIAL VIEIRA 
21780;LANCHONETE DO CAT
22752;COMERCIAL BOM PRECO
17962;COML. J.C.
21639;COMERCIAL E PANIF. PAES E DOCES
35901;SUPER CRISTAL SUPERMERCADO
35952;COML. TOCANTINS 
21648;BIOVIDA COSMETICOS E DROGARIA
21650;MERC. LUZ
21651;COMERCIAL S E D
21652;PEG PAG IPE
22792;COMERCIAL COELHO
35711;PW DISTRIBUIDORA
18466;PEG PAG NOVA CAPITAL
18857;DROGARIA ALMEIDA
18902;DAMACENO SUPERMERCADO
18903;POSTO DE MED. MARCOS
18963;MERCADO PAGUE MENOS
18177;MERCADINHO SAO JOSE
36088;COML. 5 ESTRELAS 
18746;SUP. OLIVEIRA
18072;DIST. CASA FORTE
21709;PAO E CIA PANIFICADORA
21713;LANCHONETE RENASCER
21747;DROG. BURITI
34768;SUPERMERCADO IMPERIAL 
21741;FRUTARIA IDEAL
18436;SUP. CONQUISTA (PQ. BANDEIRA)
21742;COMERCIAL ANDRADE
21751;PANIFICADORA 2 IRMAOS
35985;VALLE SUPERMERCADO 
47583;DISTRIBUIDORA DE BEBIDAS DO TIO PATINHAS
48801;COML. SERVE MAIS
21752;COMERCIAL BANDEIRA
21852;COMERCIAL FERNANDES
21748;PATRONI PIZZA
21772;CHURRASCARIA DOM PEDRITO
21773;SUP. SILVA
21774;PANIFICADORA GOIAS
22702;MOTORISTA
22723;SUP. CABRAL
18456;SUP. BOM JESUS
18127;SUP. TROPICAL
22692;MERC. VIGOR
22693;CHURRASCARIA CASA VERDE
22694;PANIF. MALTA 
24097;SUP. DO MIGUEL 
18465;SUPER 1
18477;SUP. REAL
34417;SUP. LEMOS
34423;MERCADINHO PREÇO BAIXO 
45858;REDE BARAO
18217;SUP. JUNIOR
18147;DROGAFARMA
18825;COML.N&A
18246;DROGARIA MUNDIAL
17876;SUP. WAL - MART
35918;IMPERIAL EMBALAGEM
17910;SUP. SUPERMIL
17911;GOIAS CARNES
17877;DROGARIA NETO
17884;FARMACIA DO POVO
17849;ARMAZEM  AMERICANO
18211;DROGARIA STA. MONICA
18111;PANIF. SILVEIRA
22851;VENDEDOR ANAPOLIS
23113;SUP. VITORIA
23114;SUP. BOM SUCESSO
18027;MERC. PLANALTO
34931;SUPER 10
18832;DROGARIA SANTA MARCIA
18626;PONTO EXTRA SUPERMERCADO
18324;DROGARIA TEM TEM
18174;PRODUTOS DE LIMPEZA PROLAR
18356;MERCADINHO MARA
42653;DROGARIA SOUZA 
18188;TOP FARMA
18943;COML. NOSSA SENHORA DE NAZARE 
17490;SUP. H S
18822;DROGARIA CARMELITANA
17874;EDSON CARLOS ALVES
45863;SUP. UNIBOM
18787;SUP LARANJEIRAS
18788;DROGARIA AURENY
18480;SUP. SILVEIRA & ROSA
18236;MERC. ABC
17885;DROGARIA PIO XII
37907;MERCADINHO ALIANÇA 
17928;SUP. PRADO
23248;SUP. OESTE
18354;MONICA SUPERMERCADO & VERDURAO PLANALTO
18242;A. S. D.
18214;MERC. BELARMINO
51260;MERCADINHO DO LOURINHO
35433;LACERDA CONFEITARIA 
36001;SUP. BOM PRECO 
18213;MERC. CEZAR 2
18212;SUP. BRASIL
18274;DROGAMAIS
17995;SUP. VITORIA
17649;SUP. MARES
35286;SUPER MERCADAO 
35311;SUPERMERCADO LIDER 
17485;SUP.  ALIANCA
18940;COML. RIOVERDENSE
17486;AEROFHARMA
19870;DROGATIVA
19871;PEG PAG CARVALHO
45945;SUP. SOLAR
18887;ROMA FARMA
18888;PANIF. PAO NOSSO
18454;SUP. J D
24134;DROGAMARYS 
24160;DISTR. DE BEBIDAS ZERO GRAU 
38668;COML.YSAC
17800;AMPM - SCALLA AUTO POSTO
19895;MERC. M. C.
19897;SUP. RIALMENSE 
19909;SUP. UNIAO
18070;SUP. MARIANA
35861;CRIAFORTE 
38000;SUP. SANTA RITA
18932;DROGA LUCAS
17898;AMERICA SUPERMERCADO
17955;SUPER MIX SUP.
17907;COML. PEREIRA
35315;SUP. CERRADO (SHOPPING)
17491;DROG.ALIANCA
22561;SUP. PONTO FINAL
22562;DROGARIA ALMEIDA
50445;MACHADAO SUPERMERCADO(JD.VILA BOA)
50758;SUP.NOVA OPCAO
22563;SO MOTOS
17899;SUP. MODELO E PIZZARIA
45897;CASA DE CARNE NEPOMUCENO
18741;HIPPER MERCADO MARITA
17900;COML. R. W.
17889;FANTE
18808;SO BEBIDAS
35351;SANTA CLARA DIST. DE PECAS  AUTOMOTIVAS
22564;SUP. PIETROBON
17492;SUP. LIDERANCA
18783;COML. POTENCIA
18784;COML. RIO PRETO
18789;SHALON PANIFICADORA 
18790;DROGARIA LUAN
34191;COML.DOIS IRMAOS
17895;COML. IMPERIO
17912;COML. PARAISO
17897;DROGARIA 2001
18352;NORTE FARMA
45935;VINICIOS REIS GALVAO
24253;CASA AGROP. MUNDO ANIMAL
18533;SACOLAO SILVA
17930;SUPER BRASIL
18707;DROGARIA BEM ESTAR
17607;SUP. BETINHO 
18703;SUP. POPULAR
18875;SUP . CHEGA MAIS
18350;MEIO A MEIO
22842;COMERCIAL BOM PRECO
36072;MERCEARIA RENASCER 
38669;ALVO DISTRIBUIDORA
22843;EMPORIO CANEDO
22844;SUP. O BAIANO
18785;COML SILVA
17863;MERC. BARBOSA COUTO
17869;SUP. ECONOMIA
35639;STOP MERCEARIA
38084;HOTEL E CHURRASCARIA PORTAL DO JALAPÃO
18308;MERC. SILVA 
18426;DROGA FARMA
18671;FOFINHA CRIACOES
18962;SUP. BRAGA
18836;MERC. CRISTAL
18771;SUP. SUPER VAREJAO
18005;SUP. SAMARA
17870;BAR DO BARBOSA
17871;MENINA FLOR FLORICULTURA
17658;DROGARIA PRO-VIDA
17700;DROGARIA PROGRESSO
45885;SUP. FAIXA PRETA
18975;DROGARIA MC
18137;POSTO JATAI
18893;IMPERIO DA ALIMENTAÇAO
18907;MAX SHOP
22989;AUTO POSTO PETRO PURO 
22993;LOJA DE CONVENIENCIA AVENIDA 3 
22994;COMERCIAL MATHEUS 
22995;MERCADO SANTANA 
18376;DROGARIA AVELAR
18338;COML. MINE CUSTO
17924;FARMACIA ELDORADO
35903;SUPERVI ITATIAIA
17926;COMFFERE
17998;COML. BETEL
18614;COML. 2000
24637;IGREJA PRESBITERIANA RENOVADA B PARAISO
18215;ROJAO ATACADISTA(005 ITUMBIARA)
47623;EMPORIO D SOUZA
47633;SUP. MENOR PRECO
18899;SUP. VALADARES
18967;MINI BOX TROPICAL
18108;2 IRMAOS CASA AGROPECUARIA
17953;SUP. IMPERIAL
22532;CENTER FRUTAS
22543;DISTRIBUIDORA MACEDO
22544;PM PAES
22545;COMPERFRUTAS
22546;SUP. JB
18154;SESC
22422;BIG SUPERMERCADO
22423;NOSSO NOVO MERCADO
18195;SUP. CABRAL
18777;SUP. DIA A DIA COM VOCE
18997;SUP. LUCAS
18696;SUP. MARTINS
38480;FORTE MAIS SUPERMERCADO
18697;DROGARIA REDE VIDA
18878;SUP. E PANIFICADORA SANTO ANDRE 
18341;SUP. E DIST. TUKA MAIA
18470;CHURRASCARIA DA PEDRA
18644;DROGARIA ORIENTE
35832;SUP. PAI E FILHOS 
22330;MERC. DO NENZIM
22331;SUP. ESQUINAO
19606;SUP. SUPER BALA
22868;HIPERMERCADO PANELAO
22869;PEG PAG DOIS IRMAOS
35864;ESTE BOI FORTE
46679;COML. SANTANA
18786;CASA DE CARNE DO JOAO
17621;SUP. AMERICA
18304;MAX PAO
18355;MERCADO AMIGAO
17886;SUP. MORAES
18139;MERC.SANTA LUZIA
17887;COM. SERVE LAR
17888;GELO & CIA
18978;PEG PAG MACAUBA
24264;SUPER GAROTAO
18813;DROGARIA UNIAO
34264;MIG DISTRIBUICAO 
18014;MERCADO CONSUL
18691;SUP. VITTA
18918;SUP. MARQUES
18722;DROGARIA VERAO
24117;MERC. TEM DE TUDO 
34435;SUPERMERCADO PLANALTO 
22466;SUP. DO BRAZ
22467;SUPER BUENO
22468;HIROSHI BEBIDAS E CONVENIENCIA
22469;EMPORIO POMPEIA
23667;CITRO5 SUPERMERCADO (MATRIZ)
24118;COOMAP
24159;MERC. MARIANA 
33140;COML. ROTA DA ECONOMIA
46802;ESPETINHO DO JUNAO
18807;MERCADO PARADA OBRIGATORIA
18499;DROGARIA MAIS SAUDE
18749;SUP. VAREJAO
18835;PHARMACIA E DROGARIA FABIANI 
34641;TOCA CONVENIÊNCIA
18856;COML. AMIGAO
18951;PEG PAG PONTAL
18368;MERCADINHO DUMONT
18140;SUP. PONTO CERTO
19868;ABERDEN ALIMENTOS - INDUSTRIA E COMERCIO
34436;SANELI SUPERMERCADOS 
18529;SUP. ALIANCA
18064;DROGARIA NOVA OPÇAO
22455;SUP. SINGULAR
22456;SUP. NUNES
22465;COMERCIAL GLORIA
22530;MERC. CARMOLANDIA
18074;SUP. POTY
18041;DROGARIA BIOFARMA
18874;DROGARIA STO. ANTONIO
18700;SUPER FEIRAO DA ECONOMIA
24262;LUMICENTER 
18475;SUP. PROMOCAO
18297;SUP. NARCISO
35898;SUPERMERCADO NOVA OPÇÃO 
18130;SACOLAO CENTER
18337;SUP. SONHO MEU
18882;SUP. ALTAS HORAS
18472;SUP. MARCOS
34437;MERCADO SAO JOSE 
21148;MERC. MOTA
21149;MERC. E BAR CENTRAL
18056;PEG PAG CASTELO BRANCO
18739;SUP. RAIO DO SOL
18661;DROGARIA CLARA
35044;PAIOL SERTANEJO 
18914;CASA DE CARNES E MERC. REAL
18558;SUP. REIS LOJA 02
18623;ARMAZEM CABELEIREIRO LOJA V
22327;SUP. TREVIZO
22328;SUP. TEND TUDO
22890;COML. CASTRO
18618;EMPORIO DONA XEPA
18425;SUP. SEMPRE VERDE
36611;KITANDA DO DUDI 
50769;HONEST MARKERT
45850;CASA DE CARNE MARTINS
18976;MERC. MACHADO
18977;SUP. DA HORA
18802;PANIF. E MERCEARIA SAO JOSE
22470;SUP. SOL E MAR
22329;SUP. CASA DE CARNE RIOS
34438;SUPER UNIAO SUL
18314;MINI MERCADO SILVA
18131;MERC. SAO CRISTOVAO
18378;SUP. SAO JOSE
18965;SUP. MARCOS
35799;AVEIBRAS INDUSTRIA DE ALIMENTOS LTDA 
47271;MERC. ANHANGUERA
22511;SUP. CRISTAL
18673;MERCABOX
18731;DROGARIA ANA LUCIA
18178;PEG PAG ANO NOVO
28654;SUP. SANTO EXPEDITO 
18520;DROGA QUALY
18136;HOTEL BENFICA
18053;LAGOS BAR E MERCEARIA
18203;SUP. PRIMAVERA
47684;COML. CLARICE
47688;SUP. GOYAZ
23416;SUPERVI AUTO SERVICO (JD. ALEXANDRINA)
18937;SUP. AMAZONAS
18666;MERCADO CORDEIRO
18007;DROGAMARY'S
34432;COML. ESKINAO 
18033;SUPERVI (VL. STA. MARIA)
18034;SUPERVI  (VL. JAIARA)
18035;SUPERVI (JD. AMERICA)
47427;SUP. DONNA DI CASA
47457;SUP. UNIAO
17986;SUP. EXTRA
18317;SUP. PARENTAO
18000;SUP. J  ALIANCA
22272;SUP. SOL
18100;SUP FLORESTA
18021;DISK BEBIDAS OLIVEIRA
18166;POSTO DE MEDICAMENTOS FELICIA
18496;SUP. SOUZA
49398;MAX ATACADISTA(PQ.REAL DE GOIANIA)
18873;MERCADO E CASA DE CARNE JUNIOR
34600;PEG PAG FLORESTA 
18747;SUP. ELDORADO
18837;SUP. ESTRELA DO SUL
18400;SUP. MODELO
22129;SUP. CAPUAVA
22130;SUP. ARAGUAIA
17966;SUP. ECONOMISA
18380;FARMACIA CRISTO REDENTOR
18092;SUP. DINAMICO 
22131;SUP.  GLOBO
18758;DROGA MAIS
34604;SUPERMERCADO EMPORIO VERDE 
34759;COMERCIAL MG 
18170;SUP. MARCOS
18171;COML. MORAES
18336;COML. ANDRE
18748;SUP. VITORIA
18042;SUP. REAL
45941;PRIMO SUPERMERCADO
22132;DROGARIA DO POVO
22133;MERC. E CASA DE CARNES MARTINS
18008;SUP. OPÇAO
18063;MERC. ITACARAMBY
18019;BARRACA PROD. DO SUL
36023;SUP.CANDANGO
18090;SUP. PRATA
42720;DIST. DE BEBIDAS E VERDURAO DO GORDINHO
42724;SUP. E HORTIFRUT DA ECONOMIA 
42734;SUP. SUPER NOSSO 
42809;CASA DAS RACOES BOM PASTOR
42833;MINI BOX SOBRADINHO
24589;3 PODERES
42776;LIDERANCA MERCEARIA
42811;BARATAO 2 IRMAOS
47814;SUP.ARCO IRIS BRASIL
22332;VIDEO LAR LOCADORA
22333;LEO BEBIDAS
18208;FARMACIA CRISTO REY
18207;SUP. PONTO CERTO
18839;MERCADO SERVE BEM
36080;COML. BOM JESUS
47365;FRIGO MAIS 1.006 SUL
18840;ALL TIME CONVENIENCIA
18179;MERCADINHO TEM DE TUDO
18401;HIPER FARMA
19005;DROGARIA MC
18929;SUP. 2005
36050;MERCADINHO SANTOS
36051;TOP RACOES
18751;SUP. COSTA
21640;PEG PAG ESTRELA
21641;ARMAZEM NIVA
18321;DROGASERV
18479;SUP. FORTALEZA
26777;ITA CENTER PARK LANCHONETE
36062;SUP. LIRA 
18142;PANIF. CUCA GYN
18793;SUP. ECONOMISA
18632;DROGASUL
18935;SUP. BRASIL
35675;SUPERMERCADO SUDOESTE
42808;O MERCADAO EXPRESS
18257;SUP. POTENCIA
18995;COML. MACEDO
18961;MERC. IPE
19064;SUP. PAI ETERNO
18085;DROGARIA ALENCAR
18946;SUP. M. E M.
22547;SUP. SORRISO
22580;SUP. BOSCO
22581;SUP.IDEAL
22582;SUP. UNIVERSO
47628;CASA DE CARNES E MERCEARIA GUANABARA
19068;HIPER BOX AKALANTO
22135;K E K CONVENIENCIA
18066;BOTIPHARMA
22136;SUP.  E ATACADISTA ALVORADA
18150;PEG PAG ECONOMICO
35857;COML. EL-SHADAY 
38523;COML. GIRO RAPIDO 
18293;COML. TERRA PROMETIDA
22583;SUP. ROCHEDO
22584;EMPORIO NORTE SUL
23148;MERCADINHO PINHEIRO
35335;MERCADINHO BEM MAIS
45462;LANCHONETE E ADEGA AEF
23150;SUP. BOM PRECO 
18175;SUP. PRIMAVERA
18988;PEG PAG SAO SEBASTIAO
24782;EMPORIO VITORIA
18020;REI DO LAR SUPERMERCADO
18782;COML. GIRASSOL
18974;SUP. DA ESCOLA
17967;PAIOL SUP.
17968;SUP. UNIAO
17981;SUP. UNIAO
18234;MINI BOX
45834;SUP. LIMA
18910;SUPER EUZANE
18411;PANIF. E PIZZARIA O POINT DA PRACA
22891;DROGARIA REIFI
49153;DULTRA CAMINHOES
22900;SUP. OK
35531;MASC MINIMERCADOS
35568;IMPACTOS SUPERMERCADO & PRESENTES
22901;SUPER BOX SANTA RITA 
22275;ESTACAO DO SABOR
17984;CERRADAO AGRO VETERINARIA
17985;DIST. GIRASSOL
22276;MINI MERCADO BRASIL
45837;EMPORIO DESTAK
22277;SUP. LEAO
22278;SUP. ECONOMIA
22903;SM CODORNIZ
18826;SUP. DO POVO
18328;DROGARIA OTONI
38439;BAR E MERC. SAO PEDRO
42714;MERC. FERREIRA
18954;SUP. FAVORITO
18095;SUP. BOM BRASIL
18955;LAR DA PROVIDENCIA
24787;SUP. CACULA PORANGATU
22279;REI PETRO 
36608;RESTAURANTE PANELAO 
18022;ALBERGUE SAO VICENTE
18023;SUP. SAO JOSE
18133;ARCO IRIS SUP.
18134;SUP. J & K
35577;SUP. VITORIA 
35907;COML. FRANCO
18516;DROGARIA BIOPHARMA
24376;SUP. PROGRESSO 
22817;CAMINHO DE CASA RESTAURANTE E BAR
18168;COML. SUL
17836;MINIBOX POPULAR 
22147;SUP. REAL
22248;SUP. GALILEU 
18277;SUPER MENOR PRECO
18844;MERC. DO RECO
42827;MH SUPERMERCADO
18996;DROGARIA SANTA MARIA
18950;FARMACIA E DROGARIA MODELO
18814;DROGARIAS NOSSA REDE
22104;MINIBOX JB
22323;SUP. SANTA FE
22324;BMG CONVENIENCIA
17933;COML. APARECIDA
18848;DROGARIA REAL
17960;SUP. DUDA
18016;SUP.  TOKE FINAL
18397;SUP. BANDEIRANTE
19110;CASA DO DOCE ATACADISTA
19111;SUP. PONTO FORTE
19112;SUP. RIO BRANCO
30895;COMERCIAL FAGUNDES
47047;COMERCIAL LIMA
19113;SUP. PARAISO
19205;ATLANTA PRESTADORA SERVICOS
19061;LANCHONETE DOIS IRMAOS
18121;DROGARIA RENASCER
18434;COMERCIAL J. FILHO
45914;MERCADINHO BOM PRECO
45949;SUP. BOTAFOGO
18659;ADFEGO
18753;COML. E CASA DE CARNE MAGALHAES
18693;PERY CONVENIENCIA
18850;COML. TRES IRMAOS
18991;MERC. E ACOUGUE FERREIRA
34270;COML. WKN
22140;SUP. LEVE MAIS
18557;COML. ISRAEL
22142;FARMANOVA
18933;LANCHONETE SCOOB DOO
38016;SUP. PRAJA 
45682;SUP. BRASIL
18672;SUP. SUPERBOX JK
18571;PEG PAG MILENIO
24804;PANIF. PAO GOSTOSO
20147;EMPORIO DISTRIBUIDORA DE FRIOS
43442;AGUIAS BAR E COMERCIAL AGUIAS
19043;MERCADINHO E CASA DE CARNE PONTO CERTO
19044;SUP. 2 IRMAOS
19045;SUP. SAO JOAO
19069;GRAOS & RACOES
19070;MERC. E FRUTARIA VILA
18572;DROGARIA MORUMBI
18779;SUP. TEBAS
18952;DROGARIA VIEIRA
18953;COML. LIMA
19011;COML.SOL NASCENTE
35462;PORTO RURAL
22209;FRY-CHICKEN
19071;MERCADINHO PAGUE MENOS
19072;TOKA COML.
19012;SUP. GABI
18959;DROGARIA SANTA MARINA
18686;SUP. HILARIO
23522;ARMAZEM GARIBALDE
18709;SUPER MORAIS
18043;SUP. REAL
22223;COML. VIDA
30624;J R DISTRIBUIDORA DE BEBIDAS 
47150;CASA DA LARANJA
22280;LANCHONETE E RESTAURANTE DOIS IRMAOS
18497;SUP. AGRO SILVA
23524;NEXO PROMOCOES E EVENTOS 
23525;ASSICASOL - 3 CIPM 
18682;SUP. LOANA
18599;DROGARIA BOA ESPERANCA
22249;MERC. DOIS IRMAOS
22250;SUP. NOVO TEMPO
18515;DROGARIA GLOBO
18843;SUP. POTENCIA
35472;SUP. MINI PRECO 
18600;DROGARIA CRIATIVA
18604;SUP. CASARAO
18608;DROGARIA VITORIA
22251;SUP. BORGES
22253;ARMAZEM VIEIRA
22254;COMERCIAL MAYARA
22979;COMERCIAL ALENCAR 
22991;COMERCIAL J. M. 
18721;PANIF. IDEAL
18384;SHOP MANIA
23091;COMERCIAL JERUSALEM 
23112;SUP. SUDOESTE 
23130;LANCHONETE BARCELONA LTDA
23133;MASTER VIDEO 
36068;SUP.UNIAO
24720;NOSSO MERCADINHO
22992;STAR CAMINHONEIRO 
18744;DROGARIA MULTIFARMA
18852;MERC. MARINHO
18613;CASA DA ROCA
18763;COMERCIAL MARTINS
19038;DROGARIA REDE FHARMA
23137;COML. BOA VISTA 
18385;DROGACAN
18281;SUP. IDEAL
18851;COML. LA EM CASA
18129;SUP. 3 J
18867;MERC. DO POVO
19065;CONVENIENCIA 32
19078;COML. NETO
19079;MERCADINHO SOL NASCENTE
19080;SUP. FURA-FILA
19081;SUP. SIMOLANDIA
19082;MERC. IPIRANGA
18930;DROGARIA BRASIL
43757;MERCEARIA MAUA
19010;PANIF.  E LANCHONETE PAO QUENTE
24170;MERC. E BAR CENTRAL
18630;SUP. VITORIA
18880;SUP. REAL
17991;SUP. VALADAO 
19083;SUP. LEMES
19084;LEMES SUP.
18552;SUP. BOM PRECO
18553;SUP. CASTELO FORTE II
34404;MINEIRAO MATERIAIS PARA CONSTRUCAO
19092;SUP. MAE BELA
18766;SUP. PEREIRA
18681;SUP. BIG LAR
18624;ARMAZEM DO CABELEIREIRO
18625;ARMAZEM DO CABELEIREIRO
18982;SUP. GOIANO
18396;DROGARIA CALDAS NOVAS
18523;MERCADINHO FREITAS
17932;COML. DO NEGO
45843;EMPORIO BOM PRECO
18595;SUP. BELO BRASIL
18593;G.O. DIAGNOSTICOS
18039;DROGARIA MODELO
18138;COML. RIO GRANDE
18514;MERCADO MARTINS
18377;SUP. POTENCIA
19294;COML. FALCAO
19296;SUP. EXATO
19297;STAR CONVENIÊNCIA
19298;SUP. SEMPRE VERDE
35244;FREE SHOPPING ABOBRAO
22203;CASA DE CARNE AVENIDA
18488;COML. SABIA
18509;SUP. MINI PRECO
18510;DROGARIA PACHECO
19101;REI BOX SUP.
19105;COML. SOUSA
19109;COM. BOM PREÇO
18917;MADRI SUPERMERCADO
18956;SUP. PARA TODOS
45910;MERC. CAETANO
45966;CONVENIENCIA BRILHANTE
22065;SUP. TROPICAL
18909;SUP. SAO LUCAS
19300;NEUGEBAUER
19305;SUP.MARQUES
18725;DROGARIA CARVALHO
36174;Z.P BAR E DISTRIBUIDORA DE BEBIDAS 
18082;NIQUEL NUTRIÇÃO ANIMAL
18860;SUP. CINCO ESTRELAS
18299;SUP. BRETAS
21183;LANCHONETE BAMBUI
26924;COML. V R
35583;JC BEBIDAS 
19047;SUP. MANGUEIRAO 
19108;MERCADINHO PEGUE PAGUE
19124;PERFETTI
19165;SUP. BOA SAFRA
19176;SUP. BRISA
19178;COML. FLORIANA
19018;MERC.  FLORESTA
19032;DROGARIA REDE SAUDE
19046;POSTO MEDICAMENTOS
19096;GIGLIOS SUPERMERCADO
45845;DIST. DE BEBIDAS MOREIRA
22192;COMERCIAL SERVE LAR
18478;SUP. SAO CAETANO
23075;PANIFICADORA E LANCHONETE NOVA ERA 
23079;KIBS CARNE
23089;SUP. QUEIROZ 
45846;SUPERMECADOR AVENIDA
23090;DAYANE SUPERMERCADO 
22242;EBBA
19031;SUP. GOIANO
24246;DROGARIA ALICE 
18811;MEGA FARMA
21195;HOTEL PALACE  AVENIDA
19088;SUP. FORTE
19089;SUP. GAROTO
19090;MERCADINHO SAO JOSE
19037;PLANETA FRUTAS
19073;SUP. JM.
19015;SUP. RENASCER
19016;MERC. DA DADINHA
19085;SUP.  PRISMA
35921;SUP. OPCAO 
24119;MERC. SANTA MARIA
19030;PANIF. DOCE MANIA
19034;DROGARIA FABIANA
22264;PANIF. AGNUS DEI
18911;SUP. CRISTO REI
34586;MERCEARIA SAO GABRIEL 
1216;COML.CRISTO REI
18628;DROGARIA VITORIA
24120;SUP. SACOLAO 
19086;SUP. CARLOS
19087;MINI-BOX MINEIRAO
35823;DISK DRINKS
19091;SUP. AMAZONIA
19093;ARMAZEM BOTAFOGO
19040;HIPERMERCADO MEGA FRUTT
19041;MINIBOX YANNIEL
18109;PAO DE OURO SUPERMERCADO (BURITYS II)
18675;COML. STA. LUZIA
18561;SUPERGIRO
18501;DROGA RYOS
19014;SUP. FLORESTA
19020;DROGATTI
19021;CASA DOCE LAR
19022;BAR E MERCEARIA GUIMARAES
22113;MERC. DO  ZUINO
18486;DROGARIA CASTRO
19122;LANCHONETE D' ITALIA
19125;SUP. MASTER
19140;DROGASERV
19169;MERCADO ARAUJO
35917;COML. SOUZA
22191;MERC.
19024;DROGARIA KADOSH
21726;SUP E CASA DE CARNES CENTRAL 
19026;COML. MOURA E MATERIAIS PARA CONSTRUCAO
21727;MERC. FERNANDES
21728;PANIFICADORA EMPORIO DOS PAES
19170;PRO-SAUDE
19123;DROGARIA REAL FARMA
19126;SUP. SAO JOSE
18647;FARMACIA E DROGARIA ESSENCIA
35469;SUP. CAMPEAO II 
18945;MERCADO CENTRAL
18050;SUPERVI (RESID. DAS FLORES)
19029;SUP. CARAJAS
19866;CANTINA CEFET
19874;MERCADO MINI PRECO 
23132;SUPER LEMES
19875;COML. TORRES
19876;MERC. TAVARES
17743;SUP. CENTRAL
18052;SUP. E PANIF. MENDONCA
35989;COML. ECONOMICO 
47907;COML. BELA VISTA
18057;PALMEIRAS MERCEARIA E CASA DE CARNE
19138;DROGAJA PLUS
19141;FARMACIA NOVA
19281;SUP. BOM VIZINHO II
19293;DISTRIBUIDORA DE DOCES VISAO
34802;DISTRIBUIDORA DE EMBALAGENS SANTOS 
36445;SUP. E PANIFICADORA MINEIRAO
36657;SUPERMERCADO NOVA FRONTEIRA
19878;COML. VITORIA
19094;SUP. SIMAQ
19095;SUP. SANTANA
36078;MERCADINHO SOL NASCENTE 
18579;SUP. SOLAR
18704;SACOLAO CENTRAL
19137;PANIFICADORA E MERCADO DOCE PARAISO
19150;SUP. ARAGUAIA
19152;DROGARIA CONFIANCA
36103;SUP. MOURA
19153;DALLAS HOTEL
19155;MINIMERCADO BARAO
19166;CHUR. LANC. E LJ. DE CONVENIENCIA NELORE
19167;CESTA BASICA ECONOMICA
19279;DIST. ROSA DE OURO
19280;DROGAREDE
36428;CONVENIENCIA ATLANTA
37986;REQUINTE SUPERMERCADO 
19299;SUP. MELO
19307;DROGA TEM
19308;SUP. SAO BENEDITO
19310;PEG PAG OPCAO
19168;MERC. FERNANDES
34823;WAM  BRASIL
19203;FLORICULTURA RENDA PORTUGUESA
19106;SUP. 2000
19107;SUP. COMPRE BEM
19033;GINA
45924;ECONOMIA
19036;SUP. RIBEIRO
19449;SUP. BOI PRETO
19475;DELICIAS DO CERRADO
19533;COML. RESISTENCIA 
35915;PRIME SETE
35940;MERCABOX ELDORADO 
19534;DROGARIA CENTRAL
19545;DROGARIA VENEZA
19547;COML. GONCALVES
19048;SUP. PANTANAL
34329;ATACADAO DAS BEBIDAS 
19172;CHURRASCARIA BRASIL
19173;SUP. BOM PRECO
19234;SUP. GOIABAO (VERA CRUZ)
22299;COMERCIAL MARIANA
34476;CONVENIENCIA SANTA LUZIA 
34522;BEBIDAS FENIX 
37233;PEG PAG NOLETO
23908;COM. BARATINHO
19314;DROGARIA SAUDE
19315;COML. J. BARREIRA
19316;SUP. UNIVERSO
19317;SUP. SENNA
19318;SUP. SAO JOSE
45927;COML. FERREIRAO
24705;COML. SUPER UTIL
19238;PEG PAG OLIVEIRA
19239;SOL DOCES E FESTAS
18047;SUP. CARDOSO
19051;SUP. VITORIA
19052;PEG PAG RIBEIRO 
19207;SUP. ALENCAR
19142;SUP. SAO JOSE
19144;CAMPEAO SUPERMERCADOS(SANTO AGOSTINHO)
19145;SUP. MARGUS
30966;SÓ RAÇAO
34856;SUP. SANTA MARIA 
19148;SUP. SAO JOSE
19149;COM. CEARA
18296;DROGARIA CRISTO REY III
19208;SUP. DO JUCA
19209;COML. DE .GAS SANTO ANTONIO
19210;SUP. EMPORIO MAIS
19158;RITTER
23040;CESTAS BASICAS DO HELIO 
23076;PANTER MIX 
18947;PEG PAG POPULAR
19074;SUP. PARA TODOS
19076;SUP. NORTE SUL
18490;SUP. BOM JESUS
18512;TRADICAO GAUCHA
19219;MASTER SUPERMERCADO 
37743;SUP. GAUCHO 
23077;COML. PLANALTO 
23078;COMERCIAL VIEIRA 
18694;SUP. DA TUCA
27704;SUP. LEAO
34858;SUPER OLIVEIRA 
46956;SUP. PAULISTA
18048;SUP. ENCONTRO DOS AMIGOS III
18398;DROGARIA RIVIERA
19220;SUP. GOIANAO
19222;SUP. NACIONAL
35236;SUP. OLIVEIRA
35874;SUP. PAULISTA
19225;SUP.CRISTAL
19231;CENTER VIDEO
19232;SUP. PAG MENOS
18513;FARMACIA GENERICA
18399;SUP. RENASCER
18620;ARMAZEM DO CABELEIREIRO III
18540;PEG PAG MINI PRECO
18645;DROGARIA PADRAO
19121;CONVENIENCIA SANMARINO
22163;COMERCIAL MORETTI
19114;SUP. SERVE BEM
18060;COML. NOVACOL
18627;SUP. BELO HORIZONTE
18061;COML. PEZAO
19179;RCA 18
34921;COMERCIAL SANTALVES 
19128;SUPERNAVES
24473;MERC. JULIANA 
19115;SUP. SOUSA
19116;DROGARIA ELLEN
19117;SACOLAO DA FAMILIA
38749;ARMAZEM DO MESSIAS
45873;PRAJA EXPRESS
19120;PINHEIRO SUPERMERCADO
19053;SUP. LIDERANCA
19054;DROGAMED 1
19129;SUPER MARABA
19130;MERCABOX FRUTILAR
19131;HORTTI FRUTI
19132;REST. E LANCH. ROSARIO
22190;SUP. SUL 2
19371;CACULA CONSTRUTORA
19386;PEG PAG E DISK CERVEJARIA CANTAO
19452;DROGARIA CARVALHO
19133;SUP. ATUAL
19134;SUP. GOIAS
34949;PEG PAG MENOS AVENIDA 
19135;TROPICAL VAREJISTA
19136;SUP. RODA VELHA
19119;DROGARIA GOIANIA
19340;MEGA SUP.
45835;MERC. MOREIRA
19532;SUP. REZENDE
19554;SUP. ESPERANCA
19364;PANIFICADORA MEDIANEIRA DO TOCANTINS
19423;PANIFICADORA CENTRO OESTE
35374;MERCEARIA ZERO GRAU 
19424;SUP. BARRETO
19160;JJ. DISTRIBUIDORA DE BEBIDAS
19174;SUP. MUTIRAO
19184;MERCADINHO SILVA
19185;SUP. ARAGUAIA
19202;DROGARIA PALMAS BRASIL
19099;FARMACIA TOCANTINS
19100;BIG SUPERMERCADO
19446;MINI MERCADO COMPRE BEM
35593;SUPER BARAO CENTRO
35754;DIST. CERQUEIRA 
19453;SUP. BOM PRECO
19189;PANIFICADORA DONA GRACIOSA
19191;SUP. PAGUE MENOS
19192;MERC. & PADARIA PAO FRANCES
19194;COABA
19393;ARMAZEM NOVA ALIANCA 
19443;DROGA BELLA
19461;MERC. NB
47402;SUP. SOBERANO
47460;SUP. RECANTO DAS ARARAS
19332;PANIFICADORA MARINETE
19489;SUP. ESPERANCA
19258;MACRO SHOP DIST.
19259;MERCADAO DA POSSE
19494;SUPER GOL SUPERMERCADO
19477;SUP. MACRY II
19504;SUP. FRAMOZO
35794;SUPER LIDER PQ ANHANGUERA
19505;DROGARIA GENERICA CORDEIRO
19260;SUP. CAMPELO
19369;MERCADINHOS CARNE
19382;DROGANOSSA
50261;MINE BOX SANTA MARIA
19455;PEGUE & PAGUE GONCALVES
19473;SUP. SANTANA
24284;SUP. DOIS IRMAOS 
19354;MEGA SUPERMERCADO
19164;SUP. PACHECO
43340;MERCEARIA OESTE
19241;SUP. AZULAO
19242;FARMACIA DROGARIA LIDER
19243;FARMACIA SANTA TEREZINHA
19244;EXTRA ALIMENTOS 
19245;SUP. AZULAO
36070;MINI MERCADO ECONOMICO
19476;SUP. JORDAO
19335;FARMACIA GENERICA
19336;SUP. IPE
19347;LETICIA PRESENTES
30777;SUP. POPULAR 
36373;VERDURAO E MERCEARIA POPULAR 
19403;FARMAVIDA
19250;SUP. LIDER
23139;SUP. SERGIO' S 
23152;SUP. BARATAO 
23192;DROGARIA CORACAO DE MARIA 
19251;SUP. JASON 
22229;COML. ARAGUAIA
22230;CASA SANTA RITA 
22231;LOJAS PAULISTAS
22232;CEP-CENTRO DE EDUCACAO PROFISSIONAL
19162;BUFALO GRILL RESTAURANTE
19195;SUP. WAL MART
19470;SUP. SAO JORGE GERREIRO
19564;MERC. PAES
19565;VAREJAO DOS MEDICAMENTOS
23238;GABRIELLY EMBALAGENS
23239;MINI PRECO
19572;DIST. AGRO SILVA
34575;COMERCIAL BOMPRECO 
19196;BANCA DO CONTERRANEO
19197;SUP. ECONOMICO
19198;TRIGO REAL EMPORIO 
19350;DROGAVIDA
19363;SUP. CRISTAL
34411;COMERCIAL R E M. 
19425;ZITO FARMA
19573;SACOLAO CANAA MERCEARIA
19574;SUP. NOVA ESPERANCA
19252;SUP. ECONOMICO
19254;SUP. MUNDIAL
19426;SUP. PEDRA DO CALICE
19427;SUP. ARAGUAIA 10
45908;EMPORIO CATARINENSE
19435;COML. FILHOS
19159;POSTO LUFT
19161;MERCADO AZEVEDO
19019;ARMAZEM SANTOS DUMONT
19057;SUP. ECONOMICO
34644;SUP.ANDRADE
35083;MERCADINHO ARCO SUL
19059;LOCADORA CATARINENSE
19060;SUP. PRO BRAZILIAN
19436;SUP. LUIZAO
19437;DROGACENTER
19342;COML. BARBOSA
19345;MERC. BARBOSA
19075;DROGARIA UNIFARMA
23138;COML. PUGAS 
19180;MERC. BOA SORTE
42686;ATACADAO DOS PRECOS BAIXOS 
23832;COMERCIAL SHALON
19365;SUP. LISBOA
19391;MERCADO TRES IRMAOS
19392;DISK AMOR
19287;CHURRASCARIA GAUCHAO
36048;MERCADO ROCHA
18584;MERC. 11 DE MARCO
18585;MERC. DOM BOSCO
18622;ARMAZEM DO CABELEIREIRO
19360;SUP. ROCHEDO
35093;S O P H I A CESTAS & CONFEITARIA
35844;SORVETERIA SABOR DE MEL
36392;MERCABOX TOCANTINS 
19389;VAREJAO DA 32
19289;DROGARIA SOUZA
19102;DROGALLE
19103;DROGALLI
19104;SUP.BURACO
19127;DOCE TALENTO
19154;MERC. PARAIBA
19204;DROGARIA SAUDE
19390;MERC. ALENCAR
19400;SUPER CARNES MARCIANO
19401;SUP. BONI
36083;SUPER MARQUES 
19324;SUP. BARUFE
19377;NOGUEIRA SUPERMERCADO
19188;CONVENIECIA ARAGUAIA PALMAS
19683;CELEIRO SUPERMERCADO
19684;SUP. MENDONCA
19643;AGRONAI PROD. AGROP.
19651;COML. DOURADO
19666;SUP. A. M.
36442;LABIRINTO CONVENIENCIA 
19200;CHURRASCARIA TREVO
19419;SUP. JARDIM BOTANICO
19240;DROGARIA EXECUTIVA
19147;COZINHA CASEIRA
19255;BEIRA RIO SUPERMERCADO (CENTRO)
19256;DROGARIA FARMA
19667;SUP. SAO JOAO
19668;FARM. SANTA PAULA
19652;SUP. CARNEIRO
19622;SUP. MARCOS
19637;SUP. MILENIUM
19638;MERC. PIMENTA
19646;EMBALAGENS E PAPELARIA CUNHA
19266;SUP. SAO JOSE
19267;RESTAURANTE REAL
19269;UNIVERSO DISTRIBUIDORA DE ALIMENTOS
19257;SUP. CAMPEAO
35916;SMART TEND TUDO (JD OLIMPICO)
19181;SUP. RAINHA DA PAZ
19183;DROGA TROPICAL
19724;SUP. DO NEWTON
19349;MERC. DUTH
19353;TAMANE CONVENIENCIA 
34612;O BARATAO 
22145;LANCHONETE E PAMONHARIA PEDRA BRANCA
22146;SUP. BRASIL II
19275;COML. ARAUJO
19517;ESTRELA GAS
35367;PRIME SUPERMERCADO DAS CARNES 
35382;IDEAL SUPERMERCADO 
19321;SUP. PETROLINA
19323;SUP.CARDOSO
19328;DROGARIA UNIAO
19329;POSTO DE MEDICAMENTOS FERREIRA
19490;SUP. MODELO
42967;REST. E LANCHONETE BARRACA DO QUEIJO
19495;TANIA SUP.
19522;1000 MILHAS CONVENIENCIA
19523;SUP. COMPRE BEM
19524;LANCHONETE FENIX
19535;SUP. ATENDE MAIS (BRASIL)
24818;SUPERMIX 
19407;PEG PAG GOIANAO
19408;SUP. DU MORAIS
19409;MERCEARIA DO LAZINHO
19410;MERC. DO NENEM
19411;SUP. SERVE BEM
19562;COML.WESLENE
19647;ARMAZEM TRIANGULO
23249;MERC. BETEL
45832;COML. ALVES 
19648;AGROCARNE ALIM.
19673;BEBIDAS E CIA
19653;REST. DH
19621;HOTEL STA. MARTA
19627;UNIBOM
19563;COELHO E CIA
34920;UNIAO SUPERMERCADO
23198;EMPORIO DOLCCI
19474;SUP. SAO GERALDO
19379;DROGA SAUDE
19383;SUPER TOLEDO
34664;BOMBOCADO CONVENIENCIA 6 
22286;ATACADAO ALVORADA
19628;MASTER UTILIDADES
19536;VERDURAO CHEIRO VERDE
19553;MINASFARMA
19555;SUP. BOM PRECO
19556;TREVO SHOP
25435;LOJA DE CONVENIENCIA
19431;DROGANEVES
19432;SUP. UNIAO
22287;SUP. AVENIDA
22288;COMERCIAL E ACOUGUE RINCAO
22289;PEG PAG ALEMBREI
19338;SUP. SERRA DOURADA
34923;MERCADAO DA ECONOMIA (VL. CHAUD-CATALAO)
38220;SUP. MARCUS 
19434;SUP. CAMPEAO
23702;SUP. PONTO CERTO 
19519;LOJA DE CONVENIENCIA TURISTA
19595;EXTRA CARNES, FRUTAS E VERDURAS
19607;PANIF. E SUP. TETILESTAIS
34746;CORPUS SUPLEMENTOS NUTRICIONAIS 
22290;ARMAZEM AZEVEDO 
22291;DROGACENTER
23623;PEROLA DISTRIBUICAO (PQ. CALIXTOPOLIS)
19433;SUP. MARACANA
19615;MINI BOX TROPICAL II
38162;SUPER  BAIRRO 
19616;ALTERNATIVA SUP. E AUTO PECAS
19619;SUP. MODELO
19575;COML. PRIMAVERA
19576;SUP. O BARATAO 2
19611;7 ARTE CINE
19612;COML. BELA VISTA
36285;MERCADINHO LACERDA
19618;DROG. REGIONAL
19593;SUP. MARACANA
19526;DROGARIA SANTA LUCIA
19613;DROGAMARYS
19588;COM. SOUSA
41777;SOCOCO 
19589;MERC. MARLI
19590;SUP. SERVE BEM
19591;PEG PAG DIC
35925;ARMAZEM DO POVO 
36458;CASA DE CARNE GLOBO
19557;MERCADAO CENTRAL
19376;MERCEARIA DINIZ
19414;FARMACIA CENTRAL
19415;DROGARIA BRASIL
19416;DROGAVILLA
19583;SUP. ALIANCA
45866;ACAPULCO BAR E CONVENIENCIA
24882;SUP. JOIA 
24883;PANIF. ADORE 
24890;CREME MEL SORVETES
19594;SUP. MOREIRA
19448;SUP. CENTRAL 
36079;SUPERSAM SUPERMERCADO
19459;SUP. PASSE BEM
19479;AGROPECUARIA CRISTAL
19471;BAR E LANCHE SANTA FE
19586;SUP.SACOPAR
25304; PRECO BOM
35692;REST. EL SHADAY
45838;MERCADAO DA ECONOMIA (CENTRO-JATAI)
25305;A PECUARISTA
19584;SUP. DOS AMIGOS
19585;DROGARIA FAMILIA
19398;MERC. E CASA DE CARNE DORCON 
19458;SUP. PONTO CERTO
19485;DROGARIA SAO PAULO
19199;EROS VIDEO LOCADORA
19601;LANCHONETE BASTOS
19602;SUP.TIJOLAO
19603;MERCADO ECONOMIA
45931;SMART CADEIRAS DE RODAS
19469;DROGADADA
19708;MERCEARIA CEU AZUL
19717;MERC. AZULAO
19707;SUP. SUPREMO
19709;J. MACEDO 
35215;SUPERMERCADO JOAO
37048;SUP. TRES CORACOES
19710;MINI BOX POR DO SOL
19711;MERC. MOREIRA
22997;MERCADO TROPICAL
22998;SUP. AGUIA
22999;PEG PAG MERGULHAO
19757;PRECO BOM
35541;VAREJAO DO POVO
19733;SUP. CENTRAL
19736;PESCA E CIA
19737;MERC. E ACOUGUE TURVELANDIA
19738;MERC. NOVO MILENIO
19744;SUP. SUPERVIDA
34133;ATACADAO DAS EMBALAGENS E DOCES 
23140;EXPRESSO SHOP. 5 
23151;AMARO SUPERMERCADO 
19826;DROGARIA ESPERANCA
19839;MINIMERCADO NOVO NORTE
19782;MERCADO ESTRELA
34474;MERCABOX FREITAS
19783;LANCHONETE RODOVIARIA
19784;DROG. GIL
24370;SUP. 812 SUL 
19766;CASA DE CARNES E COML. II IRMAOS
22311;SABOR E CIA 
22312;COMERCIAL OLIVEIRA
19497;MINI  BOX  CASTRO
19558;PEG PAG MENDONCA
19566;SUP. FLORESTA
25299;SUPER CESAR
35557;SUPER RIO VERDE 
19797;SUP. SANCLER
19712;PANF. MERC. LIFE
19630;SUP. BARATEITRO
19661;SUP. COMPRE BEM
19810;MERC. POPULAR
37110;ROCHER ATACADO 
19805;SUP. LIMA
19567;SUP. UNIAO
19372;SUP. CENTRAL
19373;MERCADINHO EME 2
19421;COM. DE ALIM. FORT
19604;PANIF. BELTRAO
37084;COML. PADRAO 
19598;SOL LANCHE
19811;SUP. IMPERIAL
19773;SUP. SANTA LUCIA
19687;SUP. SANTA LUZIA
19774;SUP. RENDE MAIS
36409;MERCADO SALLES
19789;DIA DIA SUP.
19330;ALGO + SUP.
19331;COML. LIMA
23382;COMERCIAL RESENDE 
19337;MERCADINHO TRADICIONAL
38207;MERC. MARTINS
19357;SUP. NOVO LAR 
19359;SUP. UNIAO
19438;
19845;BAR E MERC. 2 DE MAIO
19790;SUPER PRIME 
19719;SUP. GONZAGA
37521;SUP.MINI GARAVELO 
19720;SUP. SANTA LUICIA
19721;SUP. RENASCER LTDA
19723;EX-GAMES LAN HOUSE
19582;MM RESTAURANTE
19596;PANIF. PANEAGO E OLIVEIRA
36754;COML. FREITAS
19597;SUP. BARREIRAS
19649;SUP. L S
19650;SUP. PIMENTINHA
19632;DROGAMARYS
19725;SUP. NOSSO LAR
19775;DROG. SOLUCAO
19776;MERC. MADUREIRA
19786;DROGARIA DOSE CERTA
19829;CENTER FRALDAS
38616;DROGARIA GOIASFARMA
19888;COML. VITORIA
19633;PAIOL SUP.
19634;MED FARMA
19635;SUP.OLIVEIRA
19636;BAR E RESTAURANTE VARANDA
38416;COML. SILVA 
19460;3 S RACOES
19481;COML. XIV DE SETEMBRO
19792;MULTIPLA EMBALAGENS
19769;ARNALDO PESCA ESPORTIVA E PET SHOP
19713;CASA LIMA
35245;KACULA GAS
19714;NOSSO MERCADAO
19715;SUP. BOM PRECO II
19527;SUP. POLIANA II
19542;BAR E LANCHES MIRABEL
19543;SUP. LIDER 
19560;DROGARIA DO POVO
19561;ATAKAREJO
19716;SUPER BETEL
19767;FARMA + FACIL
19768;COML. E CASA DE CARNE CONFIANCA
19830;VIDEIRA - IGREJA EM CELULAS
32465;EUROPA PÃES 
19846;SUP. SERVE BOX
23191;SUP. FABIANA 
32447;PEG PAG REAL 
34567;BOMBOCADO CONVENIENCIA 7 
38424;MERC. BAHIA
19402;BIG FARMA SAUDE E BELEZA
19548;LANCH. REST. E DORMIT. DO PAULINHO
19549;COML. ALVES E SILVA
19552;COM. ESQUINAO
19325;COML. SERVE MAIS
35490;DIST.AGUIAR DE PAULA
19848;LANCHONETE UNIVESITARIA
19764;SUP. PRO BRAZILIAN(JD. BALNEARIO)
19770;DROG. BOM JESUS
19746;MERC. VITORIA
19747;SUP. MARQUES
47586;SUP. CRUZEIRO
19748;CASA DAS BALAS
19326;COML. SAO PAULO
19327;ARMAZEM TOSTA
19381;PAIOL SUP.
19413;ESKNAO JL.
19418;COML. JR
35810;PEG PAGUE 
19812;DROGARIA + SAUDE
19749;COML. RIO CLARO
19750;MERCADO DO EDINHO
19801;CASA DE CARNE E MERC. TOCANTINS 
19843;SUP. E ACOUGUE ESTRELA
19844;O MELHOR SUPERMERCADO
19755;DROG. PHARMABEM
19828;SUP. GODOY
35841;MERCADO CERRADO 
35920;ATACADAO DAS POLPAS
19835;SUPERBIG SUPERMERCADO (TEOTONIO)
19836;COML. OLIVEIRA
19686;PREDILECTO
33905;ATACADAO DAS BEBIDAS 
47359;TREVAO SUPERMERCADO 
19688;SUP. FARIA
24830;MERC. PLAZA
19982;DIST. DE ALIMENTOS YAHOO
20016;SUP. TRIANGULO
20018;CONVENIENCIAS ICARAI
20027;ALL TYME CONVENIOENCIAS 24 HORAS 
32065;HIPER MIRANDA
45849;R W ALIMENTOS
19971;VILLA DO PAO
19972;POSTO NOVA SUICA
19847;FRIOS E ALIMENTOS COSTA
19849;SUP. SPERANCIN 
19662;NERCEARIA CARECÃO
36246;SACOLAO E SUPERMERCADO FABIAN
21199;BICICLETARIA DO LUZIO
21209;PANIFICADORA JUNDIAI II
21208;POSTO REPUBLICA
21168;SUP. REIS
19973;MERC. OLIVEIRA
19975;MINIMERCADO ESTRELA DO SUL
19977;SUP. SAO JOSE
20036;SUP.  CENTRAL
20037;O MUNDO DOS COSMETICOS
34147;COMERCIAL VIVIANE
20038;WG DIST. DE PROD. ALIMENTICIOS
21131;EMPORIO DOS PAES
21163;COMERCIAL MAKRO
21166;QUARTETTO ATACADO (PLANO DIRETOR SUL)
35906;AGRO-FORTE 
47095;FOX RACOES
21150;ESTACAO DA MODA MERCADINHO E VERDURAO
21184;O NOSSO PAO
21128;EMPORIO GYN
19991;BOL BAR
19992;COML.UNIAO
19993;ARTE PAO
38604;SUP. BEIJA FLOR
20000;LIDER SUPERMERCADO
23260;LA FORNERIA PIZZARIA 
20002;AMERICA CONVENIENCIA 
21185;PANIF. TROPICAL
21186;COML.AQUINO
34882;DENISE OSCAR GOURMET 
46948;ADEGAO MIX
21206;DROGA CERTA
21207;KIDS FESTAS
19943;POSTO PRACA CIVICA
21172;RESTAURANTE CEBOLAO
20004;SUPER UNIAO SUPERMERCADOS(SAO SEBASTIAO)
34395;HAVHA SUPERMERCADO 
20005;GRAND BEER REST. E CHOPERIA
20006;DROGARIA PRO-SAUDE
20040;SAVIO
19962;MERCADAO, CESTARIA E DECORACAO
24455;MERC. FREITAS 
23068;SUP. KO-LIDER 
23246;SUP. UNIAO
23247;SUPER FLORESTA
21201;SUP. E PANIFICADORA CENTRAL
21158;SUP. SERVE BEM
20288;COMERCIAL DA SERRA 
19614;SUP. ALIANCA
19629;COCO DO VALE
27137;PANIF. 3 PODERES
34987;SUPERMERCADO CAMPEAO 
19641;SUP. ECONOMICO
19499;SACOLAO GLOBO
19528;ALQUIMIA MIX
21140;EMPORIO SANTA CLARA
26891;RESTAURANTE E LANCHONETE ROUTE 60
37798;ANA BEATRIZ DE CASTRO BRIGIDIO 024677601
21129;CENTRAL BAPI
21204;DROGARIA UNIVERSAL
21205;CONVENIENCIA SAN MARINO
20099;FELIPAO PANIFICADORA
19605;MINIMERCADO MAESTRO
19609;SUP. MARCOS
19610;SUP. BRASIL
19617;SUP. RIOS
19620;SUP WM
19577;MERC. E CASA DE CARNE PUREZA 
35948;SUP.  IDEAL
21202;DROGAMEDD I
19851;SUP. VEN-KA T9
19853;SUP. PRIMAVERA 
19856;PEG PAG ECONOMIA
19857;SUP. MOREIRA
37592;SUP. MORADA 
47719;SUPERBAO SUPERMERCADO
19859;SUP. SANTA RITA
19578;DROGARIA LIBERDADE
19580;ARMAZEM CARVALHO
19530;MERCADO SENINHA
19559;MINIMERCADO CARVALHO
19404;SUP. CATALAO
35963;SUP. CIDADE 
19405;COML. VITORIA
20108;SUP. MOREIRA
20109;SUP. MERCAMOURA
20110;BAR E MERCEARIA SAO JOAO
20111;MERCADO BOM PRECO
20112;MERCADINHO ROCHA
20118;AMPM - POSTO PRACA DO AVIAO
19406;EDERSON PEIXE
19442;MERCADO LEAL
19645;VIRA E MEXE
22070;SUP. MORAIS 
47155;MERC. E FRUTARIA CUMARI
22164;MONJOLO'S RESTAURANTE 
20131;SUP. TEM TEM
19951;ALTAIR
19952;FRUTARIA DO ALTAIR II
27692;BAR E MERCEARIA CARVALHO 
36121;COML. SOUSA 
19985;SUPER CINE VIDEO LOCADORA
19986;PANIF. DO VAGNER
19987;COMERCIAL MARTINS
22165;COMERCIAL DIAS 
19581;ARMAZEM DO AREDES
35923;CENTRAL DA ALIMENTACAO 
36085;SUP. MONTANHA 
19422;SUP. BELMONTE
19428;SUP. ELSHADAY
19429;SUP. SANTIAGO
19430;SUPER MAIS SUP.
19988;SUP. FABIANI
20013;SUP. POPULAR
20019;DROGARIA TOCANTINS
19960;SUP. BOM PRECO
19981;DROGARIA BARBOZA
25570;SUP. E ACOUGUE GOMES 
25571;MERC. ADRIENI 
19832;SUPER PERU
19834;MERC. BARBOSA FILHA
19837;DUDU SUPERMERCADO 
19838;FARMACIA PAGUE MENOS
19841;MELLO ATACADAO (PALMAS)
19655;SUP. REIS II
43292;MEGA FESCHION
45861;ALMEIDA SUPERMERCADO
19656;MERC. E AÇOUGUE CARLOTA
19819;ARMAZEM FELIPE
19820;SUP. BOA VISTA
19821;SUP. NUTRILAR
19823;DROG. GOIAS
19950;SUP. SACOLA CHEIA
20001;AGUA VIVA SUPERMERCADO
20090;SUP. ROCHA
20179;PARIS SUPERMERCADO
20180;COMERCIAL CRUZ
19824;ATLANTICO SUPERMERCADO 
19833;SUP. SOUZA
19827;COML. W. QUEIROZ
22513;SUP. NORTE SUL
38376;SUPER BOM PRECO
23268;COML. ALMEIDA 
19657;SUP. TEMPO CERTO
20181;MERCADINHO POPULAR
20182;CASA DE CARNES MEDEIROS
35996;SUP. TATICO (GARAVELO)
20183;FESTA RADICAL - DOCES
20184;MERC. REAL
20155;SUP. UNIAO
20201;COSTA E VIEIRA - ATACADISTA
37365;SUP. ECONOMIZE 
19816;SUP.CALCADAO
21155;SABOR MAIOR CONFEITARIA
21165;MINI MERCADO CONVENIENCIA
21167;CONVENIENCIA E LAN HOUSE JC
26776;CONFEITARIA SABOR DO SUL
47593;MEGA BEBIDAS
21196;SUP. KO-LIDER
20091;SUP. SERVE BEM
20092;COMERCIAL SOUSA
20093;ACOUGUE E PANIF. SERVE MAIS
19933;SUP. CENTRAL
19944;COML. TOCANTINS
21197;COMERCIAL SANTOS
21198;MERC. J L
37572;MERC. E DISTRIBUIDORA DA HORA
20031;DOGS E CATS PET SHOP 
20032;SUP. PEROLA
20033;CASA DE CARNE E COMERCIAL MM
38607;IDEALLOG
19966;COMERCIAL TOCANTINS
19980;SUP. IDEAL
20028;CANTINA - COL. JESUS MARIA JOSE
20029;SUP. MARTINS
20051;PANIF. E MERCEARIA NEVES
20069;POSTO E REST. FLORESTAL
20034;SALG FESTA - SALGADOS
19956;ALEXFARMA
23201;FRUTOS DA TERRA 
35686;SUP. LOBO 
20126;DROGARIA TAQUARI
21137;REDE Z+Z
24561;COMERC. BATITAO DA VAL
26859;MAILSON SANTOS DE ASSIS 
26862;MINI BOX MAIS QUERIDO
34141;ATACADAO ARAGUAINA
20070;DROGARIA VIDA NOVA
20008;DRIVE STORE - CONVENIENCIA
20045;HIPERMERCADO LIDERANCA
20046;SUP. NETAO
20048;SUP. TEM DE TUDO
21138;SUPER PAO
21139;DROGARIA CLARA
19935;POSTO JARDIM AMERICA
19939;SUP. IDEAL
20017;SAO PAULO CONVENIENCIA
20057;SUP. TABOCAO
20049;DROG. LARA
20050;MERCADAO CONFIANCA
36073;MERCADINHO VILA AZUL 
20065;RESTAURANTE PANELA DE FERRO
20067;MERCEAIA VIERA
20078;SUPER VIDEO DVD - LOCADORA
19948;SUP. MARCOS
20059;SUPERMARES
20060;SUP. BOM PRECO
34229;EMPORIO HL 
20061;SUP. BOA VISTA II
20075;SUP. J. F.
19945;SUP. JAIME III
19961;SOL SUPERMERCADO
20041;SUP.VERA CRUZ
46592;SPACE MINI MERCADO
20043;PEG PAG SOL NASCENTE
24155;SUP. PONTO CERTO
24156;MERC. NOVA ESPERANCA 
20044;MINI BOX PARAISO
19968;COML. CARVALHO
19969;SUP. ALIANCA
20012;DIA E NOITE CONVENIENCIA II
20054;SUP. RAPOSAO 
20055;POSTO SETE
47185;EMPORIO BEER
20106;SABOR BRASILEIRO - RESTAURANTE
20047;SUP. FORTALEZA
20052;CANTINA DO QUASAR
20053;PAES E CIA
20076;MR. FAST LANCHES E RESTAURANTES
35596;MINI BOX DA ROCA
45906;BREJASCO.EMPORIO
20097;FARMACIA VITA FARMA
20098;ACAPU RESTAURANTE
20107;PAO SHOP - CONVENIENCIA
19947;SUPER BARRO PRETO
19994;CLIPS COPIADORA
35977;BRASSAR BEBIDAS 
20010;CASA DE CARNE CRUVINEL
20082;COML. E ACOLGUE COELHO
19777;IDEAL SUP.
19778;COMERCIAL MARINGA
19798;SUP. PONTO FORTE
36792;EMPORIO DU ZE 
19825;DROG. AMANDA
19799;MINIMERCADO E CASA DE CARNE CHURRACAO
19813;MERC. DO LUIZ
20084;SUP. POR DO SOL
20086;SUP. DO RUY
36049;DELLICATA PAES
47694;PANUTI
20087;HOT RIVER - SUP.
20088;SUP. COMPRE BEM
20089;DIST. XINGU 
19942;POSTO CAPITAL
19814;MINI BOX FAVORITUS
47642;GRAN DISTRIBUICAO LTDA
19663;MERC. DO DIVANDO
19664;MINIBOX BOM PRECO
19626;SUP. CANAA
19639;PANIF. E CONFEITARIA GOIANAO
19640;DROG. AMERICA BRASIL
35979;MERCEARIA DA FAMILIA
25758;MERCABOX BELA VISTA 
25759;PEG PAG NOSSA SENHORA APARECIDA 
25768;MERC. JR 
20186;TRADICAO DISK PIZZA
20210;MERC. ELDORADO
21893;EDUARDO FERNANDES ROCHA
21894;MERC. PEDROSA
23107;COMERCIAL NB
20216;MERC. LIMA
20215;SUP. JAIME IV
20167;SUP. RENA
20206;DROGARIA MODELO
20236;COMERCIAL SANTA TEREZINHA
20237;COMPRE CERTO SUP.
20251;SUP. MUNDIAL
20223;SUP. ESPERANCA
34865;TEM SUPERMERCADOS
20153;PIZZARIA VILLA BELLA
20168;MERC. RENASCER
20229;CASA DE CARNE EL SHADAY 
20230;SUP. GIGANTAO
20263;NATUCAMPO PROD. AGROPECUARIOS 
20252;SUP. BARROCA 
24098;COML. OLIVEIRA
24099;SUP. 5 ESTRELAS 
20249;ADEGA E CONVENIENCIA CORUJINHA
20250;LANCHONETE DOIS IRMAOS 
20149;RESTAURANTE COMA BEM
20281;SUPERMERCADO JF 
20282;SUP. SACOLAO
20283;AGENCIA RECREIO - LIVRARIA E CONFEITARIA
20284;PESCA EM COMPANHIA 
20175;SUP. E CASA DE CARNE DONA OLINDA
20217;PANIF.  DAIANE DANIELA
20218;COML. BEM-TI-VI 
20219;SELMA 1,99 - VARIEDADES
20253;SERGIO BAR E SUPERMERCADO
20265;COMERCIAL ISA
20176;COMERCIAL MARQUES
20177;COMERCIAL BOM PRECO
19998;SUP. JOAO BRAZ
19999;SUP. REI DO LAR
20009;SUP. CACULA
22141;PEG PAG CASCATA
19967;MERCADO CAMPINAS
19984;EMPORIUM ALQUIMIA DOS SABORES
19996;SUP. NOVA OPCAO
19997;SUPER BOM SUPERMERCADO
20014;MERC. DA BILU
20011;DROGARIA ANHANGUERA
36054;MERCEARIA SAO MIGUEL 
20066;DROGA CERTA
23341;EMPORIO PALOMA 
20079;PIZZA MIA
20081;POSTO MUTIRAO
20114;DROGAMARY'S
20094;COMERCIAL AGUIA AZUL
19934;VIP-AGROPEQUARIA E FERRAGENS
19946;PANIF. SABOR E CIA I
19958;SUP. CEBOLAO
36064;MAIS BARATO SUPERMERCADO
36065;SANTA FE ATACADO
19979;GURUPI SUP.
20115;SPORT BIKE
20122;MERC. RENDE MAIS
20125;CASA DO PAO DE QUEIJO
20077;DROGA AMERICA
19957;CENTER CARNES FARIA
20056;DROGARIA MENOR PRECO
19983;VAREJAO HOLANDA
20080;COMERCIAL COMPRE BEM
26894;COML. AVENIDA
36089;COML. TAVARES 
20095;O BARATAO DO FERNANDES
20096;MINIBOX ELDORADO
20100;FARMACIA RAMOS
20101;PLANETA FILMES
20068;SUP. AGUIA
20072;SUP. BOM VIZINHO
20105;SUP. GAVIAO
20119;ALDEIA FOOD
20120;PANIF. E CONF. PANINO
19936;SUP. ECONOMIA
19970;SUP. SOARES
19978;CASA DE CARNE E COML. MUTIRAO
20073;SUP. RIO PRETO
20102;DELICIA DO DIA - PANIFICADORA
20103;COFFEE POINT - LANCHONETE
45969;FEIRAO ALIMENTOS
22265;SUP. BOM PRECO
22266;MERCADO PAO E MIX
19953;REAL CARNES ACOUGUE E SACOLAO
19954;DISCOLATE 
33455;COML. JL 
38224;MERC. MANU
38255;MERC. ALBUQUERQUE 
19955;ESTACAO DOS DOCES E CIA
20104;METROPOLE - LANCHONETE
20113;SUPERBARATEIRO SUPERMERCADO
20116;DROGARIA SAO GABRIEL
30731;CASA GRILL
34610;SUP. PANTANAL
20136;ACOUGUE PAULISTA
20137;COMERCIAL LEITE BOM
20152;ALGO + BRASIL CONVENIENCIA
20063;EXTREME CONVENIENCIA
20127;COMERCIAL ENTROCAMENTO
20129;CONVENIENCIA NEBLINA
21203;EMBALAGENS BRASIL
20015;POSTO CAMPEAO DA AVENIDA
20023;SUP. PIRES DOS REIS
20160;LANCHONETE POLLYANA
20169;MERCEARIA MARLON
20170;COML. MOREIRA
20171;CASA BRITO - MERC.
20172;COMERCIAL IDEAL
20173;CORMERCIAL COELHO
26829;PANIF. REI DO PAO DE QUEIJO 
47556;SUPERMAX SUPERMERCADO
20024;SUP. VITORIA
20030;SUP. RENASCER
23106;CHOPANA RESTAURANTE E CHOPERIA 
23489;SUP. REAL 
23492;CHURASCARIA NEVES 
34795;SORVET. E LANC. PONTO DE ENCONTRO
20214;SUP. ALVO
22950;PONTO RURAL 
20174;COML. SAO PEDRO 
20138;PANIF. REAL
20140;DROGARIA POPULAR
20154;SUP. BRASIL
20161;LANCHONETE PASSE BEM
20291;PANIF. W. H. A.
20292;COMERCIAL RIBEIRO
20200;MERCADO J. J.
20320;MERCA10 - MERCEARIA
20322;COMERCIAL MARQUES
20323;FARMA PALMAS
23182;SUPER SUL SUPERMERCADO
20394;MERC. DOCE LAR
20395;PALHOCA O SEU SUPERMERCADO
20403;COMERCIAL IZIDIO
20404;FARMACIA FILADELFIA 
20405;FARMACIA ITAIPU 
34808;SUP. RIO BARAO
34945;MERCEARIA E ACOUGUE MENDES 
20324;IT SUPERMERCADO
20325;DROGARIA SAO JOSE
20326;DROGARIA MEGA FARMA
20327;REAL BEBIDAS - DIST. DE BEBIDAS
45889;SUP. ATUAL
20338;SUP. GALLEAO 
20343;SUP. BARAO 
20406;SUP. NOSSA SENHORA DA SAUDE
20407;SUP. BACANI 
23552;SUP. ALO BRASILIA 
36082;PANIF. PER TUTTI 
23553;SUP. XANGAI
23554;SUP. MAIS BARATO 
20162;LANCHONETE AMIZADE
20344;SUP. RIO DAS PEDRAS 1
47615;SUP. SERTANEJO
47630;MINIMERCADO DO FABINHO
20345;SUP. MARCAL 
20347;SUP. SANTOS DUMONT 
22322;COMERCIAL SANTOS 
20364;BOMBONIERE 
20365;LIMPAZIL - FABRICA PROD. DE LIMPEZA
35843;ACAI MIX DELIVERY
20208;DELICIA - COML. DE DOCES
20287;CONVENIENCIA SERRA DO CARMO
20289;SUP. E CASA DE CARNE PROGRESSO
20221;SUP. ESQUERDAO
20222;DROGA SENNA
23301;SUP.ZE BOQUINHA
20393;COMERCIAL GET'S
20207;DROGARIA IMPERIAL
20224;PIZZARIA ALGO MAIS
20225;SUP. UNIAO
20232;MIL SABORES - PANIFICADORA
20231;SUP. VILA RICA
20314;SUP. NACIONAL 
20315;DROGARIA + POPULAR
20316;MERC. BARBOSA
20317;COMERCIAL LIMA 
23108;FARTURAO
35485;MERCEARIA E VERDURAO COPACABANA 
23109;COMERCIAL LIDERANCA 
23121;SUP.  MADRI 
23122;NOVA MERCEARIA SILVA 
24100;COML. SHALON
20134;SUP. FORTALEZA
20135;ARTS PAN PANIFICADORA
44767;MINI BOX RL
20188;MERCADINHO PEG PAG
20189;PANIFICADORA DELICIA DO TRIGO
20190;MERCADINHO PERNABUCANO 
20191;NOVO PEG PAG
20192;MERC. MORAIS
20193;CHURRASCARIA FAZENDAO
20255;TOTAL FARMA
20285;SUP. MACEDO
20297;SUP. RODRIGUES
20298;D'FESTA - ARTIGOS PARA FESTAS
45840;EMPORIO MASTER
22273;CASA FERREIRA
20309;UNIVERSO PET - PET SHOP
20310;SUP. ELDORADO
20194;POSTO T 13
20195;D'NAPOLLI PANIFICADORA 
20196;MERC. SAO BENTO
20197;SUP. ROSSETTO
20198;DISTRIBUIDORA CERES
23183;COMERCIAL PRIMAVERA
20311;PRACA DO SHOPP
20312;MERC. REIS
20313;PANIF. PAO DE MINAS
20148;MINI BOX MUTIRAO
20150;N. E. CONVENIENCIA
20151;CONVENIENCIA PAPALEGUAS
23184;SUP. VIDEIRA
23202;CIAL SECOS E MOLHADOS 
23221;COML. BOM PRECO 
20274;SUP. REIS
20275;AUTO POSTO ENTRE TREVOS 
20276;SINHA PAES E DOCES 
45848;COML. BOM PRECO
22274;MAX MAIS CONVENIENCIA
24154;MERCADO 2 IRMAOS 
20156;MERC. ITANHANGA
22204;ECONOMIX SUPERMERCADO
22205;MERCADO SAO JOAO
22206;SUP. IDEAL
20277;VERDURAO E CASA DE CARNES SAO LUCAS
20278;SUP. PETI
20279;MINIPRECO - MERCEARIA
20280;SUP. CENTRAL
38172;SUP. 3M
20145;COMERCIAL MIX
20272;SUP. GOMES
20273;SUP. VITORIA
20133;FINI
20142;COMERCIAL E PANIFICADORA SABOROSA
37094;CEREAIS BAHIA 
20266;SUP. TRES IRMAOS
20267;PADARIA MODELO
20268;RESTAURANTE E LANCHONETE BOM GOSTO
25103;COML. OLIVEIRA 
20146;CONVENIENCIA IPANEMA
20163;SUP. BRASIL
20164;MERC. PRECO BAIXO
20165;DROGA REY
20166;7A. ARTE VIDEO LOCADORA
36014;VERDURAO E CASA DE CARNES MARTINS 
20269;SUP. MALUCO
20270;FLORICULTURA BEM-ME-QUER
20271;PANIF. E CONF. CARMO
20139;SUP. SILVA
23123;SUP. SANTO ANTONIO 
47474;SUP. PRECO BAIXO
23124;COML.LOPES
20376;COMERCIAL BOM PRECO
20377;COML. ADONES
20378;MAIS DELICIA PAES E DOCES - PANIFICADORA
20384;TAGARELA FRIOS
45842;DROGARIA FARGO
20385;SUP. EMANOEL
22724;MERC. PAIVA
20375;MINIBOX GOIAS -  MERCEARIA
20422;SUP. SAO FRANCISCO
20397;SUP. E REST. FERNANDES CENTRO
20399;FERRAGISTA GOIANA
20409;COMERCIAL ATALAIA
22306;SUP. ELDORADO 
38357;JOAREZ RODRIGUES DA SILVA 35425520115 
22307;SUP. ALO GOIAS
22316;SUP. FAVORITO
22317;COMERCIAL LIDER
20400;FORTE SUPERMERCADO
38761;MINI MERCADO LIMA
20401;CEBOLAO SUPERMERCADO 
20402;SUPERCARECAO - SUPERMERCADO
22597;SUP. DIA
22730;CRISTALFORTE
22649;POSTO CLASSE A
22684;MERC. BOM PRECO
23102;SUP. MARQUES
20381;FARMA LIDER
20423;SUP. VIVI
45871;KI JOIA SUPERMERCADO
20424;SUP. KUSTER 
20425;COMERCIAL CASTRO
22732;BRILHANTE SUPERMERCADO
20434;DROGALAINE
22110;SUP.OLIVEIRA
20431;COMERCIAL TROPICAL
20412;AERO SOM E LANCHONETE T-11
20413;DROGARIA + SAUDE
22319;STRAVAGANZA PADARIA E CONFEITARIA 
20387;DROGA RIO
20388;SUP. BRAGA
22320;SABORES DA TOCA
22402;SUPPLY NUTRITION 
22403;COM. E  ACOUGUE PLANETA
20241;GOMES DISTRIBUIDOR
20242;SUP. SALMO 23
20187;PEP PAG  D.R.
20226;MINI MERCADO VERDINHO
22144;DOCE FESTA E CIA
22208;MERC. SILVA E SILVA
22404;DROGAVIDA
22405;EXTRA SUP.
20389;PANIF. PALACIO DOS PAES
20390;CULTURA CAFE - LANCHONETE
20411;REDE SMART
45870;MERCADO PINGO DOCE
20391;ARMAZEM BARRETO
24674;SUP. PARADA OBRIGATORIA 
20293;SUP. BRUNNO
20295;SUP. PANTANAL
38071;SUP. PEROLA
20296;OLIVEIRA REPRESENTACOES E COMERCIO
21160;SUP. LOBO
20143;SUP. ALVORADA
20435;AMPM - POSTO RADIAL 2
20436;GALETERIA BRASIL 
22148;COML. MANIA 
22149;MERC. CAPITAL
22150;SUP. LUCIANO'S
47017;RACOES E PESCARIA TEM DE TUDO
20144;SUP. UNISANTOS
20227;MADALENAS CULINARIA 
20233;SUP. ELDORADO
20234;CONVENIENCIA FILADELFIA
20235;BAR E LANCHONETE GUANABARA 
36069;ARMAZEM JT
22344;SUP. BRUNA
22345;ACOUGUE PAULISTA
22453;SUP. GLOBO
22996;SUP. COSTA 
22406;DROGAMARYS
45898;COML. F SANTOS
22407;SUP. SOUZA
22408;SUP. PONTAL
20239;BUNGE ALIMENTOS FORN. COD.1181
20240;BUNGE ALIMENTOS FORN. COD.1218
23222;SO FESTAS 
26819;MERCADINHO MOTA 
23244;SUP. NOVA OPCAO
23245;SUP.MATINHA
20213;BOX ESTRELA - MERCEARIA
22636;NUTRIMIX
45892;DIST. CAICARA
20328;SUP. SAO JOSE
20329;COMERCIAL TIUBA
22454;SUP. NUNES II
20332;PANIFICADORA HENRIQUE
45891;CASERATTO
20333;COML. KAILLANNY
20243;BAZAR C-104 
20244;ELDORADO CONVENIENCIAS
20245;COMERCIAL SANTA CLARA
20246;ZENEDASO SUPERMERCADO
20247;CASA DE RACOES ALVES
20359;LINE PC INFORMATICA
20360;MERC. BATISTA
20366;PANIFICADORA EL SHADAY 
20396;MERC. COSTA
20374;KABANA DO KIBE
22560;MR ALEGRIA
20248;SUP. BOM PRECO
31037;SUPER TRIUNFO
46712;SUP. ROCHA
22957;PABULLUS MERCEARIA 
22974;CASA VERDE SUP.
20141;DROGARIA LINS
45938;NORONHA FRIOS
20185;BIG BOX ELDORADO
21218;EMPORIO DAS FRALDAS
21235;DROG. E PERFUMARIA SAO SIMAO
21236;COML. DINIZ
22697;SUP. PAINEIRAS
22720;NAYANE FERREIRA
22722;SUP. UNIAO
25306;SUP. SOUSA
20202;SUP. VEJA
20203;SUP. VITORIA
20204;SUP. CHARLES CHAPLIN
20209;POUSADA DO RIO QUENTE
20212;SUP. RESIDENCIAL
30739;PUBLICHOUSE TABACARIA E LOUNGE
22083;SUP. ECONOMIA
23173;SUP. PARAISO 
22436;COMERCIAL ANAPOLIS
22437;SUP. NOVO HORIZONTE
38441;ALISSON CARVALHO DOS SANTOS
45902;HIPER PET
22438;MINI BOX CRISTO REI
22522;SUP. BARBOSA
22304;SUP. AMERICA
35945;SUP. ASSIS
20357;GURUPI SUPERMERCADO
20358;SUP. SAPE
22305;DROGAROMA
22645;BAUDUCCO
22646;SUP. NOVA ALIANCA
45916;MINI BOX PAO COM OVO
22523;COML. VERA CRUZ
22524;COMERCIAL IDEAL
22616;CASA VITORIA SUP.
22617;SUP. BIG ECONOMIA
23174;SUPER S.A.D. SUPERMERCADO
22514;O BARATEIRO
22647;CICAL VEICULOS
22648;SUP. CALIFORNIA
20429;SUP. ARAUJO
36067;SUP. MOREIRA 
20430;MERCADINHO SANTA MARIA
22593;SORTIDAO DA ECONOMIA
22594;SUP. BOM PRECO
13196;"SUP. DOS  CRAK""S  LTDA"
22656;SUP.DA SILVANE
22662;COML. MOREIRA 
22685;SUP. GRANADOS
22717;SUP. REAL
22718;MERC. POLIANA
22595;SUP.GLOBO
22596;SUP. CATARINENSE
22598;ASJUSTEGO
20337;SUP. CANDANGO
20379;ZERO HORAS LANCHE
27725;DECORART
21219;DROGARIA PAPILLON
21220;COML. NOSSA SRA. APARECIDA
21221;MERC. CESTA BASICA
21222;PEG PAG MOURA
21223;PANIFICADORA MAIS SABOR
38764;ELETRO MOURA
22143;PAPELARIA MIL COISAS 
22321;MINI BOX IDEAL
20414;DROGARIA DANIELA 
22256;ARMAZEM SAO FRANCISCO
22257;TENORIOS CONVENIENCIA
22258;COMERCIAL BRASIL
22259;SUP. TEM TEM
22260;PAO DE QUEIJO MINAS
22599;MERC. JK
22618;CONFEIT' ART
26821;PEG PAG CATARINENSE II (CENTRO)
45955;GAS PLANALTO
22619;SUP. UNIAO
22715;DALA DISTRIBUIÇAO E LOGISTICA
21224;METROPOLITAN CAFE
21227;COCO DO VALE
21228;EXTRINHA SUPERMERCADO
22432;ONE WAY ALIMENTOS
22433;PEDRA GRANDE AUTO POSTO
22771;MERC. BOM PRECO
22772;SUP. E PANIFICADORA MARTA
22773;SUP. FAVORITO
26813;SUP. JARAGUA
20386;SUP. ROCHA
21229;PANIFICADOR KI PAO
21230;EMPORIO SANTA CEIA
22533;BEIRA RIO SUPERMERCADO(ALTO D BOA VISTA)
22534;SUP. SOLUCAO
47266;QUALY FRIOS
22535;MERC. LD
22536;GOIAS FRIOS
20367;DISTRIBUIDORA MARANHAO
20368;MERC. SAO SEBASTIAO
22774;MERC. ALVES
22788;SUP. SANTIAGO 
20369;SUP. O COLINAO
20370;SUP. MACHADO
22537;ESPACO GOURMET EMPORIO
20351;SUPER GONCALVES 
20361;SUP. SILVA
20362;VERDURAO SAO JUDAS
20363;SUP. NOSSA CASA
20398;LANCHONETE
20371;MERCADINHO PRADO
36047;MERC. DEUS E FIEL 
20372;PEG PAG CARVALHO'S
20373;JARDINS CONVENIENCIA
20392;SUP. VALE DO SOL
21225;ARMAZEM OLIVEIRA
21231;SUPEMERCADO QUIRINO
20334;24 HORAS LIGUE BEBIDAS GELADAS 
20335;SORVETERIA KI SORVETE
20408;MERCABOX AMORIM
20432;SACOLAO OLIVEIRA
20433;FRANGO BOM - ATACADISTA DE CARNES
22538;SUP. JL SOUSA
35956;MERCEARIA E LANCHONETE SAO JOSE 
22539;SUP. CRUZEIRO 
25158;SUP. LEONEL
21232;FAL - DISTRIBUIDORA
22262;SUP.  MILENIO
22263;SUPERMERCADO BOM PRECO MOVEIS E ELETRO 
35965;COML. ANDORINHA 
22318;DROGARIA SOUSA
22434;COMERCIAL SAMBAIA
22435;PANIF. PAO E LEITE TODA HORA
20427;SUP. SANTIAGO
20428;PONTO DA PICANHA - RESTAURANTE
22589;BR BEBIDAS E LOC. DE MAT. PARA  FESTAS
22590;CONVENIENCIA ALPHA
22591;SUPER ECONOMICO
21226;COMERCIAL PLANALTO
45883;LEDAL QUIMICA
21233;LANCHONETE ENTRE TREVOS
21234;D & D PAPELARIA E COPIADORA 
22413;SUPER EXTRA
22424;SUP. NAZARE
31592;SUPER RIO BRANCO II 
37840;MERCADAO DA ECONOMIA
22651;DIST. MANA MEIO A MEIO
25273;CERRADO GOIANO
22592;SUP. SOUSA
20336;GRAND LAR SUPERMERCADO 
22300;SUP. NUNES 
22301;TJ. CONVENIENCIAS
22302;D'AVILA PANIF.
22303;VALDECI MACEDO CAVALCANTE 
22652;ATACADAO CUNHA 
35685;SUP. MINI BOX 31 (LOJA 02)
22653;COML. DIAS
22654;SUP. IDEAL
22655;SUP. SUL
23094;COMERCIAL ALVES
23131;MERC. JERUZA
46368;ARMAZEM DO QUEIJO
23490;COMERCIAL FERNANDES 
23491;ARMAZEM DO LOCLAIR 
23294;COM TATTO FESTAS
23295;DROGARIA ANHANGUERA 
23299;PANIF. E LANCHONETE PAN'DORO 
46040;SUP. NOGUEIRA
22990;LUCIANO'S SUP.
23495;SUP. ITAPURANGA 
23271;MINIBOX RESENDE
23586;RIBEIRAO SUPERMERCADO 
23515;SUPERMERCADO MEIO A MEIO 
23516;MERCADINHO FRUTEL 
23517;COML. SANTANA
23518;SUP. BONZAO
23526;SUP. RIO DA PRATA
23527;LUCAS SUPERMERCADOS 
29753;DROGARIA TEM TEM
47669;WERDUM PREMIUM MEATS ITUMBIARA
23528;RECANTO DO CERRADO 
23579;SUP. INEZ & ANY
23580;CANAA LANCHES
46871;OLIVER REPRESENTACOES
23288;SUP. BARATAO
23519;SUP. PARADA OBRIGATORIA 
23263;PANIF. E MERCEARIA DOCE MEL
23383;MERC. MARINHO 
23093;SUP. CONTINENTE 
23101;COELHO E CIA 
23861;SUP. IDEAL 
23289;MERC. DORNELES
28296;COMERCIAL JADEL 
45933;SUP. REIS
23311;SUP. SULAMAR
23312;SUP. CANADA 
23313;SUP. BRASIL 5 
23314;SUP. JOTACA 
23532;A G R O C A M P O 
45859;SUP. FAMILIA
23100;SUP. COMPREAKI 
22968;COMERCIAL BRASIL 
23693;LANCHES DVINA
23203;COMERCIAL BORGES 
23204;COML. BONUS
46775;BOUTIQUE DA CARNE CAIPIRAO
23353;REPRESENTO PALMAS 
23357;LM MATOS SUPERMERCADO 
23545;COML. ESTRELA
23269;SUP. CANAA 
23335;MERC. OLIVEIRA
36063;SUPER SUPIMPA ATACADAO
23336;SUP. ECONOMIA 
23337;COML. BOM JESUS 
23582;PEG PAG EDUARDOS 
23262;SUP.ECONOMIA(RIO VERDE-NOVA VL.MARIA)
23264;COMERCIAL PONTO COM 
23343;ATACADO SUL
24152;EMBALAGENS FORTALEZA
23498;MERCEARIA SIRVA-SE
23520;COML. OPCAO 
22942;COMERCIAL EVANDO 
23745;KIBARLANA
23929;COML. BOM PRECO 
23769;SUP. SUPER DONE
23255;COML. ALVES 
36039;SUP. TATICO (CENTRO)
23415;COML. RIBEIRO 
23297;GILDO
23531;SUP.FALEIRO 
23564;SANTAFE COMERCIO E CONSTRUCAO
23576;ATACADAO BARATAO (JD. BEIRA LAGO)
46173;SUPERMERCADOS ANGATU
23589;SUP. FIGUEREDO
23594;BAR E MINIMERCADO EURA 
23334;SUP. ACAI 
23588;SUP. MARTINS 
23298;REGINALDO
23701;PANIFICADORA PAMPLONA 
47228;COML. PINHEIRO
23806;MERCADO RIVER 
23813;PEG PAG BRASIL
23356;SALGADOS PAULISTAS
23258;SUP. 3 PODERES 
23257;SUP. GOL 
23766;DROGARIA MEGA FARMA
23857;SMAF ALIMENTOS 
23412;A ECONOMIA DO POVO 
23461;SUP. CONTORNO
23663;MURILO (VENDAS)
23177;HIPER FESTAS(CAMPINAS)
23422;SUP. SERV-BEM
23479;COMERCIAL SERVE BEM
23480;SUP. LG
23424;COMERCIAL TAMAREIRAS 
46023;SUP. BIG ECONOMIA
23395;DROGARIA SANTA MONICA 
23694;SUP.NOSSO LAR
23409;MERCADO VALENTIN 
23176;SUPER FESTAS 
23392;MERC. VM
23265;CASA FORTALEZA
23279;SUP. MACHADO 
23280;SUP. VIEIRA 
23814;COMERCIAL YPE 
27122;SUP. AVENIDA
36314;DONA LIMPEZA
36558;MERCEARIA TEIXEIRA 
23410;SUPERSAM SUP.
23259;MERC. NOVA ESPERANCA 
23256;JL CONVENIENCIAS 
23685;DROGARIA POPULAR PLUS 
23333;MERC. TAVEIRA 
23302;SUP. CENTRAL 
23097;SERVE BEM VERDURAO 
23322;HIPER MORITA 
23272;BIG HOUSE LANCHONETE E CHURRASCARIA 
23581;COM. SONHOS DOURADO
23178;BRILHANTES SUPERMERCADOS 
23273;MINIBOX MOREIRA 
23098;MERCADINHO AMERICA 
35991;SUP. TORRES
23099;SUP. FARTURAO 
23407;VONPAR ALIMENTOS S.A 
23408;SUP. SILVA
22929; COMERCIAL SAO LUIZ 
22930;DISTRIBUIDORA REAL 
22931;COMPRE BEM 
37985;MERC. SAO JOAO
23411;O ECONOMICO 
22980;EMPORIO MAIS DISTRIBUIDORA 
22981;EMBALE FEST 
22982;PANIFICADORA DIVINO PAI ETERNO 
22983;MINIMERCADO VITORIA 
47584;EMPORIO MOINHO PRIME
23285;PANIF. PAO KENTAO
23286;MERC. DO CONTERRANEO 
22932;DROGARIA SANSSEY 
22943;POLAR DISTRIBUIDORA DE BEBIDAS 
22946;CHOCOFEST BALAS E BOMBONS 
22947;COML. RIO VERMELHO
38606;ESPACO DA MODA
23455;SUP. VILA ROSA 
23270;BRITTO'S LANCHONETE
23345;PEG PAG VALE
23346;MERCADO CARECAO 
23347;PANIFICADORA PAO & MASSAS
46243;VAREJO NORDESTE
23348;SUP. ARAXA 
23351;SUP. SAO FRANCISCO 
23352;BOA SORTE 
23625;SUP. PRIMAVERA 
23626;DROGARIA OLIVEIRA 
23387;DISTRIBUIDORA CENTRAL 
23394;BAR E MERCEARIA SOUZA 
23421;SUP. DESCONTO 
23423;SUP. SUPREMO 
23326;MERC. MOISES 
23328;MERC. PORTO 
23329;MERC. TERRA
23330;ARMAZEM NEIVA
23331;SUPERMECADO CANAA 
23340;SUP. IMPERADOR 
23342;SUP. JOIA 
23426;TELEMERCADO NOVO MUNDO
23630;MERC. PONTO CERTO 
36953;ATACADO CORRE AKI 
23631;PEG PAG ECONOMICO 
23427;DROGARIA LN 
23429;SOPLASTICO
23376;SUP. SARDINHA 
23377;MINI-BOX ALVES 
23354;PANIFICADORA E MERCEARIA PONTES 
36471;LARA SUPERMERCADO 
23355;MINI BOX ALVES
23284;SUP. VITORIA 
23300;SUP. RODRIGUES 
23303;LANCHONETE DO REGINALDO 
38750;COML. FREITAS
23358;DEPOSITO DE GAS CRISTAL 
23393;MINIMERCADO PRIMAVERA 
23431;POSTO ANHANGUERA 
23435;ANDRADE CAVALETTI LOGISTICA 
23439;SUP. RECANTO DO CERRADO
23364;MERCEARIA SAO CRISTOVAO
23365;MINI BOX CAMARGO
23359;TENTACAO 
23360;MINI BOX JULIANA II 
49207;SUP. COMPERFRUTAS
23401;TUA PIZZA
47621;COML. PAI E FILHOS
23402;PATRONI PIZZA 
23425;PEG PAG AMARAL
23447;MERC. DO MILENIO 
23448;MERC. EDA
46221;MINI MERCADO DA FAMILIA
23583;SUP. LESSA
23217;CHURRASCARIA CARRETEIRO 6
23287;WA MERCEARIA 
23307;SUP. RENASCER
23308;MERCADO BARATAO
47186;DROGARIA POPULAR
23577;MINI MERCADO QUEIROZ
23536;SUP. CAETANO 
23406;CASA DO PAO DE QUEIJO 
23397;EXPRESS CONVENIENCIA 
23398;BAR E MERCEARIA MENDES 
36042;SUP. MENOR PRECO 
23399;SUP. UNIAO
23400;MERC. GONTIJO 
23578;SUP. MINEIRO 
22971;PANDURATA
45946;AS ATACAREJO
23274;MINI BOX DANIELLY 
23275;SAL & DOCE LANCHES E QUITANDAS 
23296;OPCAO CONVENIENCIA 
23315;MATRIZ FRIOS 
23535;CANTINA ANHANGUERA
44903;DIST.LIMA
23417;PANIFICADORA NOSSA SENHORA APARECIDA 
23476;MINIMERCADO FERNANDES 
23503;SUP. MODELO 
23624;PANIF. E MERC. 2 IRMAOS
23632;GOIANIA MEDICA 
46150;SUPER MEGAR
23366;SUP. MAIS BRASIL 
23367;SUP. MORERINHA 
23338;COMERCIAL PROGRESSO 
23339;COML. VALENTIN 
23344;EMPORIO CRYSTAL 
23361;SUP. DANIEL
37340;MERCEARIA & ACOUGUE BOM PRECO 
23362;RESTAURANTE BR
23290;WORLD BURGER 
23291;GRAO FORTE CAFE
24824;COML. XB
23368;SUP. AVENIDA 
46033;MERCADO POTIGUAR
23369;SUP. DO ZEZE 
23378;CURUMIN MOTOS
23379;SUP. REAL 
23569;RESTAURANTE DO JAPAO 
23587;SUP. MODELO 
23292;PEG PAG AVANTE 
23304;MANIA DE FESTA 
23305;MERC. BOM PRECO 
23306;GAS E MERC. CHAMA VIVA
47654;SUP. CENTRAL
23584;SUP. KI-JOIA
22951;MERC. MALU 
24834;DELTA LANCHES
25373;HIPER BOX AKALANTO
23629;ACONCHEGGO CONFECCOES IND E COM DE ROUPA
23418;DROGARIA SAO GABRIEL 
23449;SUP. REVELACAO 
23450;SUP. MINI PRECO 
23451;SUP. ARAUJO 
23570;AGROSAFRA 
23316;ARMAZEM SOARES 
23317;DROGACENTRO 
23318;SUP. ARAGUAIA 
22958;SUP. SANTOS DUMONT 
22959;COMERCIAL BORGES 
22960;EXTRA SUPERMERCADO 
36425;SUP.FRIGO BOI 
37241;MERCEARIA VERDULAR 
22961;DISTRIBUIDORA FORTALEZA 
23571;MERCABOX BOM JESUS 
23380;SUP. GOMES 
23381;MERC. SOL NASCENTE 
23413;CASA MARTINHO PAES & DOCES
47656;JP CASA DE CARNE E CONVENIENCIA
47663;HERO BRASIL S.A.
23414;SUP. BOA VISTA III 
51103;ATACADAO DOS PRECOS BAIXOS
23572;SUPER AVILA
22962;SUP. YTAVEL 
22963;SUP. FERREIRA MARTINS
22964;MUNDIAL DOCES
46353;ATACADAO DAS ULTILIDADES
23595;SUP. PONTAKAYANA 
23599;SUP. PAGUE MENOS 
23600;MERC. PARENTE 
23430;MERC. PAG MENOS 
47624;EMPORIO DIST. DE BEBIDAS
23432;CASA DE CARNE RIALMA 
23433;PEG PAG FERREIRA 
23434;ARMAZEM TAVARES 
47595;HENKEL
23436;EMPORIO MELO E PERIM 
23437;SERVBOM
23438;LAMB LANCH
23309;POSTO DE MEDICAMENTOS CENTER - FARMA 
23310;GURUPI SUPERMERCADOS 
23319;SUP. MASTER 
23320;SUP. GOIAS 
23321;SUP. TROPICALHENTE 
23325;SUP. IRMAOS FERREIRA
23323;SUP. LIRIOS DO VALE 
46231;SUP.GERLU (LJ. 03)
23469;MERC. SOUSA
23470;SUP. SOUZA 
23471;ESTACAO DO SABOR 
45928;ADEGA E CONVENIENCIA DO ARAUJO
23472;SUPER STORE (PERIMETRAL)
23732;PEG PAG FERREIRA 
23611;SUPER UNIBOM 
37627;COML JW
47761;CASA CABRAL CARNES E EMPORIO
23612;SUP. PONTO CERTO 
23613;SIM ATACADO (JD. COLORADO)
23614;PANIFICADORA TRIGOBOM 
23644;SORVETES ITALIANO
23645;CASA AGROPECUARIA 2 IRMAOS 
23646;MERC. NOVA OPCAO
23823;SUP. SAO JORGE GUERREIRO
23824;MERCADO REAL
46245;SUPER LIDER
23755;SUP. ARAUJO
23839;PANIF.SABOROSA 
23622;PEDAZZO DI PIZZA 
23708;SUP. BOM PRECO 
23797;DROGARIA NEROPOLIS
46362;SUP. NOVA VILA
23647;RAPIDO GAS SAO DOMINGOS 
23724;BAR DO VALDSION
23772;SUP. SANTOS
23787;PANIFICADORA SAO LUIZ 
23788;PANIFICADORA M M
45951;PEIXARIA AMBULANTE
23789;PANIF. E MERCEARIA SUL 
23486;HIPER BATISTA
23509;GRAFFUS PAPELARIA 
23510;COMERCIAL VARGAS
27444;EMPORIO PRIME(JD.GOIAS)
45963;ESSENCIAL MINI MERCADO
23511;SUP. VITORIA 
23512;AQUARELA DOCES E EMBALAGENS
23513;OLIVEIRA,,S RESTAURANTE E LANCHONETE 
23794;PANVINNES CASA DE PAES E DOCES 
46232;EMPORIO DU CHICO
23673;HORTIFRUTI PRACA 
23742;SUP. PROGRESSO 
23743;DIST. UNIVERSO 
23744;DROGARIA VIDE BULA 
23751;SUP. ROCHA
47668;EMPORIO E TABACARIA NOBRE
23752;ROGARIA BOM PRECO
23514;COMERCIAL JR
23529;SUP. SANTIAGO 
23546;SANTANA COELHO DISTRIBUIDORA 
23547;PEGUE PAGUE DO DINEI 
23548;SUP. MOREIRA 
23549;SUP. BURITI 
23440;NATURA SALGADINHOS 
23441;SUP. VITORIA 
47609;DISK AGUA LEAO
23442;SUP. IZAURA 
23443;KIDS & TENS 
23384;MERC. NOSSO SABOR 
23385;BIG BOX SIQUEIRA 
23585;ADEGA GOIAS
46149;SUPER VIP (PLANO DIRETOR SUL)
23605;CASA DO BOLO
23607;DROGARIA BOM PRECO 
23608;SUP. PAGUE MENOS 
23609;DIA SUPERMERCADO 
23610;MERCADO CAMPEAO 
46358;JOTA DOCES
23633;SUPPLY 
23386;CHIKU'S BAR 
23403;MERCADINHO QUASE TUDO 
23404;PANIFICADORA E LANCHONETE MARQUES 
23444;FRIOS E CONVENIENCIA 
35946;MANA SUPER 
23370;PANIF. PAO DE MEL
23371;PANIF. E CONFEITARIA POLY PAO 
23372;PANIF. RECANTO DO SABOR 
23634;SUP. 3 IRMAOS 
23635;SUPER SERRA 
23640;MERCADINHO DA FAMILIA 
23641;CONVENIENCIA MBE 
23642;SUPER 12 SUPERMERCADO 
23643;ALTERNATIVA AUTO PECAS 
23373;SUPER SACOLAO FRUTOS DA TERRA
46400;MERC. SERRA DA GALGA
23374;ALEX NOGUEIRA DOS REIS 
23375;SUP. UNIAO 
23445;PEG PAG KI JOIA 
23388;CONFEITARIA E PANIFICADORA PAO GOIANO 
23389;SUPER 10 SUPERMERCADOS
23648;MINI MERCADO POPULAR
23649;SUP. BOCAO 
23651;FRIOS FERREIRA SUPERMERCADO 
23652;MERCOSUL 
23653;COM. GEOVANNA 
23654;CAMPEAO PRIME
23573;ARMAZEM DO BOLAO
31496;SUP.CARVALHO
47721;DROGAFACIL
23390;PORTAL SUPERMERCADO(AP.GOIANIA)
23391;SUP. CASTRO 
23396;UNIAO SUPERMERCADO
48774;EMPORIO DOS SABORES
23405;SUP. PANELAO
23627;SUP. PROGRESSO 
23628;MERCADO SERV MAIS 
23574;SUPER LEMOS
23636;COML. SAO JOSE 
23637;FARM. DO TRABALHADOR 
23638;FARM. DO TRABALHADOR 
23659;MERC. MARTINS 
23566;SUP. CACHOEIRA
24774;SUPER JURERE 
23473;SUPER STORE (ST. URIAS)
23474;SUPER STORE (ELDORADO)
23458;POTE CHOPERIA E RESTAURANTE 
23459;RAIO DO SOL MODAS 
23460;SERVI LAR 
23606;MERCADO SOLLAR 
23567;EMPORIO BRASIL 
49393;CRISTO REI SUPERMERCADO E FERRAGISTA
23568;ARMARINHOS CRISTAL BRANCO 
23660;COML. DIA A DIA 
23662;INDÚSTRIA DE PLÁSTICOS DO VALE DO ITAJAI
23664;MOTORISTA
23565;SUP. CORTES
23615;MULT FARMA 
23452;ATOS RESTAURANTE 
23468;TROPICAL DISTRIBUIDORA
23456;LOJA DE CONVENIENCIA JC CIRCULAR 
23457;MINI OPCAO
23462;COML.  MACEDO 
23616;SUP. UNIAO 
23617;KI.PAO 
23665;FLORES NA PISTA
23666;PRATIKO
23668;ECKZEM
23669;CASA DE CARNES
23463;BAR DO LIBORIO
23650;MILAO TEXTIL 
23475;COMERCIAL VILA BOA 
23464;PEG E PAG ALMEIDA 
23465;OFICINA DO SABOR 
23466;REVISTARIA JOANA 
23467;SUP. UNIVERSO 
23765;SUP. PEDREGAL
23770;PANIFICADORA DOMINGUES II 
23771;SUP. MODELO
23773;SUP. REIS 
23805;SUP. LIDERANCA 
23818;DROGANOSSA 
23670;MERC. GIRASOL
23817;MERC. 3 POTES 
23703;RESTAURANTE JAO
23704;SUP. SUPER 
23711;MOTORISTA
23718;CHURRASCARIA GARCIA 
23719;SUP. VITA BOX 
26782;AUTO POSTO BESSA
23720;RIO VERMELHO ATACADO E VAREJO
23671;MERC. VITORIA 
23672;DRAGA STAR 
49134;RANCHO 40
49140;PH DRINKS
23791;MERC. LB 
23792;DROGARIA MEGA FARMA 
23820;MAURICIO OLYNTO LEÃO ALVES
23821;EMPORIO GOYANO
23687;MINI BOX MARISTA
23721;SUP. BOM JESUS 
23722;DIST. NUNES 
23689;DROGARIA SANTA RITA DE CASSIA
23690;SUP. MASTER
23691;SUP. DELLANE 
23688;CABANAS PIZZARIA 
23733;EMPORIO DA 15 
23734;KI FRIOS
23735;MINI BOX 51 
47014;ARENA BRONX - ESPORTE E RESENHA
23736;SUP. SERVE MAIS 
23737;COMERCIAL SANTA RITA
23692;ATACADAO UNIAO 
23730;AMERICA PAES
23731;COMERCIAL OLIVEIRA 
23674;DROGAFORT 
23675;SUP. JL 
23676;SUP. ECONOMICO 
23677;SUP. IDEAL 
26814;SUP. CATARINENSE 
23750;SUPER + MAIS 
23774;DITRIBUIDORA DE GAS RODRIGUES
23775;SUP. SERVE BEM
23776;CALIFORNIA PAES
45869;SUPERVI  SHOPP. CIDADE JARDIM
24157;SUP. PRATA
24166;ARMAZEM MONTEIRO
24167;MINIBOX BARATAO 
23678;SUP. RIO PRETO 
23679;EDILSON
23680;COMERCIAL LUCAS
23681;SUP. VEM K' TEM 
23727;MERC. SOL 
23728;MERC. TROPICAL 
23767;SUP. GOIANINHO 
23777;MERCADINHO BOM
23780;FARMA VIDA
23781;ESCOLA DINAMICA
23785;DROGARIA ESTRELA GUIA
23786;COML. E CASA DE CARNE MENDES 
23790;PEG PAG CANAA 
23729;ARMAZEM AMERICANO
23822;COMERCIAL GAMELEIRA
23754;SUP. 407 NORTE
23756;FRIO SUL 
23757;CIA DO CHOCOLATE COM ARTE
23758;SUP. PAGUE MENOS
23759;MERCADINHO SANTA CRUZ 
23795;SUP. SAO SEBASTIAO
23796;COMERCIAL MOREIRA
23801;MUNDIAL SUP.
23802;VICTORIA BRINQUEDOS
23803;SUP. POTIGUAR 
23807;SUP. ESQUINO II
23760;SUPERMERCADO ARAGUAIA 
42697;DISK CESTA VICTOR 
23761;SUP. IDEAL 
23684;CRISTALFORT
23800;VERDURAO DA ECONOMIA 
23809;SUP. DOIS AMORES 
23810;PAPELARIA GRAFIT 
26800;COML. SUPERACAO 
23811;CASA DE CARNE NOVILHO DE OURO
23808;DROGARIA IDEAL 
23705;ANDREIA SALGADOS
23706;VERDURAO R7
23707;AUTO POSTO FENIX 
23712;MINI BOX BARATAO 
23713;SUP. ELDORADO 
23723;PANIF. FLOR DO TRIGO 
23812;PRIMICIA SUP.
23819;SUP. COMPRE BEM 
23682;LEAO SUPERMERCADO 
23683;MURALHA FORTE ALIMENTOS 
23686;SUP. PROGRESSO
23746;PEG PAG VIEIRA 
25416;SUP. SANTOS
23798;PRODUTOS KI DELICIAS 
23804;
23725;CASA JUAZEIRO DO NORTE
23726;SUP. TRADICAO 
23738;DROGARIA SAUDE 
23739;SUP. LIDERANCA 
23740;SUP. ESTRELA 
23747;DISK FARMA
23762;SUP. CRISTAL
23763;SUP.SUPERMAX
50763;PAIOL HORTIFRUTI
23695;SUP. ULTRA BONUS 
23696;MERC. 3M 
23697;SUPER SILVA 
23748;COMERCIAL REZENDE
23768;SUP. BOQUEIRAO 
23799;SUP. NOSSA CASA
23709;ACOUGUE E MERCEARIA MENEZES 
23710;MERC. VELOSO
23715;SUP. NELORE 
23716;SUP. JL 
23753;COML. MATEUS
23782;MEDFARMA 
23783;APARECIDA MAURIZA GORETE LEONES 
23784;SUP. ESTRELAO 
23749;ATACAREJO CARVALHO 
23764;MUNDO ANIMAL 
23717;TRANSCAVA GMC 
23778;SUP. CANAA 
23779;DROGARIA GOIAS
23741;SUP. MONJOLIN 
23815;ALTERNATIVA PAPELARIA 
23816;DROG. BOM PRECO 
23853;ATACADAO ENCONTRO 
23854;MOREIRA FARMA
23855;ELPUENTE 
23862;URUACU CARGAS 
45947;SUP. POTENCIA
23890;LL MATERIAIS PARA CONSTRUCAO 
23891;SUP. STORCK
23859;DROG.BOM PRECO 
23912;ATACADISTA NIPON 
23913;ARMAZEN DO ZEZAO
23914;MINIBOX LYAN 
23915;SUP. FAMILIA
23931;SUP. SERRINHA 
23934;ZITTE FESTA
23868;CASA DE CARNE SANTO ANTONIO
23869;COM. PONTO FORTE 
23870;DROGA MARCOS 
23871;COM. LEMOS
23878;OSRAM
23883;SUP. COMPARE 
23884;EMPORIO A DUARTE 
23860;PANE SHOP PANIFICADORA
23863;LEAO SUP.
23864;DROG.CARDOSO 
23865;GALVAO COUROS ARTESANAIS 
26823;SUP. UNIAO 
23866;SUP.LIMA 
23885;DROG. RAFAEL 
23886;SO ALIMENTOS 
23909;SUP. SILVESTRE
23916;SUP. MACIEL
23917;SUP. ALIANCA
23926;NELORE SUP. 
23927;COM. MINI CUSTO
30188;DISTRIB VIRA CANECA
23933;COM. 5 ESTRELA
23942;CEL ENGENHARIA 
23867;DIST. LUCAS
23921;SUP. E PANIF. MINEIRAO 
23922;DROG. MARTINS 
23923;COMERCIAL ALVORADA 
23920;SUP. DAKI
23939;CASA DE CARNES CUNHA 
45841;PANIF. NOVA MALTA
23940;COM. FONTOURA 
23856;DROG.CARDOSO 
23892;SISKINHOS BAR E RESTAURANTES 
23893;SUPER PIG
23911;MINI BOX VIEIRA 
37676;SUPER REIS 
23925;DIA A DIA SUPERMERCADO 
23928;SUP. UNIAO 
24082;O SEU VERDURAO 
23963;PEG-PAG PAULISTAO
23964;DESCONTAO SUPERMERCADO
23965;MINI BOX TABOCAO
23966;DOCE MEL SORVETERIA 
23967;SUP. PAKAMAM 2
23877;EMPORIO DOURADOS
23938;SUP. PETROPOLIS
46194;MERCEARIA BARROS
23937;VILLA FIORA PIZZZARIA E RESTAURANTE
23943;SUPER DORADAO
23944;INOVALOG
23945;OLHOS VERDES COM. IMPORT. LTDA
23946;BAR RODOVIARIO 
23957;TONY MERCADO 
24141;PAPARAZZI CAFE 
23918;RENASCER RACOES E RESIDUOS
47605;SUP. SAO JOSE
24078;COM. SAO DOMINGOS 
23910;DROG. SAO LUIZ 
23906;ALF ANTENAS 
23907;GBFORT DISTRIBUICAO 
23836;TEKTRON ADMINISTRACAO E SERVICOS 
45876;PURO E LEVE
23872;SUP. MODELO 
23947;SAPEKA
23948;SAPEKA
23848;POSITIVO SUP.
23894;DROGAVITTA BELA VISTA
26815;COML. NEVES 
23932;SUP. SUPER MAX
95;CONSUMO CADASTRO
96;CONSUMO CADASTRO
23887;COMPANHIA BRASILEIRA DE DISTRIBUICAO 
23895;BAR DA MORENA 
24055;MULT MIX 1,99 
24059;SUP. TRADICAO 
24060;DROGAMARYS 
23858;MERC. BETEHL
23825;DROG.POTENCIA 
23954;NEO QUIMICA
23955;
23956;CONDOMINIO RESIDENCIAL HANNOVER
23958;CANTINA DO SERGIO 
23896;OFERTAO SUPERMERCADO 
23897;CORFELLIGHT
23898;TC ILUMINACAO 
24821;SUP. RIBEIRO
23826;SIRVA SE SUPERMERCADO
23827;BUTIQUE DOS PAES
23828;SUP.DO PRODUTOR
23830;PIZZARIA BOM APETITE
29161;DOLLY RESTAURANTE E LANCHONETE
47023;BIOMUNDO ARAGUAINA
23831;PEG PAG PIRES
23833;COMIDA CASEIRA DELZANIA
23899;FERRAGISTA 68
23900;SHOPING DAS BEBIDAS 
23901;CORFEL 
23902;REFORMA 
23903;LUZ E CIA MATERIAIS ELETRICOS 
23851;DROGA LUCIO 
23905;PANIF. MOREIRA 
24822;SUP. E CASA DE CARNES SERV BEM 
48940;JM TERMODINAMICA
23834;DROGAMARYS
23837;SUP.SAO GABRIEL
23838;SM SUP.
23840;KOMB@TE JOGOS EM REDE 
23829;MERC.OPCAO 
23841;SUP.VEJA 
23953;SONHOMEU SABOR INESQUECIVEL
23949;CASA DE CARNE MERC. SERVE BEM
23950;SUP. CRISTAL
23951;MERCADINHO ANA LUIZA
46027;DROGARIAS ULTRA POPULAR
23952;MINIBOX SANTOS
23962;EPLAN MATRIZ
23879;COML. J JUNIOR 
23842;MERC.PEBA 
23843;SUPER LEAL 
23844;PEG-PAG DO BACO 
23845;PEG PAG REAL
23846;BOM GAS 
23847;COM.MAIS VOCE 
23873;K L C - UTILIDADES
23880;SUP. ITALIA 
23881;POSTO PIQUI 2
23882;SUP. DANIEL
45880;COML. DE SECOS E MOLHADOS ELDORADO
23904;MENOR PRECO SUP.
23930;TINTAS ACRIL PLUS
23961;KINTAL PRODUTOS CASEIROS 
23888;MERITA VARIEDADES 
23889;PANIF. PAO DE MEL
23919;PONTO DASLU 
23936;EMBALAGENS E BOMBONIERES UNIAO 
23959;EMBALAGENS IDEAL 
23960;BAR DO VININ 
23852;MINI BOX DO POVO 
24002;MERC. SOL NASCENTE 
24003;FARM. DE MANIPULACAO VEGETON 
24006;CHEIRINHO DE BEBE
24010;MINE MERC. VEREDA 
24011;ROSARIO REST. E LANCHONETE 
24012;SUP. KALEBE
24084;LANCHONETE E REST. SABOR DA ROCA 
24085;FACULDADE DO NORTE GOIANO - FNG 
24029;HIPER FREITAS
24030;COM. E PANIF. BOM SABOR
24034;FRANCO EMBALAGEM
24035;ARAUJO BEBIDAS
24013;FARM. OFFICINAL
24016;
24017;MERC. BOA SORTE
24018;WK FERRAGISTA
24019;MEGA SUPERMERCADO
24020;FERRAGISTA RIO VERMELHO
24021;MERC. ESTRELA 
24036;REST. E LANCHONETE PONTO MIRANTES 
24037;HOMERO SAFLATE
24038;REPRESENTANTE DA  MATSUDA
24024;COM. LIMA 
24025;MERC. MARTINS
24040;IMG HOTELARIA AGUAS DA SERRA 
24041;CERRADO SUPERMERCADO
23974;MERC. DOIS IRMAOS
23975;SUP. TRADICAO
47587;MERCEARIA FAVARIM
23976;MERC. REAL
23977;LOGISTICA CENTRO OESTE
23980;FARM. DO TRABALHADOR
23981;FARM. DO TRABALHADOR 
24022;MERCEARIA BITENCOURT
24042;REST. LISBOA 
24043;MIX PANIF. SOL NASCENTE
24044;REST. REAL SABOR
24183;DROG. VIDA E SAUDE 
24185;PANIF. MOREIRA 
24186;FARMACIA PRECO BAIXO 
24187;SUPERBARATEIRO 
24045;MINI BOX MARCOS 
24046;DROG. PARANAIBA
24047;PANIF. NYLLOS 
24048;EMPORIO MAIS DIST.
24049;MEGAFRIOS 
24061;FACILIMPY
23941;SUP. MODELO
23849;SUP. TRADICAO 
23850;COSTA MARINE
23874;COM. ALAMEDA 
23875;SUP. BRUNO 
23876;SUP. POPULAR 
24076;DIST. DAMATA 
24050;DROGAMAIS
24051;SUP. BOM DIA 
24052;NOVA PHARMA 
24053;AGROPECUARIA XIRU
24054;BAR E MERC. DO GUTIERREZ
24087;SUP. DUDECA
23924;CASA CARNE CENTRAL 
23935;SUP. CAMPEAO
24168;SUP. VEM KA
24171;MARCO SUP.
24143;SUP. BOCA LIVRE 
24146;SUP. MAXIMU'S 
24062;DROG. GOIAS
24088;FLAVIO'S 
24066;COM. NOVO SUL 
45940;MARCELO SILVA FELIX
24079;MINI BOX SUCUPIRA
24081;SUP. DO GAUCHO
24089;CASA DE CARNES KI-BOI 
24094;DOCE DA ROCA
31598;AVENIDA SUP. 
24179;COML. DOIS IRMAOS 
24092;SUP. SAO JOSE 
24158;SUP. GOYAZ
23992;COM. CARAJAS
23993;STAMP'ARTE 
23994;COM. SOMBRA AMIGA
23995;MERC. JANDAIA
24039;CAES & COMPANHIA 
24067;PESK PAG CASA DA ROCA
24068;DROG. SANTOS DUMONT
24069;SUP. PONTUAL
24074;DROG. DO POVO 
24075;MERC. Z 
24077;SUP. ARCO VERDE 
23997;COML. JL 
23998;MERC. ESTER
23971;SUP. GUANABARA
23972;CASTRO SUP. 
23973;PEG PAG REAL 
23986;PANIF. E CONFEITARIA VARGAS 
24145;CAFE BRASIL PANIF. E LANCHONETE 
24148;SUP. LIDER
24153;BAR E MERC. SAO JORGE 
24080;FLAVIO S CALCADOS & ESPORTES 
24086;COML. MARIANO 
24026;MERC. UNIVERSITARIA 
24070;PS PASTELARIA SABOROSA
23987;SUP. DOCE LAR
24007;FARMA10 
24008;CASA DE CARNE IPORA
46456;PONTO FRIOS
23983;FARM. DO TRABALHADOR 
23988;SUP. VITORIA
24004;PAPELARIA TRIMICIA 
24073;IMPERIO SUP. 
28155;MERCADO PAO E CIA 
24023;DIST. ALIANCA
24056;BAR E MERCEARIA FARIA 
24057;SUP. MARQUES 
24058;FARM. DE MANIPULACAO MEDALHA MILAGROSA
24031;CASA GUEDIS 
24005;PANIF. E FRUTARIA BOA VISTA 
24009;FARM. BIOCENTER 
24014;SUP. MAXX
24015;COML. FRANCO 
35949;EMPÓRIO IRMÃOS QUIRINO 
35950;DOUGLAS DISTRIBUIDOR
35951;SUP. IDEAL 
23968;EMPORIO SOBERANO 
23969;BEIRA RIO DIST.
23970;SUP. ALO BRASILIA
24032;COM. GABRIELY 
24033;SUPER MAX 
24028;SUP. HORA CERTA
24027;ATUALFARMA
24071;AGROFORTE-PRODUTOS AGROPECUARIOS 
24072;CASA DO FAZENDEIRO 
24083; ABELINHAS II
23978;COM. SOUZA 
23979;BARATEIRO VILLE 
23999;MERC. BANDEIRANTES 
24000;LIDER EMBALAGENS E FRIOS
24001;MERC. PARATI
23984;SUP. POLO SUL 
23985;MERC. DOMINGUES
24203;
24205;COM. VAREJISTA
24217;COML. BOM PRECO
26805;RAPIDO SUDOESTE
24218;MINI PRECO SUP.
24235;SUP. BOM DIA
24236;MERC. POPULAR 
24237;PANIF. KI PAO 
24228;JL SUP.
24229;COML. OLIVEIRA 
24247;VOVO DORINHA
24248;PEG PAG ARAGUAIA
24191;REMEDIOS POPULARES 
24192;WALMOR BUFFET 
24206;MERC. PIRES 
45942;SUP. ECONOMIA
24207;COML. SANTA ROSA E MINI PANIF.
24208;MINIBOX ATENDE LAR 
24209;SUP. E ACOUGUE ESTRELA 
24200;DELICATA EMPORIO E PAES
24240;SUP. MAIS BARATO 
24210;FARM. SANTA MARIA 
24243;SUPER CENTER 
24244;SUP. SAO CAETANO
24245;TRIGAO ATACADISTA 
24249;DROGAVIVA 
47279;HIPERMERCADO BARATAO
24250;MERC. ALIANCA
24251;SUPER BUTEKAO 
24188;RH DOCES E CIA 
24189;SUP. CENTRAL 
26789;PETE SHOP SUPER DOG 
24190;COML. EXTRA 
24198;COML. BR 
24199;COML. LIDER 
24266;SUP. BOM JESUS
24196;COML. RAMAC 
24197;LANCHONETE A CASCATA 
24216;SUP. IMPERIAL 
24230;NOVA ALIANCA SUP.
24231;SUP. SOL NASCENTE
24232;SUP. AMIGAO 
24252;SUPER AVENIDA SUP.
24267;RODOS E VASSOURAS VILA BOA MERC. BASTOS
24268;
24255;SUPER PAO
24257;SUP. RAIO DO SOL
24258;COML. AMERICA
24193;SORVETERIA MANIA 
24194;SUP. ECONOMIA DO LAR
24214;SUP. MARTINS 
24215;SUP. SERVE MAIS 
46012;SUP. SAO PAULO
24269;GABI PAPELARIA E PRESENTES
24270;DEPOSITO DE BEBIDAS E MERC. RODRIGUES
24271;COML. E CASA DE CARNE GOIAS
24201;BOM PRECO
24202;SUPER UNIAO 
24211;SUP. BEATRIZ
24212;MERC. POR DO SOL
24213;SUPER MINIE
24261;DROGARIA POSITIVA 
24233;SUP. PALMEIRAO 
24273;SUP.SENNA
24219;CHURRASQUINHO DO NENA 
24220;PUREZAO
24221;QUIOSQ DO SERGIO
31385;REDE DE FESTA(ST.PEDRO LUDOVICO)
24223;DISK BEER
24224;COML. UNIAO 
24225;PEG & PAG MALAQUIAS
24260;DUDU SUPERMERCADO 
26816;BEBIDAS FOGO E GELO 
24226;SUPER BOX JN 
24227;MERC. ALVES MARTINS
24234;SUP. PREDILETO 
24238;SUP. MOREIRA 
24239;GOVESA 
24241;TOCA DO IPE 
24242;MANA LANCHES 
86;CONSUMO CADASTRO
24280;SUP. DO LEO 
24330;MERC. SAO FRANCISCO
24341;SUP.RENDE MAIS
24700;SUP. DO BENE 
24706;SUP. CENTRAL
24306;REYFARMA 
24309;SUP.BARATAO (ST. CENTRAL)
24310;SUP. LEAL
24281;COML. ATTITUDE 
28957;FRUTARIA E PEG E PAG FRUTOS DA TERRA 
24282;DROGARIA LINS 
24311;SUP. BARATAO 
24312;SUP. D'MELLO (LAPA)
24314;MERCADINHO DINOVO 
24285;SUP. 2 IRMAOS 
45922;SUP. PRATIKO (APARECIDA)
24286;SUP. COSTA 
24287;PEG PAG SUPER REIS 
24303;SUP. ABACATE 
24304;AGROMACIEL 
24307;PANIF. KI DELICIA
36371;BISTRO MIX 
24315;MERC. PONTO CERTO
24316;SUP. MAIS VOCE 
24317;AGROPEC-PRODUTOS AGROPECUARIOS 
24296;COML. BOM JESUS 
24605; 
24288;SUP. BONZAO 
24289;CHURRASCARIA FAZENDAO 
24290;CHURRASCARIA E LANCH.  ALTO DA SERRA 
24291;PEG PAG RAMOS 
24293;PEG PAG MEDEIROS
24319;SUP. TORRES  
24320;ANDREA LEAO FERREIRA
24322;SUP. TROPICAL
24323;MERC. SERVE BEM 
24324;FARMACIA DO TRABALHADOR DO BRASIL 
24325;FARMACIA DO TRABALHADOR DO BRASIL 
24278;SO FESTAS 
24297;BAZAR ESTRELA 
24298;NOVA PAO GOSTOSO 2
24299;SUP. SAO BENTO 
24300;DROGARIA CARMO
24301;FARMACIA SANTA MARIA 
24302;FARMACIA SANTA MARIA 
24326;FARMACIA DO TRABALHADOR DO BRASIL 
24294;OPCAO SUP.
24328;MP ACESSORIOS FEMININOS 
24329;PANIF. D' GUSTY 
24331;RENACER RAÇÕES E RESIDUO
24332;MERCEARIA FERREIRA
24334;CIRQUEIRA REPRESENTACAO
24335;CAROL PRODUTOS ALIMENTICIOS
24305;SUP. RASSIO 
24277;SUP. PACHECO
24321;
24336;DIST. AJALA 
24337;AH PAPELARIA 
24338;COML. L D
24339;CASA DO DOCE
24340;SUPER PAO
24391;JOYCE PRESENTES 
24392;2 IRMAOS SUPERMERCADO 
24401;SUP. CAMPEAO 
24404;GOIAS CAMINHOES 
24427;
24406;DROGARIA PHARMAVIDA 
24372;MERCADO ECONOMIZA
24430;A FAZENDA 
24431;PANIFICADORA MAIS QUE PAO 
24433;BOA VISTA SUPERMERCADO 
24448;SUPER SOL SUPERMERCADO
24360;NORTE SUL ATACADISTA 
24413;VITORIA SUP.
24435;SUP. AMERICO GAS 
25855;BROKER INDUSTRIAL 
25856;SUP. D & G 
24399;BROKER
24409;TRANSPORTES JR 
24411;LUX REPRESENTACOES 
24418;ACOUGUE E COML. SAO LUIZ 
24447;SUP. VILA SOUZA 
24387;SUP. PARA TODOS 
24388;SUP. BARATEIRO 
24389;PANIF. CAFE COM PAO
24456;SUP. SAO JOSE 
24459;COML. EVANDO II 
24460;KARIBE COML. DE BEBIDAS
24436;SUP. PEROLA
24437;UAU PROPAGANDAS E EVENTOS 
24439;MANOS FRIOS E EMBALAGENS 
24440;SUP. CONFIANCA 
24441;DIST. DE BEBIDAS BB GELADO 
44209;SUP. TEND TUDO
24442;FARMACIA DOS TRABALHADORES DE PALMAS II 
24443;SUP.GLOBO II
24361;SANTOS SUP.
24369;SUP. PEREIRA 
24461;SUP. MARANATA
24462;LANCHONETE RODOVIARINHA 
36071;SAO TOMAS FESTAS E EMBALAGENS 
24343;COML. IRMAOS SOUSA 
24344;FARMACIA GENERICA 
24345;MERC. BELA VISTA 
24347;HIPER CENTRAL 
24348;PEG PAG MARQUES 
45926;CASA MAIS SUPERMERCADO
24349;ITALIA MASSAS 
24350;MERC. ALMEIDA
24393;DROGARIA GOIASFARMA 
24394;COML. MELLYNE 
24398;VAREJAO I 
47696;LANCHONETE CLARA
24424;BOM DIA SUPERMERCADO
24432;MERCADO PAIS E FILHOS 
50668;SUPER SERVE
50669;MARCINHO CASA DE CARNES
24444;SUP. BEM STAR 
24371;MINI BOX VIEIRA 
24416;MERC. VITORIA
24417;MERC. BOM PRECO
24428;COVENIENCIA SAO FRANCISCO & LANCHONETE 
24451;COML. LUCAS 
24734;PET COLLIN'S 
24400;PROVA DE AMOR MENSAGENS
24466;SUPER GONTIJO 
24468;SUP. FLAMBOYANT
24469;SUP. SERRA DOURADA 
24470;EDGAR SHOW E DECORACOES 
24407;COML. BOM PRECO 
46579;DIST. E MERCEARIA ALTAS HORAS
47260;LUCAS DISTRIBUIDORA
24408;HIPER MINI MERCADO MARTINS
24420;COML. MANAS 
24445;VERDURAO SANTAS
24449;SUP. & HORTI FRUTI CONQUISTA 
24434;COML. MEDEIROS 
24452;CASA DA LAVOURA 
24463;SUP. SAO BENEDITO 
24474;CONVENIENCIA AVENIDA 
24352;DROGARIA CRISTO REDENTOR 
24353;RV CONVENIENCIA
24355;PEGUE E PAGUE E CONFEITARIA ALIANCA
24357;SUP. FORTALEZA
24395;COCAMAR 
24396;COCAMAR
24397;DROGARIA LINS 
24453;SUP. FORTALEZA 
24454;COML.FILADELFIA
24358;FABRICIO ALVES PEREIRA
24390;FARMACIA DO TRABALHADOR DO BRASIL 
24423;SUP. LIDERANCA
24425;SUP. BOM PRECO 
24476;SUP. VALPARAISO 
24478;FREE WAY 
24479;SUP. PANELAO
24480;MAX BOX SUP.
24419;MINI MERCADO TRIUNFO 
24422;DIEFERSON
24429;SUP. ECONOMIA 
24457;SUP. EXTRA 
24482;
43716;ATACADO CAMPEAO 
24755;MERCADINHO BELA VISTA
24373;SUP. LIDERANCA 
24381;PANIF. VITORIA 
24383;SUP. DO SERJAO
24405;SUP. GOYAS 
24362;COML. DO XIXO 
24364;SUP. CONQUISTA 
24365;PERSONAL FOOD 
24366;DROGARIA UNIAO 
24367;SUP. GOIAS II 
24377;SUP. AVENIDA 
24378;FABRICA DOS SONHOS
26403;LANCHONETE VOCE VIU
24522;COML. EL-SHANDAY 
24633;PREMIER EMBALAGENS 
24543;ARMAZEM DA FAMILIA 
24544;SUP. NOVA OPÇAO
24545;COML. BRASIL 
24501;SUPER DISTRIBUIDOR DE ALIMENTOS SILVA
24502;MERC. SANTANA
24503;SUP. SAO JOSE 
24504;SUP. TRES IRMAOS
24523;SUP.SAO JUDAS TADEU - TORA PRECO
24524;STOP & SHOP SUP.
24525;MERC. FERNANDES 
24691;PEGASSUS CENTRAL DIST. - APIARIO RIO ARA
45864;CITRO 5 SANTA LUZIA
24929;PANIF. PAO DE TRIGO
24930;ARMAZEM SAO PAULO 
24877;SUP.  E CASA DE CARNE MODELO
24878;SUP. JULIANA
24904;RAQUEL PAES E DOCES
24526;SUP. FAMILIA 
24527;EPA SUP.
24528;BRINQUELANDIA 
24520;SUP. ALMEIDA
24515;MATHEUS SUP.
24516;SUPER VIP SUP.
24692;SUP. MAIA 
24612;BADOCHE
24492;SUP. BARAO
24493;LANCHONETE MAIS GOSTOSO 
24494;SUPER GOIANAO 
24538;SERIAGY
24531;DIST. DE BEBIDAS ZERO GRAU
24533;COML. LOPES 
42698;VILMAR CORCINO DE OLIVEIRA 
24549;SORVELANCHE DOCE MEL
24931;COMERCIAL CASA E CAMPO 
24546; 
24756;COML. LARA
24905;SUPREMA FRIOS 
24892;SUP. ALTAS HORAS 
24893;M VISION LOCADORA
24894;COML. CONQUISTA
24485;MEGA CALDAS SUP.
24486;SUP. SANTA RITA 
24487;SUP. TERRA 
24488;BAR E MERCEARIA XANDE
24489;HIPERMERCADO CEU AZUL
24491;PAEZE SUPERMERCADO
24495;SUP. VICTOR'S 
24539;MERC. GARCIA 
24540;MERCAFRUTAS
24541;SUPER 10 SUPERMERCADO
24483;MERCADINHO DO GORIN
24534;FARMACIA DO TRABALHADOR DO BRASIL 
24535;REST. TRADICAO
24550;COML. ALVES
24954;HIPER MOREIRA AUTO CENTER 
24484;COML. RICKELME 
24518;MERC. MARQUES 
24519;EMOCOES A MIL 
24521;SUPER ZAL 
24906;SORELLA PANIF. 
24907;MERC. BARCELOS
24908;LACH. E REST. CARVALHO
24547;PEG PAG ANDRIELLY 
24548;PANIF. E MERC. MW 
24551;DROGARIA BEM ESTAR 
24895;SUP. POLLIANA
24896;VITAL DIST.
24933;SUP. DA GRANJA
36012;SUP. SANTANA 
24934;SUPER MARISA 
24935;SUP. MARTO 
24536;DIFESTA 
24542;SUPER BOX BOM SUCESSO
24590;SUP. SANTO ANTONIO 
24591;SUP. ABELHA 
24592;SUP. E VERDE CASA DE CARNE BOA SORTE
24909;EMPORIO E CONVENIENCIA
24910;COML. PONTO FELIZ
24569;MERC. VISTA BELA
24593;SUP. REZENDE 
49081;ALPHA SPORTS
45775;SUPERKITANDA
24594;SUP. ESTRELA
24595;FARMACIA DOS TRABALHADORES DO TOCANTINS
24596;CHURRASCARIA E LANCHONETE MOURAO 
24597;SUP. W. A. 
24872;COML. BOM SUCESSO
45930;PAPELARIA SOLUCAO
24873;SUP. BOA SORTE
24874;SELETA CAFE 
24565;C. A. ATACADISTA 
24566;POSTO DE MOLAS UNIAO 
24571;CONVENIENCIA FORA DE HORA
24573;SUP. EL-SHADAY 
24587;COML. LORENA 
24588;MERC. SANTOS REIS
24616;DROGA CALIL 
24617;SUP. CAETANO
24936;ARMAZEM FORTALEZA 
24937;PANIF. FREITAS 
24939;SUP.LEO
24600;COML. PIAUI 
24601;COML. KEILA
24602;MASTER MERCADO
24611;FARMACIA DO TRABALHADOR DO BRASIL
25071;EXCLUSIVA UTILIDADES 
25072;SUPER LIDER SUP.
45944;DIST. IMPACTO
25076;CONVENIENCIA SANTA LUZIA 
25077;SUPER MIX SUP.
24559;MERCADINHO DEL MASSA
24606;CASA DE CARNE PIICANHA DE OURO 
24607;PANIF. E MERC. SABOR DE MEL 
24560;EMPORIO FORTEVILLE 
24562;RICARNES 
24618;COML. SOUSA
24619;DROGACALIL
24911;POSTO DE MEDICAMENTOS MUTIRAO 
24918;SUPER SAO JOAO
24921;POSTO SERRA DOURADA
24622;SUPER FORTALEZA 
24623;MERC. AZUL
24625; 
45954;SUP. SAO JORGE
24626;COML. VITORIA
24627;COML. GOMES
24940;MERC. ECONIMIA GUEDES
24608;EMPORIO CASA FERDE
24609;SUPER BRASIL SUP.
44311;SUP. APARECIDA
24610;PANIFICADORA INHUMAS
24613;JF SUP.
24614;COML. LIMA
24867;SUPER SILVA FRIOS 
24868;EBENEZER PRODUTOS DIVERSOS
24869;MERC. ANACLETO
24578;DROGARIA ESTRELA 
24579;PANIF. SMJ
24580;SUPER MAIS
24581;PANIF. SADIA
24582;MERC. GONCALVES
24583;MERC. NUNES
24584;FARMACIA DO TRABALHADOR DO BRASIL
24577;MERC. GOMES
24628;MERCANTIL BOM PRECO
24629;IDEAL SUPERMERCADO 
24891;COML. ELSHADAY 
24897;EMPORIO CASARAO 
24615;TRIBOM ATACAREJO
24620;DROGARIA BENFICA 
45743;SUP. DEVAN
24621;SUP. BRASILEIRAO
24554;DENESFARMA 
24555;GENERICA
24557;PEG-PAG L & A 
24558;CAROLINA BAR E MERC.
24576;SUP. GABRIEL
24898;SUP. BREDAS 
24899;CONVENIENCIA CAMPO DO ARROZ
24556;MASCOTE PET SHOP
24603;SERVE PNEUS 
24604;MICHELLE PEIXOTO SAFATLE
24636;MERC. IPANEMA 
24660;COML. E PANIFICADORA MARTA 
24670;MERCADINHO MELO
24671;PEG PAG BRITANIA
24672;SUP. TEND TUDO 
24900;HATIBS SALGADOS 
24901;PAO CROCANTE
24902;REGINALDO BERNARES DE SOUZA FILHO 
31832;ASB DISTRIBUIDORA
24643;FARMACIA DO TRABALHADOR DO BRASIL 
24652;SUP. MADUREIRA 
24654;SUP. ATLANTICO 
24658;MANDI SUPERMERCADO 
24647;ACOUGUE E MERC. GAUCHO 
25259;PANIF. CLAYBOM
24648;SUP. DUMONT 
24655;RAFFA S SUPERMERCADO
49636;AGROMAIS
32254;MINIMERCADO BEM BARATO 
47588;DISK BEBIDAS BELA VISTA
24922;SAIDEIRA SMALL MARKET
24923;PEG PAG & CASA DE CARNE SAO JOSE
24681;PEG PAG MENDONÇA
24682;SUP. PARENTAO 
24683;ACOUGUE TOTAL 
24684;CASA DE CARNE PERNAMBUCO 
24951;SUP. NOSSA SENHORA APARECIDA 
24642;ARMAZEM SAO FRANCISCO 
24649;BOM PRECO 
24656;SUP. POTENCIA 
24657;SUP. VIABOX 
24863;SUP. COMPRE BEM 
25330;CHOPAO DO PIAO
25331;SUP. FARIA
25332;SUP. NOTA 10(VL.NHONHO GODINHO)
24693;SUP. CENTRAL
24694;MERCADO CENTRAL GAS 
24695;SUP. OLIVEIRA
24696;SUP. LIDER
24697;SUP. ALIANCA 
24698;MICRO EMPREENDEDOR INDIVIDUAL
35959;FRUTARIA CENTRAL
24644;MEDFARMA 
24673;DROGARIA BURITI 
24639;SUP. SOUZA 
24685;EMPORIO BEM ESTAR 
24979;PIZZA Z
36004;MERCADINHO VITORIA 
45904;SUP. DONNAS
24638;CARVALHO MIX
24635;COML. RODRIGUES 
24646;LIMPAZIL 
24686;QUITANDA D. MARLENE 
24687;COML. PAI E FILHO 
24924;SUP. RODRIGUES
24925;SUP. EMANUEL
24932;DROGARIA SAO GABRIEL
24645;ELITE FESTAS - COM. DE BOMBOMNIERE 
24675;SUP. CAMPEAO II 
24952;CASA DE CARNE CARRIJO E COML. NOVACO
24650;DROGARIA VIVER BEM 
24659;COML. LINHAES
24666;SUP. SOLAR 
24667;DROGARIA POSITIVA 
24640;DROGARIA ANA FARMA 
24641;MENOR PREÇO
24876;SUPER MIX
24688;COML. MINAS 
45798;COML. MARTINS
24651;SUPER MAUGE 
24661;SUP. LEMOS 
24662;ATACADAO DO ZEZE 
24663;SUP. BARATAO
50364;AGRO CAMPO
50377;SUP.SERVILAR
24664;COML. VILA BELA
24665;MARCOS MINIMERCADINHO 
24953;SUP. ALIANCA
24668;SUP. GIRO FORTE 
26936;COMERCIAL DE CARNES N D 
49017;SUP. SUPER MIX JK
24689;SUPER BUENO 
24690;COML. PONTO NOVO 
24927;MERC. MAGNUM 
24928;KI DELICIA
24759;SUPER MORELI
24760;SUP. RICO
24870;VMP CENTER
24871;LE KRAMIK
24945;PAO COTIDIANO
24752;MINI BOX SUL
24744;SUP. E CASA DE CARNE SERVE BEM
24745;SUP. BRASIL
24746;SUP. SERVE BEM 
24747;COML. ARANTES 
24748;SUP. POPULAR 
24957;CONVENIENCIA T-10 
24732;KI DOCES FESTAS
24736;ARMAZEM LIMA
24739;PANIFICADORA MOLINA
24740;SUP. PONTO CERTO 
24749;MERC. JANDAIA 
24750;BOA SORTE SUP.
24942;MERC. SILVA 
24943;SARAH-EVA 
24946;SUPER LIMA 
24743;SUP.PAJEU
24742;SUP. SERVE BEM
24879;VIDEO LOCADORA E SORVETERIA FOCUS
24710;SUP. RENASCER
24711;COMETA EMBALAGENS E FRIOS 
24982;DELICIA DO TRIGO 
24707;CHURRASCARIA DO GAUCHO 
43096;COML. E ACOUGUE TODO DIA
24713;BUTECO DO PIMENTA
24716;SUP. JR
24974;PEG PAG GIRASSOL
24976;SUP. ESTEVES
26998;SUP. RIO GUARA
24714;SUP. REAL 
24715;TORRA TORRA UTILIDADES
24737;DROGARIA SANTA CLARA II 
24738;SUPER MAIS
24880;TELEVISAO ANHANGUERA S/A
45875;RAJA GAUCHA RESTAURANTE E LANCHONETE
24881;FREE CARNES 
24717;BIG HOUSE LANCHONETE E CHURRASCARIA
24718;POSTO VITORIA 
24719;HORA + 
24724;SUPERMAX 
24725;MERCABOX BAGDA 
24726;SUP. CAMPEAO 
24958;COML. CALEX 
24992;DROGARIA IDEAL 
24996;SUP. SUPER FACIL 
24728;SUP. BARATAO 
24729;COML. AVENIDA
24730;PEG PAG MEDEIROS 
24993;EMPORIO DO SITIO
32239;SUP. CANEDAO
24722;CASA DE CARNES BIFE BOM 
24723;COML. ESTRELA 
24727;A MAVIGAS-COM. DE GAS E CIMENTO 
24977;IND TORRONE NOSSA SENHORA MONTEVER LTDA
24978;SUP. ESTRELAR 
24985;PIT STOP BEER 
24731;SUP. K & K
24733;MERCADO TODO DIA 
24753;VERDURAO NECTAR MIX
24754;COML. SAO JOSE 
24757;COML. CAMPOS
47003;CARECA'S BAR E CONVENIENCIAS
25009;PANIF. BETEL
25010;SUP. JK
24701;BAZAR CENTRAL 
24702;MERCADO BURITI 
29260;SUP. NOGUEIRA 
24703;SUP. VITORIA 
24704;COML. E ACOUGUE ST ANTONIO 
24997;MERC. LUIZA 
25001;SANDUICHE E CIA
24781;HOTEL CENTRO OESTE 
24784;SUP. NELORE 
24785;NK MERC.
24815;SUP. LIDER 
24816;PANIF. DELICATA
24912;SUP. OK 
24913;SUP. PAGUE MENOS II 
24914;SUP. TERRA NOVA 
24915;MERC. W 7 
24792;PANIF. E MERCEARIA CENTRAL
24959;CHANDELLE PANIFICADORA E LANCHONETE
45923;CASA DE CARNE FAMILIA
24836;SUP. DO LEO
24793;PANIF. ALIANCA
24794;SUPERVI (JD. DAS OLIVEIRAS I)
24799;SUP. POMBO
31026;BEBIDAS GELADAS BRITANIA
46034;SACOLAO GOIANO
24806;SUP. MANGALO 
24812;SUP. RIO BRANCO
24813;ALIANÇA DOCES E FESTAS
24819;SUP. MONTE CRISTO
24967;COML. MONTEIRO 
24968;SUP. COABA
24837;PANIF. PAO DE MILHO
24844;LANCHONETE SABOR GOIANO 
24845;SUP. CEBOLAO 
26928;COML. RAMOS
24846;SUP. SERINGUEIRAS
24847;COML. BEIRA RIO 
24888;MED-KAO PET-CENTER
24916;MERCADO JERUSALEM
24800;PANIF. DO LUIZ
24808;TRADICAO COMIDA CASEIRA 
24994;SUP. RINCON 
24998;CASA DOS PAES
25004;SUP. ABACATE
25005;ESCOLA EDUCANDARIO GOIAS 
24817;COML. SANTO ANTONIO 
24823;KI-BARATO 
24825;CONVENIENCIA AVENIDA
24826;PANIF. PAO NOSSO
24827;HD NET LAN HOUSE
45939;COML. GM
24829;SUP. ESQUINAO
24866;HORTI FRUTI CAMPININHA 
24917;SUP. JK 
24788;SUP. J L 
24790;LANCHONETE BOIADEIRO 
24831;SUP. DO NETAO
24832;COML. OLIVEIRA
24835;KITUTES LANCHES
24919;SUP. E CASA DE CARNE 3 
24769;PREMIUM CONVENIENCIA 
24770;EXCLUSIVA PAES
24803;MINI MERCADO PEIXOTO 
24938;SUP. LAGUNA 
24970;GOIAS EMBALAGENS
24786;SUP. ALIANCA
24838;SUP. RIO JORDAO 
24839;SUP. GOIAS 
24840;SUP. MAIS VOCE 
24841;SUPER PENINHA
24842;SUP. SANTOS 
44664;COML. BRASIL
47065;LA-BELLE
24941;SUP. CAMILO 
24947;SUP. MAX 
24949;SUL CERVEJAS GELADAS 
24791;MERC. EL SHADAY 
24796;SUP. SILVA 
24797;MULTI COPIAS
24798;FACULDADE E COLEGIO SUL D'AMERICA 
24960;SUP. PEREIRA 
24961;MERC. ALVES
24761;LIGUE SITE
24762;LANCHONETE E PANIF. S&A
24763;MERCARRIO MERCEARIA
24764;POLO SUPERMERCADO
24765;CONVENIENCIA TEMPLARES 
24920;COML. SAO JOSE
45865;CASA DE CARNES COLORADO
24999;PANIF. BELEM
25002;DROGARIA MEDFARMA
25003;COPIADORA E LANCHONETE DCE UFG
24775;FLORESTA SUPERMERCADOS(ST.CENTRO)
24776;CASA DE CARNE UNIAO 
47589;MERCEARIA BOM PRECO
24777;CONVENIENCIA CENTER VILLE
24778;SUP. BOA COMPRA 
24779;SUP. GIRASSOL 
24780;COML. ZILLO 
24971;SUP. REDENCAO 
25006;ARTES & DELICIAS
25007;SUP. SAVANA 
24766;COML. CAMPEAO 
24767;PANIF. E LAN HOUSE
24768;ZOOM VIDEO LOCADORA 
24771;SUP. SERVE BEM MAIS 
24772;STYLLUS VIDEO LOCADORA 
24950;COML. DF 
24990;PIKA-PAU AGROPECUARIA
24991; 
24995;DROGARIA SAO GABRIEL 
24795;BRASIL CARNES 
24773;SUP. PAIS & FILHOS
24856;SUP. PONTAL 
24857;SUP. GUIMARAES 
35984;SUP. SANTANENSE
24858;FARMACIA GASTE MENOS 
24850;FARMACIA DO TRABALHADOR DO BRASIL 
24851;FARMACIA DO TRABALHADOR DO BRASIL
24852;COML. CONFIANCA
24962;LANCHONETE E PASTELARIA L & F 
24963;SUP. BOM PRECO 
24853;CONFEITARIA & CIA 
24955;HIPER MOREIRA AUTO CENTER
24956;SUP. SOBERANO 
24865;DROGARIA SANTA TEREZINHA 
25080;J.E SUP.
25256;PANIF. E LANCH. PAO QUENTE 
25114;COML. JARDIM HELENA
24966;CAFE PADOCA 
24972;SUP. HIPER ECONOMICO 
25082;MERC. AQUINO
25300;VALMAR SUP.
25141;SUP. GAROTAO - II
25361;SUP. NOVO HORIZONTE
25362;SUP. UNIAO
25363;PANIF. KI-DELICIA
25379;PADARIA PAO NOSSO
25380;MERC. SANTANA
25386;REST. DORA
45504;MINIMERCADO SAO JOSE
25370;SUP. SANTA BARBARA 
25374;PANIF. TRES IRMAOS II 
25375;SUP. BIZERRA
25376;MERCADO DO GAUCHO
25382;BOM APETITE COMIDA INDUSTRIAL
25383;CALIANDRA PANIF. E CONFEITARIA LTDA
25384;COML. NP
25345;SUP. PONTO CERTO
25246;MERCADINHO FAMER 
25247; 
26029;DELLA LANCHONETE 
25037;MERC. IVONE BARROS
25083;LANCH. SABOR TOTAL
25085;PET VIP 
32124;TREMEA ALIMENTOS 
45854;SUP. VITORIA
25086;PONTO DASLU 
25087;MAIS UTILIDADES
25088;PANIF. TRIGOBOM
25089;LUMIERE HOME VIDEO 
25043;IMG HOTELARIA E REST.
47269;IZABELLY COMERCIAL E BEBIDA GELADA
25044;SUP. VEN-KA(LORENA PARK)
25045;SUPER COUTO IV(AP.GYN - JD.NOVA ERA)
25046;SUPER COPIAS 
25058;COML. VIEIRA
25060;MERC. ATLANTICA
25095;MINI MERCADO RENASCER
25125;SUP. IMPERIAL 
25126;SUP. PAGUE MENOS 
25127;SUP. E DIST. UNIAO
25128;SUP. AMIGAO 
25129;PANIF. PALADAR 
25130;SUP. PAULISTAO 
25131;BARRIL BEBIDAS GELADAS 
25073;SUP. PONTUAL
25096;BON APPETIT 
25108;SUP. VALENTIN 
25109;PANIF. VARGAS 
25110;OPCOES MODAS 
25041;COTART EMBALAGENS
25042;PANIF. ATLANTICA 
25079;SUP. FELIPAO
25142;SUP. SUPER PRECO
25143;EMBALAGENS SAO PEDRO 
25031;DOCE FESTAS
25032;AMIGO KI LATE 
25053;CLASSIBON 36
25062;DIST. PAULINHO
25063;DIST. ARAGUAIA
25101;PETER PAN
25102;PANIF. VASCONCELOS 
25049;COML. VITORIA 
25050;SAUDE ANIMAL 
25051;PANIF. FAVORITA 
25052;COML. MINEIRO 
25065;JOTA DOCES
25090;SUP. SAO PAULO 
25097;TIC TAC ARTIGO PARA FESTAS
25098;COML. RV
25099;SUP. SANTA MARIA 
25107;OLAIR DOS SANTOS OLIVEIRA
25115;TERRA ATACADO 
25116;LOJINHA 
25117;COML. KLM
25013;QUITANDINHA 
25014;RP CONVENIENCIA 
25015;LARA DIST. DE BEBIDAS E CONVENIENCIA
25091;COML. BARCELOS
25139;SUPER PRIMOS
25140;ATACADAO TAVARES
25144;3A GRAN STILLE HOUSE 
25146;PONTO CERTO UTILIDADES
36066;PEG PAG CONTINENTAL 
25026;SANTA HORA CHOPERIA E REST.
25027;2 IRMAOS SUP.
25118;SUP. GA-LEAO
25119;SUPER BOX ARAUJO
25120;GOL PANIF.
25121;SUP. CEREJEIRA
25061;PASTIFICIO ARAGUAIA 
25104;ESCOLA CANAA 
25145;REDE Z + Z 
25149;CONVENIENCIA MALIBU 
25150;COML. MARANATA
27007;AVENIDA MOTORS 
25153;FARMACIA DOS TRABALHADORES DO TOCANTINS 
25154;FARMACIA TRABALHADORES TOCANTINS CENTRO
25155;FARMACIA DOS TRABALHADORES DO TOCANTINS 
25012;SUP. DO BETAO
25054;SUP. RIBEIRO 
25055;PAMONHARIA TUBAL II
25056;SUP. PONTO CERTO
25057;SUP. ALIANCA 
25059;MERC. NOVO HORIZONTE 
25011;ESCOLA GENTE MIUDA 
25105;ESCOLA INFANTIL VIVER E APRENDER
25106;BILLY PET SHOP
25132;SUP. ECONOMICO
25133;SUP. GIRO 
25134;SUP. GOIANO 
26779;ASA NORTE CONVENIENCIA 
25135;LANCH. E COMIDA CASEIRA MEDALHAO 
25028;CONQUISTA CONVENIENCIA
25029;MERC. SANTIAGO
25070;PET SHOP DOG-SHOW 
25100;CASA DAS BALAS
25111;PARAISO DAS CARNES
25021;VILA SAO JOSE BENTO COTTOLENGO
25136;SUP. E PAPELARIA CINCO ESTRELAS 
25137;COML. PONTO CERTO
25147;PANIF. BELLO PAO 
25148;SUP. SOL 
25151;MERC. RODRIGUES
25152;DROGARIA CESAR 
25035;ARMAZEM MINEIRO
25036;DROGARIA VITORIA
25092;SUP. VARGAS 
25112;MERCADO RODOVALHO
25113;CHEIRO DA FLOR
25122;PADARIA E MERC. PONTO DO PAO 
25123;COMPLETA.COM / LAN-HOUSE
25016;DROGARIA POPULAR DA FAMILIA 
25017;AÇOUGUE E MERC. MANANCIAL
25018;COML.FELIPE
25019;PANIF. NOSSA SENHORA APARECIDA
25020;DIST. E MERC. ALFA
25033;VISION COPIADORA
25022;PANIF.VITOR
25023;SUP. CLAITON 
25024;HIPER MOREIRA AUTO CENTER 
25025;SUPER BOX VALENTIN 
25030;QUARTETTO SUPERMERCADOS (PQ. NACIONAL)
25081;BRASIL LAR 
42707;PEG PAG MOURA
25124;SUP. KAIROS
25038;BAGDA CAFE
25039;SUP. POPULAR
25040;SUP.ALIANCA
49263;PEG PAG GOIANO
25064;SUP. NOVO LAR 
47385;JOSE DIVINO DE SOUSA LUZ
25066;GIGANTE ATACADISTA(NORTE)
25093;SUP. SACOLA CHEIA
25094;SUP. NOVO HORIZONTE
25034;COML. SOUZA 
37080;MINI PRECO 
25047;COML. BRITO 
25048;SUP. BOM PRECO 
25067;DROGARIA POSITIVA 
25068;PANIF. AROPORTO SUL
25069;DIST. E MERC. FERREIRA
88;CONSUMO CADASTRO
89;CONSUMO CADASTRO
90;CONSUMO CADASTRO
91;CONSUMO CADASTRO
92;CONSUMO CADASTRO
93;CONSUMO CADASTRO
94;CONSUMO CADASTRO
25202;PANIF. YASMIM 
35993;COML. COSTA 
25203;CRISTAL SUPERMECADOS 
25204;DROGARIA POPULAR 
25170;SUPER BOX GOIAS 
25171;PEG PAG MOREIRA
25172;PEG E PAG LIMA 
25173;SUP. BOM PRECO
45888;ATACADAO COSTA (ST. TRES MARIAS I)
25174;POSTO OLIVEIRA
25181;VITORIA SUP.
25182;SALGADOS DA IRANI
25272;CANTINA AMANDA
25205;SUP. BARBARA 
25224;SUPER CESTAS 
25225;MERCABOX UNIAO
25226;SUP. RIO TROPICAL
25229;DOURADO DIST.
25257;AUTO POSTO NATURAL
25408;PANIF. SONHO MEU
25412;JK EMPORIO
25413;BAR RIO QUENTE
25184;SUP. SERRA GRANDE
25185;BOLOS DECORADOS
25186;REDE LUCAS (CHACARAS)
25199;PASTELARIA HONG KONG 
25200;COML.SILVA
25201;SUP. MENDES 
25234;SUP. PADRAO
25196;SOUZA COM. E REPRESENTACAO
25197;MINIMERCADO DOIS IRMAOS
25198;WILL DOG'S LANCHES E PIZZARIA 
25233;SUP. BOM JESUS 
25258;PANDORE PANIF.
25235;MERCADINHO 77
25236;SUP. SAO LUIZ
25274;SUP. ALAS
25275;CIA DOS ANIMAIS
25276;MERC. POTIGUAR
25237;SUP. REIS (9-ST. SANTOS DUMONT)
25238;SUP. NETAO
25239;A SABOROSA PIZZARIA E CHOPERIA 
25240;SUP. E PANIFICADORA PAO GOSTOSO 
25241;SUP. MONTE SINAI 
25242;COML. PIT STOP ESPETO
25245;MERC. PINGO DOCE
25250;SUP. REAL 
25252;COML. TAVARES
25253;QUITANDA SAO JUDAS TADEU 
25255;COML. MINEIRO
25260;LANCH. XANDA
25261;POVO SHOP
25217;SUP. CENTRAL 
25218;COML.  K.R.E 
26771;LOOK MANIA
25219;AGUA VIVA SUPERMERCADO 
25220;RAIO DE SOL 
25221;MERC. ALECRIM
25222;TRILHA ALIMENTOS 
25207;SUP. FERNANDES 
25208;FALCAO COM. DE ALIMENTOS
25209;COML. BARBOSA
25210;COML. FERREIRA 
25211;MERC. YPE 
25212;SULFRIOS 
25223;MERC. E PANIF. KI-PAO 
97;CONSUMO CADASTRO
98;CONSUMO CADASTRO
99;CONSUMO CADASTRO
102;CONSUMO CADASTRO
103;CONSUMO CADASTRO
104;CONSUMO CADASTRO
36077;ARMAZEM SANTO ANTONIO 
36451;MERCADO SANTO ANTONIO 
106;CONSUMO CADASTRO
25227;MERC. 5 ESTRELA 
25228;REST. E LANCHONETE RAINHA DA PAZ 
25157;TROPICAL LANCH.
25159;BRASIL CARNES
25195;NEW LIFE VIDEO LOCADORA 
25213;MERCABOX ANDRADE
25214;MERC. MONTE SINAL
25243;MERC. MARTINS
25262;SUP. LIMA
25263;MERCABOX NOVA ERA
25160;MAGAZINE GIRASSOL
25161;POSTO FAROL
25162;POSTO Z+Z N. S. MEDALHA MILAGROSA
25163;BR MANIA 
25164;SUP. BARCELOS
43956;SUPER BARATAO
25165;VERDURAO E CASA DE CARNES PALMAS
25251;SUP. E PANIF. PONTO CERTO 
25254;CASA DO FAZENDEIRO
25264;LOJA DE CONVENIENCIA RIO GRANDE
25265;MERC. ROYAL
25266;MERCADINHO SAO FRANCISCO
25166;SUP. CRISTAL
25167;SUP. RAPIDAO 
25168;COML. CENTRO OESTE LOJA II 
26802;KMIX FESTAS
25169;PANIF. E LANCH. BOM JESUS
25187;SUPER 10 SUP.
25188;CASA GRILL ALIMENTOS 
25189;SUP. IMPERIO
25183;POSTO BRASIL PARANAIBA
25267;SUP. NOBRE 
25268;SUP. MONTREAL 
25269;RODÍZIO PIZZARIA
25270;COXINHAS LANCHES
25271;DIST. HELLOA
25190;SUP. LACERDA 
25191;CASA DO DOCE 
25192;MINIMERCADO TEND TUDO
25193;MERC. BRAZLANDIA 
25194;DONA XEPA SUPERMERCADOS 
25175;LANCH. A CAMPONESA 
25176;LUNA ALIMENTOS 
25177;CONVENIENCIA E MERC. SOUSA
25178;MCM
25179;DROGA NORTE 
25180;CASA DE CARNE FACA DE OURO 
25322;MINI BOX BREJAO
25323;MIRANORTENSE SUPERMERCADO
49143;VILA PET CLINICA VETERINARIA E PETSHOP
25318;CENTER FRIOS
31476;DIST. DE BEBIDAS NOLETO
25327;PANIF. PAO DOURADO
25328;SUP. FAICALVILLE
25329;TOKE FINAL SUPERMERCADO
25353;SUP. GAVIAO
25354;SUP. BARATUS
25292;COML. PONTO CERTO
25307;FLORESTA SUPERMERCADOS(AV.TIRADENTES)
25282;PANIF.LARANJEIRA
25339;SUP. CHIARINI 
25286;PADARIA DEUSA 
25287;MEGAFRIOS 
25315;MERCADO DO GAUCHO
25316;NOSSO BAR
25317;PANIF. E MERC. AMORIM
25288;J M MAGAZINE
25289;SUP. ESTRELA DE DAVI
25290;AGROPECUARIA BOA VISTA
25333;SUP. ESMERALDA 
25335;SUPER SOLAR
47194;AGRI - TERRA
25336;MERCADINHO PERNANBUCANO
25279;SUP. NELORE
25280;COML. NOSSO AMIGO
25281;GELOSUL
25291;PATRICIA XAVIER BUFFET
25293;MIX MERCADO 
25294;COMPRE AQUI PEG PAG
25337;SUP. ROCHEDO
25360;ENTREPOSTO CONVENIÊNCIA
25301;SEMA SUPERMERCADO
25302;FREE SHOP ABOBRAO
25303;DROGARIA ULTRA FARM
25344;ESPETINHO DO ALEX
25352;SUP. COELHO
25278;DROGARIA BOA SAUDE 
25320;PAULO CABELEIREIROS
25321;COPA GAS REAL
25296;SORVETERIA CREME MEL
25297;ESPETINHO DO ALEX
25311;SUP. LACERDA
25312;SUP. DO BETAO II
25313;SUP. FAVORITO
25314;SUP. COMETA
25324;COML. BOM JESUS
25355;MERCADO RIO VERDE
25356;SUPER RIO SUPERMERCADOS
25357;SUP. E PANIF. PROGRESSO
25358;CASA DE CARNES DOIS AMIGOS 
25359;SUP. MOURA
25319;BARRIL DIST.
25277;COML. FLORESTA
25340;SUP. MUTIRAO
25341;HOTEL SANTUARIO NOVO
25342;MERC. E BEBIDAS UNIAO
25343;SUP. SERVE BEM
25349;PANIF. SABOR DA MANHA 
25350;SUP. MONTEIRO
25283;GURUFRUTAS
25284;SUP. BOM JESUS
25295;PANIF. PAO DE MINAS
25346;SUP. MARISTA
25347;DIST. DE BEBIDAS PORTO IMPERIAL
25348;SUP. BOM PRECO 
25351;COML. BOA VISTA
25364;PANERA PAES E DELICIAS
25365;MERC. NOSSA SRA. APARECIDA 
25338;SUP. MJ
25308;PANIF. CASA DOS PAES
25309;LICE DOCES E FESTAS 
25310;SUP. PAG MENOS
25369;SUP. VITORIA
25615;SUP. BELMAR
25620;DOIS IRMAOS PRESENTE
25621;PANIF. E MERC. CALDAS D OESTE 
25599;SUP. FABIANA II 
25754;SUP. AMAZONAS 
25869;GMCOM CONVENIENCIA
25870;CASA DO CRIADOR
25445;SUP. JACARE
25381;MERC. NOSSA SRª DA GUIA
25377;SUPER FESTAS
25378;REDE DE FESTA(ST.NEGRAO DE LIMA)
25657;SORVELANCHE DOCE MEL
26227;PANF. SABORES DO TRIGO
31889;AGUIA NOVA
26229;PANIF. ATUAL 
26230;ANALU PANIF. E CONFEITARIA 
26231;SUP. STAR
26232;FRUTARIA MAIS SABOR
26238;LANCHONETE E RESTAURANTE FOGAO DE LENHA
26239;CHURRASCARIA TREVAO 
26240;CASA DO VINHO E AGUA MINERAL
26241;LANCHONETE CLARA
25545;ANELIZE DURATE DA SILVA
25547;PANIF. LARANJEIRA
25563;AGUAS DO PARANOA APART HOTEL
25564;LAMBLEM FRIOS E LATICINIOS
25565;YPE SUP.
25405;JR BEBIDAS
25406;FRUTARIA NOGUEIRA
25436;MERCADO REAL
25467;HIPERCUCAR
25475;SUP. JERUSALEM
25476;BRIC VARIEDADES COML.
25431;ELETRONICA CEU
25432;SUPER NOBRE
35975;ATACADO E VAREJO BOREL 
37074;SUP. FAVORITO 
25455;SUP. PONTE ALTA 
25477;MERCABOX
25478;EMPORIO HP
25367;SUP. CENTRAL
25368;FRI LEITE
25460;AMIGO TRANSPORTES 
25463;DOCE MEL PANIF. 
25464;BAR E DISTRIBUIDORA SOUSA 
25366;SUP. SAO JOSE
25371;MERCADINHO R.A
25446;A SABOROSA
25418;PANIF. KLEBIN
25419;PANIF. TALISMA
25421;POTY
25444;LOJA DE CONVENIENCIA PAINEIRA
25458;DROGARIA MEGA FARMA
25459;CONVENIENCIA SAO FRANCISCO
25387;CASA DE CARNE JM
25388;SORVETERIA KI GELATE 
25389;COML. ESTELIO
25390;PANIF. GABY
25391;COML. SARA
25392;DIST. DE BEBIDAS SANTA FE 
25393;PADOCA
25423;PANIF. NOSSA SENHORA APARECIDA
25424;HIPER BENKING SUPERMERCADO
25471;BIG PAO
25428;CONVENIENCIA E LANCHONETE
25429;FREESHOP PANTANAL
25430;PANIF. VITORIA
25437;COML. FERREIRA
25438;SERRANOS COMPANHIA
25439;SUP. POPULAR
25440;COML. HM
25427;SACOLAO CHEIRO VERDE
25456;CONVENIENCIA RIO VERDE
25433;PANIF. CANADA
25434;PANIF. PAULISTA
25441;BALAS E EMBALAGENS
25448;LIDER BAR
25453;REST. PONTE VELHA
25454;SUP. ALVES
25457;JANE PRESENTES E ULTILIDADES
25414;SUP. RODRIGUES
25415;GIOVANELLA PAES E LANCHES
25442;BREAK TIME CONVENIENCIAS
25443;SUP. MANIA
25461;SUP. FORTALEZA
25394;APOLO MATERIAIS PARA ESCRITORIO
25426;SUP. IMPERIAL
25462;CASA DE DOCE
25468;DENTAL VANCIM
25469;SUP. CACU
35944;FRUTARIA RIAN & CARLOS 
35953;COML. NORDESTAO 
25470;PANIF. E LANCHONETE ESTRELA DALVA 
25420;SUP. MODELO
25465;MERCADO PAGUE MENOS
25472;PET SHOP GIRASSOL
25473;SUPERMIX
25474;COML. SOUSA
25425;SAO BERNADO SUP.
25447;LOJA DE CONVENIENCIA ALEXANIA
25449;LANCHONETE BOIADEIRO II
25450;TENDAS DAS EMBALAGENS
25451;CONVENIENCIAS FLAMBOYANT
35961;MERCADO GOIAS 
25452;NIKS LACHES
25396;MERCADO ROCHA
25397;SUPERCOMPRAS SUPERMERCADOS
25401;HIPER MORITHA 
25402;COML. ARAUJO
25403;COML. SOARES
25404;COML. QUARTA AVENIDA
25385;COML. CLB
25964;SUPER REI
25513;PANIF. MASTER PAO
25523;SUP. SACOLA CHEIA 
25604;SUP. SAO LUIZ 
25605;SUP. RM
25606;SUP. CALIFORNIA
26252;COML. DO ITA 
26253;SUP. TROPICAL
26258;SUP. F S
25556;AUTO POSTO INDIARA 
25479;SUP. FAVORITO
25480;SUP. MAIS VOCE
25487;H. A. EMBALAGENS
25490;SUP. BARATAO
25491;REDE JAIME - 3
26866;FIGUEREDO'S LANCHONETE E PANIFICADORA 
25493;DIST. SOUZA
25494;SUP. ARAGUAIA
25552;EMPORIO DOS PAES & CIA 
25553;SUP. SUPER CALDAS 
27988;SUP. CARAVELAS
25482;SUP. TEND TUDO 
25488;PANIF. ENJOY
25489;MERCEARIA E CONVENIENCIA DOS GAUCHOS
25555;MERC. IDEAL
25560;REDE MELHOR DO BRASIL ATACAREJO
47695;SUP. MORAIS
25569;ALIANCA PANIF.
25588;PANE SHOPING
25591;N. L. ELIAS 
25481;BAZAR DOS ORIXAS
25483;SUP. BEIRA RIO
25484;COML. CAMPOS
25485;SUP. MARANATA
25486;COML. SANTA CLARA
25492;MERCADAO BARATEIRO 
25550;SOLAR MIX CONVENIENCIAS 
25551;LANCHONETE CARVALHO
25495;PIT STOP DAS BEBIDAS 
25496;BAR BASCO
25497;DIST. E MERC. ALFA 
25498;BAZAR E PAPELARIA COLEGIAL 
25499;POSTO SOBRADO
25500;MERC. RENASCER 
25558;FRI CALDAS FRIOS E LATICIOS
25559;DIST. DE BEBIDAS E MINI BOX 
26198;SUP. SAO FRANCISCO 
25744;MERC. VIEIRA
26017;NUTRIBOI 
25526;SUP. SOUSA
25507;CASA DE CARNE E DIST. MENDES
25514;COML. SILVIA
25517;RAFFA'S ALIMENTACAO
25518;ATC SUPERMERCADO
25519;SUP.SANTA LUZIA
25534;SOUZA COML. DE ALIM.
47071;BEM NATURAL (CENTRO)
25554;BAR E MERC. DO TETINHO 
25585;SUP. PAIZAO
25586;IMPACTO ATACADISTA 
25515;COM. E PANIF. DELICIA DO TRIGO
25524;SUP. BETEL
25548;CIA DONA SANTA 
25527;CASA DO ELETRICISTA
25522;MASTER SUPERMERCADO
25573;AGUAS E FRIOS
25521;GLOBALBEV BEBIDAS E ALIMENTOS
25541;SUP. BONO
25566;CASA DA ROCA
25505;PANIF. E PROD. DA MAE 
25506;SUP. DO POVO
25535;SUP. BOM VIZINHO 
25537;CONVENIENCIA SERRA DO LAGO 
25540;SUP. ARAGUAIA 
25546;A PECUARISTA
25567;CONVENIENCIA ESPIGAO
25579;MERC. GRANADA 
26236;SUP. IDEAL 
25536;DIST. MARTINS
25539;CONQUISTA SUPERMERCADO
25510;SUPER FIEL SUP.
25511;BAR E MERC. DO PARA 
25529;MERC. SAO JOSE
25530;SUP. NOVA ALIANCA
25531;PRATICO EMBALAGENS
25532;SUP. MINI PRECO 
25580;DUDA SUPER
25581;SUP. GAMA II 
25582;CASA DE FRIOS E DIST. REQUINTE
25528;MINIMERCADO DA 704 SUL
25504;SUP. CELEIRO
25509;COML. NOVO HORIZONTE
47520;MUNDO DAS BEBIDAS EMPORIO
25538;TODA HORA CONVENIENCIA
25525;SUPER 1000
25542;SUP. O BARATAO
25543;MINI BOX BARATAO
25516;COML. NOVA ERA
25533;SUPER VO SUPERMERCADO
25512;O BARATAO
25520;SUP. SAO JOSE
25583;COML. PEREIRA
25584;SUP. TATICO
25757;MUNDO DOCES EMBALAGENS 
25624;LACH.ESTRELA DO SUL
26685;AMPM - SUDOESTE CONVENIENCIA 
32126;MERCADINHO DO POVO 
25920;RICARNES
25616;NOVO HORIZONTE RURAL
25617;CONVENIENCIA JULIANA
25622;DISK CERVEJA RODRIGUES
25673;ROBERTA BOLOS E DOCES
26822;HOT PARK RESTAURANTE
45877;AVAMTHE SUPERMERCADO (JD. PETROPOLIS)
25674;SUP. E CASA DE CARNE GODOY
26083;MERC. JE DO COCO
25549;J.A LANCHONETE E CAFETERIA 
25648;MORENTA SUPERMERCADO
25649;PANELA CHEIA SUPERMERCADO
42710;CONVENIENCIA 
25650;EMPORIO E BEBIDAS NAVES
25651;SUP. BIG
25652;SUP. LAGO DOURADO 
25655;FEST ART 
25656;BAR E REST. ENSEADA 
26223;MERC. AVENIDA 
25612;SUPER BIG - 104 SUL
25625;SUP. CRUZEIRO DO SUL
25626;COML.FLORESTA 
25661;LOJA DE CONVENIENCIA REDE BRAGA
25666;PEG PAG NACIONAL
25667;SUP. MASTER
26212;MINI BOX EVOLUCAO
26213;MERCADO E CASA DE CARNE JUNIOR 
25557;MERC. GJ 
44212;S.L LANCHES.
26216;COML. JJ 
26217;D & L ALIM. (DUCHEFF PIZZARIA)
26218;D'ITALIA GOURMET 
26219;MINIMERCADO BOM PRECO
25544;MERCADINHO BOM PRECO
25610;SUPER NEGAO
25611;CASA DE CARNE ESPERANCA
25630;DIST. DE BEBIDAS BEER HOUSE 
25631;GYN BEBIDAS 
25632;PANIF. PAO NOBRE
25592;MERC. NASCER DO SOL
25594;MERC. OLIVEIRA
25595;RESTAURANTE ESTRELA SUL
25596;SUP. UNIVERSITARIO
25601;COML. YPE 
25607;MINIMERCADO POPULAR
25575;SUP. SANTO ANTONIO
25633;SUPER PAI SUPERMERCADO
25653;MERC. GOIAS 
25658;PANIF. E LANCHONETE PAO DE MEL 
25659;MERC. ITANHANGA 
47100;DISK BEBIDAS E GAS AVENIDA
25662;SUP. D'MELO  
25663;SUPER CARNES E FRIOS PLANETA
25576;RD SUP.
25577;SUPER MORELI
25578;CHACRINHA DO SUVELA
25608;SUP. SUPREMO
25609;SUP. EMANUEL 
25618;MINI BOX OESTE
25629;COML. GABRIELA 
25574;PANIF. PALMARES
25587;PANIF. LIMA 
25660;AUGUSTO FLORESTAL
25664;NOSSO NOVO SUPERMERCADO
25665;HIPER MOREIRA AUTO CENTER 
25668;BARATAO SUPERMERCADO
25669;DIST. FORTALEZA 
25623;LIGHT SERVICE 
25634;SUP. MARTINS
25640;CONVENIENCIA POLIANA 
25641;AMPM - POSTO SANTOS DUMONT 
26066;CIRCULAR EMBALAGENS
26079;IGREJA VIDEIRA
25597;MERC. E RESTAURANTE DO GAUCHO
25598;ATACAREJO DA ROCINHA
25654;CENTRAL PANIF. E CONFEITARIA
25670;PANIF. ALVORADA 
25671;FORTESUL
47591;SUP. SERVILAR
25600;SUP. IPE 
25602;MERC. E DISTR. DE BEBIDAS ARAUJO
25603;GOIANIA SHOPPING
25593;PANIF. IMPERIO DO PAO 
25627;SERRA LANCHONETE
25628;SUPER CARDOSO
25561;SO GELADA 
25562;COMERCIAL TODA HORA 
25637;SUP. PINGO DOCE
25638;MINE MERC. E LANCH. THERMAL
25639;COML. BANDEIRANTE 
25642; MERC. CRISTAL 
25635;SUPER MAIS SUP. 
25636;MERC. SOUSA
45961;DRIVE BEER GYN
25643;MEGA SUP.
25644;PARADA OBRIGATORIA 
25645;AMPM - TOP CONVENIENCIAS
25646;SUP. MUNDIAL
25647;MALUN SUPERMERCADO
25689;MATINHA CHURRASCARIA 
25690;EMPORIO VECCINO
25705;AGRO PET ALVORADA DOS PASSAROS 
25706;MERC. NOVA ORLEANS
31059;SUP. SANTA RITA 
25749;COML. RIO VERDE 
25750;SUP. LIMA 
25702;PANIF. E LANCHONETE TRINDADE 
25708;SUP. PANORAMA
25736;ANGELINA MARIA CAMILO DO NASCIMENTO
25737;WIRON MOREIRA DA SILVA
25738;JURANDY PIMENTA DA SILVA
25739;LEONARDO LOURENCO DA SILVA
25740;MERCADINHO KS 
25685;CASA DO CHOCOLATE
25693;MERC. TELES 
25694;SUP. SANTOS 
44571;SUPER 1 SUPERMERCADO
25695;BOM MOTIVO BEBIDAS 
25696;SUP. ARRUDA
25742;EMBALAFEST 
25755;SORVETERIA GELATE
25756;BANANA MENINA ATRACOES CAMPESTRE 
25761;SUPER CONFIANCA 
25762;FRUTASUL 
25864;CASA DE CARNES BIFE BOM
45956;SUP. GOIANO
25873;CABACA COMERCIO DE BEBIDAS 24 HS 
25874;HIPER 10 SUPERMERCADO
26214;COML. ERECHIM V 
25777;MINIMERCADO E CASA DE CARNE SILVA 
25778;2DM MERC.
25779;PANF. SILVA E PEREIRA
25780;SUP. MOREIRA 
25789;SUP. VITORIA 
25790;SUP. PARADA OBRIGATORIA
25679;SUP. SAO FRANCISCO 
25697;CASA DE CARNE FACA DE OURO 
25698;SUPER SILVA
25699;WESTSEG - SEGURANCA
25700;SUP. SUPER FACIL
32255;SUP. NUNES 
25769;FINI
25771;BABY VIP
25692;GUARIBAS BAR
25715;MAEDSON ELOI DA CONCEICAO
25716;RAY CARVALHO PORTELA
25717;AILTON DE JESUS SANTOS
25718;LUCIANO FERREIRA BRAZ
25719;ANA THARUELCC MARTINS DE AGUIAR
25720;BRIANDA MARTINS G.SOUZA PASSOS
25709;ISAAC CORREA RAMOS
25710;SANDRO MARTINS GUIMARAES
25711;ALEXANDRE DA SILVA ARAUJO
25712;ALICE RODRIGUES OLIVEIRA
25713;GILBERTO PEREIRA DE ALMEIDA
25714;JINOILSON TORRES SANTOS
25772;LANCHONETE DA DUDA
25680;MERC. E CASA DE CARNE LOPES
25681;SUP. CRISTO REI 
25721;GITAMY GUIMARAES
25722;ERIKSON FRANCA ALVES
25723;ADAILTON MOREIRA DE SOUSA
25724;WEDERSON WILSON LINDOLFO
25725;RUDSON JOSE LIMA
25751;SUP. BRASIL 
25752;COML. LIMA 
45934;SUP. KL
25753;LUMA BEBIDAS
25683;CHURRASCARIA SERRA DA MESA 
25726;ANTONIO AUGUSTO 
25770;SUP. SAMPAIO
25781;EMBALAGENS TOCANTINS
45936;COML. GUI
25782;PANIF. MASTER PAO
25876;COML. ALVORADA
25888;SUP. PRATIKO
25892;MERC. RIBEIRO
25743;RECANTO E PAMONHARIA FELICIDADE 
25773;SUP. PIRES
25774;BEBIDAS NO PONTO
25775;CAML MARUKA 
25776;SUP. CANAA II 
25783;ESTRELA SUP.
25675;MERC. N. S. APARECIDA 
25676;BIG BOX SUPERMERCADO 
25784;SUP. SANTANA COELHO 
25785;SUP. E DIST. OASIS 
25786;SUP. DO TUTU 
45948;SUP. PAULISTA
25802;PANIF. E LANCH. TIA MARIINHA 
25896;NOVA OPCAO BAR
25915;LUZINEIDE DE FATIMA SAFATLE 
26220;BAR E MERC. SKINAO 
25686;PETRO POSTO 
25687;SUP. AROEIRA
25688;AMPM - AUTO POSTO MR3 M+M
25691;SUP.ECONOMIA(RIO VERDE-VL SANTO ANDRE)
25729;MERCEARIA FRANCA
25730;MERC. ALVES
25791;MERCEARIA CARDOSO
25741;BARBOSA SUP.
25787;MONTEIRO BOMBONS FINOS 
25788;PANIF. E CONFEITARIA CANAA
25833;SUP. DEUSDARA 
25840;LC CONVENIENCIA
25857;SUPER BIG SUPERMERCADOS
25858;SUPER BIG SUP.
25859;MINE SUP. NOSSA SENHORA DE FATIMA
25684;V.V.A. SAUDE
25763;CONVENIENCIA FAROL 
25764;COML. PEREIRA 
25765;COML. STAR JB 
25766;SALES CONVENIENCIA
25767;MERCEARIA RODRIGUES
32344;SUPERMERCADO 2 IRMÃOS 
25745;CEREALISTA GROS DE PORTO
25746;COML. DOIS IRMAOS
25747;SUPER MASTER
25760;PET SHOP GIRASSOL 
48731;EMPORIO M&S
25877;IGREJA ADVENTISTA DO 7 DIA
25907;COLEGIO OBJETIVO
26221;SUP. DOIS AMIGOS SERVICE
26222;HIPER FESTA(AP.DE GO-INDEPENDENCIA)
25672;BR MANIA 
49007;HD
25677;LANCHONETE E RESTAURANTE SANTA BARBARA
25678;MERCAFRUTAS
25728;LANCHONETE LEITERIA MARAJÓ
25731;VALDINEZ ELIAS SANTOS DA SILVA
25732;ADAIR JOSE FRANCISCO RODRIGUES
45925;COM. IDEAL
25733;RODRIGO HENRIQUE LIMA SILVA
25734;WELINGTON DIAS S. ALMEIDA
25735;RAIMUNDO NONATO F. DA SILVA
25682;COML. FORTALEZA
25707;SABOR E ARTE 
45950;JANTINHA L S E CONVENIENCIA
25748;C & A DIST. DE BEBIDAS ALTAS HORAS 
25805;PLANETA DOS ANIMAIS
25806;SUP.POTENCIA
25811;TUDO DE BOM 
25812;ATACADAO E VAREJO RAYSA
25799;CASA DE CARNE RAMOS 
25803;CIC MINI BOX 
25819;MERC. CARRIJO 
25823;CHACRINHA DO SUVELA 
25824;SUP. SAMPAIO 
25875;PEG PAG AVENIDA
25879;EMPORIO DOCE MANIA
25795;ADEGA DE BEBIDAS E MERCEARIA
25809;MERCAD. E CASA DE CARNES PONTO CERTO 
25825;SUP. LEMOS
25826;LOTZE CONVENIENCIA
25827;IDEAL FITNES ACADEMIA 
25828;COML. E ADEGA DO ZEZINHO 
25817;SUP. RODRIGUES 
25898;SUP. ECONOMICO
25908;FLORICULTURA LOHANA
25909;AGRONORTE 
25910;MEGAS CARNES DI PAULA
25911;MERC. GOIANA
25923;DO CARMO SUPERMERCADO
26215;COML. MONTE LIBANO 
25846;IMPERIO SUP.
25847;SUP. BOM PRECO 
48996;SUP.MORAIS 2
25848;SUP. CANADA
25849;COML. BARCELOS 
25829;COMEBEM SUP.
25830;VERDURAO LIRA 
25831;PET-SHOP PATAS E GARRAS
25832;ANA CONVENIENCIA E LANCHINETE 
25834;AGROVILA SUP.
25835;EMPORIO CASA DE MINAS
25841;DIST. CURUJAO
25820;DIST. SERVADA
25800;SUP. CALIFORNIA 
25801;DIST. DE BEBIDAS E MERC. MODERACAO
25797;PEG PAG PAULISTA 
51057;PLANALTO CENTRO DE DISTRIBUICAO E LOGIST
25798;BARLANA
25804;LANCH. MINI BOX ITAGUARU
27119;SUP. DOIS IRMAOS 
43039;BONNO PRECO SUPERMERCADO
25816;MERC. E REST. J. R.
25842;PANIF. BONOMIA 
25843;BIG BOX ELDORADO
25794;SUPER UNIVERSO
35958;BITTAR SUPERMERCADO 
35969;SUP. TALISMA 
25796;CENTRAL DAS BEBIDAS 
25837;SUP. SUPERACAO
25897;MERCEARIA POTENTE
25821;COML.PINGO DE OURO
47580;SUP. E VERDURAO 5 ESTRELAS
25844;SUP. VELOSO 
25845;CASA DA LAVOURA 
25850;DONA ROSA PADARIA 
25851;SUP. RENA 
25852;CAMPEAO SUPERMERCADOS(VL.BAYLAO)
27417;PAO NOBRE
46951;SUPERMIX R&A
25792;ABRUZZO RESTAURANTE
25793;LANCH. & REST. PEDRA BRANCA II
25814;AGROPLAN PROD. AGRICULAS
35990;IMPERIO SUPERMERCADO
36076;MINI BOX
37212;MERCEARIA OLIVEIRA 
37590;COML. TROPICAL
25815;COML. CANAA
25853;COML. CONQUISTA
25854;SUP. BOM PRECO
25807;MATHEUS SUP. 
25808;SUP. JS 
25822;SUP. FORTALEZA E ADRIANA MODAS
25838;EUROPA PAES 
25839;VERDURAO NORDESTE
25813;GO!
25818;SUP. BARBOSA 
25810;CONSCRIA
25836;F & E COM. DE EMBALAGENS
25978;MERC. PAI E FILHO 
26073;BAR TIO NEGAO
26429;LEONARDO S. MAGALHAES
26675;SUPER BETO(PQ.ELDORADO OESTE)
26684;AMPM - CONVENIENCIA T7 
25927;PANIF. PAO NOSSO
26481;COM ARTE
25865;DI FERREIRA SUP.
25901;SUP. PROEZA
25871;ESTRELA CONSTRUCOES 
25872;MINI MERCADO PEIXOTO
25886;TERRA BYTE LAN HOUSE
32062;ACOUGUE KI JOIA
45882;SUP. SUPER MIX JK
25887;PEG PAG SENA
25895;MERC. MIRIM
25878;R.S. DISTRIBUIDORA
25903;CASA DE CARNES E DIST. DE BEBIDA ITACARE
25904;DISQUE CERVEJA RESSACA ETERNA 
25905;LANCH. CHURRASCARIA SENA 10
25906;SUP. TUDO BOM 
25914;ZERO GRAU
25902;LANCH. MODELO 
25912;COML. BOA SORTE
25916;LANCH. DO TACIM
25952;MERCEARIA NETO
25958;AMPM- EMPORIO MIX
45886;TESTE MAXIMA CANCELAR
25959;SUP. BOA VISTA
25917;PRACA CIVICA CONVENIENCIA
25918;HOTEL JANDAIA
25919;COML. VERDAO
25938;MERCADO LIBANIO
36729;PRA VOCE  SUPERMERCADOS
45957;COML. BRITO
25939;DIST. BORGES
25940;MALIBU DIST.
25934;DIST. DE BEBIDAS NUNES
25960;COML. FILHO
25961;SUPER OLIVEIRA
45878;COML. DE ALIMENTOS
25965;SUP. VITORIA
25966;SUP. EXTRA
25967;DONNA PANIFICADORA EXPRESS
25935;MERC. NOVA OPCAO
25936;NATURAL CONVENIENCIAS
25955;MERC. DO CHICO
25956;PEG PAG PEIXOTO
25957;SUPER VIDA
25972;SUP. BARROS
25880;UTIL VARIEDADES
25933;SUP. SANTA RITA
25973;REST. O CAIPIRAO
25974;PREDILETA
25975;SUP. E PANIF. PAO DOURADO
25976;CONVENIENCIA PAINEIRAS
25949;SUP. IRMAOS MOREIRA
25941;ERIELBE BARBOSA BORGES
25951;DIST. SE SOBRAR BEBEMOS
26549;SUP.LOBO
26080;SUP. PREDILETO 
26593;BALALAYKA DRINK
26018;ARMAZEM MINEIRO
26019;SUP. SOL NASCENTE 
42870;SUP. CONFIANCA
26414;COML. AQUARIUS
25866;PANIF. E LANCH. PAO CRISTAL 
26112;SUP. BOM BIFE 
25930;SUP. PONTO CERTO
25931;EMBALAGENS E CIA
25932;CASA DA RACAO
25982;COML. BARATINHO 
25983;LANCH. SABOROSA
25984;SUP. E PANIF. MARCOS 
25985;HS LOJA DE CONVENIENCIA 
25867;PIT STOP SUPERMERCADO
25868;PANIF. SONHO DA VILA
25882;SUP. JULIANA
25883;EMBALAGENS NOVA ESPERANCA
25884;SUP. FONTES
25885;DIST. CALIFORNIA
45884;SUP. DIAS
25889;PANIF. OLIVEIRA
25890;MERC. JUNIOR
25891;SUP. MONTREAL
25893;SUPER MIX SUP.
49219;SUP.CEREJEIRAS
25899;PEG PAG ARAGUAIA
25913;HIPER MOREIRA AUTO CENTER
25921;PANIF. E CONFEITARIA 3 IRMAOS
25922;CEREALISTA IMPERIAL
25924;MARIA DOCES E FESTAS
25925;MUITO MAIS SUPERMERCADO
25929;DIST. BEBIDAS FOGO E GELO
25942;CASA DE CARNE NOSSA SENHORA APARECIDA
25943;GILBERTO
25944;DIST. CENTRAL
25945;SUP. PERALTA
26756;EMPORIO PONTO COM 
25894;CRISTAL BEBIDAS
25937;SUPER STORE (ST. DOS AFONSOS)
25946;SUP. CERRADO
25947;SUP. LEV
36081;ATACADAO VENANCIO 
47138;MERC. LIDER
25948;COML. MUNIZ
25950;SUP.E CASA DE CARNE MARQUES
25926;SUP.POR DO SOL
25953;MERC. MARTINS
25954;SUP. REDE BRASIL
25962;LIDER SUP.
25963;PANIF. PAO DOURADO
25968;CONVENIENCIA FILADELFIA
25969;COML. CRISTALINA
25970;VINJULIPE PANIF.
25971;MERCADO NOVA JERUSALEM
25977;SUP. PECUARISTA
25979;O BARATAO
25980;CAMINHO DA ROCA COMIDAS CASEIRAS 
25981;COML. VILA RICA
25860;SUP. PACHECO
25861;SAFRA SUPERMERCADO 
25862;CONVENIENCIA JK 
25863;SM ACOUGUE E VERDURAO 
25881;SUP. PIRES
25928;SUP. PACHECO
26012;SUP. VITORIA 
26060;VITORIA SUP.
26061;HOME BEER DISK BEBIDAS 
26062;PEG PAG CATARINENSE 
26063;BIG FRIOS 
26020;PANIF. MOINHO
35978;SUP. PIRINEUS
26021;LIVRARIA E LANCHONETE VIDEIRA - BUENO
26022;SUP.IDEAL
26049;COML. RIO
26065;COML. COPACABANA
25989;CONVENIENCIA BOULEVARD BURGUES
25991;JOTA CAMARGO'S TRANSP.
25994;PEG PAG DO PONTO
26013;SUPERMERCADO RIBEIRO
26014;DIST. VITORIA 
26015;SUP. DOCE VIDA
26059;COML. CARVALHO
26016;COML. SOUZA 
26051;BOM PLASTICO 
26078;SUP. COMPRE BEM
26004;CONSTRULIDER
26005;PET PLANET 
26006;MERC. BRASIL 
26069;SUP. GAROTAO 
26070;SUPER SETUBAO 
26071;VERDURAO E SARDINHA 
25998;D W COML.
25999;COML. MARQUES
26000;MERC. DA IOLANDA
26001;ARMAZEM BOM PRECO 
26002;BAR DO FERREIRA
26003;RCL TRANSP.
26032;ESTAÇAO 10
26081;SUP. J.ALVES
26082;SUP. SANTO ANTONIO
26033;TECCA CONFECÇOES
26036;ESTACAO 10
26038;ESTACAO 10
26040;ESTACAO 10
26224;MERC. DO RAFINHA 
26067;PANIF. NOVA OPCAO
26011;BAR CARDOSO 
26030;SUP. MINI BOM
26031;ESTACAO 10
26034;ESTACAO 10 
26035;ESTACAO 10 
26023;SUP. & PANIF. CORTES 
43294;COML. 2 IRMAOS
26024;SUP. BOM PRECO 
26025;IGREJA VIDEIRA
26026;SUP. VERDAO
26027;SUP. LESSA 
26028;SUPER GOIANAO
26037;ESTACAO 10 
26039;ESTACAO 10 
26064;SUP. UNIAO
26074;DIST. DO CELMAR
25992;POSTO PRESIDENTE 
25993;CASA DE CARNES PAIS E FILHOS 
26053;COML. MARCOS 
26054;DELLA LANCH.
26055;COML. OLIVEIRA
26056;EXTRA CAMPO
26052;DIST. CONTINENTAL 
26050;TEND TUDO
26057;CONVENIENCIAS PETRO POSTOS
26058;SUP. OLIVEIRA ALIM.
26075;COML. 91
26076;SUPER BARATAO
26077;MERC. BOM PRECO
26007;PANIF. MAIS SABOR 
26008;SUPERMERCADO PH 
26009;TERRACO DO ZIQUINHA 
26010;SUP. LOBAO 
26041;CASA DE CARNE REIS 
26042;MERC. ALVORADA
26068;ARMAZEM DA CERVEJA
26072;MERCEARIA VILA MUTIRAO
26043;ARAGUACU CEREAIS 
26044;AVENIDA DOS PAES 
26045;MINI MIX BELEM 
26046;DIST. BRAGA 
26047;SUP. SERVE BEM 
26048;SUP. IDEAL
25986;EMPORIO SAO JUDAS
25987;MERC. CARDOSO
25988;PAO DE QUEIJO
25990;DIST. 93
45899;SUP. MACHADAO (NOVA SUICA)
25995;SUP. CONQUISTA 
25996;JOAO DO VINHO
26126;SUP. ANDRADE 
26133;CASA CEARENSE SUPERMERCADO
26134;REST. CAPIM DOURADO
26135;SUP. PETROPOLIS
26136;ATACAREJO CACULA
26127;QUAVI PRODUTOS NATURAIS
26128;EMPORIO PIQUIRAS
26129;PANIF. E LANCH. TIA MARIINHA 
26097;VIVA CONVENIENCIA 
26098;PEG PAG UNIAO
26099;SUP. RIO CRIXAS II 
26100;LC CONVENIENCIA 
26101;MISTER PAO
26143;MINI MERCADO VITORIA
26144;GOIAS AUTO FREIOS 
26145;MERC. JARDINS
26146;SUP. LACERDA 
26130;SUP. GAGAL
26131;SUP. DU MORAIS
46720;MERCEARIA FLUMINENSE
49124;R.V DISTRIBUIDORA DE BEBIDAS
49128;TOP MINIMERCADO
46733;ATACADAO DE IPAMERI DISTRIBUICAO LTDA
26138;PANIF. DELICIA
26140;SUPRIMENTOS - EMBALAGENS E FRIOS
26141;PONTO FRIO BEBIDAS 
26090;PEG PAG ELDORADO 
26091;MERC. CARVALHO
26092;MERC. PONTO CERTO
26102;EMPORIO BORGES
26103;COML. TRES IRMAOS 
26104;SUP. ECONOMIA
26137;HIPER MIRANDA
26139;JAMES HASLER
26150;SUP. BOM PRECO
26151;CORUJAO 24 HORAS 
26152;SUP. SOUZA
26119;MINI BOX BEIJA-FLOR 
26120;SUP. CONQUISTA 
26142;SUP. LIDER
26185;PAPUA SUP.
26105;RENASCER SUP.
26106;SUP. FLORESTA 
26107;SUP. BOA SAFRA
26108;DISGEL
26109;PANIF. MANDI 
26110;SUP. SILVA 
26111;MERCABOX CRISTAL
26147;SUP.  MOTA
45915;MERCADINHO JW
26148;MERC. E SORVETERIA D' CASSIA 
26149;SUP. E CASA DE CARNE CENTRAL 
26167;RESSACA ETERNA
26186;MERCOFRUTAS
26093;SUP. G2
26094;MERC. PAULO E SILVA 
26095;MERC. LIMA
26096;KID'S HOTEL 
26153;SUP. 007 
26154;DIST. ALTAS HORAS
26085;MERC. MILENIO 
26086;MERC. CEZAR
26087;MERC. ATENDE MAIS 
26088;MINI BOX RIBEIRO
26089;MERC. PIRES 
26155;SUP. SAO JUDAS TADEU
26156;SUP. MOREIRA & GOMES
26157;CASA DE CARNE E MERC. RODRIGUES 
26158;MERC. 8 E 
26159;SUP. SAO LUCAS 
26168;PANIF. CENTRAL
26169;SUP. MAIS FAMILIA 
26170;SUP. SANTA FE 
26177;CURRAL COUTRY
26178;BAR E MERC. N. S. DA PENHA
26179;CASA DE CARNE E MERC. PONTO CERTO 
26171;SUPER GOMES 
26172;EMPORIO ICE DIST. BEBIDAS
26173;BAR DO KINCA 
26174;LANCHONETE INDIARA
26175;MERC. CAIXETA 
26176;CAMPEAO SUPERMERCADOS(PQ.DOS BURITI II)
26160;PANIF. DO BOZO
26161;SUP. MARIANA
26162;SUP. GURU 
26163;DISK CERVEJA YASUI 
26164;SUPER FREITAS 
26165;CONVENIENCIA DEIVS
26166;DIST. BEBIDAS FONTE DO VALE
26084;COML. CARDOSO 
26121;PANIF. PAO DELICIA 
26122;SUP. O BARATAO 
26123;SILVANA MARANHAO
26124;CENTRAL VERDURAS 
26125;DIST. DE BEBIDAS BRASIL 
26180;PANIF. E LANCHONETE NAVARRO 
26181;IGREJA VIDEIRA GARAVELO 
26182;PADARIA MODELO 
26183;SUP. MARTINS
26113;SUP. CENTRAL
26114;BAR MERC. GOUVEIA
26115;CONVENIENCIA ENTREPOSTO
26116;MERC. ECONOMICO 
26117;SUP. RIO VERMELHO 
26118;COML. NERY II 
26184;TERRA FERTIL 
26199;MERC. N. S. APARECIDA
26188;SUP. OLIVEIRA 
26189;MERC. CENTRAL
26190;MINIBOX TROPICAL III 
26191;SUP. VILA OPERARIA 
26192;COML. LB
26193;SUP. ECONOMICO 
26194;MERCADO VIEIRA
26195;SUP. POSITIVO 
26204;MERC. PONTO CERTO 
26206;SUPER MINE
26207;190 PAINTBALL 
26208;ESKINA DO SABOR 
26200;CENTROTINS DIST.
26201;COML. OLIVEIRA 
26203;MERC. BARBOSA 
26209;PAO & CIA 
26210;NOVO ALTAS HORAS 
26196;SUP. TEND TUDO
26197;J. N. SUP.
26211;COMERCIAL UNIAO
26187;SUP.REAL
26319;WEMBLEY
26440;MERCADO MINI PRECO
26606;ARMAZEN 
26602;MERC. AVENIDA
26603;ALVINA SUPERMERCADO 
26257;DBL ALIMENTOS
26534;ARMAZEM E SUPERMERCADO REZENDE
26559;ESCOLA ESPIRITA PIETRO UBALDI
26753;DROGARIA FARMABEM - POPULAR 
26550;SUPER MAUGE 
26262;DIST. DE BEBIDAS DO MAGRAO
26263;SUP. REVELACAO
27481;MOREIRA DA GENTE
26264;BEBIDAS ARAGUAIA 
26265;NACIONAL ALIMENTOS 
26266;SUPERMERCADO UNIAO 
26267;PANIF. EBENEZER 
26225;COML. SAO JORGE
26226;SUP. KLC 
26233;QUALLITY MERC.
26234;SUP. CRISTAL
26235;REST. E LACH. PAI E FILHO
46897;DIST. RODRIGUES
26242;SUP. CHAMPION
26243;SUPERCOMPRAS NOVAMERICANO
26244;SUP. NOVA OPCAO 
26245;SEM NOME FESTAS 
26246;COML. KW
26237;SUP. MENOR PRECO 
26247;SUP. REDE 5
26248;FARMACIA SANTA LUZIA 
26249;MERC. ALMEIDA
26250;MINI MERCADO FREE NORTE 
26251;MERC. UNIAO 
26254;SUP. CRISTO REI 
26255;SUPERVI JARAGUA
26256;DIST. A ERA DO GELO
26259;DOUGLAS DIST.
26260;EMPILHADEIRA SANTANA 
26261;DIST. DE BEBIDAS DO MAGRAO 
26320;MERC. E CASA DE CARNE SAO PAULO 
26321;DOCES E UTILIDADES
26349;MERC. DO CHICO
26350;CHURRASCARIA E PIZZARIA PAREDAO
26353;SUPER BOX AURENY III 
26354;R L UTILIDADES E VARIEDADES
26355;DIST. ELIEL
26310;SUP. SAO JOAO 
26345;SUP. ROSO
26346;SUP. PRECO BAIXO
26347;CONVENIENCIA VIA NORTE 
26388;BAR CENTRAL
47328;SUPER LIMA
26389;COM. E ACOUGUE ST. ANTONIO 2
26306;COML. FLASH
26307;CASA DE CARNE E MERC. PAI E FILHO
26326;SUP. RODRIGUES 
26327;COML. MARANATA
26328;COML. LB 
26296;SUP. PRISCILLA
26297;MART. SUP.
26303;LC SOM
26304;DROGARIA FARMABEM 
26305;COML. LOPES
26339;DO CAMPO PRODUTOS AGROPECUARO 
26298;FRUTARIA FOLHA VERDE 
26299;SUP. BOM PRECO
26300;SUPERBIG SUP.
26301;SUP. ARAGUAIA 
26302;COML. E FRUTARIA JUNIOR
26356;MERCADINHO BOM PRECO
26330;COML. SAO JUDAS TADEU 
26331;CASA DE CARNES E COM. ALVES
26340;EMBALAGEM POPULAR
26342;PEG PAG BARRA DO OURO
26343;COML. ESPERANCA
26358;MAXIMU'S SUP.
26359;LANCHONETE TALISMA
26357;SUP. FORTALEZA
45932;EMPORIO VINHA DO CERRADO
26360;LANCHONETE REAL 
26361;POPS LANCHES 
26363;PANIF. ATLANTA
26364;DIST. CORUJAO 
26365;COML. SILVA 
27533;SUP. BOM PRECO 
26269;GOLY CONFECCOES
26270;D I G MINIMERCADO 
26271;COML. CHRISTINA 
26282;PEG PAG FAMILIA
26283;RB SUP.
42774;COML. LIMA
26284;VIVA BEM PROD. NATURAIS
26288;FANTASIA
26289;EMPORIO.COM 
26290;MENINA FLORES
26291;CONVENIENCIA JR 
26335;SUP. VITORIA 
26336;COML. MELHOR PRECO
26337;SUP. E CASA DE CARNE MACHADO
26285;DEPOSITO SAO MARCOS
26286;PAPELARIA SOL POENTE 
26292;SUP. ANNY 
26293;MERC. PINHEIRO
26294;SUPERSAM SUPERMERCADOS
26295;SUP. POPULAR
26333;COML. TOCANTINS 
26334;BAR E MERC. F M 
26338;CASA DE CARNE E MERCADINHO AVENIDA 
26344;KI DELICIA LANCHONETES
26362;MERCADAO SÓ MEU
26272;APOIO DIST.
26273;AKG HOTEL
26274;ESPETINHO BRASIL DO DELI
26275;STATUS LANCHE 
26276;BAR DOS AMIGOS 
26277;NATURA 24 HORAS 
26324;AVILA LOCACOES
26325;CHOCOLATE.COM
26366;SUP. OPCAO 
26367;BAR WENDEL IV
26368;DIST. REIS
26369;MERCADINHO AMORIM 
26278;CASA DA CACHACA 
26279;BARRIL BEBIDAS E CONVENIENCIAS 
26280;100% BEBIDAS 
26281;PANIF. DO KLEBIN
26308;FABRICA DE IDEIAS 
26309;MERC. SANT'ANA
26370;MERC. LOPES 
26371;SUPER ROCHA
26372;COML. NOVA ERA 
26373;COML. TAVARES
26374;CANTINA DO GRILO 
26376;HIPER MED 
26377;COML. KAMILLA 
26311;AUTO POSTO ESMERALDA 
26312;SUPER BUTEKAO 
26313;SUPER BUTEKAO II 
26314;COML. IARA
26315;PADARIA & CONFEITARIA DUAS IRMAS
26316;MERC. CONQUISTA
26317;SUP. VAREJAO
26287;LANCH.SANTA TEREZINHA
26351;COML. LIDER
26352;COML. CANAA
26378;COML. ARAUJO
26379;SUP. CERRADO
26381;SUP. DUTRA 
26318;PANIF. E LANCHONETE BELEM EXPRESS
26322;SUP. BOM GOSTO 
26323;BAR E MERC. MELLO
26329;SUPER MEGA
26332;MERC. TUNIM 
26348;RESTAURANTE GOIANAO
26375;DIST. L S 
26382;SUP. KO - LIDER II 
26383;A CAMPINEIRA
26384;COML. ME
26385;ARARAS BAR E MERC.
45881;COML. CAVALCANTE
26386;MENOR PRECO SUP.
26387;SUP. KI-JOIA
26461;DIST. MARTINS
26471;SUP. SUPER 10 
26475;AGUIA CONVENIENCIA
26476;LANCHONETE MONTE SINAI III 
26479;ARAGUAIA DIST. DE BEBIDAS
26480;COML. LUCAS
26393;GOIAS EMBALAGENS
26394;MERCADINHO NOVILHO DE OURO 
26396;COML. PARAISO 
26442;LASELVA 
26464;MERC. GOIAPORA
26416;SUP. FORMOSINHA
26482;SUP.UNIAO
26483;SUP. LUZ
26390;LAVITRE HOTEL
49864;MERCEARIA SANTA EDIVIRGES
26423;VALDU BEBIDAS
26427;SUP. MENOR PRECO
26454;MERC. BOM PRECO
26474;SUP. SOUZA
27768;EMPORIO BOM JESUS
26477;CASA DE CARNES DIST. DE BEBIDAS UNIAO
26452;LANCHONETE E RESTAURANTE KI SABOR
26469;BAR & REST. BARROSO
26484;BAR E DIST. CHAVECAO
26485;SUP. SAO CARLOS
26487;VERDURAO DA NAIR
26493;SUP. ARAGUAIA
26413;SUP. E CASA DE CARNE RAIMUNDO FARINHA
26497;SUP. LIDER
48387;COML.PAGUE MENOS
26498;DIST. BEBE EM PE
26499;ANDREIAS LOCADORA
26500;LANCHONETE E CONVENIENCIA PETRO FIRELI
26501;ALEGRART REVISTARIA
26505;COML. DOIS IRMAOS
26506;IMPERIO DAS EMBALAGENS 
26507;PANIF. ATALAIA II 
26512;SUPER BRASIL SUPERMERCADO 
26513;ADRIANOS BAR 
26514;MINI BOX BELEM
26391;SUP. PIMENTA
26392;VL CONVENIENCIA
26400;MERC. DO POVO
26401;MERC. SAO LUCAS 
26402;SUPER CESAR SUP.
26408;COML. BARROS
26451;MERC. SANTA FELICIDADE 
26486;CHOCOLATE
26488;SUP. NOVO LAR
26489;ALTAS HORAS
26492;BEBIDAS E FRIOS SANTA GENOVEVA
26607;DU'CHEFF PIZZARIA EXPRESS 
26424;BAR AMORICANA CHOPP
26430;SUP. E CASA DE CARNES SERRA DA MESA
26437;MERC. YPE
26439;CONVENIENCIA GOMES I
26443;LA SELVA
26444;SUPERCENTER
26809;SUP. DIAS 
26412;PEG PAG LIDER 
26478;BAR DO GOIANO
26494;REDE MINI BOX 31 SUPERMERCADO(LOJA 01)
26495;SHOP FEST
26496;ATLANTA CONVENIENCIAS II
47364;CRISTO REI II SUPERMERCADO
26502;REVISTARIA BUENA VISTA 
26438;SUP. FILHA
26445;LEO RACOES
26446;SUP. COMPRE BEM
26447;PANIF. BOM GOSTO
26448;MERC. YAKABE
26467;SUPER MASTER
26406;SUPER SANTIAGO
26407;SMART SUPERMERCADO
26410;CHURRASCARIA E LANCHONETE MARAJO 
26411;SUPER AGUIA SUP.
26441;IGREJA CRISTA EVANGELICA
26449;SUPERMAURO LANCHES
26397;COML. DONA HELENA 
26398;COML. IDEAL
47602;SUP. REIS (17-JATAI)
49283;CONVENIENCIA UAI SO
49287;EMPORIO LEAL
26399;SUPER MAIS
26419;COSTELAO GAUCHO 
26420;CAFE LEITURA & CIA. 
26491;PANIF. E CONFEITARIA DOCE SABOR
26503;REVISTARIA BUENA VISTA II 
26504;TALISK SUP. 
26508;ESPETINHO DO ALEMAO
26509;COML. MUNDIAL
26510;PADARIA LIVRAMENTO
26511;PEG PAG RECANTO DAS AGUAS 
26428;ESSENCIA DO LAGO
26450;SUP. GALDINO
26458;MERCABOX SW
26459;CASA DE CARNE BRASILIA
26473;MERCEARIA LABIOS DE MEL
26405;MERCADO CANTO GAUCHO 
26415;LUMENS DIST.
26425;MERCADO TREVO 
26426;DISK CERVEJA
26434;SUP. SAO SEBASTIAO
26435;PEDACO DE PAU PIZZARIA
26395;SUP. DUMONT
26404;SUP. AMERICA
26421;ALEX RACOES
42723;SUP. PROMESSAS 
26453;MERC. ANA CLARA
26465;PANIF. REI DO PAO DE QUEIJO
26466;SUP. MONTE SINAI
26409;COML. CAMPINAS 
26436;SUP. NOVA OPCAO
26460;DIG MINI MERCADO
26472;SUP. POSITIVO
26490;SUP. PLANALTO
26417;SUPER STORE (CENTRO OESTE)
26418;COML. JERUSALEM 
26422;COML. COMPRE BEM 
26462;SUP. MARQUES
26463;MERC. E BAR DO ADAO
26470;RIO FRUTAS 
26564;SUP. JALAPAO
26565;AGROCAMPO ELDORADO
26567;SUP.GOMES
26572;SUP. UNIAO
26576;NUTRIMAIS ALIMENTOS PARA ANIMAIS 
26577;SUP. CAMPEAO 
26558;COML. CANAA
26584;COML. FIGUEREDO
42777;PANIFICADORA DOM QUIXOTE
26547;SUP. SUPERBRAZ 
26552;COML. CARNEIRO 
26553;SUP. CORREA
26579;MERC. SANTANA 
26592;MASTER MEL SORVETERIA 
26555;EMPORIO MANO A MANO 
26556;SUP. ATALAIA
26523;EMPORIO DAS CASTANHAS 
26531;SUP. RAMOS
26535;EMPORIUM COM. DE PRODUTOS ALIMENTICIOS
26536;SUP. ESTRELA
26520;SUP. ELDORADO 
26533;SUP. TEM DE TUDO
26546;ATACADAO BARATAO (ARAGUAINA SUL)
26560;MINI MERC. GINO' S 
26561;SUP.ELDORADO
26562;SUP. GONCALVES 
26519;EXPRESSO CERRADO
26554;MM DIST. 
26587;SUP. PRIMAVERA 
26588;SUP. ESTRELA 
26913;QUITANDA D. MARLENE 
42805;EMPORIO SABIA
26589;COML. J H 
26590;COML. BATATA 
26541;MERCADO PLANALTO
26542;SUP. E BEBIDAS NETO
26563;SUP. FARTURA
26566;COML. ECONOMICO 
26569;MINI BOX BELA VISTA
26595;COML. MEDEIROS 
26596;COML. E MERCEARIA CEARA
26597;TUPIRAMA SUP.
26515;ECONOMICO SUP.
42745;SUPR. CASTRO 
26516;SUP. BRASIL 
26517;SUP. NACIONAL 
26518;MARQUES SUP.
26532;DIA A DIA SUP.
26538;SUP. LEMOS
26539;SUP. GOIANAO 
26540;SUP. COLOSSO 
26585;COML. PRO LAR
26586;PEG PAG CONTINENTAL 
26548;SUP. ANDRADE
29108;CASA DE CARNE SAO FRANCISCO-II 
26557;ATACADO E VAREJO NIQUEL 
26568;CEM TRANSPORTES 
26570;SUP. CONQUISTA
26571;C H BATISTA REPRESENTACOES
26578;SUP.PARANAIBA
26580;FAZENDO FESTA 
47603;SUP. REIS (18-BOM JESUS)
26530;SUP. PEREIRA
26573;EMPORIO MEGA PAO 
26574;SUP. SOARES
26575;SUP. CURIO
26521;MERC.E BEBIDAS UNIAO 
42747;COML. ECONOMICO 
26522;SUP. BOM PRECO 
26591;JOAO NILSON SOARES SOUSA
26594;MASTER FEST 
26524;MERC. ALVES
26525;SUP. CORBARI
26526;SUP. IMPERIAL
26537;SUP. SAO JOSE 
26545;CONVENIENCIA TOCANTINS 
26551;G MEL SORVETES E PICOLES
26600;AGRO - PET 
26528;POSTO ALVORADA
26529;SUP. E DIST. DE BEBIDAS O BARATEIRO
26581;SUP. ELDORADO 
26582;SUCOS UAI DISTRIBUIDORA 
26598;SUP. BOM PRECO 
26599;SUP.  SERRA AZUL LTDA 
26543;RIO VERDE ME UTILIDADES 
26544;ATAKAREJO 
26583;SUP. ALMEIDA
26604;SUP. NF 
26605;QUARTETTO SUPERMERCADOS(JD.STA. BARBARA)
26608;SUP. DEUS E GRANDE 
26972;MERCADO BOM PRECO
42748;SUP. CORREA
26611;REAL MERCEARIA E DISTRIBUIDORA DE BEBIDA
26610;SUP. OPCAO 
26725;LAGOA FLAT BAR E REST.
26615;MINI BOX SOL 
26645;LUZ TRANSPORTES
26650;CHURRASCARIA SAO PEDRO 
26670;GILDELVAN R. DE OLIVEIRA
26681;AMPM - NATTY CONVENIENCIA 
26682;AMPM - AUTO POSTO GRAO DOURADO 
26626;ELIZIENE SOARES
26627;OBA LEGAL 
26629;SUPER MIX RIO FORMOSO 
26630;PLASTNEW MAGAZINE
26631;RR MODAS E VARIEDADES
26632;VITORIA MODAS
26641;SUP. ALMEIDA 
26665;SUPER ANDRADE 
26686;SUP. UNIAO 
26687;SUP. COSTA 
26688;TIO EURIPAN PRODUTOS PARA PANIFICACAO 
26689;COML. E CASA DE CARNE FANTASTICO 
26612;ALGODAO DOCE 
26633;KROCODILLOS MODA PRAIA
42760;EMPORIO 3G
42761;CASA DE CARNE SILVA 
26634;RESSACA ETERNA 
26635;SUP. E CASA DE CARNE POCOTO
26690;REDE BRASILIA DE SUPERMERCADOS 
26691;COML. MARIA 
26619;SUP. NOSSO LAR
26659;DIST. SOARES & CASA DE CARNE
26660;SUP. FLAMBOYANT LTDA 
26661;SUP. CARVALHO 
26662;MINERTEL 
26692;SUP. BARTRAS 
26616;SALUTAR PRODUTOS NATURAIS 
26653;MERC. PAO DE MEL 
26654;MERC. MONTE VERDE
26636;BAR DO CARLAO
26683;AMPM - AMPM
26694;MERCADO BEM - VINDO 
26695;MERCADO BEM VINDO 
26696;MERCADO BEM VINDO 
26697;MINI BOX CHEQUINAN 
26699;CARRETAS MUTIRAO 
26698;REST. SABOR DO SERTAO 
26703;SUP. DOIS IRMAOS 
26708;SUP. FENIX 
42758;HELLEN DIST. DE BEBIDAS E CONVENIENCIA
26709;PANIF. SABOR DO TRIGO 
26710;MERCEARIA J V
26711;CONFEITARIA PAO E MEL LTDA
26617;MUNDIAL PARAFUSOS 
26618;SUP. DO BAIANO 
42713;MERC. E SORVETERIA RJ 
26637;SUP. PALMARES 
26693;PANIF. SERRANA 
26712;LANCHONETE E REST. MEIA PONTE 
26713;COML. CAMPEAO 
26714;SUP. E PAPELARIA ARTE SONHO 
26651;MERC. NOVA OPCAO
26658;SUP. FORTALEZA 
26667;SUP. MARANATA
26668;SUP. BOA SORTE 
26669;SUP. BARBOSA CONCORDIA
46999;SUP.MEGA POPULAR
26647;COML. MENDONCA
26648;AGRO CAMPOS RACOES 
26700;UNIVERSO UTILIDADES
26701;REST. VILA RICA
26702;CONVENIENCIA T-13 
26707;ROCHA MONTEIRO
42770;SUPER CENTRAL
26649;FLORESTA SUPERMERCADOS( PQ. BRASILIA)
26652;SUP. DU POVO
26666;MERCADINHO DONA LUIZA 
26671;SUPER MADUREIRA
26672;SUP. MERCA-BOX 
26825;PANIF. BOM GOSTO 
26673;EMPORIO COSMETICOS 
26613;REST. E LANCHONETE GOIANO
26655;MERC. E PANIF. FIDELES
26656;MERC. SANTOS REIS
26704;MIX SUPERMERCADO
26705;SUP. MARANHAO 
26706;SUP. ALVES 
26663;SUP. CARAVELAS 
26674;CASA DAS EMBALAGENS MARQUES 
26676;GABI BABY
26677;LOJA DE CONVENIENCIA CAPIM DOURADO 
26678;RIBEIRO LOJA DE CONVENIENCIA 
26679;AMPM - LANCHONETE SAO JOAO 
26680;AMPM - CONVENIENCIA POSTO CASTELO 
26614;SAO LUIS IMPORTADOS 
26638;MERC. E CASA DE CARNE DA HORA 
26639;LOJA DE CONVENIENCIA ANAPOLIS 
26640;DIST. DE BEBIDAS E CONVENIENCIA 
26642;MULTIMERCADO
26643;PET SHOP GIRASSOL 
26644;SUP. TOLEDO 
26620;SUP. PEREIRAO 
26621;LETICIA PIRES CALCADOS 
26622;MERC. NICE 
26623;AVENIDA MOTOPECAS 
26624;MERC. ARAUJO
26625;SUP. POPULAR 
26734;BAR E MERC. SAO JOAO 
26735;BAR MERC. VAZ 
26743;COML. JR 
26746;MEGA SUPERMERCADO 
26748;CINE LUMIERE 
26749;CINEMAS LUMIERE 
26741;AUTO POSTO GLOBAL
26742;SUP. CENTRAL 
26765;ACCERT TRANSPORTE
26736;HIPER MOREIRA AUTO CENTER 
26737;MEGA SUPERMERCADO (JD MARISTA)
26738;MASTER SUPERMERCADO 
26750;CINE LUMIERE 
26751;CINE LUMIERE 
26752;TETE BALAS E CHOCOLATES 
26755;DIA A DIA SUPERMERCADO 
26718;BOM DE MAIS SUP.
26719;MERC. SUPER ECONOMICA 
26720;SUP. LIDER 
26721;COML. ESTRELA 
26726;SUPER FERNANDES
26739;SUP. CASA NOSTRA 
26727;SGT TRANSPORTE
26731;TOCA DO CHICO 
47741;DECORE ARTESANATO
26740;CRISTAL SUPERMERCADO 
26744;BURITI SUPERMERCADO
26745;SUP. ROCHA
26747;CINE LUMIERE 
26724;DISTRIBUIDORA VIVER 
26761;CINE LUMIERE
26762;LUMIERE CINEMATOGRAFICA 
26729;WILSON PEIXOTO DE ARAUJO 
26716;SUP. MORAIS
26717;MINI BOX JB 
26728;SUP. SERVE LAR 
26715;SUP. HONORATO 
26763;DOCE FLOR 
26722;SUP. OLIVEIRA 
26759;TRANSPORTADORA RADDAR
26757;LANCHONETE MONT REI
26758;PAES & CONFEITARIA DELICIA 
26760;GRANDI PAO
26767;SUP. DO POVO 
26768;SUP. NOVO LIDER 
26769;SUP. T33 
26754;SUP. CRISTAL 
26770;PAO DE QUEIJO NOSSA SENHORA DA PIEDADE 
26723;MEDCOMERCE COML. MED. PROD. HOPISTALARES
26730;SUP. IDEAL 
26732;DIST.FERNANDES
26733;PEG PAG DOIS IRMAOS 
26766;COML. NERY II 
28725;EMPORIUM ATACADISTA
26863;MB MOTOS E BICICLETAS
26888;XEPA SUPERMERCADOS
27929;COML. GLORIA
27983;DIST. SERVE BEM
27985;PANIF. MELO
28115;RESTAURANTE CHINA 
26915;SORVETERIA MASTER MEL 
27008;TESTE
27040;SUP. MANA
27827;EMP. E DIST. DE BEBIDAS BARRETAO 
27833;VIDA BEM LEVE PRODUTOS NATURAIS
27967;SUP. PAO DE OURO (SANTOS DUMONT) 
27994;MERC. PERERINHA 
29854;SUP. RIO BRANCO
26778;SUP. CABECINHA 
26826;LANCHONETE BURITI.
26827;SO 10 VARIEDADES 
26828;GABY BABY 
26867;MERCEARIA MENEZES
26874;SUP. BOM DE PRECO
28113;PANIF. NOVA SAN GENNARO 
28127;EMPORIO MIX 
26843;TESTE123
26886;SUP. POPULAR
26890;VEGAS DISTRIBUIDORA 
27053;SUPERMECADO RENASCER
27909;SUP. VIA BOX
26787;SUP. RIO PRETO 
26844;SUP. ECONOMIA 
26879;EBASICO SUPERMERCADO
26880;ARMAZEM SOUSA MOURA 
27019;C. A. SUPERMERCADO
28903;PEG PAG CENTRO OESTE 
28904;INACIO'S LANCHE E RESTAURANTE 
28905;BRASIL ERVAS 
26881;MERCADO OPCAO
26991;MERCADINHO TERRA
27021;PEG PAG BISK BEBIDAS REAL
27045;SUP. BRASIL
27881;SUPER MEGA SUPERMERCADO
28006;MINI MERCADO MALU 
28019;SUP. TATIANA 
29754;SORVETERIA E DISTRIBUIDORA ZE CAIPIRA 
26885;MINEMERCADO GOIANO
26916;SUP. LOTUS
26935;PONTO DO PAO - PANIFICADORA, CONFEITARIA
26938;SUP. BETAO
26947;MERC. O RELICARIO
26969;MERCEARIA AJL 
26976;SUP. GIRO
27782;SUP. TREVISO
26934;SUP. GOMES
26943;CLARO 
27082;SUP.DO JORJAO 
27112;SUP. TREVO
27115;ENEIAS BAR SUPER BOWLING
27835;GELATU'S SORVETERIA 
29856;SUP. TROPICAL
26900;SUPER ARCO IRIS
26917;MERCANTIL E ATACADAO LIRA 
27818;COML. BEIRA RIO
27875;SUP. CASA DE CARNE SANTO ANTONIO
27922;REZENDE DISTRIBUIDORA DE BEBIDAS 
28035;SUP. BRANDAO
29764;HIPERBOM SUPERMERCADO
26842;TESTE
26870;APORTT DISTRIBUICAO 
26939;COML. POTY
26977;DETALHE SUPERMERCADO
27024;COML. ARAUJO
27874;PANIF. MUTIRAO
26948;MERCADO ALVES 
26967;COML. BASILIO
26968;SO FRIOS SORVETERIA 
26973;SUP. PRIMAO
26994;SUP. AVENIDA
26997;MERCADO E ACOUGUE MINEIRO 
27013;MERCADO AVENIDA 
27803;EMP. SALINHA
26979;SUP.  MC
26983;SUP. BARATAO 
27046;PANIF. & MERCEARIA IDEAL 
27063;AGRO- PIONEIRA 
27066;SUP. O BARATAO
27068;DISTRIBUIDORA SANTOS
27471;EMPORIO NATURAL NUTRI
27864;MERC. MENDANHA 
26799;MERCADINHO SOL NASCENTE 
26919;COML. VICTOR
27869;ALL ' FORTE AUTO POSTO 
28045;QUITANDAS DO CAMPO
28049;EMBALAGENS SILVA 
28129;HUTTI PANIFICADORA
29834;DECIO CONVENIENCIA L.8 
26798;PEROLA DISTRIBUICAO (BAIRRO DE LOURDES)
26883;SUP. NOSSA CASA 
27054;CRISTAL FESTA
27065;CONVENIENCIA GLOBAL
26987;EMPORIO NEVES
27015;SUPER FLAMBOYANT
27016;COML. NOVO HORIZONTE 
27873;REI DAS RAIZES 
28020;COML. SAO LUCAS
28103;DIST. E MERCADINHO JR
29783;DIST.DE BEBIDAS JR
26837;PANIF. E LANCHONETE MANA
26838;SUP. TREVO
26887;SUPERMERCADO ELDORADO
26893;LANCH CONV RODA BEM
26912;HIPER MENDES
26920;COML. IANA
27883;VIDA VERDE EMPORIO
27910;AMORIE DI GELATO 
26834;MERCADO BARATAO SUL 
26846;MERCADO DOIS IRMAOS
26847;MERCEARIA RIO JORDAO 
26860;SUP. MODELO 
26903;SUPER LEMES SUPERMERCADO
27820;COML. MUNDIAL
27882;SUP. RAMOS
29791;GOIAS VERDURAS
26871;SUP DO DELEY
26884;SUP.REZENDE
27029;FRALDAS TURMA DO BEBE 
27056;SUP.  BOM PRECO
27798;COML. R ANDRADE
27860;REI DAS RAIZES 
27893;SUP. SANTO ANTONIO
29804;DICASA SUPERMERCADOS
26937;MERCADINHO SARA
27880;PONTUAL SUPERMERCADO 
27906;MINI BOX SILVA 
29835;SUP. CARREIRO 
28131;SUP. FERNANDES
28134;SUPER CANARINHO 
28135;GEILSON RODRIGUES DOS SANTOS
29849;MANA CONVENIENCIA 
26933;SUP. ESTRELA 
27017;COML. FORTALEZA
27071;MINI BOX E ACOUGUE LIDER
27077;MINI BOX SILVA 
27840;SUP. KISLON
27857;SUP. RENASCER
27891;RODRIGUES AUTO CENTER 
29826;SUPER BOX ARAUJO
26785;LC ENCOMENDAS E CARGAS
26944;CONSTRUAGRO
26957;BOM D+ SUPERMERCADOS 
26959;COML.FERREIRA
26960;SUPERMERCADO GOIANO
26965;COML.RAFAEL
27991;IVAN LANCHES
28039;PAPA DISTRIBUIDORA
26995;PEG PAG SANTO ANTONIO
27022;SUP. LAGO AZUL
27023;MERC. GONCALVES
27033;SUP. FARLAT
27043;PORTAL ATACAREJO 
27867;ROTISSERIA ESTACAO DO SABOR 
27898;SUP. PAGUE MENOS 
26811;SUP. TEIXEIRA 
26812;SUP. CENTRAL 
26875;MERCEARIA AGUIA
26946;CASA DE CARNE PLANALTO 2
26954;SUPERMERCADO BOM PRECO
26958;RESTAURANTE PIRES
28117;PONTO BEER
26796;COML. MARTINS 
26882;PLANETA SUPERMERCADO
26940;SUP. CARDOSO
26942;LANCHONETE E CONVENIENCIA RODOCAR
26989;MERCADO ROSSINE CARVALHO 
27913;VITORIA SUPERMERCADO 
27917;NOVO SUPER 
29810;MUNDO ANIMAL 
26773;COML. MINEIRO 
26909;SORVETERIA MARANATA
26929;MINI MERCADO SAO PAULO
26974;POSTO LAGOINHA
27001;SUP. PRECO BOM 
28130;PANIF. NOSSA CASA 
28136;MERCADINHO VITORIA
26797;SORVETEEN
26848;GRUPO PALMEIRAO 
26853;SUP. CARVALHO 
26854;SUP. CARVALHO 
26927;ELIANE DE SOUZA SANTOS
26932;COMERCIAL MARACANA
26945;SUP. FAVORITO
27902;SUPER MASTER
26772;COOPERJOV
26951;SUP. ESTRELA DALVA
26970;AGROPECUARIA JATOBA
26980;CONVENIENCIA SAMPAIO
26984;COML. LOPES
26999;VERDURAO ALVORADA
27822;COML. CANTAO SEMPRE PRESENTE NO SEU LAR
31011;SUP. TATICO (BELA MORADA)
26992;MERCADINHO SAO SEBASTIAO 
27009;MERCADINHO E ACOUGUE DIOGENES
27055;HIPER FESTA 
27073;PEG PAG PAI E FILHO
27074;SUP. TUPIRATINS
27924;SUP. GOYAZ
27927;DU PAO PANIFICADORA 
27936;PANIF. E MERCEARIA PAO DE MEL
26849;CONVENIENCIA OASIS 
26850;MERCADINHO BOM PRECO 
26851;SUP. DO CHICO
26902;MERCADINHO CONCEICAO
27057;HOTEL SAMPAIO
27116;SANTOS COMERCIO E SEVICOS 
27843;SUPER BETAO
29853;LIBERTE DRINKS 
26833;MINI CUSTO 
26961;AFUCOMIVA
26993;COML. CASA DE CARNE DELICIAS DO FRANGO
27003;MERCADINHO SUL'PRIMAIS 
27006;TOCANTINS CEREAIS 
27876;SUP. GIRASSOL
27918;SUP. SAO SEBASTIAO 
26918;COML. O BARATEIRO
26923;COML. PAGUE MENOS
26955;SUP.UNIAO
26981;BANCA DO TURISTA
26982;MASTER MEL SORVETERIA 
27002;COML. TOCANTINS
27796;EDSON TADEU RODRIGUES BARQUETTE
27797;CONVENIENCIA OLIVEIRA 
26895;COMERCIAL PAGUE MENOS
26926;LANCHONETE GOIAS
27042;COML. SILVA
27061;SUP. CLAUDIM
27067;MINI PRECO GIRASSOL
27964;CHURRASCARIA NOSSA SENHORA APARECIDA 
27970;EMPORIO SOUZA
26775;SUPER BOX AURENY IV 
27047;MERCEARIA FENIX
27052;SABOR MINEIRO CHURRASCARIA E LANCHONETE
27059;MERC. NOVA CRISTAL
27072;MERCEARIA TOCANTINS 
27930;SUP. SILVA
28024;SUP. MANGUEIRAO 
29830;PAES E AROMAS PANIFICADORA 
26925;BAR DANTAS 
26988;SUP. PROGRESSO 
26996;MERC. SANTO ANTONIO
27011;SUP. MAP
27044;KSTRU'S SUPERMERCADO 
27058;COML. VIEIRA 
27878;SUP. OURO VERDE
27004;MERCADINHO KAUA
27005;MERCADO ESTRELA UTILIDADES E VARIEDADES
27012;COML.MENESES
26780;RAIMUNDO SOARES DE SOUZA FILHO 
26873;TALGE DESCARTAVEIS DO BRASIL LTDA 
27018;COML.SILVA
27025;BOM DE MAIS SUPERMERCADO
27075;REST. RECANTO
27940;DUILIO BORGES DA SILVA 76769976153 
27977;MERCADO FAVORITO
27981;GOIAS FORTE ATACADISTA
26830;COML. COELHO
26831;SUPERMERCADO OLIVEIRA 
26832;CASA DO PRODUTOR
27020;SUP.PARENTE
27911;COML. TOCANTINS
27928;SUP. SACOLAO AVENIDA 
28040;PANIF. & MERCEARIA CONQUISTA 
26786;SUP. CENTRAL 
27014;CASA DA RACAO
27064;LUAU EVENTOS
27081;MERCADINHO BENVINDO 
27095;SUP. SOUZA
27879;CASA DAS RAISEZ 
28022;CASA SAFRA SUPERMERCADOS
26872;REGIS SUPERMERCADO
27027;COML. FERREIRA
27032;PEG PAG PARAISO
27050;TEM DE TUDO EMBALAGENS E BOMBONS
27793;COML.CRISTINA
27839;PEG PAG DO BENE
27978;TINDOLELE FESTAS
27048;BAR E ARMAZEM DO MINEIRO
27069;MERCANTIL ARCO-IRIS
27070;PEG PAG ITAPIRATINS
27078;COML. TASSARA
27085;MERCADINHO JUNIOR
28026;SUP. BOM PRECO 
28088;SUP. BOM PRECO
26795;EDUARDO ALVES VILELA JR 
26908;MAX SHOP ALIMENTOS E CONVENIENCIA
26930;SUP. CACU
27080;MERCADINHO PIERRE
27083;SUPER STORE (CIDADE LIVRE)
27813;REIS SUP.
26985;COML. CARVALHO
27871;PANIF. E CONFEITARIA DOCE MEL 
28027;MERC. G A 
28028;COML. NUTRIBOM 
28029;PANIF. CONFEITARIA FLOR DO TRIGO
29758;MERC. MORADA NOVA
29833;DRINKS DISTRIBUIDORA
26839;COML. MOREIRA 
26840;DIST. BOM PRECO
26911;COMERCIAL E ACOUGUE BOM JESUS 
26922;SUP. TRIANGULO 
26971;SUP.PEG PAG CAÇULA 
26990;SUPERMERCADO LACERDA
27036;COML. CARVALHO
27037;MERCEARIA SERRITA
26790;PANDORE PANIFICADORA 
26791;HOT PARK CONVENIENCIA 
26793;DOCE LAGE
26835;MINIMERCADO VITORIA 
26836;CAFE AVENIDA
26941;SUPER PEREIRA
26966;COMERCIAL SAO MIGUEL
27933;ACOUGUE E VERDURAO DO PEDRO
26921;COML. ARAUJO 
27034;COML. DIAMANTINO 
27035;SUP. UNIAO
27049;ALMEIDA SUPERMERCADO
27076;IT SUPERMERCADO
27079;BEBIDAS SUPER10
27815;SUP. TOQUIO
26774;VITAL DISTRIBUICAO
26781;COML. IZALIPE 
26897;DISK CERVEJA PAI & FILHO 
26898;A CURRALEIRA AGROPECUARIA 
26899;CASA DO CAMPO
28082;CEREALISTA SANTA CLARA 
28095;MERCEARIA CARDOSO
28102;SUCESSO EMBALAGENS 
26788;SUP. BOM JESUS 
26975;MINEIRAO SUPERMERCADO E CARNES
27060;SUP. MARQUES 
27113;SUP. VALE DO SOL
27795;FITNESS GOURMET
27824;SUPER BARATO
27829;PADARIA  DOCE VIDA
26783;SUP. LIDER 
26784;FRUTOS DO CERRADO 
26963;MERC. MARANATA 
28089;MERC. BRASIL
28090;LANCH. E BAR NOVO HORIZONTE
28107;SABORELLA SALGADOS
28114;PARQUE PAES
29767;BOATE SEDUCAO
27028;SUP. BOM DIA 
27031;SUPER DANTAS
27041;MINI MERCADO MUNDIAL 
27099;JOELMA NEVES RODRIGUES
27100;SUP. MARTINS
27145;SUP. PAULINO
27146;REST. BOM GOURMET
27178;COM. EXTRA 
27179;BRETAS (MINEIROS)
27180;MERC. ALIMENTOS NATURAIS
27181;POIZE DISTRIBUICAO 
27182;MERCADINHO PAGUE POUCO
28015;SUP. JERUSALEM 
28017;COML. VERDAO
27275;MERC. SAO LUIS ORIONE 
27276;PEG PAG JUNIOR
27277;MERC. JONICE 
27785;COML. UNIAO 
27939;COMERCIAL JERÔNIMO
28003;ARTE PAES 
31051;CASA DA RACAO 
27149;HIPERMECADO ZEZE
27161;SUPER SUL
27245;SUPERMERCADO COMPRE + 
27387;DOCE MANIA
27433;SUP. TOCANTINENSE
27440;SUP. REIS
27830;SUP. CANAA
27125;MINI BOX TAVARES 
27129;WOW NUTRITION INDUSTRIA E COMERCIO S.A.
27184;BAR E MINIBOX DO CEARA
27185;SUP. E CASA DE CARNE BOM BIFE 
27186;LANCHONETE CARRIJO 
27187;REST. E LANCHONETE 7 MILHAS 
27784;SUPERBOM SUPERMERCADO 
28186;VERDURAO DO AGNALDO 
27183;MINI BOX DO TICO 
27199;SUP. MARTINS 
27396;COML. FAUSTINO
27443;CIDA LANCHES
27445;AMPM - PONTO VIP 
28179;REST. DEGUST GRIL
28208;SUP.ALFA
29816;BEIRA RIO SUPERMERCADO (AV. GOIAS)
27278;JOSE HAROLDO LOPES 25191128168 
27311;CONVENIENCIA BONZAO
27346;ATACADO TAVARES
27375;PANIF. DOCE SABOR 
27389;TARUMA EMBALAGENS 
27814;SUP. AVENIDA
27831;MERCEARIA NUNES
29879;PANIF. & CONFEITARIA LA BELLA 
27441;MINIBOX IDEAL 
27458;SORVETE DA FRUTA 
27469;SUP. CRISTO REI
27476;EMPORIO TERRA VERDE 
27908;SUP. CENTRAL 
27921;DIST. PARAISO
27966;SUP. RIO VERDE
27151;SUP. ALTAS HORAS
27188;CARDUME CHOPP & ETC
27189;A FARSA PERFEITA 
27190;COML. PEREIRA
27191;PEG E PAG SANTO EXPEDITO
27200;MINI BOX 4 RODAS
27201;LANCHONETE CARRO DE BOI 
28174;DROGARIA IMPERIAL
27205;MERC. E DISTRIBUIDORA DE BEBIDAS PAR
27398;QUARTETTO SUPERMERCADOS (ST.CENTRO)
27435;PANIF. EUROPAN
27439;CORUJAO 3 D 
27446;SUPER 100 SUPERMERCADO
28120;FORMIGUINHAS
28216;SUP. JJ 
29870;CERVEJARIA BOM SUCESSO
27371;COML. KAILLANNY 
27401;MERC. SAO CARLOS
27418;ADM CONVENIENCIA II
27423;SUP. PONTO CERTO
27425;DROGARIA SAO JOSE
27844;SUP. MENEZES 
27848;PEG PAG ESTRELA
27152;SUP. DANIELA
27462;INTEGRAR 
27477;MERC. BELA VISTA 
27123;SUP. MM 
27202;FRIOS EMBALAGEM PARANA
27209;BRASINHA 
27210;FRUTARIA LEGAL 
27211;MINI BOX SARVE BEM
27212;PEG PAG PRECO BOM 
27213;SUPE. BIG LAR 
28100;MARCOS AURELIO DA SILVA BRITO
28101;ERNANE FERREIRA DE BRITO
27121;SUP. COMERCIAL ATHENEU
27448;SUP. POPULAR
27449;COML.CANAA
49695;PAGUE MENOS SUPERMERCADO
27450;SUP. BARATAO
27451;SORVETEEN
27452;SUPER SILVA
28169;CASA MALTA 
28170;LA'BELLA SABORES 
27447;MINI MERCADO PEIXOTO 
27852;REST. MARANATA
28123;AGROSERVICE EMPREITEIRA AGRICOLA LTDA 
28231;SUPER MINEIRAO 
28234;V.V. MERCADINHO 
28235;SUPER BANDEIRANTES
28237;MERC. COSTA
29866;L W SUPERMERCADO
27412;MERCADINHO DIOGENES
27438;SUP. CABRAL
27475;FLAVIO SILVA SANTOS
27995;RIGO BOM MERCEARIA E PANIFICADORA 
27214;COM. CANAA 
27215;PANIF. PAO DO LAR
27216;COML. BOM SUCESSO
27217;PANIF. BOM DIA
27218;MULTICINE CINEMAS 
27219;LANC. TIO PATINHAS
27220;POP LANCHES
28013;MERC. URIM E TUMIM
28125;SUP. ECONOMIA
28192;EMPORIO BACANA E FILHOS
27226;MINI BOX CANARINHO 
27227;MAGRELLAS BAR
27229;CASA DE CARNE PLANALTO 
27230;COML. LEONE 
27231;PANIF. BOA NOVA 
27232;MINI BOX POPULAR
27233;WEIDER PEREIRA RODRIGUES 8
28188;COML. BOM JESUS
28219;MERC. DO DAVI
27455;SUP. FAVORITO
27461;PAO! 
27467;MERCEARIA MELO
27468;SUP. GOIAS
27472;SUPERMERCADO BATISTA
27974;ZAIDA BAZAR E PAPELARIA 
29885;MUNDO VERDE SHOPPING FLAMBOYANT 
27204;POSTO PIQUI CONVENIENCIA
27339;MERC. PARAISO 
27340;SUP. GONCALVES
27341;SUP. GUIMARAES
27342;MERC. SOUSA
27343;BAR RODOVIARIO 
27344;CHURRASCARIA ESPLANADA 
27996;SUPER BARATAO
28002;MERC. AMORIM
27143;SUP. GOMES
27221;CENTRO POKEMON
27222;PANIF. PRODOESTE
27223;MAGRELLAS BAR E LANCHONETE 
28193;DIVINA QUITANDA
31064;NOVO PLANALTO 
31066;ATACADAO CARDOSO 
27192;SUP. BOM DEMAIS
27234;SUPE. MATOS 
27235;MINI BOX POPULAR 
27236;FOGAO GOIANO EXPRESS 
27237;BARROSO DISTRIBUIDORA 
27238;COMERCIAL PATRIOTA 
27239;REST. BOA VISTA E LANCHONETE J N
27915;SUPER PREDILETO
28041;VALDEMI FRANCISCO DOURADO
27203;PANIF. E LANCHONETE KI DELICIA 
27473;DIST. HERMES
27474;SUP. BATISTA
27850;JAKELINE
28037;CAMPO VERDE
28150;REAL UTILIDADES 
29890;WI-FI CONVENIENCIA
29909;DROGAELLYS 
27148;SUP. OLIVEIRA
27170;CHURRASCARIA E BAR VALLE DO ARAGUAIA
27171;SUP. PONTO X
27172;REST. E LANCHONETE AMETISTA DO SUL
27173;PANIF. ESTRELA DA MANHA
27174;PANIF. SAO MARCOS 
27175;COML. SOARES
28008;COMERCIAL MARTINS
28009;PANIF. CALIXTOPOLIS 
28011;HELEN FESTAS
27224;POSTO R7
27377;P & R CONVENIENCIA 
27380;BIRA RESTAURANTE E LANCHONETE 
28194;MERC. AVENIDA 
28197;SUP. OBA OBA 
28198;COML. VINICIUS
28199;CASA DE CARNE E SUP. SANTOS DUMONT
28203;ARMARINHO PALMAS 
27240;CHURRASCARIA R7 
27241;ANA APARECIDA RODRIGUES DO NASCIMENTO 45
27394;GUARAI EMBALAGEM
27419;REST. KI-FOME
27453;DIST. SANTOS 
28220;JUMP MANIA
28223;UTILAR SECOS E MOLHADOS
28226;PANIF. NOVO PAO
27156;BAR GOURMET
27286;CASA DE CARNE NELORE 
27287;SUP. JK 
27288;MINI MERCADO REAL 
27289;EUROLANCHES 
27290;SACOLAO REI DA ECONOMICA 
27291;SACOLAO TOCANTINS 
27841;SUP. RAMOS
27865;M METAIS 
27159;SUPER UNIAO SUP.(JD.TODOS OS SANTOS)
27176;MERC. PONTO NOVO
27177;COML. GOIAS 
27194;SUP. FREITAS
27208;SUP. BENEDITO
27345;CHURRASCARIA TIGRAO 
27395;SUP. GOIANAO
28109;MERCADO E CASA DE CARNES BOI DE OURO 
27144;PANIF. E RESTAURANTE MAIS
27158;COML. JULLIANA 
27378;BUENO PAES
27382;SUP. MONTE SINAI 
27388;SUP. DOIS AMIGOS
27390;KITANDELLA SUPERMERCADO E PANIFICADORA 
27397;COML. FAUSTINO
28205;ARMAZEM GIGANTE 
27244;COML. IZALIPE 
27454;PATRAO SUPERMERCADO 
27456;ELITE SORVETES
27460;SORVETERIA CREME MEL
28151;CHURRASCARIA CAPIM DOURADO
28180;COML. FIUZA
28227;SUP. PREMIUM
27169;SUP. SAO LUIZ E CASA DE CARNE BOI BRANCO
27292;HOTEL VILA RICA 
27294;CASA DE CARNE BOM PRECO 
27295;LANCHONETE A P C 
27296;MARCOS ANTONIO PEREIRA 44988869172 
27297;MEL COMERCIO VAREJISTA 
27804;AACW FESTAS 
27812;SUP. MOURA
27164;SUP. ECONOMICO 
27165;PEG PAGUE VILA NOVA 
27166;OLIVEIRA TRANSPORTE 
49061;MAIS UTIL STORE
27167;SUP. BELA VISTA 
27247;CEARA GAS
27318;PINGO DOCE SUPERMERCADO 
27894;MERC. VARGAS
28137;MERCADINHO CUNHA
28148;COML.3 IRMAOS
27400;SUP. UNIAO
28211;CHURRASCARIA E LANCHONETE SABOR DE GOIAS
28213;CASA DA TERRA 
28214;SUP. GOIANAO
28215;PAODELLI
28218;COML. BOM PRECO 
29862;SUP. BOM PRECO 
27267;ANIZIA SILVA
27463;MINI BOX TODA HORA 
27464;SUP. PARQUE DAS PALMEIRAS 
27821;MV CELULARES E SUVENIERS
28228;DOCE & FESTA 
28229;SUP. SOL NASCENTE
28230;A FAVORITA
29756;SU BEAUTY STORE 
27298;BAR E MERCEARIA DOUGLAS 
27299;REI DA CARNE 
27300;CHURRASCARIA BELA VISTA 
27301;PANIF. PAO DE OURO 
27801;CASA DE CARNE E COML. BOM PRECO 
27806;MAXI PAO
27854;REST. & CHURRASCARIA SETE MILHAS 
29883;JALIM TURISMO HOTEL 
27162;PANIF. ARAGUAIA
27347;COML. DO LAR 
27352;CANOEIRO MANIA 
27353;COML. RIBEIRO 
27354;ALEXANDER COSTA DE OLIVEIRA 61968757104 
27355;MERC. CARVALHO
28152;COML. KAYANNE 
28153;MERC. E PADARIA MARTINS 
27403;PEG PAG TOTAL
27404;PADOCA CASA DE PAES
27405;MERCADO PLANALTO
28083;AGROMILHOMEM 
28167;BAR DO CIDINHO 
27120;SUP. REAL MADRI 
27466;SUP. SOARES 
28144;COML. FORTALEZA
28146;MERCADO CONSUL
28232;TODO DIA
28233;SUP. BARATAO
29774;GUNOTT SUPERMERCADOS 
27124;MERC. GONCALVES
27246;VMP CENTER
27302;IRACI ARAUJO DA SILVA 23185376153 
27305;CASA VIP SORVETERIA E LANCHONETE 
27306;CHURRASCARIA MARINHEIRO
49713;NOSSA KAZA SUPERMERCADOS
27307;SORVETERIA CREME MEL 
27308;MERC. MARIA JOSE 
27309;MARGARIDA ELIAS MARTINS MOREIRA 52090647
27859;TURBO FRIOS
27304;SUP.NOVA TUPIRATINS
27310;BR.COM
27356;COML. VEN KA
27357;MERC. NIQUELANDIA
27358;SUPE. PAI E FILHOS
27359;FRANCISCA TAVARES DE QUEIROZ 88210936115
27360;COML. RS
28133;MERCADO E ORTIFRUTI 
28159;PEG PAG NITEROI 
27407;CREMANIA GELATERIA 
27509;BAR E MERCEARIA JL
28166;BAR FOGOIO 
28221;CASA DAS EMBALAGEM
28222;COML. PADRAO 2
28225;PEG PAG MONT SINAI 
27157;PANIF. TRIGO PAO
27374;SUP. MAKAYA 
27432;JOENIL TRASPORTES
27442;VERDURAO SERVE BEM  
28156;SUP. DEUS E GRANDE 
28171;SUP. BETHEL 
28172;SUP. PINGO DE MEL 
27128;SUPER SILVA
27198;COML. MELHOR PRECO
27312;NETO SUPERMERCADO 
27313;REY LANCHES 
27314;CASA DE CARNE BOI NA BRASA 
27315;SILVANIA DIAS DE SOUSA 2568864745 
27316;REST. COMIDA CAZEIRA 
27868;SUPERMERCADO COMPRE MAIS(+) 
27912;MERC. DO BOSQUE
27193;MERC. FERREIRA
27323;SUP. NOVA TUPIRATINS 
28160;SUP. BARBOSA
28161;SUP. MELO
28162;AGROTERRA PRODUTOS AGROPECUARIOS 
28163;SUPER GENTIL 
28164;MERCADINHO SOLTO
27248;MERC. DUAS FAMILIAS
27391;SUP. SUDOESTE
27409;COML. COMPRE BEM
27411;PANIF. A SUPERMERCADO PETERPAN 
27896;MERC. E LANCH. VITORIA 
28138;COML. SILVA
28139;CASA DA RACAO E VARIEDADES
29819;MERC. SAO GABRIEL 
27139;AMPM - ALFA CONVENIENCIA EIRELI _ME
27154;DIST. NATUVIDA
27163;NOVO VIA BOX 
27243;MINI MERCADO E ACOUGUE ALVORADA
27249;COML. CRUVINEL
27250;MERC. FERNANDES
27251;VISAO REVISTARIA & CIA
28031;MERCEARIA RODRIQUES
27141;SUP. ECONOMICO 
27197;COML. LEANDRO 2 
27317;SORVETERIA ARCO IRIS 
27319;SACOLAO JB 
27320;DIST. PLANALTO 
27321;EVA MARTINS MESQUITA MOREIRA - ME 
27916;PARADA OBRIGATORIA EMPORIO E BEBIDAS 
27941;FARMAZEM 
27944;SUP. BANDEIRANTE 
27207;SUP. GOMES
27361;COML. POPULAR
27362;COML. REZENDE
32345;MERCEARIA SALGADO 
27364;STOP DIST.
27365;CASA DE CARNE PIMENTEL 
28165;BAR E MERCEARIA 20V 
28178;MERCADO AVENIDA
27150;KAEELI GELATERIA ARTESANAL 
27383;LAGOS SUPERMERCADO
27406;MERC. LELIS 
28030;MERC. VITORIA
28032;SUPERMERCADO FLORESTA
28206;ESPACO SERVICES 
29824;PORTAL SUPERMERCADO 
29900;MERC. E VERDURAO POPULAR
27117;SUP. ALVORADA
27206;PANIF. CAMINHEIRO
27252;SUP. MAIS
27253;SUP. EL SHADAI 
27254;GELO FEST
27255;SACOLAO DAS FRUTAS
28173;SUP. LIDER 
28181;EMPORIO BENS DA TERRA PRODUTOS SAUDAVEIS
27138;SUP. VELOSO
27147;SUP. MATOS
27350;RANCHOS GRILL
27368;MERCADINHO CANAA
27369;SUP. CAMPEAO
27945;RAÇOES E CIA
27946;ATACAREJO TOCANTINS
27168;NAS NUVENS DECORACOES 
27324;LANCHONETE UNIVERSITARIA 
27325;BAR E RESTAURANTE COISAS DA NOSSA TERRA 
27326;LUCIVANDA DE PAULA MOREIRA 778302105 
27327;REI DA CARNE 
27328;DIST. SERRA DA MESA 
27329;BAR E MERCEARIA FILHO 
28182;LANCH. DO POVO
28184;BEM + TABACARIA 
27131;SUPERMERCADO COMPRE MA+S 
27393;MINI MERCADO 
27402;DOCE LAGE II 
27415;EMPORIO FACUNDO
27416;RECANTO OPEN BAR
27421;SUP. JATHAY
27971;D'MELO ATACADISTA DE FRIOS & EMBALAGENS 
29901;SUP. SANTANA 
27153;SUP. SERTANEJO
27225;ATACAREJO SUPERMERCADO IPE 
27256;FORTALEZA GAS E AGUA MINERAL 
27257;COML. CRISTO REI
27258;HOTEL E RESTAURANTE SIMAO 
27259;ZE H LANCHES 
27260;A CACULINHA
27261;LIDIA CLEMENTINO DE FRANCA FERREIRA 9324
28176;COML. BRITO
27370;SUPER SACOLAO
27376;FAZENDINHA SABOR CAMPESTRE LTDA
27381;BOCAO DISTRIBUIDORA DE BEBIDAS
27385;SUP. SANTA LUCIA 
27969;COML. ARAPOEMA
27984;RIO LONTRA AGROPECUARIA 
27993;VISTA DA MATA RESTAURANTE E CONVENIENCIA
27330;CASA DE CARNE MARISTA 
27331;SEBASTIAO COELHO BARREIRA - ME 
27332;MANGUEIRAS BAR 
27333;SUP. E CASA DE CARNE DOIS IRMAOS
27334;MERCEARIA GUIMARAES
27834;COLEGIO RESSURREICAO DIOCESANO
28185;VINICIUS LUIS PEREIRA DOS SANTOS
28187;MIN BOX CS
29837;CASA DE CARNE PORTUGAL 
27118;LOPEZ ALIMENTOS
27140;ATACADO ZONA SUL 
27426;HIPERNORTE
28132;MERC. SOUZA BARRETO
28158;SUP. EXTRA BOM
28168;MERC. LEANDRO
28189;MERC. BOM JESUS
31368;HELENA HAIR
27262;COML. OLIVEIRA 
27264;COML. ALTO PARAIZO 
27265;COML. UNIAO
27266;COML. SOUZA
27268;CASA DE CARNE GOIAS 
28023;MERC. A ECONOMIA DO POVO
28183;MINIMERCADO BOM DEMAIS 
28196;REST. E PIZZARIA MALAGUETA'S 
27408;VERSATIL LANCHES 
27410;RIO FORMOSO SUPERMERCADO
27414;COML. GONCALVES
27424;TRADICAO FRIOS
27427;MERCADO BARATAO SUL 
27429;PANIF. GAROTO
27279;BAR SAO VICENTE
27280;DIST. DE BEBIDAS MANGUEIRAS 
27281;PEG PAG SOUZA 
27282;SUP. RABELO 
27283;DIST. DISBEL 
27284;PINGUIM DISTRIBUIDORA DE BEBIDAS
27285;MERC. LIMA 
27885;MAGIA MODAS 
28149;MERC. CRISTAL 
27130;CARINHA DE BEBE
28081;COML. PEREIRA
28105;KEILAH DA PENHA PEIXOTO SAFATLE
28177;SUP. JM 
28195;SUP. IDEAL
28224;SUP. SIQUEIRA
29905;COML. AGUIA
27269;FRUTOS DE GOIAS 
27270;PEG PAG SILVA 
27271;PANIFICADORA E SORVETERIA BOM BOCADO 
27272;PEG PAG LAC 
27273;PEG PAG UNIVERSOS 
27274;ESTACAO DA CERVEJA 
28200;JL COMERCIAL SECOS E MOLHADOS 
28201;SACOLAO DA ABADIA 
29827;PROCYCLE ESPORTE E NUTRICAO
27133;MERC. VITORIA
27134;SUPER 10 SUPERMERCADO
27155;MERC. SERRA DOURADA 
27196;OLIVEIRA SUPERMERCADO
27431;PANNE BELLO PAES
27228;EMPORIO PAO DA TERRA
27335;SUP. MARCOS 
27336;SUP. FILADELFIA 
27366;D & L TERRAPLENAGEM 
27367;COML. DOIS IRMAOS 
27372;COML. KAKA
28190;CANTINA GIANI
28191;ARMAZEM DO PAO
29850;EMPORIO OLIVIERI DISTRIBUIDORA DE BEBIDA
27428;SUP. FORTALEZA
27430;MERC. BOM PASTOR
27434;SUP. PONTO CERTO
27436;MERC. DO AFONSO 
27437;SUPER SIMPLES
27485;SUP. DOCE MANIA
27710;CINEFLIX CINEMAS 
27715;WG DISTRIBUIDORA DE BEBIDAS 
27724;COML. SANTOS
27726;CASA DE CARNE E MERCEARIA EXPLOSAO
27956;MERC. VITORIA
27959;EMPORIUM DOS SONHOS
27480;PANIF. GAROTO
27633;QUIOSQUE CHOPP BRAHMA
27672;SUPERMECADO FENIX
32081;REF BOI
32089;SUP. ESKINAO
47760;ATACADAO PEREIRA
27536;GEDA AUTOMOVEIS 
27653;DESTAQUE DISTRIBUIDORA
27656;COML. SANTOS
27667;SUP. CONQUISTA 
28051;CLEITON MATIAS DA SILVA
28052;ANTONIO PEREIRA MARTINS
28053;MISUOR PITER DAMACENO
28054;IDELMAR SANTOS COSTA
30016;SUPER ITAMONTE
27483;MERC. DANIEL 
27730;SUP. TROPICAL
27732;VIDA NATURAL
27738;DROGARIA MAIS SAUDE
27748;SUP. VERDAO
27754;SUP. PASSE BEM
27763;MERC. POPULAR
28080;CATIA JORGE SANTOS
27511;PANIFICADORA DOCE MANIA
27590;SUPER GRILL RESTAURANTE E BAR 
27703;MINI MERCADO
27823;PEDRO BRITO RIBEIRO
27895;EPS DISTRIBUIDORA DE BEBIDAS E COMERCIO 
27957;MERC. DO DIDI 
27528;SUP. ECOMIX
27540;SUP. SAO LUCAS 
27642;CASA DAS RACOES 
27669;GYN BEER DISTRIBUIDORA DE BEBIDAS
27734;PANIF. ELSHADAY
27736;COML. LIDERANCA 
27808;COML. CRISTO REI
30046;SUP. BALA DE PRATA 
27535;MERC. SILVA
27606;MERCEARIA ESQUINAO
27666;PEG PAG LIDER
27697;EMPORIO CAFE
27722;MM DIST BEBIDAS
27742;DAX DISTRIBUIDORA DE ALIMENTOS XAVIER 
27923;EMPORIO EXPRESS 
27495;DIST. BARRIGA'S BEBIDAS 
27531;COMILAO LANCHES
27660;PAULA LOPES RIBEIRO
27699;MERC. ALTAS HORAS
27765;SUP. CONQUISTA
27961;COML. SANDES 
29947;SUP. ELDORADO
30107;SUP. PAI E FILHOS 
27503;EMPORIO DALVA
27504;PANIF. SKINA DO PAO
27689;COML. ROSARIO
28059;SUP. JUAZEIRO
28085;MARCELO BRUNO MENDES DE MELO
28086;RANIERE CARNEIRO OLIVEIRA
28087;IGOR COSTA MARACAIPE
27601;MINI MERCADO RENASCER
27743;DIST. DE BEBIDAS MEGA
27772;SUP. MARTINS
27809;SUP. CASARAO
27810;SUP. PIRES
27607;MERCADINHO DOIS IRMAOS
27680;CHURRASCARIA 10 
27776;COML. ALVES
27934;PASTEL DA VILLA
27938;COML. C&C
29955;GOIAS FARMA 
27520;SUPER. DI NOVO 
28014;D W L FESTAS 
28016;SUP. SANTOS
28118;VERDURAO DA ROCA
28119;MERC. CORUJINHA
28124;SUP. E LANCH. TIO PATINHAS
29948;COMERCIAL DI CASA
29958;DIST. FORTALEZA 
27532;CRISTAL FESTAS
27648;LINDOMAR
27708;MERC. ALVES
27739;ADELINO JUNIOR TEIXEIRA STORTI
27746;EMPORIO DELLA EXPRESS
28091;ELISMAR JOSE RIBEIRO
28092;KLEITON PEREIRA RODRIGUES
28093;DIOGO PEREIRA DE ASSIS
27620;DECK CONVENIENCIA
27764;SUPER FORTE SUPERMERCADO 
27779;FELIPE PEIXOTO SAFATLE
27811;SUP. CONFIANCA 
27819;PANE SHOP
27975;IVANILTON BENTO FERREIRA & CIA LTDA 
28055;PABLO MARKSUARA CARDOSO OLIVEIRA SANTOS
30019;LIDER SUPERMECADO
27491;MINI BOX ASA BRANCA
27524;CASA SUICA INDUSTRIA ALIMENTICIA LTDA 
27525;SUPERMERCADO PRATTICO 
27624;CASA DE CARNE E SACOLAO BANDEIRANTE 
27980;OPÇÃO LANCHES
27982;MR FRIOS E EMBALAGENS
27990;MERC. PRADO
27537;MERC. DA JO
27547;PEG PAG BOM PRECO
27644;PANIFICADORA DOCE DIA
27720;SUP. MV
27760;SUP. JARDIM
28128;ARMAZEM CONVENIENCIA 
29937;MERCADO OLIVEIRA
32204;COML. DO  NORTE 
27650;SUPERMERCADO FRIALLE
27716;SUP. SUPER DICAZA
28094;JORDAN NASCIMENTO SILVA
28096;JOSE GLEIDISON SILVA COSTA
28097;NELSON DE CAMPOS ESTORILLO
28098;PAULO PEREIRA SILVA
29942;ARMAZEM ESTRELA 2 
27500;CHURRASCARIA E LANCHONETE CATARINENSE
27651;SUP. SHALLON
27780;DU CHEFF PIZZARIA 
37919;ATACADO PALMARES
46520;SUP. DUZE
27479;COML. PAPA GAS 
27558;COML. VIANA
27596;QUIOSQUE CHOPP BRAHMA 
27683;CANA BRAVA DISTRIBUIDORA
27690;COML. RODRIGUES
27698;SUP. ALIANCA 
27705;COML. COMPRE MAIS
27998;MERC. VITORIA 
27681;KASSYUS SANTOS DA SILVA
27769;RESTAURANTE TEMPERO DO ROSARIO
27774;EMPORIO BOM JESUS
27775;LANCHONETE E LIVRARIA DOM INACIO 
27778;LOJA DE CONVENIENCIA
28141;ACOUGUE DO GOI 
27489;RCO REGRIGERANTES CENTRO OESTE 
27604;MAIS SUPERMERCADO
27677;MEGA ATACAREJO
27686;LANCHONETE REI DO PAO DE QUEIJO
27702;SUPER MIX ALVORADA
28099;RAFAEL REIS TEIXEIRA DA SILVA
28104;MERC. CORUJINHA
27640;CONVENIENCIA SAO GERMANO BR MANIA
30048;MERC. PARAIBA 
30067;FAST BEER 
30084;MUNDO POA 
30100;TRILHA SAUDAVEL 
32069;LOURIVAL DA CONCEICAO
27490;LOJA DE DOCES
27527;TERRA MADRE - ORGANICOS E SAUDAVEIS 
28036;MERCADO DEUS E FIEL
28056;CLEITON  DE SOUSA BRITO
28057;GEAN PEREIRA DA SILVA
28058;FERNANDA VANESSA DA SILVA
28060;HERCULIFLES TOMAZ MENEZES DOS SANTOS
29760;SUP. FINSOCIAL 
27585;SUPER MARKUS 
27638;PEG PAG SERVE BEM
27749;COML. BAIANO
27497;SUP. BIRAO 
27561;SUP. PAULISTA 
27603;SAVANNA CHOPERIA 
27706;CONVENIENCIA BARRA MANSA
27707;COML. NOVA ESPERANCA 
27717;DOMINGOS
27802;CASA DE CARNE E VERDURAO BARBOSA
28116;O VERDURAO
27512;SUP DIRINHOS
27552;MERCEARIA SILVA 
27584;SUP. CARREIRO
27637;MERC. A VITORIA 
27657;SUP. GAROTINHO
27858;COML. DF
27937;MERCADO SILVA
27513;BALNEARIO SANTO ANTONIO
27539;REAL MERCEARIA E DISTRIBUIDORA DE BEBIDA
27543;SUP. NACOES
27555;DOCE MANIA FESTA 
27559;BAR E RESTAURANTE RANCHO DO PESCADOR 
27572;VIA FILADELFIA RESTAURANTE PIZZARIA E CI
28061;NAILANA FERREIRA DOS REIS
30018;QUASE  TUDO BEBIDAS
27583;SUP. VERDAO 
27755;LOJA DE CONVENIENCIA
27762;POSTO SANTA LUZIA II
27786;HIAGO HENRIQUE DA SILVA BUENO
27788;WAGNER BASTOS DE OLIVEIRA
27789;FABIANO CARVALHO OLIVEIRA
29991;AGROFER TREZEMAISTREZE 
30000;SUPER TROVAO
27551;SUBWAY SLMB 
27654;SUP. EXCELENCIA
27733;VIDA NATURAL
27741;COML.CAMPINACU
27953;SUP. MASTER 
28126;SUP. VITORIA 
28142;COML. SERVE BEM
27486;COML. CASTRO
27634;QUIOSQUE DA BRAHMA
27658;MARCELO LOPES INACIO FERREIRA
27659;SERGIO HUMBERTO LOPES SAFATLE JUNIOR
27807;SUP. ALTO BONITO
27948;DISTR. TELEBEBIDAS
27950;NOSSO PAO PANIFICADORA E CONFEITARIA 
27955;CASA DE CARNE E SACOLAO VIEIRA
27505;TOCA DO MASCOTE
27544;SUP. RENASCER 
27554;SUP.  LIDER
27598;MERCADINHO & CONVENIENCIA R & A 
27612;EMPORIO DO SABOR
27622;TERRA'S PAES
27649;SUP. CAMPELO
27712;BEBIDA GELADA VITORIA
30034;PEG PAG DO BOZO
27545;EMBALAMIX EMBALAGENS 
27562;MERC. & ACOUGUE FAMILIAR 
27608;SUP. CAMARGOS 
27870;MIXMARKET
27989;CACULA MINI MERCADO 
28038;DUARTE GAS
29951;MERCADO SACOLAO REAL
27628;SACOLAO AFONSO
27635;COMERCIAL ALTO LINDO 
27679;COML. TOCANTINS
27682;MERC. ALVORADA
27800;COML. FERREIRA
27817;PREDILETA PANIFICADORA & LANCHONETE
29820;DIST. T-J
27501;ALFA SUPERMERCADO
27506;EMPRESA BRASILEIRA DE BEBIDAS E ALIMENTO
27517;SUPER  CUCA 
27538;MERCADINHO ALBUQUERQUE
27553;PRIMO SUPERMERCADO
28012;MERC. SILVA
28062;AFONSO FELIPE CARNEIRO DANTAS
28063;FABIOLA FRANCIELE DOS SANTOS BARBOSA
27478;AJEL MATERIAIS ELETRICOS 
27592;SUP. LOBO
27756;MERC. BOA VISTA
29843;SUP. FERREIRA 
30061;SUPER NORTE SUPERMERCADO 
30075;SUP. OLIVEIRA
30119;PANCHO'S GRILL 
27529;VERDURAO SERRA DO CARMO 
27593;MERC. PAI E FILHOS
27627;MERCADO GOURMET
27696;SUP. VITORIA
27700;MERC. AMORIM
28143;SUPER BETO SUPERMERCADO 
28145;SUP. MODELO 
28147;SUP. ECONOMIA 
27502;CERRADO PADARIA E EMPORIO
27735;MERC. ALIANCA
27884;CASA DE CARNE E VERDURAO NOVILHAO 
27920;LANCHONETE SABOR DE MEL
27932;MERCADO QUILOMBO
27965;MERCADO EFRAIM
29986;EMPORIO PRIME (MARISTA)
48798;RR BUFFET
27581;BODY SHOP 
27582;PANIF. PAO DOURADO 
27597;VIDALY LANCHONETE 
27600;MERCEARIA PAULISTA
27605;BATUTA MERCADO CONVENIENCIA
27621;GOIAS FRUTAS E VERDURAS 
27623;EMBALAGENS MOURA MERCIARIA
28064;LARISSA NATALUCIA LIMA DA SILVA
28065;THIAGO FERREIRA DE SOUZA
27519;COML. CENTRAL
27588;COM. RM 
27675;SUP. TESCO
27713;COML. REALEZA
27747;EMPORIO DELLA EXPRESS
32070;SUPER CORREA 
27498;PANIF. PREDILLETA
27548;CONVENIENCIA TOCANTINS
27617;CASA DO PAO 
27619;ABOBRAO ALIMENTOS 
27685;COML. PAIM
28154;COML. TOCANTINS
28157;MERC. ALENCAR
36017;SUP. CAMPEAO
27488;MERCADINHO DEUS E GRANDE 
27550;ARTE & FESTA 
27602;SUP. ATENDE BEM
27618;SUP. BELLMAR 
27668;TAINARA NOGUEIRA LEAO DE FARIA
27849;GALERIA CICOR
27992;MERCADO DOMINGOS
28021;STRAVAGANZA PADARIA E CONFEITARIA GOURME
27549;DROGARIA SEMPRE BEM
27589;SUP. LOZEKAM 
27632;PANIF. E CONFEITARIA LIGIA 
27636;DISK CERVEJA ERA DO GELO
27641;REST. DONA PRETA
27646;MINIMERCADO E PANIFICADORA CORTES
27662;SUPER LIDER
27579;BRIOSO E MANHOSO RESTAURANTE
27664;COML. ALIANCA 
29968;SUP. CAMPEAO 
30090;PONTO COM
30123;COML. LM 
27594;MERC. ALVES
27687;MERC. PRIMOS 
27695;SUP. SOARES LIMA
27711;MERC. SILVA
27714;SUP. PAIZAO
27721;COML. ESPERANCA 
28025;EMPORIO MOURAO
28042;JOSE DA ROCHA BATISTA
27645;MERCEARIA DO JAIR
27671;MINI MERCADO MODERNO
27745;COMIDA CASEIRA E LANCHONETE VITORIA
27757;RONIVALDO CANDIDO DE OLIVEIRA 
27773;COML.SUPRILAR
27781;MERC. TEIXEIRA 
27639;MERCEARIA LEMES
28066;ANNA CAROLINA MARTINS
28067;JOSE WILTON SALAZAR DE FARIAS
28068;TULIO ALVES NEVES
28069;VALDIVINO BARBOZA DE ASSIS
28070;RICARDO FERREIRA DA SILVA
30029;MERCADO E VERDURAO BURITI
30040;DIST. NETAO
27611;COML. RAYKA
27723;COML. REMO 
27744;CONVENIENCIA BOM DE PRECO 
27767;MICHELLE PEIXOTO SAFATLE
27790;JOSE MANOEL MARTINS DE PAULA NETO
32105;FARTURAO SUPERMERCADO 
27492;PANIF. PONTO QUENTE
27493;MISTURAFINA LANCHES
27556;HORTIFRUTI SONHO VERDE 
27663;COML. MESQUITA 
27728;EMPORIO MARISTA
28018;COML. SANTA ISABEL
28043;ARIANE BASILIO DE CASTRO
29923;GUERRA COMERCIAL DE ALIMENTOS
27586;SUP. MANANCIAL
27665;COML. VIEIRA 
29930;COML. AMERICA 
30054;BEBIDAS OLIVEIRA
30093;MINI MERCADO AGUIAR
30115;STAR CONVENIENCIA 
27542;SUP. REIS
27599;DISDAL DISTRIBUIDORA 
27673;MERCADO E CASA DE CARNE JUNIOR II 
28071;JOSE NILTON DOS SANTOS
28072;GLAUCIA DO NASCIMENTO AMORIM
28073;EDER ALMIR DE ARANTES
28074;EDUARDO CARNEIRO DOS SANTOS
29793;SUPER FARTURA SUPERMERCADO
27580;AUTO POSTO AGUAS CLARAS
27750;DIST. ALTAS HORAS
30004;SUP. MARRA 
27487;SUP. IDEAL
27499;MUNDO MAGICO DECORACOES
27615;PANIF. E PEG PAG CORDEIRO
27616;DISK CERVEJA TIAQUINNHO
28044;WENDEL CARVALHO FRANÇA DE SOUZA
27530;REST. E LANCHONETE CARNEIRAO
27777;MERCADO CANEDO
32075;SUP. LONDRINA
32099;COML. NEVES
27845;BAR MIRANDA 
32111;MERCADO PAG MENOS 
27507;COML. PONTO CERTO 
27587;SUP. SACOLAO AVENIDA
27595;SUPERMERCADO PREMIUM
27674;PEG PAG ALTO GIRO
27676;COML. MS &D
27987;SUP. UNIAO
28075;ANILTON GONÇALVES TEIXEIRA
28076;GLEYDSON PEREIRA DE SOUSA
30057;CASA DE CARNE S.M. 
32077;SUP. GOLFETTO 
27496;ADM CONVENIENCIA V 
27613;EMPORIO DO SABOR
28046;JOSE CARLOS RODRIGUES 
28047;ANA PAULA CARMO DE MELO
28048;JOAO MARTINS DE AZEVEDO
47327;SUPER BOX REGIS
47329;MERCADO GIUSEPPE
27484;CHAPA GRILL RESTAURANTE E PIZZARIA
27766;EMPORIO MANA
29861;SUP. COSTA
30053;MERC. DA ANTONIA
47404;SUP.MORIA
27516;SUP. ANDORINHA I
27643;COMERCIAL MINI PREÇO
27684;MERCEARIA TRES IRMAOS
27688;SUP. MACEDO
27897;CASA DE CARNES E PANIFICADORA CRISTAL
28077;PAULO SERGIO MORAIS SANTOS
28078;ERIKA LOPES MAIA
29878;CRISTAL DISTRIBUIDORA
27482;MOREIRA DA GENTE
27526;SUP. SANTA TEREZINHA 
27770;MERCEARIA 3 M
27792;COML. CONFIANCA
27816;IDEAL DISTRIBUIDORA
27652;SUP. GALLEAO
27729;BOA VISTA SUPERMERCADO 
27737;SUB ZERO
27740;AUTO POSTO G & M
27761;MERCEARIA OPÇÃO
28050;JOAO DE SOUZA
27557;PANIF. SABOR DO TRIGO 
27805;SUP. SUPER NOSSO
30096;DIST. VRV
27508;CRISTO REI II SUPERMERCADO 
27510;MR. TOY
27691;DIST. VERTICE 
27693;MERCABOX COMPRE BEM
27694;SUP. SOL NASCENTE
27701;PET SHOP LATE & MIA 
27914;CAFE BRASIL LANCH. E REST.
28079;JOAO MARTINS DE AZEVEDO
29815;DOCES LYRIO 
32756;SUPERMERCADO E DISTRIBUIDORA + VOCE 
32924;SUP. ECONOMICO
38067;COML. VITORIA II
29921;SUP. COSTA 
30073;MERCADO SILVA P7 COM BR 
31261;PET LOVE
32645;DOCE MANIA 
29779;SUP. SOUTO
29974;ATACADAO GRAMADO
30002;PANELA & CACAU
30006;SUP. UNIVERSO 
31188;EMBALAGENS SANTA LUZIA
31117;FARMACIA BOM JESUS 
31168;ATACADO TAVARES
31174;ENCANTI FESTAS
32599;RIO VERMELHO DISTRIBUIDOR 
31083;SUP. MARINHO 
33103;COMERCIAL NOVO HORIZONTE
33104;MERCEARIA PAI E FILHO
33013;CRISTO REI COMERCIO E VAREJO
33014;MERCADINHO DUDA 
38751;MERCADO PAGUE MENOS
30059;SUP. CASTELO BRANCO 
31214;MERCADINHO ALCANTARA
31267;CASA DE RACAO DO JAPONES
31231;SUPER LEO SUPERMERCADO 
31324;CENTRAL EMPREENDIMENTOS
36204;KAIROS 
29894;INTERLAGOS
32058;MINI BOX JUNIOR 
33105;MINI BOX IMPERIAL
33106;SUP. QUERO-QUERO
27794;SUP. SUPER MAX 
29944;ARMAZEM ESTRELA 1
30017;DIST. E MERCEARIA ESPERANCA 
33015;COMERCIAL SANTO ANTONIO 
33016;RRBC VARIEDADES 
32597;KIBARLANA TCHE CHURRASQUEIROS 
32613;BONOPAO DELICATESSE
32916;SUP.  MARTINS
29817;COML. SAO JUDAS TADEU 
29876;RODRIGO FERREIRA FRANCO 
29996;MERCADO UNIBOM
33094;SUPERMERCADO SANTA FE
31162;AGROPET CORDEIRO 
32859;MERC. DANIKA 
33107;MERCEARIA E CASA DE CARNE TOCANTINS
33108;SUP. NORDESTE
27825;PANIF. E CONF. BAIOCHE
27826;D.S BALAS 
27828;NOVA MODA 
27846;JAKELINE FESTAS E EVENTOS
29748;SUPER ECONOMICO
29903;SUP. REIS
33018;CASA TOCANTINS 
33039;R10 BEBIDAS 
32820;MINI MERCADO GALHARDO 
33095;PEG PAG SILVA
33096;FONSECA MERCEARIA
36218;LANCHONETE NL 
31414;LOVING HUT GOIANIA
33109;SUP. REGIONAL
33110;MERCEARIA SAO MIGUEL
27863;VIENA CONVENIENCIAS 
27887;CACHORROS
49132;SUP. CEBOLAO
27889;NATURALLE PRODUTOS SAUDAVEIS 
27976;DROGA RAPIDA 
27979;PEG-PAG DA CORRINHA
29823;SUP. MINI PRECO 
29983;SUPER ALVES 
32629;CERVEJARIA BARBOSA 
32632;QUARTETO SUPERMERCADO III 
29840;MINIMERCADO MAIS VAREJO 
31067;MERCEARIA E DISTRIBUIDORA BOM TAMBÉM
31148;SUP. MINI PRECO 
29857;HORTIFRUTI E MERCEARIA SEMPRE SUPER 
29899;MARICOTA CASA & CIA 
31062;NAYANA CARNEIRO CAETANO ROCHA LIMA 98757
31071;COML. PONTO CERTO
31278;ACOUGUE E MERC. DEUS E FIEL 
27855;SUP. CAMPOS
27903;MERCEARIA W N
27925;SUP. QUIBOM
27926;SORVEART
27947;DIST.  SILVIA
31291;KADU DISTRIBUIDORA
32119;SUP. FLAMBOYANT
31237;GIL CAO
33048;MERCABOX SANTA BARBARA 
33050;SUP. RENASCER 
31164;GABIRU DIST.
31171;SUP. RODRIGUES
31376;MERCADINHO VIZINHANCA
36694;SUP.PARAISO 
32752;SUPER LEGAL
32944;PANIFICADORA PAO E PAES 
38202;CELEIRO SUPER. LTDA
27832;SUPERBERLIM 
27853;O ECONOMICO
27861;SUP. SILVA RIOS 
27872;SUP. IPE
27877;MINIMERCADO SERVE BEM
30030;POSITIVA DIST. DE BEBIDAS
29907;AU AU VET 
33068;RADAR BEBIDAS GELADAS 
33077;COMERCIAL GALOPINHO
33078;MERCEARIA AGUIA
29946;COML. 3M
29985;SUP. NOVO FEIRAO 
31131;CASA DE CARNE SERTANEJA
31155;PAULAO BEBIDAS DISTRIBUIDORA
32917;PASTIFICIO SELMI S/A
31372;SERRA E CIA BRASIL SERVICOS TECNICOS 
33003;SUPER ALVES 
33005;MINI BOX E ADEGA OTIMA 
38418;PELOS BRILHANTES ESTETICA ANIMAL
27899;GULOSEIMAS E CIA 
27997;SAO JOSE RESTAURANTE & CONVENIENCIA 
27999;BARATAO SUPERMERCADO
28001;SUP. UNIAO 
28007;ROCHA DISTRIBUIDORA
28010;MERC. POLLY PAO
29751;SUP. TABOCAO
29822;COBEL DISTRIBUIDORA DE BEBIDAS
31046;EMPORIO IRMAOS QUIRINO
31475;MERCADINHO BEM +
33079;SUP. PARANA
32958;ROSIMAR DE SOUZA E SILVA 54962781120 
31251;TESTE MAXIMA 2
32921;HOSPITAL DOM ORIONE 
33006;SUPER AGUIAR 
33007;MERCADINHO DO BAHIANO 
27862;PANIF. TRIGOPAM 
27919;CASA DO FAZENDAO
27943;SUP.IDEAL
27949;SUP. SUPER COMPRAS
27951;PREMIUM 2 SUPERMERCADO 
27952;SUP. E VERDURAO DA ECONOMIA 
29924;MERC. BATISTA
29755;TEMPERO DA VOVO 
31057;MERCEARIA JN
31102;TXT MXMA
33080;COML. NOVA VILA
36086;SUPER ECONOMICO
31056;COML.  MAIA 
31075;HOSANA CENTER 
32914;COML. ALIANÇA
32978;COML. MORAES 
30027;QUIOSQUE BATE PAPO 
31441;W.R.ATACADISTA E DISTRIBUIDOR EM GERAL
38485;SUP. REAL 
48615;GALPAO DO MEIO GASTRO BAR
27892;LANCHONETE L L
27901;COML. PAGUE MENOS
27931;EMPORIO CASA DE OLIVA 
27935;EMPORIO BACANA
27954;MERCADINHO 09
27960;COML. SIRQUEIRA
29896;MERC. MANANCIAL 
31070;DIST. CORUJAO 
33081;LEO MERCEARIA E DISTRIBUIDORA DE BEBIDAS
33082;LANCHONETE DA TIA NETA
29845;MERC. RAMOS
29852;L L COMERCIAL 
30071;CASA DE CARNE LEAL 
31250;TESTE MAXIMA
33097;MERCEARIA VITORIA
29795;BR-BOK CONVENIENCIA 
32936;MERCEARIA REAL
32939;SUP. TAVARES
47029;COML. B & G
47033;BAR RURAL - ROTA 030
47036;MERC. E DISTRIBUIDORA POLAR
47039;WALESON ALVES BATISTA
47596;MOURAO ATACAREJO
31189;COML. LORENA
33083;PEG PAG JUNIOR II
33084;SUP. D M J
30033;MERC. VICTOR BRAGA 
33098;TATIANE ALVES DE SOUSA 04108453107
37107;MERCADINHO BOM DE MAIS 
37108;SUP. BELEM 
31346;ELDORADO SUP.
31465;BEER HOUSE 
33008;COMERCIAL KI BOM 
33009;DB SUPERMERCADO E DISTRIBUIDORA DE FRIOS
31104;EMPORIO DE BEBIDAS NUNES 
31180;RACOES GABARRAO 
32072;SUPER BARATAO 
32920;MERC. TAVARES 
33085;MERCEARIA SANTANA
33086;MINI BOX CRISTAL
36167;MAT. P/ CONST. E SUP. ESTRELA DO ORIENTE
33099;SUPERMERCADO PAGUE BEM
33100;MERCEARIA DO NETO
43393;SUPRIR
29851;SUP. DOIS IRMAOS
29949;OLIVEIRAS PET
32887;COML. ALVES BARBOSA 
47598;EMPORIO MADRID
47604;SANTA BARBARA DISTRIBUIDORA DE BEBIDAS
31092;SPACO NATURAL
31149;DANTAS SUPERMERCADO
31211;SUP. VIVENDAS 
31232;SUP. 3 IRMAOS
29761;BEBIDAS VILELA 
31098;SUPER MIX
31213;MERC. MUNDIAL
37463;MERC. PAGUE MENOS
37501;COML.FLORIANO
31072;DAN+ DISTRIBUIDORA
31200;MERCADO CERRADO
31208;COML. BELA VISTA
31087;SUP. MEGA FRIOS 
31089;DIST. PAULISTA 
32615;SUP. AIRES
32602;SUP. FORTALEZA 
29813;VERDURAS VERDE E FRUTA
31303;DU PARQUE PET SHOP
33087;MERCEARIA ELOYSA
31218;SUPER CENTRAL
33101;SUPERMERCADO FREITAS
33102;SUPERMERCADO CACULA
37647;IDEAL SUP.
37752;SUP. 3 IRMAOS 
32861;MERC.  BOM PRECO
32971;COML. SAO FRANCISCO 
33010;BAR DAS COLEGUINHAS 
32734;SUP. NORDESTE 
32910;SUP. BRETAS 
42728;JAMAIKA
33089;SUPERMERCADO BARATAO
33090;SUPERMERCADO NORTE SUL
33092;MERCEARIA POPULAR
29931;MERCEAGUA 
29934;SUPER BOX 
32731;SPX CONVENIENCIA 
47005;MERCADO TOCANTINS
29762;LANCHEBAR 20 V 
33011;MERCADINHO ALMEIDA 
33012;SUPER BOX SANTA CRUZ 
38009;ARMAZEM MINAS GOIAS
29860;MERC. ALVES 
29913;SUP. JATAI
29929;SUP. AMAPA 
29961;NOSSO MERCADO 
29964;COML. KABRAL
47746;CEZAR SUPERMERCADO
31137;SUP. LEAO 
31142;SUP. DA FAMILIA
31233;CASA DA ROCA
33093;SUPERMERCADO ORLA ATACADO E VAREJO 
30010;BAR E MERCEARIA MIGUEL
32732;BUON GUSTO ROSCARIA 
31471;MINI BOX ELIANNA
38021;MINIBOX OLIVEIRA
28331;NITRO CYBER GAMES 
28332;SUP. BRUNO
28381;DIST. TIJUCANA 
28462;COML. DE BEBIDAS ALTAS HORAS
28644;SUP.IB
28239;SUPER LEO SUP.
28498;TATIANE POVOA RIBEIRO 
28603;MERC. PEK NIK
28604;ZERO GRAU BEBIDAS(ST.COIMBRA)
28605;CASTELO KM 21
28613;SUP. TRADICAO 
28357;COML. CONQUISTA
28487;TROPICAL LANCHES
28516;MERC. ARAUJO
28518;MERC. ACIOLI
28521;CASA DE CARNE E MINI BOX OURO BRANCO
28527;MINI BOX ULTRA LEVE
31084;SUPERMECADO PINGO DE MEL EIRELE ME 
28282;HIPER 10 SUPERMERCADO 
28326;MERC. VITORIA 
28538;SUP. TORRE FORTE
28576;SUPER MOTO PECAS 
28584;COMERCIAL PROGRESSO
28589;COML. GUERRA 
29886;DI CASA SUPERMERCADO 
30088;PANIF. DO TURISTA 
28394;SAIDEIRA II 
28594;MERCEARIA MARCOS
28645;MERCEARIA SOARES
28646;SUP. BETEL
28647;SUP. LARCERDA
28648;SUP. PERNAMBUCO
28649;LU COMERCIAL
29918;SUP. IDEAL
28294;SOLUCAO DISTRIBUIDORA
28377;DE MELO REPRESENTAÇÕES
28390;SUP. SERVE BEM
28439;LUCINETE SILVA SANTOS
28447;DIST. ALVES 
49541;EBASICO ATACADO
51288;SUP.PEDROSA
28470;SUP. CAROLINA
30028;SUP. TOSTA(CENTRO)
28379;CONVENIÊNCIA JHN
28384;EX-GAMES
28528;PEG-PAG ALIANCA
28534;LINGUIÇA PAULISTANA
28541;MERC. NOSSA SENHORA D'ABADIA 
28546;MINI BOX 2 IRMAOS
31241;TELEBEBIDAS RODRIGAS
28240;ITA BRASIL
28292;PANIF. NOBRE SABOR
28317;MERCADO ALVORADA 
28342;BRISTO SHAWARMA
28353;SUP. BETEL
28407;PEG PAG BOM SUCESSO 
29772;SUP. SARDEIRO
29941;BISPAO SHOW
28343;SUP. EMANOEL 
28369;PASTELARIA E LANCHONETE KI DELICIA 
28650;MERC. ZE DO COCO
28651;SUP. AMÉRICA
28652;SUPERMERCADO FORTALEZA
28655;SUP. SANTO EXPEDITO
29825;SUPER GIRO
28247;SUP. DO PARQUE 
28371;NUTRI DESIGNER 
28507;COMERCIAL GARCIA
28565;CASA DOS FRIOS
28572;PANIF. & CONFEITARIA LA BELLA 
29784;BAR E DISTRIBUIDORA MATIAS 
28270;PEG PAG BRANDAO 
28362;SUP. PAI E FILHO
28486;AMARILDOS BAR 
28548;MERCADINHO RAMOS
28559;DISTRIBUIDORA DE BEBIDAS CERVEJA. COM
29950;SUP.NOVA FRONTEIRA
29998;MINEIROS CARNES 
28264;CASA DA ROCA 
28356;PANIF. PETER PAO
28472;SUP. BOM PRECO 
28495;VERDURAO DA PRACA 
28586;JGS PRESTADORA DE SERVICOS 
28591;MAIS SUPLEMENTOS
30045;BOCAO BEBIDAS GELADAS 
28263;SUP. INDAIA 
28269;SUP. CRISTAL
28382;MERC. E BAR FILADELFIA 
28428;SUPER MAIS SUPERMERCADO 
28429;SUP. COSTA
29893;GOIASIL FARMA 
29932;SUP. GABRIELLA
28323;NICE LANCHES 
28408;PESQUE PAGUE RANCHO DO PESCADOR
28438;SUP. PRIMAVERA
28503;ANTONIA LIMA DE MELO 78294053104
28597;SUPER MOREIRA
28598;CASA DE CARNE MODELO 
29836;HORTIFRUTI BRASIL 
28358;NUTRIPAN 
28449;SUP. FORMIGAO
28453;PONTO CENTRAL DISTRIBUIDORA DE BEBIDAS 
28460;GRUPO FTZ 
28510;SUP. LEAO 
30037;SUP. FERREIRA 
30044;COML. BOM JESUS 
28361;MERCADINHO DONNANA 
28413;COML.SERVE LAR
28437;CASA DE CARNES E SUPERMERCADO AVENIDA
28596;MERC. R & M
28606;SUP.3 VENDAS
28626;SUP. IMPERIAL
29915;BEBIDAS E MERCEARIA VITORIA 
31126;ATRIUM THERMAS RESIDENCE
28360;SUP. SANTOS
28368;DIST. DE BEBIDAS NO GRAU
28395;SUP. CAETANO 
28465;BAE E MERCEARIA F K
28501;PANIF. E CONFEITARIA ALIANCA 
28523;SUP. FIEL
29940;COM. ECONOMIA
30038;SUP. DA FAMILIA 
28254;MERC. SERVMEL 
28469;SUP. BOM GAROTO 
28614;DIST. E MERCEARIA EBENEZER 
28617;CASA DE CARNE E MERC. TIO PATINHAS 
28619;BOM BIFE
31060;EMPORIO YPE 
28280;SUP. ABC 
28482;GIGA LANCHES
28496;DIST. BOIADEIRO
28542;FRUTAS E VERDURAS LESTE
28567;MERC. BURITYS
28575;CENTER FRUTAS
31120;COMPANHIA DA CERVEJA -DIST.& MINIMERCADO
28524;SUP. IDEAL
28526;SUP. GOIANAO (SAO SEBASTIAO)
28580;SUP. PRIMAVERA 
28631;DON PAPITTO 
28634;BAR E MERC. MUNIZ 
28635;PEG PAG VILELA
29747;DIST. DE BEBIDAS NAZARETH
28354;SUP. BOA ESPERANCA 
28545;ATLANTA SUPERMERCADO
28562;SUP. CENTRAL 
28563;MERC. JS
28618;MERC. DIAS
29933;SUP. FAVORITO
29939;MINI MERCADO BAILAO
28285;SUP. SANTIAGO 
28286;SUP. RENASCER
28420;SUP. SERVE MAIS 
28558;PANIF. E MERCEARIA DIVINO PAI ETERNO
28621;MERC. BAHIA 
28623;SUP. JR
30005;COML. AJ 
28271;COML. SANTA TEREZINHA 
30043;BR MANIA
49687;QUARTETTO SUPERMERCADOS(ALTO BOA VISTA)
28333;SUP. VELOSO 
28577;SUP. BORGES
28581;MERC. E DISTRIBUIDORA WN 
28585;LANCHONETE BRASIL 
28587;MERC. DOCE LAR 
28434;SUP. RIOS 
28531;COML. COSTA
28560;PESQUE PAG REST. E CASA DE CARNE FOFINHO
28568;MERC. RIBEIRO
28636;PEG PAG RENDE MAIS
30089;CONVENIENCIA E DISTRIBUIDORA POLONIATO 
31339;MERC. FLAMBOYANT
28297;PEIXARIA PEIXE DO ARAGUAIA E MERCEARIA
28298;MERCADINHO TRINDADE
28304;OLIVEIRA SUPERMERCADO
28305;SUP. ROCHA 
28306;COML. JORGE 
28307;PEG PAG SETOR
30074;BROTHES BEER
31262;MERC. & CASA DE CARNE NOVA ALIANCA 
28262;SUP. MENDES
28370;JAPAO SO BEBIDAS 
28509;LG DISTRIBUICAO 
28513;MERCEARIA MELO
28616;ARMAZEM PANAMA 
28624;CONVENIENCIA MOREIRA
30020;ALTAS HORAS DISTRIBUIDORA DE BEBIDAS E M
30031;ATACADO E VAREJO MODELO
28241;MERCADO NOSSA SRA. APARECIDA 
28444;FRIOS LESTE
28457;COML. M & C 
28461;SUP. COMPANHEIRO
28532;SUP. VARGAS
29906;PEG PAG E SACOLAO AFONSO 
29928;SUP. MARIANA
28261;MERCADINHO UNIAO 
28268;COML. COPACABANA 
28445;MINI MERCADO E PANIFICADORA PRIMAVERA 
28555;MERC. ALVES 
28601;MERCADO CASTRO
28637;EMPORIO SANTA VITORIA
29807;DIST. UNIAO 
30056;SUP. PINHEIRO
28309;COML. ESPERANCA
28311;MERCADO E CASA DE CARNE MARTINS 
28312;CHURRASCARIA E LANCHONETE PANORAMA 
28313;MERCANTIL BOM PRECO
28314;SUP. BARBOSA 
28315;CASA DE CARNES DEUS E MAIS 
28396;CASA DE CARNE CARMELITA
31163;SUB ZERO BEBIDAS E CONVENIENCIA
28508;SUP. BARATAO 
28554;BAR ZERO GRAU E MERCERIA DO DJLMA
28625;EMPORIO ROCHA 
28627;SUP. CONCEICAO
28628;MERC. SOUZA
28629;EMPORIO VERDE
28630;SUP. ELSHADAY
31061;SUP. LEAO
28336;SUP. PLANALTO
28397;SUP. TAVARES
28455;EMPORIO E DISTRIBUIDORA IN-BOX 
28549;MERCADO JL
28592;SUP. FIEL 
28593;CELEIRO CERRADO
30065;SUP. TOLETO
28398;SUP. UNIAO 
28433;CASA DE CARNE NATAL
28571;SUP. MAPP 
28590;SUP. PIONNEIRO 
30049;SUP. MUNDIAL 
31122;SUP. MALTA
32086;SUP. CENTRAL
28287;SUP. AGUA LIMPA
28316;SUP. SETE
28375;SUP. IMPERADOR 
28399;SUP. CERRADO 
28430;NATUVIDA NORTE 
31284;MARQUES SUP.
31285;DIST. POLAR 
28335;BEMBEKA LANCHES
28337;ALTERNATIVA MERC. E UTILIDADES 
28347;REDE MEGA SUPERMERCADO 
28352;SUP. TOTAL
28374;PANIF. BOM JESUS 
31085;SUP. DO VALE 
31203;DIST. PORTAL FRIOS
28290;SUPER CF 
28321;LANCHONETE CAFE FAMILIA 
28349;SUP. GREGORIO
28435;MERC. SERAFIM
28553;COMERCIAL MANSÕES
30008;MERCADO PADRAO 
31329;MINI BOM RODRIGUES 
28273;SUP. MENDES 
28378;GMV COMERCIO BAHIA 
28380;GIRASOL MERC. PAPELARIA E DISTRIBUIDORA
28529;OPA SUPERMERCADO
28638;SUP. POSITIVO 
29806;MERC. BOM PRECO 
28259;MERCADINHO HORA CERTA 
28266;ITABIRA REST. CLUBE OASIS
28288;DR DISTRIBUIDORA
28334;SUP. SANTA LUZIA 
28387;PAPELARIA FUTURA 
28442;SUP. BOM PRECO
29966;MERC. BEZERRA 
31352;AMANDA EVELLIN CALCADOS 
28322;COML. MANSOES
28346;SUP. SILVA
28423;MERCADO E RESTAURANTE SERVE BEM 
28443;DIST. DE BEBIDAS 3 F 
28452;SORVETERIA LEOBRUNA 
28492;EMPORIO BR 
29868;PAO VIDA PIRES 
29971;COML.CARDOSO VERDURAS
28260;MERCADINHO UNIAO II 
28440;SUP. SERVI BEM 
28464;MERC. MATRIZ
28480;CONVENIENCIA LM LTDA
29897;SUP. FORTALEZA
28242;CASA DA ROCA
28291;ESQUINA DA CARNE ACOUGUE E DISTRIBUIDORA
28348;PINHEIRO SUP.
28372;PAIXAO DO CHOPP 
28609;FRUTARIA OURO VERDE
31220;ENTREPOSTO 
28373;NATTURA MIX
28446;SUP. PRECO BOM 
28450;COML. DO INDIO
30091;SUPER BARATAO 
28458;EMPORIO ELDORADO
28463;COML. SILVA 
28478;CERVEJARIA PETROPOLIS 
28376;CASA DE CARNES DO GERALDINHO 
28417;COML. LIMA 
28448;MERCADINHO BRASIL
28456;FRIOS BURG'S 
28473;MINI BOX TOCANTINS 
28475;SUP. MATEUS
29990;PANIF. QUERO MAIS
30108;COML. M CARDOSO 
28386;LANCHONETE E CONVENIENCIA MOREIRA 
28557;PANIF. PAO DA HORA 
28564;HAPPY DAY FESTAS 
28574;AGAPE SUPERMERCADO 
28600;HOTEL E REST. AMARAL
28615;MERCADO SOL NASCENTE
31132;SÓ EMPADA
28245;SUP. NASCIMENTO
28310;CAFE BRASIL 
28556;MERCADINHO BOM SUCESSO 
28588;MERCADINHO LA FAMILIA
28610;SUP. VIDA NOVA
28639;AGROPASTORIL
29965;ARMAZEM 2 IRMAOS 
28345;COML. RAFAEL LTDA 
28488;MERC. JB
28494;MERCEARIA LEONORA 
28522;MERC. DO JORGE
28535;DIFESTA DOCES 
31088;DROGARIA ELDORADO 
31160;CONVENIENCIA CARRETEIRO
28493;EMPORIO DE BEBIDAS
28540;COML. LIDER
28550;SILMAR SILVA SOUZA 
28566;COMUNIDADE EVANGELICA JUDA
28599;PANIF. FUNCHAL
28608;DISK BEBIDAS TUBARÃO
29776;SUP. GOIAS
30117;LANCHONETE VERA CRUZ
28248;COML. DOURADO
28481;MINI MERCADO NATAL
28484;REST. SABOR CAZEIRO
28595;MERC. MARCOS
28607;SUP. COMPRE MAIS
31258;CONVENIENCIA SHANAN
31335;SUP. MANANCIAL 
28502;MERC. SAUIPE 
28569;PONTO Q
28640;VERDURAO ESPLANADA 
28641;DROGARIA REGIONAL 
28642;SUP. VITORIA
28643;SUP. COMPRE MAIS
29773;SUP. VITORIA 
28277;CONVENIENCIA LIDER 
28283;PEG PAG MAGALHAES 
28363;PANIF. E MERCEARIA TOCANTINS 
28388;SUP. OLIVEIRA 
28467;CONVENIENCIA ALIANCA 
31193;ATENDE BEM MERCADO E CONVENIENCIA
28238;LANCH. CAFE MANIA
28611;DAQUI SUPERMERCADO
28612;SUP. ALIANCA 
28622;SARAKAS RESTAURANTE E LANCHONET
28632;SUP. BOM SUCESSO 
28633;PANIF. PADRE CICERO 
29782;NEGRAO MOTOSERRAS
29877;AP SUPERMERCADO 
28293;SUPER 10 SUPERMERCADO
28327;MINIMERCADO SAO JORGE 
28330;MERC. CAMPOS BELOS
28620;SUP. 7 ESTRELAS
30025;SUP. BARBOSA
31125;ELDORADO WATER PARK
28279;COML. GOIAS 
28299;CARNE E CIA 
28300;CENTRAL CARNE 
28301;COML. MORAIS
28302;MERC. DANY 
28303;SUP. MARTINS 
29999;R R BEBIDAS
30086;BAR AMOR E CANA
28256;MERCADINHO CENTRAL
28350;SUP. JULIANO
28459;DA ROCINHA DISTRIBUIDORA 
28536;SUPER FESTA(ST.CAMPINAS)
28537;SUPER FESTA 
28552;MERC. DA MEGMA
31417;AMIGAO SUP.
28243;CONVENIENCIA PRIME
28392;SUP. BOM VIZINHO 
28426;CASA DO VETERINARIO
28471;SUP. DO PAPAI
28474;COML. SILVA 
29752;BEBIDAS VILELA
29992;SUP. CASTRO
28324;PANIF. PRECIOSA 
28338;SUPIMPA LANCHONETE E PIZZARIA 
28364;PAO BRASIL 
28427;PANIF. E CONFEITARIA CANA 
28466;MERC JG SILVA
31320;COML. AVENIDA 
31371;J C RACOES 
28246;PANIF. JG 
28276;ATACADAO DOS PRECOS BAIXOS 
28351;PEG PAG CENTRAL 
28401;SUP. BOM PRECO 
28436;MERC. JARDIM
28479;SUP. FIOTA
30026;MERC. ALPHAVILLE 
28365;MINIMERCADO SONHO DOURADO 
28366;PANIF. IDEAL 
28367;MINIMERCADO GIRASSOL 
28519;SUP.ISABELLA
28570;MERC.CORUMBA
31479;ALPHA SUPLEMENTOS 
31474;SUP. AMIGAO
28252;SUP. REDENCAO 
28258;MERCADINHO POTIGUAR
28383;COML. RENDE MAIS 
28389;TOP BEBIDAS 
28391;SUP. E PANIFICADORA FARIA 
29895;CASA DA CERVEJA
30032;MERC. ESQUINAO 
28325;BAR E MERCEARIA 03 DE JULHO 
28468;PAMONHARIA SABOR UNICO
28477;EMPORIO MM(PQ.SOLAR AGRESTE A)
28490;COMPRE CERTO SUPERMERCADO
28500;PAO BAO 
28505;SUP. ALINE
30051;SUP.COMPRE BEM
30101;FLEISCHMANN
28272;MERC. BOM JESUS 
28355;SUP. JULIANO
28497;FOLHAS DE MEL
28517;PARAISO ALIMENTOS 
28533;SUP BOM SUCESSO
28267;BAR E MERCEARIA SANTO ANTONIO 
28431;SUP. ATLANTICO 
28520;ESTACAO DO PAO DE QUEIJO
28544;TREVO CONVENIENCIAS
28583;COML. NATHANINHAS 
28602;SUP. COSTA
31111;COML. SANTA TEREZINHA 
28412;SUP. BOM PRECO
28422;AGRONORTE 
28451;PANIF. SUDOESTE
28485;CASA DA CACHACA
28499;SUPER FREITAS
28504;COML. FILHO
30082;DIST. VITORIA 
30083;AGRO ESPERANCA 
28341;GOIANAO SUPERMERCADOS
28411;PATRICIA SALGADOS
28491;HIPPER MIX 
28515;SUP. VIDA NOVA 
28547;COML. PONTO CERTO
29872;COML. SERVE BEM 
29902;SUP. QUIBOM 
28249;COML. PONTO CERTO
28250;EMPORIO 3NUTS
28525;SUP. MADUREIRA 
28561;MERC. ROYAL
28578;MERCABOX PEREIRA
28579;MERC. MORADA NOVA
29926;MERC. SANTOS LIMA
31224;+DOCE
28778;REST. SABOR A MESA 
28780;PEG PAG INDEPENDENCIA 
28896;COM. DOCE LUA 
28901;COMPRE BEM MINIMERCADO 
28913;BAR E MERCEARIA IZADORA 
28914;QUIOSQUE DO JUNIOR
30181;AGUA VIVA  DISTRIBUIDORA
28766;SUPER PRATICO 
28890;COML. SILVA 
28920;SUP. VIEIRA
28682;PEG PAG BESSA
28783;LANCHONETE E QUITANDARIA MARAVILHA 
28785;SUP. LIVIA
28800;SENA CONVENIENCIA
29012;PANIF. E CONFEITARIA SERRINHA 
30199;SUP. RENASCER 
30207;HIPERMAIS 2 IRMAOS
28715;MERC. VITORIA
28747;SUP. VEREDAO 
28777;INOVACAO ARTIGOS ESPORTIVOS
28934;COML. S SOARES 
28942;SUPER BACANA 
28955;MERC. GOMES
30113;IVONTE BOLOS E SALGADOS 
28772;SUP. ESPERANCA 
28774;SUP. COMPRE MAIS 
28852;PATAS E PELOS CENTRO DE ESTETICA ANIMAL 
28872;MINI BOX ALVES
28978;MINI MERCADO LCD 
28982;SUP. DO BARRANCO 
30172;SUP. JM 
28753;O VERDURAO JK 
28816;MINI MERCEARIA JG 
28858;PEG PÁG ARAUJO
28880;MINIBOX CACULA
28932;RESTAURANTE COMDA CASEIRA
29026;ARMAZEM NUNES 
30174;COML. TRADICAO 
30185;BEBIBES RIBEIRO
29041;SUP. LOPES 
29044;MERCADINHO DA VOVO MADALENA 
29045;SUP. CAMPEAO
29046;COML. FERNANDES 
29047;PANIF. SANTA MATIA
29048;MERC. QUALYTRIGOS
30159;SUP. RONDON 
28665;PEG E PAG PEREIRA 
28855;ENTREPOSTO  CONVENIENCIA
28856;CYBER NET
28956;PALACIO DO PAO 
30129;MERC. VITORIA 
30139;MERCADINHO ARAGUAIA
28664;COML. ESPERANCA
28681;MINIBOX NOSSA SRA APARECIDA 
28860;KAZA LIMPA HIGIENE E LIMPEZA 
28984;VITELLA & PAES 
28985;CONVENIENCIA BOM PRECO 
28987;SORVETERIA QUERO MAIS 
30134;BAR DISTRIBUIDORA MERCEARIA DRINK'S 
28790;SUP. DA PAZ 
28849;SUP. BIGURRIU
28892;SAN CONVENIENCIAS
28986;MINI BOX GOIAS 
28992;BAR DA YONE 
29027;SUP. ORIPAO
30110;LINDA MERCEARIA
28734;SUP. FREITAS 
28746;ARTSPAN PANIFICADORA 
28748;D & G SUPERMERCADO
28829;HIGELIMPE
28991;MERCEARIA MENOR PRECO
30161;MARTA ROCHA - CONVENIENCIA E LANCHONETE 
30177;SUP. PANDORA 
28662;MERC. LM
28680;SUPER LOJA MARTINS 
28769;W.E.P MERCEARIA
28850;MERCADO COMPONESA
28963;CUTELO RESTAURANTE E LANCHONETE 
28970;SUP. DA FAMILIA 
30146;SUP. CRISTO REI 
30156;JK DISTRIBUIDORA 
28787;FIGUEREDO'S LANCHONETE E PANIFICADORA 
28795;NATIVA 
28801;SERVE BEM 
28879;ESTRELA SUPERMERCADO
28882;SUP. PONTO CERTO 
30137;PANIF. BURITI 
28710;EM CASA RESTAURATES 
28714;COML. VILA RICA
28723;PEG PAG ESPERANCA 
28726;FARMACIA DOS TRABALHADORES 
28886;DIST. TAVARES 
30190;SUPER FEIRAO DISTRIBUIDORA
30197;COML. CARRIJO 
30203;DIST. T & H 
28661;SUP. M M
28700;CASA DE CARNE E VERDURAO RINCON 
28750;ESTACAO DO PAO 
28939;MERC. MENDES 
28943;PANIF. ANRAUJO
30184;SUPER UNIAO SUPERMERCADOS(VL.GALVAO)
30209;JL SUPERMERCADO 
30212;SUPER PORTUGAL
28660;SUPER LOPES
28773;SUPER IMPERIO
28798;PEG PAG CACULINHA 
28819;MERC. PONTAL 
28823;SUP. AEROPORTO
28930;MERC. FRANCA 
30160;CASA DE CARNE BOM FILE
30164;DI CASA SUPERMERCADO
28815;SUP. BRASILIA 
28927;CONVENIENCIA CASA DO PAO DE QUEIJO 
28948;LANCHONETE E RESTAURANTE YPE 
28969;SUP.GOMES
28972;PONTO EXTRA BEBIDAS E CONVENIENCIA
28983;PANIF. LANCHONETE E CONFEITARIA DE
30193;POINT BEER DIST. DE BEBIDAS E MERCEARIA
30194;SUP. PAI E FILHO 
28738;COML. TORRES 
28776;SUP. VITORIA
28941;MERC. GOIAS
28945;REST. PIMENTA 
29028;SUP. PRIME
28671;EMPORIO BRASIL
28678;EMPÓRIO GRÃO DOURADO
28683;CAFE DUETTO 
28741;CONVENIENCIA NH 
28950;LANCHONETE DANETE 
29037;MR TOY 
28721;SKINA'S SUPERMERCADO E CONVENIENCIA 
28749;SUP. DIAS VIANA
28775;NOBRE SUPERMERCADO 
28859;PEG PAG BUENO 
28975;BAR E MERCEARIA DO CARLINHOS 
30143;COML. COMPRE BEM 
28657;DIST. DE DOCES E EMBALAGENS LORENA
28668;MERC. RODRIGUES
28712;LUMA MERCEARIA 
28864;EMPORIO ICE 
28888;MERC. MILENIUS 
28988;BELISCA PAO DE QUEIJO E PASTELARIA 
30166;LONGAE SAUDE E NUTRICAO 
31217;DIST. DE BEBIDAS SCOOBY-DOO 
28867;COML. NORTE SUL
28989;CONVENIENCIA CARRETEIRO 
29029;SUP. VERDE-MAR
29030;FRUTARIA SILVA
30205;EMPÓRIO BEER
28728;MERC. GOBATO
28893;VIDE VIDEO 
28973;MERC. BOM JESUS 
28974;COML. SANTO ANTONIO
28979;RODOLANCHE
28980;SUPER LONDON SUPERMERCADO
28675;BRASIL SUPERMERCADOS
28868;MERC. FERNANDES
28894;LANCHONETE E RESTAURANTE LIMA 
28902;SUPER VAZ SUP.
28908;ANTONIO MARCOS DE SOUSA
28739;AMPM - CONVENIENCIA COUTO
28820;PANIF. PAO NOSSO 
28825;DIST. ARAGUAIA
28990;SUP. FAVORITO
30167;SUP. JOAO DE BARRO 
28720;VILA BOA EMPORIO 
28906;PANIF. POLY PAO 
29031;MERC. LEAO 
29032;PANIF. MAIS 
29033;KI DELICIA LANCHES
29034;SUP. CAMPOS 
30206;COML. RENASCER 
28674;ALUTROLAGEM
28834;CELEIRO DOS BICHOS
29001;SUP. REZENDE
29003;SUPERMERCADO MAIS FAMILIA 
29005;F.J.A REPRESENTACAO COMERCIAL 
30200;GASMAIS DISTRIBUIDORA DE BEBIDAS 
30211;REAL DISTRIBUIDORA DE BEBIDAS 
28740;PANIF. OMEGA 
28897;FT FARMÁCIA DRUGSTORE
28909;MIX DO BRASIL INDUSTRIA E COMERCIO 
28910;MAYARA MARCCELLE FELIX DA SILVA
28911;GISANE AMARAL DA SILVA
28962;SALGADINHOS B & B
30121;COML. TOCANTINS
30148;PARADA 21 DISTRIBUICAO DE BEBIDAS 
28875;MEGA SUPERMERCADO (SOL DOURADO)
28993;MERC. DA REGINA
28995;DIA A DIA DISTRIBUIDORA 
28996;EMPORIO BELLASCO 
29002;MERCEARIA BOM JESUS
29004;SUP. DANTAS E ALBUQUERQUE 
30155;DIST. DE BEBIDAS DO NETAO 
30179;ATENDE TUDO PRESTADORA DE SERVICOS 
28854;REST. CANTA GALO
28965;EMPORIO NEROPOLIS 
29035;MERC. CORREA BUENO 
29036;CONVENIENCIA MUTIRAO
29038;PIT STOP CONVENIENCIA E DISTRIBUIDORA 
29039;V & V CONVENIENCIA
30158;VERDURAO SEMPRE VERDE 
28663;SUP. IDEAL 
28709;PRIMICIA PANIFICADORA 
28889;NOVA CASA DA ROCA 
28968;MERC. PARLANDIM 
29017;EMPORIO GOIANO
29023;FESTIVA 
28722;PANIF. COLOMBO 
28839;SUP. NF
28873;MERCADO DECISAO
28876;WEDER JUNIOR JESUS ANDRADE
28878;PONTO DO ACAI
28719;EMPORIO MEGA PANE PANIFICADORA
28732;SUP. SANTANENSE
28771;SUP. SUPREMO
28824;SUP. BOA VISTA 
28848;SUP. CEDRO
28702;MERCADAO DA ECONOMIA 
28764;CASA PORTO PANIFICADORA
28921;LANCHONETE TRILILI 
28944;EMPORIO GAUCHO 
28946;NUTRI+
29750;SUP. OLIVEIRA
28676;SUP. ATUAL 
28761;PANIF. VIDEIRA 
28827;ALVORADA FRIOS 
28884;MERCADO FENIX 
29024;GIGANTEX
30087;SUP. DA MAMAE 
31153;CITRO5 BOA VISTA
28727;DROGARIA UNIAO 
28813;YPE AUTO POSTO 
28883;COML. MOURA 
28907;IDERSON XAVIER DE GODOY
28915;TOM SUPERMERCADO 
28977;PADARIA DOCE SONHO
29787;GRAO ESPRESSO
30140;MERCADINHO ELDORADO
28737;PANIF. FLAMBOYANT 
28765;MERC. JM 
28767;VERDURAO E MERCEARIA TEND TUDO 
28898;CONVENIENCIA ATLANTA
28929;IMPERIO VITORIA 
28937;COML. DIAS 
29828;MERC. POPULAR
31101;CEREALISTA E ATACADISTA AMIGAO
28659;SUP. DOIS IRMAO
28703;PAGUE MENOS SUPERCENTER 
28817;SUP. PADUA
28822;MERC. RADIAL 
28826;MERC. E PANIFICADORA DO CARMO 
29938;KIBARLANA
30079;MERC. DIAS 
28754;SUP. MUTIRAO
28865;MERC. DEUS POR NOS
28922;CASA VERDE PRODUTOS E ALIMENTOS NATURAIS
28923;BRITAGO 
28924;MERCABOX BAGDA 
29908;BORGES CONVENIENCIA 
29970;DIST. ALPHA 
30213;MERCEARIA SANTA MARIA
28684;SUPER MIX SEPERMERCADO 
28687;COM. MINI BOX BARATAO
28695;QUITANDAS & CIA
28796;CERES CLUBE RECREATIVO
28818;MERC. SANTO ANTONIO 
28821;BIDER BAR
29875;LANCHONETE DO POSTO 
28677;MERC. TIA LUCIA
28735;SUP. AVENIDA 
28751;SUP. BARATAO 
28899;COML. BARBOSA
28938;PANIF. E LANCHONETE REZENDE 
28951;CASA DE CARNES TIO CAPANEMA
31202;EMPORINHO 33 
28707;SUP. GOIANINHO
28797;SUP. PECUARISTA 
28799;SUP. NOLETO
28830;SUP. IDEAL 
28833;SUPERVILLE
29960;MERCADO IMPERIO 
29977;SUP. KI-JOIA
28670;ALMERYN MERCEARIA E PAPELARIA 
28718;MERC. SOUZA 
28853;DIST. E MERCEARIA BARRETOS
28912;PANIF. ROMA
28918;MERCADO LEO'S
31108;SUPER BARAO VERA CRUZ
28689;SUPERVIP 
28690;ARMAZEM DUTRA
28694;PANIF. E CONFEITARIA ROMA
28745;SUPER EXTRA
28803;MINI BOX AGUAS CLARAS
30097;COML. IZIDIO 
31215;DISTRIBUIDORA DE B. E MERC.  ZERO GRAU
28736;SUP. RM
28743;SCARLAT INDUSTRIAL LTDA. 
28789;MERCADINHO 11 DE ABRIL 
28812;SUPER ROCHA
28959;QUICK STOP
28976;REINALDO VARIEDADES 
29969;AUTO VISA II
28802;CASA DE CARNE 2 IRMAOS SILVERIO 
28805;SUP. AMORIM 
28857;MERCADINHO 210
28895;PIRULITO MODA BEBE E INFANTIL 
28900;MERCADINHO COPACABANA 
28952;MERC. DO MERCADO
29891;PEG PAG BRASIL
30168;MINI BOX MORAIS 
28656;FREE CARNES
28846;MERCEARIA PETROPOLIS
28861;DROGANOVA
28877;MINIMERCADO APARECIDA
28928;SUP. MENEZES
28961;CERNIGLIARO IMPORTACAO 
29792;COML. BRITO
28666;SORVETERIA E MERCEARIA BURITIS
28679;CLASSE A CONVENIENCIA 
28770;MAXIMUS SUPERMERCADO E ACOUGUE
28835;TENND TUDO SUPERMERCADO 
28836;LIG AGUA DIST DE BEB.
28838;SUP. VITORIA
29814;MERC. MACHADO
28693;VILLA DOS PAES PANIF. E CONFEITARIA
28756;BEBIDAS VILA NOVA
28759;CHURRASCARIA DO GAUCHO 
28874;MERC. DUAS IRMAS
28881;MINI BOX PAIOL 
31114;SUP. DA VITORIA
31170;DIST. E MERC. DO CEARA
28686;DIST. GALEGA DA DINIZ
28792;DMC CONVENIENCIA 
28891;CARNES E BEBIDAS XEXEL
28966;MERC. GOMES
28967;ATACADAO DO PORTO
29766;MERCADO CRISTAL 
30042;EXPRESS SUPERMERCADO 
28688;OLENIRIOS BAR
28698;SUP. BRASIL
28711;PANNINO PAES
28757;MINI BOX OLIVEIRA 
28758;OBA SUPERMERCADO 
28762;SUP. GYN 2 
31074;DIST. DE BEBIDAS MENDES 
28658;BR MANIA 
28669;REST. KI FOME 
28842;SUP.SANTA FE
28844;COML. HAPUQUE
28862;EMPORIO NOTA 10 
30069;BAR E MERCEARIA JULIANA
31128;HOTEL THERMAS PRIVE
28672;A R S MERCEARIA
28916;VAREGISTA BANHIA 
28933;NOVO SUPERMERCADO
28971;ART PAO PANIFICADORA 
29007;KIFESTA 
29009;SUP. IDEAL 
29010;MERCADINHO VELOSO
29984;CENTER FIOS
28733;SACOLAO CENTERFRUTAS 
28788;DR. DETTOX 
28832;COML. FERREIRA
28949;ADRIA SUPERMERCADO
29006;REST. BRASILEIRINHO 
29008;EMPORIO DO BOLO 
29777;SUP. RABER
31091;BEBIDAS VILELA 
28697;PANIF. LANCHONETE HIPER PAO
28781;GRAFICA DO PASTOR
28782;LUCIO ANTONIO ALVES FERREIRA
28807;PRESLEY GONCALVES DA SILVA
28808;MARCIO FERREIRA DE SOUZA
28810;CLIO LANCHONETE
30062;SUP. M & M - II
30154;MERC. ANHANGUERA
28716;MERCADO PARANA 
28828;TOP DEZ SUPERMERCADO 
28837;EMPORIO YPE
28840;EMPORIO NATURAL 
28841;BESSA POSTO 
28843;CASA DO RODEIO
32080;PONTO ANIMAL
28685;SUP. 03 ESTRELAS
28706;AGROPECUARIA SAO GERALDO
28847;LANCHONETE E RESTAURANTE MODELO 
29013;SUP. BETHEL
29014;SUP. FORTALEZA 
29015;COOP. MISTA DOS PROD.DE LEITE MORRINHOS
29811;ESCOLA NUVEM
30142;PANIF. E MERCEARIA ANDRADE 
28742;MULTIPAO PANIFICADORA 
28845;MINI BOX BOM TEMPO
28936;LEAO ALIMENTOS E BEBIDAS LTDA
29019;PANIF. PADRE CICERO 
29803;CERVEJAO
29917;VERDURAO E CASA DE CARNES TEXAS 
30196;PEG PAG MIRANORTE 
28692;PANIF. COLUTE 
28763;SUP. H M 
28809;EMPORIUM DOS SONHOS 
28811;CLIO LANCHONETE
28831;MERC. FLOR DO IPE
29882;REST. AROEIRA
29973;SUP. REIS (SAO FRANCISCO)
28731;CONVENIENCIA SAO BENTO
28814;SORVETERIA FRUTOS DO BRASIL 
28869;COMERCIAL CAVALCANTE
28887;JAICAR AUTO PECAS
28931;LANCHONETE DINIZ 
28935;SACOLAO DA ECONOMIA
29922;SUP. POPULAR 
30052;RESTAURANTE E LANCHONETE SANTO ANTÔNIO
28866;COML. SER TU UM BENCAO 
29018;SUPER LEV SUPERMERCADO
29020;LANCHONETE NOVO SABOR 
29021;CASA DAS RAIZES 4
29022;SUP. ALO GOIAS 
29025;CASA DAS BEBIDAS 
30014;MERC. E DISTRIBUIDORA GOMES 
28755;REAL DRINKS LANCHES
28786;SUP. 21
29040;SUPERMAIS 
29042;PANIF. PAO DE ACUCAR 
29043;SUP. VALENTIN
29994;EUFRAZIO JOSE DE CARVALHO 
30085;AMPM CONVENIENCIA NORTE
28791;PANIF. PAO GOIANO 
28804;PANIF. SONHO DA VILA 
28885;SPEED LINE HOUSE INFORMATICA 
28919;ESTRELA COSMETICOS 
28925;IDEAL CARNES
30015;ALTAS HORAS BEER 
30066;SUP. BOM A BESSA BR 
30080;MERCADINHO E CASA DE CARNES PONTO CERTO 
28953;NATU GYN 
28954;COML. EXTRA II 
28958;URUANA COMERCIAL
28960;RCO FERRAMENTAS E ALUMINIO
28964;MUMBUCA EMPORIO 
29757;EMPORIO ECONOMICO
30021;PRIME CONVENIENCIA 
29212;DMC CONVENIENCIA 
29213;PEG PAG NELI
29325;RC SUPERMERCADO
29338;CONVENIENCIA MODELO 
29356;CASA DE CARNE E VERDURAO IMPERIAL 
31390;SUPER FREITAS
29078;ASTROS SUPERMERCADO 
29130;MERC. LUANA 
29142;MERCADINHO BONANCA 
29280;DIST. ARAGUAIA 
29281;PANIF. E CONFEITARIA CENTRAL 
29790;DIST. SOUSA
29920;ARMAZEM 2 IRMAOS
29076;GADALU
29124;SABOR GOIANO II
29203;SUP. PONTUAL 
29405;MINI MERCADO ALVES
29407;PET SHOP LATE MIA CP 
31141;DIST. DE BEBIDAS CANAA
29058;MERCADO DO CHICO
29059;MERCADO NAYARA
29088;MINI BOX PEREIRA
29426;EMPORIO CASA VERDE 
29427;AMPM - JAVAE CONVENIENCIAS 
29428;DISTR. E CONVENIENCIA GUIMARAES 
29770;SUP. CRISTINA
30055;VISTA DA MATA RESTAURANTE 
30149;SUP. PEREIRA
29057;IRIS SUPERMERCADO E PADARIA
29079;PANIF. FAVORITA
29146;EMPORIO BARATINHO 
29175;MARIM SUPERMERCADO 
29364;SUPER BARAO GENOVEVA
29962;SUP. BAILAO 
30099;SUP. POPULAR
30124;COML. CAPELINHA 
29060;MERC. CRISTO REI 
29122;MERCEARIA SANTA LUZIA
29164;ARMAZEM SAUDE 
29271;SUP. SILVEIRA & ROSA 
29343;AMPM-CONVENIENCIA J FERRO
29348;EMPORIO DA CARNE 
32067;MARILAN
29359;MERC. E PANIFICADORA CASA DO PAO
29408;SUP. BRASIL
29410;CASA DE CARNE DO PARENTE 
29411;COML. X - 5 
29412;SOLARIUM MOTEL
29413;PANIF.BOA SORTE
29839;SUP. MATEUS 
29841;PINGUIM BEBIDAS FRIOS E EMBALAGENS 
29185;COML. CENTRAL
29262;SUP. RIO BARAO 
29351;IMPERIO PET SHOP 
29360;EMPORIO TREVO E CONVENIENCIA 
29391;VETERINARIO E CIA 
30098;SUP. SUPREMO 
31081;DIST. DE BEBIDAS ALVES 
29128;REST. SABOR DO SUL
29298;MINIBOX CRISTAL
29333;SUP. RODRIGUES
29347;DELICIAS DE OURO 
29368;LANCHONETE TERRA HOTEL
29375;LANCHONETE SHALON 
31466;DIST. POLAR
29093;SUP. CENTRAL
29098;PEG PAG CONFIANCA
29178;PRIMUS LANCHE 
29342;SAN EXPRESS
29345;CONVENIENCIA ENTRE POSTO
29349;C & B CONVENIENCIA 
32683;PANIF. COLANDY 
29272;NINNIE MERCEARIA
29308;ATACADAO PALMAS 
29344;DECIO CHURRASCARIA 
29401;PEG PAG MENOS
30036;SUP. MORAIS 
30039;CAOZINHO FELIZ 
29065;SUP. SANTANA COELHO 
29067;MERC. POPULAR
29105;SUP. PECUARISTA
29138;MERC. ARAUTO
29148;SUP. REDE D ECONOMIA II 
31179;CASA DE CARNE GUAPORE 
29049;SUP. CEBOLAO
29052;SUP. ESTRELA DALVA 
29186;ENMARC 
29252;REDE ENTRE AMIGOS CONVENIENCIA 
29275;SUP. VICTORIA
30060;SUP. CAMPOS ALTOS 
31467;TEND TUDO SUPERMERCADO
29125;MERC. BRASIL
29355;SALSALITO CONVENIENCIA
29358;COML. HENRIQUE 
29365;QUARTETO SUPERMERCADO 
29367;R M TABACOS
29369;J K BEBIDAS DISTRIBUIDORA
29829;MUNDO DAS BEBIDAS EMPORIO
29182;SUP. REIS 
29234;ALFA SUPERMERCADO 
29246;MERC. BEZERRA 
29257;SUP. NF
30064;EMPORIO SANTA MARIA 
30070;LANCHE DO ZE CARLOS 
31158;ATACADAO VITORIA
29055;SUP. ESTRELA
29126;CASA PIRES
29127;ARMAZEM MARTINS
29141;SACADINHA HABITO SAUDAVEL 
29150;PEG PAG ESTRELA
29191;COML. CONQUISTA 
31359;CEREALISTA BATISTA 
29225;HIPER FESTA 
29226;JOSIEL FERREIRA DOS SANTOS CONCEICAO
29321;COML. URBANO
29393;ACADEMIA BENI FITNESS 
29394;COML. SAO JOSE
29400;VF DA SILVA COMERCIO ALIMENTICIOS
31469;SERGIO SUPERMERCADO
29092;NATIVA 
29259;SUP. SCOOBY DOO 
29284;CONVENIENCIA PRIMAVERA 
29288;DIST. DE BEBIDA E CONVENIENCIA M
29289;CONVENIENCIA 61 
29290;MINI BOX BELÉM DESTRIBUIDORA
30013;SUP. FAMILIA 2 
29071;CASA MORAES
29107;MASTER LANCHES
29137;MERC. MARABA 
29147;MERCEARIA DO NAIM
29162;SUP. TOQUIO
29972;COML. DE BEBIDAS BUQUEIRAO 
30078;MEGA ALVES MERCEARIA E DISTRIBUIDORA 
30120;PEG PAG CORREA 
29075;SAPE FRIOS & PESCADOS
29084;BIG STORE
29261;EMPORIO MIX 
29263;EMPORIO SIRIO LIBANES
31395;MERCEARIA DA BENCAO
31458;MERC. MOURA
29085;COML. LAGOA AZUL
29097;SUP. VALE VERDE
29176;LANCHONETE GRAO DOURADO
29209;MERC. ARAUJO 
29221;SUPER MAIS SUPERMERCADO
31310;JS DISTRIBUICAO 
29068;ASSOCIACAO DAS FILHAS DE HIRAN
29198;MERCADO SILVA
29291;DEST. DO BOKA
29292;FLORENCIO DISTRIBUIDORA DE BEBIDAS 
29322;GOLFINHO SUPERMERCADO 
32684;REST. RANCHO
29242;SUP. CENTRAL
29250;SUP. RIO DAS PEDRAS 2
29258;TERRA MAE PRODUTOS NATURAIS 
29311;MERCEARIA GREG
29317;PANIF. ROMA
30047;MERCADO E CASA DE CARNE ECONOMIA
31222;09012017 CADAST SEM FOTO
29181;MERC. BRASIL
29196;TOP SUPERMERCADO
29313;CONVENIENCIA VITORIA III 
29329;CONVENIENCIA TOCA DA ONCA 
29330;ADEGA ENTRONCAMENTO 
29361;ARTE CONFEITARIA
29749;CERVISIA 
31055;VILA COUNTRY 
29081;SUPERPOP
29215;COFFEE BREAK - PADARIA
29265;MERCAVERDURAS 
29293;VITRINE CONVENIÊNCIA 
29310;MERCADO E CONVENIENCIA CAVALCANTE 
29954;GOIAS RENDERING 
32107;MINI BOX SOUZA
29119;A CEREALISSIMA 
29327;DECIO L8 CONVENIÊNCIA  
29339;CONVENIENCIA TOCANTINS 
29340;BARRETO - DIST. DE BEBIDAS 
29357;FOCA PRESENTES
30024;AGROPECUARIA SAO GERALDO 
29099;COML. 2 IRMAS 
29149;EXPLOSAO 
29223;SUP. ESTRELA 
29323;POUSADA E RESTAURANTE TREMENDAO
30068;COML. CENTRAL 
31257;SUPER MAUGE SUP(PQ.OESTE INDUSTRIAL)
29193;COML. E ACOUGUE RODRIGUES 
29228;DIST. DE BEBIDAS BEER HOUSE 
29277;EMPORIO MARTINS 
29362;MANA PRODUTOS NATURAIS
29363;AUTO POSTO PREMIUM 2 
32090;CASA DE RACAO RIOS
29061;MERCADINHO MENOR PRECO 
29134;PANIF. TRADICAO 
29167;FESTOLANDIA 
29188;MERCADINHO E ACOUGUE DO IRMAO
29217;GISLAINE RODRIGUES CHAGAS
32824;SUP. MORERA 
29283;PANIF. PAO QUENTNHO 
29296;SELECT PREMIUM 
29326;SUP. SOL NASCENTE 
29370;SUP. FREITAS  
29372;SUP.DO BOI
29743;SOLAR MIX CONVENIENCIAS 
29832;SUPERMECADO CALASTRO LTDA ME
29070;TOP VERDE PRODUTOS NATURAIS 
29143;SUP. 2 IRMAOS
29184;LUCIMAR LINO DE ARAUJO
29269;MERC. FORTALEZA
29303;SUPER BARAO FORTALEZA
29304;SUPER BARAO BOA ESPERANCA
29838;J G EMBALAGENS 
30130;SUP. BARATAO DO GORDO 
29195;MARIA MESSIAS DA SILVA CRUZ
29279;CONVENIENCIA CENTRAL 
29335;ADEGA CARVALHO 
29376;BOX CEU AZUL
29388;PEG PAG & CASA DE CARNE SAO JOSE
29963;MERC. E GAS ALVORADA
31221;HB GYM
29080;ALO NEROPOLIS 
29159;SUP. VILA RICA
29168;PANIF. E LANCHONETE JARDIM INGA 
29227;MERCADINHO CARREFUR II
29245;SUP.TESCO
29312;CONVENIENCIA MPM
31530;CONVENIECIA DELIVERY
29104;SUP. BORGES 
29106;PANIF. CARVALHO 
29211;IMPORIO PARASIO 
29233;FERRO CAMPO
29373;MAISKTOP
30138;FRANCISCO WELLIUVAN DA SILVA
30141;CHURRASCARIA DO TREVO
29083;SUPER BIG LAR SUPERMERCADOS 
29120;PEG PAG DA FAMILIA
29210;MERC. SAO MARCOS 
29256;SUP. MEGA & CIA
29307;SUPER BARAO PEDRO LUDOVICO
30012;ARMAZEM EXPRESSO
30041;MERCADO PIMENTA
30150;SUP. SUPERVIDA
29140;SUPERMAR MERCADO 
29180;MEGA + SERINGUEIRA 
29204;MERC. DA VOVO
29206;MERC. SANTOS 
29243;MERCADINHO PAULISTA 
32603;EMPORIO GYN 
29158;IN NATURA
29214;MARQUIM TEM DE TUDO 
29314;K L BAR 
29324;SUP.GERLU (LJ. 01)
29332;SELECT PREMIUM
29346;ROYAL CONVENIENCIA 
29997;DIST. DE BEBIDAS LAGUNA
30118;VAREJAO SUPERMERCADO 
29073;JET BOOK LIVRARIA 
29103;LA MERCEARIA
29199;SUP. E CASA DE CARNE SKINAO 
29319;COML.GABRIEL
29771;DIST. DE BEBIDAS BAHIA
29911;MEGA BOX 
29077;FRUTARIA E MERCEARIA DO NEY
29135;SUP. MENDES 
29264;CASA DO PAO DE QUEIJO
29337;PANIF. NERES
29392;LAVAJATO NOVA CONQUISTA
29927;PEG PAG BOM PRECO 
30072;ANA PAULA SUPERMERCADO
30152;SUP. BIG OFERTA
29074;SUP. CASTELO
29190;TOCA DA LABIGO BEBIDAS 
29270;SUPER. BARATAO
29285;DIST. DE BEBIDAS POTENCIA 
29295;THAIS LANCHE
29297;CONVENIENCIA IPANEMA 
29888;DIST. DE BEBIDAS DA MATA 
29062;PONTO FRIO CONVENIENCIA E MERCEARIA 
29095;MARCOS ANTONIO ASSIS
29111;HIPER FESTA(STO DUMONT)
29112;HIPER FESTA(RIO VERDE)
29113;HIPER FESTA
29114;HIPER FESTA 
30050;COMERCIAL LIMA 
30092;ATACADISTA DE BEBIDAS SAO MARCOS 
29053;GRUPO ARCA DA ALIANCA 
29145;SUP. GUEROBINHA
29253;DIST. MACHADO 
29320;CONVENIENCIA BR MANIA
29328;MAPAH AUDITORES INDEPENDENTES 
29096;PONTO DO PAO DE QUEIJO 
29194;SUP. MENEZES 
29379;SORVETERIA E MERCEARIA LIMA 
29398;HIPERPETRO COMBUSTIVEIS 
29409;FLAMBOYANT SUPERMERCADO 
30076;PANELA & CACAU 
29054;MERCADINHO DO EDINHO
29072;ENTRE AMIGOS CONVENIENCIA
29090;MERC. PASCHOAL
29101;CASA DE CARNES E MERCEARIA BELA VISTA 
29172;SUP. SAO JOAO  III
29858;CANADA EMPORIO E BEBIDAS 
29989;ATACAREJO 
29115;HIPER FESTA(MORRINHOS)
29116;HIPER FESTA 
29117;HIPER FESTA
29118;HIPER FESTA(VL. FROES)
29183;PANIF. MADRI
32655;COML. DO GARIMPEIRO 
29100;LANCHONETE ESTRELA DO SUL
29273;COML. AVENIDA 
29336;DRINKS MERCEARIA 
29383;DOCES FINOS - DF 
29384;SUP. ALVORADA 
29385;REST. E PEIXARIA DA SELMA
29132;MERCADO LAMARTINE
29414;REST. DA GOIANA 
29415;CASA DE CARNE ARAGAO 
29416;CONVENIENCIA VITORIA
31156;CONVENIENCIA MANGALO 
29091;MINE BOX BELA VISTA 
29102;MINE MERCADO VITORIA
29151;BIG BRASIL SUPERMERCADO
29153;HIPER FESTA(CALDAS NOVAS)
29155;HIPER FESTA(RESID.SONHO DOURADO)
31206;DISK DRINKS
31249;PET & GATO
29121;COML. EMPERIO
29144;J. A. REPRESENTACAO E PROMOCAO DE VENDAS
29163;ESTELITA SUPERMERCADO
29220;SUPERVERDURAO 
29241;CASA DE CARNE BOI NA BRASA 
29254;SUP. UNIAO
29064;COML. DOM ORIONE 
29082;SUP. ECONOMISA
29136;EMPORIO GOURMET 
29222;COML. RODRIGUES 
29341;TUCO CONVENIENCIAS 
29386;SUP. VITORIA
29086;SEMPRE SEIS SUPERMERCADO
29131;SUP. LIMA
29216;COML. SAO JOSE 
29229;BANGALO CHURRASCARIA
29417;COM. DE BEBIDAS AVENIDA 
31191;AM PM CONVENIENCIA 
32088;GRILO DISTRIBUIDORA DE BEBIDAS 
29069;PANIF. PAO GOSTOSO 
29129;SUPER MIX ATACADISTA
29133;REST. PIMENTA MALAGUETA
29156;HIPER FESTA(ITUMBIARA)
29174;SUP. KSR
29192;DAIVITI ELTON CRISTOVAO COOK
32823;CEZAR PROMOCOES 
29305;SUPER BARAO TROPICAL
29306;SUPER BARAO MARISTA
29309;BOMBOCADO CONVENIENCIA 4 
30009;SUP. EMANUEL 
31317;SUP. SINHA
32437;DUPIAUI SUPERMERCADO 
29063;PLANETA VIDEO GAMES 
29177;CANAL DISTRIBUICAO - SAO JOAO MIX
29294;SANUS STORE 
29371;TERRA ALIMENTOS 
29387;MERC. PROGRESSO 
29395;SUP. COSTA ESMERALDA 
29892;MINIMERCADO SUPER BOM 
29235;JS PECAS
29239;SUPERMECADO SANTOS
29267;EMPORIO NOVA OPCAO
29276;MINIMIX MINIMERCADO 
29389;VERDURAO PALMAS 
29390;DIST. VITORIA
31242;PEG E PAG DA APARECIDA
31252;DIST. UNIAO 
29173;LIGADAO
29187;SUP. NUNES
29201;MERCADINHO OLIVEIRA 
29218;LG DISTRIBUIDORA 
29224;CENTRAL FRUTAS 
29236;BAR E MERCEARIA GOMES
31097;MERCADAO, CESTARIA E DECORACAO 
29169;MERC. LAISE 
29232;PONTO PET
29266;EMPORIO VIP
29301;PACHECO LANCHES 
29334;DIST. PRIMU'S 
31246;PET SHOP AGROFORTE
36631;COML. DE ALIM. E EMBALAGENS 
29157;COMERCIAL POTENCIA
29331;ADEGA SUPER CRISTAL 
29396;MERCADINHO DOIS IRMAOS 
29397;MERC. LARA 
29399;SUP. BRASIL
29402;PEG PAG MENOS
31140;SUP. BARBOSA
29189;EMPORIO ALIMENTOS DE PRODUTOS NATURAIS 
29377;DON MIGUEL ARTIGOS ESPORTIVOS E ESCOLARE
29418;BIG FRIOS 
29419;CERVEJA & CIA 
29421;BAMBU .COM CONV. E DIST. DE BEBIDAS
31264;MERCADO CESTA BASICA
29050;SUP. DANY
29139;SUP. ESTRELA DALVA 
29152;DIST. CATALANA 
29165;PHILADELPHIA MAGAZINE
29278;SUP. CONQUISTA
36632;MERCEARIA JR 
29056;SUP. TAKI
29066;SUP. NOVAIS 
29094;PORTUGAL ATACADISTA
29109;SUP. D'CASA 
29110;MERC. CENTRAL 
29780;SUPER BOX ALIMENTOS 
29785;ALVES DISTRIBUIDORA DE BEBIDAS
30133;DIST. DO LEKINHA 
29268;MARTINS SUPERMERCADO 
29282;IMPERIO DIST. DE BEBIDAS E CONVENIENCIA 
29366;SUP. FERRARI 
29403;MERCADINHO RODRIGUES
29404;COML. OLIVEIRA
29628;DIST. DE BEBIDA WW
36685;SUP. PAINEIRAS 
29170;DO BEM
29406;VERDURAO BRASIL MIX 
29422;CONVENIENCIA DO PATRAO 
29423;REAL SORVETES 
29424;JOACIL PEREIRA DE ANDRADE 61620718120
29425;EDSON YOITI HAGA
29884;SUP. JORDAO
31269;GRAOS FORTE 
29087;DUPIPE DISTRIBUIDORA 
29208;COML. CAMPEAO 
29286;ROYAL CONVENIENCIA
29299;COML. OMEGA 
29300;CONVENIENCIA TIO PATINHAS
29302;PANIF. PAO GOSTOSO 
29436;PANIF. TRIGOMINAS 
29442;PEG PAG RESENDE
29539;DIST. DE BEBIDAS CALIFORNIA 
29720;SUP. BRASIL
29721;COML. MARINGA 
29722;LUMA MERCEARIA
30022;MERC. LIBERDADE 
30035;TO KERENDO 
29549;JOICE CARLA DA SILVA AMORIM
29550;DIETANUTRI 
29584;CASA DE CARNES E MERCEARIA DO GAUCHO 
29595;BEBIDA & CIA 
31274;SUP. HELINHO
29432;COML. SAO LUIS
29504;POINT BEER CONVENIENCIA
29666;DOCE LAR SUPERMERCADO 
29957;FAVORITO SUPERMERCADO
30003;DIST. E LANCHONETE CRISPIM 
29470;SUP. VERDURAO ARRUDA
29640;SIM ATACADO
29694;ATACADAO DAS BEBIDAS E MERCEARIA
29696;MERC. ANDRADE 
29697;SUP. JL
29702;SUP. SILVA 
29916;SUPER NOVA ERA 
30144;CERVEJA & CIA
29717;MERCADO LIMA & VIEIRA 
29723;RAGNAROK BEBIDAS & EMPORIO
29724;HOTEL RIO DO OURO 
29726;MINI BOX SERVE MAIS 
29727;SUP. ULTRA BONUS 
29746;ATACADO DE BEBIDAS MAIS BARATO 
29759;EMPORIO SHEKHINAH 
29459;CHURRASCARIA DO TREVO
29476;SUPER CENTRO DA ECONOMIA
29605;SUP. BOM PRECO
29675;PEG PAG NELI
29847;COML. GOIAS 
29993;SUP. DAS VERDURAS
29495;EMPORIO DAS BEBIDAS
29629;CONVENIENCIA E MERCEARIA GALEGO
29446;AGROAIS COMERCIAL
29458;SUP. 007 (HIPER)
29513;BEBIDAS SOARES 
29634;H R DIST. DE BEBIDAS & CONVENIENCIA
29855;SUP.  MENDES
29429;COML. BOA ESPERANCA 
29447;CAMARGOS 
29608;CENTRAL AGUAS
29678;SUP. 2 IRMAOS
29729;AL CAPONI CASA DE SHOW 
29768;DIST. SAIDERA
29975;LANCHONETE E CONVENIENCIA MOREIRA 
29448;EMPORIO GOURMET 
29457;SAN EXPRESS 
29506;FREE GELO
29530;PETRAS BEBIDAS GELADAS 
29569;SUP. ABRAAO
29574;COML. CASTRO 
29945;EMBALAGENS JUNDIAI 
31464;SUP. GOIANO
29431;SUP. AURORA
29572;LANCHONETE E MERCEARIA LUSTOSA 
31139;PRIMUS SUPERMERCADO
31353;AGROPET DUBAI
36416;SUP. PAI E FILHO 
29611;MERCEARIA JULIA
29621;RESSACA ETERNA 2
29669;MERC. ALVORADA 
29698;TREVO ATACADISTA 
29705;EMPORIO FORTE 
29709;SUPER MATHEUS 
29865;SUP.CANDANGO
29925;SUPER ROBINHO
29730;POUSADA TREVO SUL 
29731;SUP. BOM VIZINHO
29732;ILCA CARNES E ALIMENTOS 
29874;BAR E SORVETEIRA LIVERBON
30081;JL ALIMENTACAO 
30114;SUPER AMERICA 
29531;PRIME BEBIDAS E CONVENIENCIA 
29576;PAULO JOSE MALACHIAS FERIGATO
29619;POSTO VILA RICA 
29625;BARAO DISTRIBUIDORA DE BEBIDAS 
29641;SUP. REIS (2-VILLA ESPLANADA II)
29914;MINI MERCADO MUNDIAL 
29919;SUP. ALVORADA
31477;SUP. NANA 
29456;SUP. PRIMAVERA 
29489;MERCADO VITORIA 
29557;SUPER ECONOMICO
30095;SUP. BOM PRECO 
30125;BENTAO SUPERMERCADO
32374;ARMAZEM PEREIRA 
29529;SUP. MEIRELLES 
29564;PASTELARIA DO MIGUEL 
29655;BEM MAIOR SUPERMERCADO
29712;COML. OLIVEIRA 
29713;J.E SUPERMERCADO 
29716;MINI MERCADO NAVES 
29786;MERCADO SAO MIGUEL ARCANJO 
29805;PANTERA DIST.
29437;COML. FELIPE 
29542;MERCADINHO CACULA.
29622;DIST. DE BEBIDAS ARAGUAIA 
29638;MERC. GARIBAUDE
29646;PEG E PAG GOMES 
30094;MINI BOX JARDIM DO PORTO
31204;POSTO Z+Z HIDROLANDIA LTDA - EPP
29475;CAPITAO DO MATO CHOPP BRAHMA 
29644;PAYOL SUPERMERCADO
29662;SUP. ARAGAO 
29677;SUPER PRIME SUPERMERCADO 
32349;MERCADO UNIAO 
29689;SUP. POTENTE 
31478;RACOES BELGA
29494;MERCADINHO E SACOLAO MARCUS
29601;HIPER FESTA(JATAI)
29602;HIPER FESTA(GOIANESIA)
29603;HIPER FESTA
29645;COMEDORIA DO CHEFE 
29453;PE DE MANGA BAR
29502;GONCALVES DISTRIBUIDORA
29543;SUP. SAVANA
29552;DIST. DE BEBIDAS BEER HOUSE 
29609;SUP. BURITIS
29701;EMPORIO PONTO COM 
29846;COML. SAO JORGE 
29867;MINIMERCADO MOREIRA 
29469;MERC. MORAES 
29487;FAVORITO MATERIAIS DE CONSTRUCAO
29643;EMPORIO MARIA 
29660;SUP. ATUAL 
47425;COML. SILVA
29433;SUP. MENOR PRECO
29512;SK1NA
29536;DONIZETE CROSARA
29537;ALTAS HORAS 
29538;ZENAS RUDA DE CARVALHO PORTO
32068;SUPERMERCADO ELSHADAYY
32093;MERCADINHO MAIA 
29444;CONVENIENCIA SO MAIS UMA 
29471;LARISSA APARECIDA MARTINS MENDONCA
29516;SUP.CANUTAO
29657;MERC. NUNES 
29682;RODA DE BUTECO
48813;SUPER GRILLO
29449;NOVA OLINDA CHURRASCARIA E LANCHONETE 
29560;COML. VITORIA
29606;BIG FESTAS
29671;LEVE MA+S SUPERMERCADO 
29680;SUP. MODELO 
29935;IDEAL CARNES
29943;COML. MARIA 
30145;CASA DA FARINHA
29484;SUP. DONA TEREZA
29554;ELETRO TRANSOL
29577;SUP. BARBOSA
29674;LORO BEBIDAS 
29690;MERCADO VOLTE SEMPRE 
29714;SUP. FRIGO BOI 
29904;JN CONVENIENCIA 
30122;SUP. MOREIRA 
29430;MERC. PRECO BAIXO
29445;SUP. VIP 
29466;SUP. MAUGE
29541;SUP. MASTER
29547;SUP. EVOLUCAO 
29468;MERC. CAPITAL 
29588;MERC. G NETO 
29615;L. V. DISTRIBUIDORA DE BEBIDAS E EMPORIO
29635;ATACAREJO MIX 
29637;SUP. MINEIRINHO 
29478;CASA DO CHACAREIRO
29507;ATACADAO PALMAS
29565;SAO PAULO ESPORTE BAR E DISTRIBUIDORA
29566;NWF TRANSPORTES E LOGISTICAS 
29582;MERC. E DISTRIBUIDORA CRISTAL
30001;IMOBILIARIA MENDES E PESTANA 
30011;MERC. NOSSA SENHORA DO CARMO 
30153;DIST. DE BEBIDAS NOLETO 
29642;SUP. JORDAO
29672;COML. E ARMARINHO PALMAS 
29735;CASA DE CARNES WALMOR
29737;A QUITANDINHA
29740;CASA DE CARNE SM
30077;PANELA E CACAU 
31178;JERRY BEBIDAS 
29477;PAULLO SUPERMERCADO 
29483;DIST. ROSA DE OURO
29488;DECIO CONVENIENCIA L.10 
29586;AMIGOS PET
29594;BEM NATUREZA 
29518;POTENCIA SECOS E MOLHADOS 
29533;DIST. LYRIO
29831;SUP. MUNDIAL
29910;DROGARIA + BRASIL 
30132;DIST. DE BEBIDAS HOUSE BEER 
30135;JERONIMO BEBIDAS E CONVENIENCIA 
29532;DIST. DE BEBIDAS TO-NO GRAU 
29575;MERC. FELIZARDO 
29612;DA VILA SUPERMERCADO 
29617;PADRAO DISTRIBUIDOR
30063;SUP.E CASA DE CARNES SOL(SANTA EFIGENIA)
31047;POPIDI DISTRIBUIDORA 
31053;COML. VIP
29461;AMPM CONVENIENCIA
29463;CONVENIENCIA PALACINHO 
29493;SACOLAO LV 
29509;SUP. CRISTO REY 
29519;RC TRANSPORTES 
31298;MERCADO DOIS IRMAOS 
31345;SMALL ESPINDULA AGROPET
29548;TABACARIA SAO FRANCISCO
29597;LAISA POLIANA MORAES DE ANDRADE
29630;DIST. OLIVEIRA
29653;MAIS BRASIL
29898;SUPER PAO
29517;COML. ARAGUAIA
29534;MERC. NOVA OPCAO
29546;PEGA BEM MERC. E DISTR.DE BEBIDAS
29561;ARTS PAES
29596;SUP. ECONOMIA 
32109;VILMAR LANCHES 
29503;DIST. PRIMICIAS 
29505;BIRITAS DISTRIBUIDORA 
29580;MINI BOX OLIVEIRA
29661;COML. TATUZINHO 
29663;DIST. DE BEBIDAS NOVA DIRECAO
29664;PEG PAG E CASA DE CARNE REAL
31054;COML. LEAL 
29434;EMPORIO FARIA
29452;SUP. PRATIKO (PEDRO MIRANDA)
29556;MINI BOX SAO JOSE 
29578;SUP. BELA VISTA 
31380;MERCEARIA RAMOS
29592;ROSA DE OURO COMERCIO E TRANSPORTES
29647;SUP. COMPRE BEM 
29667;EMPORIUM BOA VISTA 
29670;DIST. MEGA BYTES
29679;MERC. VITORIA
29959;COML. MOURA
29988;PNEUMAR MOTO PECAS 
29451;COML. BNC 
29479;DIST. AERO BEER
29480;KITANDA DA VOVO 
29545;PANIF. GIRASSOL 
29583;EMPORIO SANTA FE
32110;SUP. BOM D+ 
29567;SUP. MANANCIAL
29673;SUP. CORRE AKI 
29676;DIST. MONTE SINAI 
29688;SUP. RODRIGUES
29706;NC DISTRIBUIDORA DE BEBIDAS 
29881;CASA DE CARNE AVENIDA 
30147;MEGA MATOS SUPERMERCADO 
29563;D' LANCHES 
29573;MERC. BEIRA RIO 
29593;DIST. SANTOS DUMONT 
29649;SUP. MAIA 
29650;DIST. E MERCEARIA MORADA NOVA 
31118;SUP. BREU
29522;SUPER BIG - 501 SUL
29523;REVITALE 
29525;TO NO GRAU
50586;VALEU BOI CHURRASCARIA
29526;HELANE GOMES DA FONSECA 
29571;EMPORIO VIP BEBIDAS 
29967;SUPER KITANDA
29467;CHURRASCARIA E LANCHONETE TRANS BR 
29599;CASA DE CARNE KI-BIFE 
29610;MERC. CESAR 
29613;SUP. BOM PRECO
29614;SKINAO BEBIDAS 
29620;DUFF DISTRIBUIDORA DE BEBIDAS 
29639;EMPORIO JARDIM 
29654;MERC. E DIST. DE BEBIDAS MILLENIUM 
29707;SUP. INDEPENDENCIA 
30023;JR DISTRIBUIDORA 
31150;SUP. MORAES 
29443;ELISA EDITHE TUON GUERRA
29455;SUP. REIS 
29700;BAR DO NANA
29733;MERC. LIBERDADE
29736;SUPER BARAO SUDOESTE
29739;CASA DO PADEIRO 
29741;COML. NERY
31457;AVAMTHE SUPERMERCADO (CID JARDIM)
29474;KITANDA DO PEREIRA 
29559;ACCESS NET LAN HOUSE 
29591;SUP. TOQUIO 
29607;ABSOLUTA DISTRIBUIDORA DE BEBIDAS 
32066;AGR0MILHO 
29510;SUP. PRECO BOM 
29585;SUP. VINHAL
29604;DIST. DE BEBIDAS DO CARECA 
29648;COML. SANTA HELENA
29440;SELECT LOJA DE CONVENIENCIA 
29618;BAEZA BEBIDAS
29681;SUP. MONICA
29708;MERC. MARIA MARTINS
29718;MINI MERCADO E PADARIA ARAUJO 
29719;DOCE BELLA PANIFICADORA
29873;CALDINHAS LANCHES
29450;SUP. BOM A BESSA 
29632;85.2 EXCELER CONVENIENCIAS
29684;SUP. ACAI 
29715;SUP. PINHEIRO 
29725;SUP. PACHECO 
29514;MERC. OLIVEIRA
29527;SUP. SOUSA 
29551;SUPER KI BARATO
29553;ORIENT LANCHONETE
29587;PEG PAG E DISK BEBIDAS MOURA 
29462;DIST. BEBIDAS & FESTAS 
29616;CASA DE CARNE & DIST. BEBIDAS BIG BEER
29651;VEGAS SUP. E DISTRIBUIDORA DE BEBIDAS
29656;MERCADO MARANATA
29665;COMERCIAL MONTEIRO
29668;MERC. E DISTRIBUIDORA DE BEBIDAS CRITAL
29435;SUPER MAIS
29481;SUPER MAIS SUPERMERCADO 
29558;MEGA MERCEARIA E DISTRIBUIDORA 
29562;MEGA MERCEARIA E DISTRIBUIDORA
29627;STILLUS DISTRIBUIDORA DE BEBIDAS 
29912;COML. YPE
31299;GELA RAPIDO 
29570;SIM ATACADO (COND. SANTA RITA)
29734;MERC. E CASA DE CARNE ATALAIA
29738;PERPUTTI PANIFICADORA
31270;PRIME MIX FRIOS 
29472;DORISVALDO CARVALHO DE SOUSA
29535;SUP. AVENIDA 
29568;CRIATIVA MATERIAIS PEDAGOGICOS 
29579;SUP. REAL 
29589;PANIF. MAIS TRIGO 
29624;MAIS VO SUPERMERCADO
31382;CASA DOS PAES 
29491;REJANE ROSALINA RODRIGUES
29492;EMPORIO VIDA ALIMENTOS SAUDAVEIS 
29500;CONVENIENCIA BAR ADEGA
29540;MINI BOX IMPERIO 
29600;SUP. GONTIJO 
31428;NATURALE ARMAZEM SAUDAVEL
29473;MERCADO SILVA
29490;CARP ARTE EM GESSO E MERCEARIA 
29598;MERC. PADRAO 
29685;CASA DE CARNES GONCALVES E DIST. BEBIDAS
29703;MERC. BOM JESSUS 
29704;CONFIANCA BEBIDAS 
29842;COML. ROTA 66 
29863;SUP. CENTRAL 
29441;RAJA GAUCHA 
29486;AGROBOI 
29521;SUP. SERTANEJO 
29581;COML. MENEZES 
29769;R & V EMPORIO E DISTRIBUIDORA DE BEBIDAS
31166;MERC. E DIST. SOUZA
31271;PLUTAO PET PRODUTOS VETERINARIOS
29482;FLORA NATIVA PRODUTOS NATURAIS 
29528;DIST. MAK 
29555;SUP. BOCAO 
29631;SUP. IMPERIO
29633;ANTONIO ACASSIO GUIMARAES LOPES
29659;MERC. ELANE
29683;O NUTRITIVO - ALIMENTOS NATURAIS 
29691;MERC. DOS TRES 
29692;COML. POTENCIA 
29693;COML. DIOGO 
29695;SUP. SILVA
29796;COML. RODRIGUES 
29798;UM DOIS BEBIDAS 
29485;DIEGO COMERCIAL E BEBIDAS 
29524;SAIDEIRA
29623;SUPER MONTE SINAI 
29952;COML. ECONOMICO 
30730;DISTRIBUIDORA DIAS.
30732;SAO TIAGO CARRO DE BOI
29439;HORA EXTRA - MINI BOX CONVENIENCIA
29460;CONVENIENCIA JK 
29496;POMARES ALIMENTOS SAUDAVEIS 
29497;RAQUEL ANTUNES BUENO
29498;UP! COMIDAS SAUDAVEIS 
29499;SUP. MADRI 
30058;GELO CRISTALIANO 
29464;EMPORIO RAJA GAUCHA 
29520;LANCHONETE RODOVIARIA
29652;LOJAS OFERTAO 
29686;SUP. NOVA JERUSALEM
29887;LC ATACADISTA MOURA 
29936;SUPER MALTA
30116;MERC. PRIMOS 
29626;DEPOSITO FECHADO SUPER QUINTANILHA 
29636;DELEITE DELICATESSEN 
29859;SUP. ECONOMIX 
29544;DIST. DE BEBIDAS SHUTEK
29699;MEGA FERRAGISTA PEDRO LUDOVICO 
29710;MIDAS DIST. DE ALIMENTOS E BEBIDAS
29711;GALDINO LANCHES 
29880;SERGINHO BEBIDAS
29953;GURU SUPERMERCADO E DISTRIBUIDORA DE BEB
29956;SUP. CONFIANCA 
31955;MERCADINHO FERROVIARIO II
32494;COVENIENCIA PETROLEO
32320;TECHY SERVIÇOS 
31809;MAUGE ATACADISTA
31843;ARMAZEM DA CARNE
32314;GELO 24 HORAS 
32882;AGRO MASTER 
45716;SUP.CENTRAL
31580;EMPORIO DA SAUDE PRODUTOS NATURAIS
32369;SUP. TRES IRMAOS 
31579;SUP. A B C
31727;BOOK POINT LIVRARIA (EMPORIO CERRADO)
31772;PAI & FILHO MERCEARIA 
31925;ARAGUAIA FRIOS
31633;MERC. VARANDA
32084;ARMAZEM 29 
32087;MADRUGA DISTRIBUIDORA DE BEBIDAS 
32127;COML. E TRANSPORTADORA FERNANDES 
43411;SUP. ANDRADE
43144;CW3
31760;SUP. POTENCIA 
31956;ERA DO GELO
31960;MERCEARIA JACUTINGA
45960;SHOPPING DAS OBRAS
31762;COML. MARINHO 
32333;BR MANIA CONVENIENCIA 
36950;ALYSSON DIAS DE OLIVEIRA 05108665148 
31674;BERRANTE SECOS E MOLHADOS ALIMENTACAO 
31774;DIST. FORTALEZA 
32026;DUDUZAO PRODUTOS AGROPECUARIOS
32031;SUPERMERCADO NOVA JERUSALEM
36620;POINT BEER CONVENIENCIA 
31946;PONTO CERTO SUPERMERCADO
31533;SUP. CRISTAL
31729;MERCEARIA E PANICADORA RIO VERMELHO
32009;COML. MATO GROSSO 
32304;COMERCIAL MAIA
32611;EGM DISTRIBUIDORA 
32287;SUPER 10 SUP.
32375;KR CARNES E MERCEARIA 
32377;SUP. ECONOMIA 
32539;ACOUGUE MARANATA 
31991;CHURRASCARIA BURITI 
32038;SUPERMERCADO SERVE MAIS 
32041;PRIMO - AGROPECUARIA
32054;ATACADAO BARRETAO
32300;FRIOS LESTE 
31587;MINI BOX MARANATA
32020;A TAPERA RESTAURANTE E CHURRASCARIA 
32487;PEG PAG CENTRAL 
32586;CHURRASCARIA E LANCHONETE CENTER SUCOS 
42746;SUP. SOUZA
48941;DIST. DE BEBIDAS
48949;FABRICA DE GELO T-13
31953;MERCADINHO DA 200 
32336;MINI BOX AVENIDA
46960;BROTHERS FIGHT CLUB
31654;MERCADINHO PERTINHO DE CASA
31694;M COSTA BEBIDAS 
32464;EUROPA PÃES 
32546;MERCADO REAL 
32434;ELDORADO DISTRIBUICAO LTDA 
32483;COML. ESTRELA 
32552;FERRAGISTA CANTAO
37678;COML. NUNES
45675;SUP. BOM PRECO
31924;EMPORIO GOIAS MINAS
31498;SUP. CAMILO 
31615;COML. L.V. 
32606;MERCEARIA MAUA 
32260;SUP. SANTOS SILVA 
32270;MINI BOX CLARA
32531;AGROVET 
32259;MERC. OURO VERDE 
32401;BAR & ARMAZEM SOUZA
32493;DISTRIBUIDORA SOUSA 
46994;DISK CESTAS PAI & FILHO
32448;MERCEARIA J S 
32430;SUP.ITAPUA
32800;EDUARDO OLIVEIRA - ME 
32884;SUP. PIPOCA (TRIUNFO II)
31984;PONTO MIX PIZZARIA E SANDUICHERIA 
32418;COML. IMPERIO 
32550;AGROMERCADO CAMPEAO 
32425;MARCOS SUPERMERCADO 
32467;COML. ECONOMICO 
32560;REAL LESTE CONVENIENCIA 
32643;SUPER BEM BARATO
32591;SUP. SOL
31726;GODELA ESPETINHOS
31673;SUP.SUDOESTE 
32011;EMPORIO 278 
32137;COML. TERRA 
32138;SUP. VILA REGINA 
32156;MINIMERCADO RUA 23
32172;SUPER BARAO AP SHOPPING
31504;SUP. MARTINS
31524;GAUCHO DISTRIBUIDORA 
31549;MINI SERVE DIA 
31553;EMPORIO PANTANAL
37806;ATACADO AMIGAO 
31577;SUP. MARTINS
43440;SUP. BRAGA
32186;PEGUE PAGUE PAI E FILHO SUPERMERCADO
31560;COMERCIAL MARCO SHILAS
31562;ART & PET
31564;SUP. SILVA RIOS 
31572;SUP. UNIAO
31576;CASA DA RAC?O 
31848;MINI BOX POPULAR 
32325;MERCADO QUATRO IRMAOS 
32489;SUP. GOIAS 
32499;SM SUPERMERCADO 
32518;AGRO-RACOES SOUSA
32298;COMERCIAL SILVA 
32215;PEG PAG VERA 
32218;MERC. OLIVEIRA 
32224;COML .FERREIRA 
32236;PANIFIC. PADRE CICERO 
31607;TU-ESCOLHE 
31614;LOJA SUP. PAULA 
31617;MERC. CONFIANCA 
32113;SUP. BREDAS 
32118;SUP. PRIMAVERA
32122;MASTER RACOES 
32000;COML. VILELA
31996;COML. LIBANO
32569;SUP. HAYALA 
31621;A TOCA DO ACAI 
31634;BOX DAS RACOES
31641;MINI BOX XODO
32432;ARMAZEM BARATEIRO 
32479;CONVENIENCIA CLASSE A
31582;CASA DE CARNES E MERCADINHO SANTA CRUZ
31699;COML. BOM JESUS 1 
31747;TERRA FORTE
31734;SUPER SOL 
31804;BENZINHO MINI BOX
32510;APDIBEL DISTRIBUIDORA DE SECOS E MOLHADO
31693;MERC. E DIST. COMPRE MAIS 
37044;MINEIROS SUP.
45381;SUP. GOIANAO 4 ( SENADOR CANEDO) 
38156;COML. BEL 
45797;CASTELO
32064;PET SHOP AGRO PANTANAL 
32091;DELICATA PANIFICADORA E MERCEARIA 
32194;EMPÓRIO L ALGO MAIS
32581;MINIBOX ARCO IRIS
32092;EMPORIO NOBRE
32102;MERCADAO DA ECONOMIA (RES. MICHELANGELO)
32288;A PONTUAL RACOES 
46940;SUP. TREVO ROTA DO ARAGUAIA
32063;PONTAL SUPERMERCADO E CASA DE CARNES 
32371;SUPER ECONOMICO
32384;MERCADINHO DLN 
32412;SUP. VITORIA 
31595;COML. RETORNO
31624;PANIF. MARIANA
32573;REAL PAIVA 
45800;SUP. JM
32243;O VERDURAO
32249;SUP. LITORAL 
32357;SANTA CEIA CASA DE PAES 
31526;VILLA GRANEL 
31527;MCA TELECOMUNICACOES 
31569;HOLANDA SUPERMERCADO
32342;TUPI COMERCIO DE EMBALAGENS 
44241;RAJA GAUCHA CHURRASCARIA
32460;COML. FERNANDES 
31518;REIS ARTES E IMPRESSOES
31543;SUPER BARAO OESTE
31568;REDE K SUPERMERCADOS
31571;PLANETA RACOES
43141;OBA OBA HORTIFRUTI
36630;MERCADO E DISTRIBUIDORA VIANA
36662;COML. MAIS 
37629;MERCADO PRIMAVERA
32365;DROGA SETE
32403;MERCABOX SUPER 10 
37745;COML. CAVALCANTE (ST. CRISTINA II)
37764;SUPER MARQUES
38020;MERCADINHO J M
38111;SUP. GT
38148;MERCEPAN
38356;MERC. POPULAR
45745;SUPER BARATAO
32506;CDCS REGIONAL GOIAS 
32238;MERC. DA SUZY 
32488;SUP. PASSE E LEVE 
32545;SUP. XAROPINHO 
32441;SUP. MACHADO 
38431;CLAUDIO PERSIANAS E RESTAURANTES
44940;DOM VICENTE
47592;SUPER LIKE
32076;COML. ALIANCA 
42779;MARQUES SUPERMERCADO
42781;COML. PINHEIRO 
32361;OZ SUPERMERCADO
32171;SUPER ALIANCA 
32181;DOCE MEL EMBALAGENS E FESTAS
32575;CANTINHO PAO 
32274;COMERCIAL  IZA
32319;SUPERMERCADO SILVA
32548;COML. BORGES 
32595;COML. MAGALHAES 
32184;SUP. PARA TODOS 
32197;BARATAO SUP 
32210;DISTRIBUIDORA CARDOSO 
32222;COML. PRECO CERTO 
32293;SUP. MR 
32604;MINI BOX 32 
32638;SUP. POTENCIA 
32321;DM DISTRIBUIDORA MARQUES 
30131;SUP. EXTRA BOM
30136;DIST. JC 
30151;COML. LINHARES 
30162;MERCADINHO RAPOSO
30163;PEG PAG MONTEIRO 
31135;PANIFICADORA E MERCEARIA PAO 10
32096;SUP. SOL NASCENTE 
30128;COML. MELO
30157;SUPER CARNES MARCIANO
30260;COML. PONTO CERTO 
30278;SUP. PAIOL 
30279;SUP. SUPER GIRO
31438;ATACADAO DOS PRECOS BAIXOS
32508;MIRANDA RACOES
32563;SUP. SILVA 
30170;MERC. SE SOBRA EU VENDO BEBIDAS GELADAS 
30176;ACOUGUE E FRUTARIA JK
30178;CHURRASCARIA LAGE 
30180;SORVETERIA GELA CUCA 
30182;BOCAO DISTRIBUIDORA DE BEBIDAS 
30183;MERC. COMPRE BEM 
37804;COML.JR REAL
30171;REDE SERVE MAIS
30204;MERCADINHO VAVA
30222;SACOLAO DINIZ
30229;COML. DO PEDRO TAIAO 
30247;ARMAZEM SOUZA 
31470;ALMANAQUE REVISTARIA 
47096;SUP. BELVEDERE
31463;PEG PAG ALVES
30187;BAIANO DISTRIBUIDORA DE BEBIDAS 
30191;MERC. MARTINS LOPES
30192;MERC. E DISTRIBUIDORA MENDES 
30198;SUP. DE PAULA
30202;DIST. DE BEBIDAS BAIUCA 
38444;MERC. E PANIF. SANTO ESPEDITO
30249;BIRIBA
30251;MERCADINHO REGIONAL 
30252;SUP. MACHADO 
30253;+ GELADA
30625;BOM PREÇO MERCEARIA E BEBIDAS
32468;KANECAO DISTRIBUIDORA E MERCEARIA 
29744;SUP. ECONOMICO 
29763;SUPER BOA VISTA 
29765;ADVENTURE BEBIDAS 
29812;BRASILEIRINHOS LANCHES E ASSADOS 
29818;CASA FESTAS 
29821;SUP. O LEAOZINHO 
30173;ARMAZEM ITAUEIRA 
30307;EMPORIO ALIMENTOS E BEBIDAS 
30189;PEG PAG MERLIM 
30208;POR DO SOL
30210;DISTRIBUIDORA DE BEBIDAS AMERICA
30215;SUP. FLECHA DE PRATA 
30216;NOVO JR SUPERMERCADO
29775;SUP. J.R 
29778;DIST. FENIX 
29781;COML. E ACOUGUE J L
29788;DIST. ALFA 
29809;MERC. SANTANA 
30109;CASA DE CARNES DO ZE 
30112;SUP. SUPER BOM
32313;SALGATERIA ROUTE 070
32378;RESTAURANTE SABOR DE CASA
32504;PANIFIC. PADRE CICERO 
30218;COML. GUERREIRO 
30219;EMPORIO CAMPEAO
30220;MINE MERCADO SOUSA 
30221;COML. BOM PRECO 
30224;SUP. REIS 
30225;MERCADINHO PAGUE POUCO 
32355;COML. RODRIGUES 
30223;SUP.AMERICA'S
30230;COML. PLANALTO 
30240;COML. DIAMANTINO 
30254;MERCADO DANY II 
30255;DISTRIBUIDORA E MERCEARIA ALVES 
31247;PET SHOP PODEROSO CAOZAO
32389;MERCEARIA DEUS E FIEL 
31048;MERC. VITORIA
32521;NILL MART 
32526;CETEGO - CENTRO TECNICO DE GOIAS 
32754;DISTRIBUIDORA DE BEBIDAS TA DEMAIS 
32755;CASA DE CARNE BOM PRECO 
30231;+ BEBIDAS DISTRIBUIDORA
30232;POPULAR MIX EMBALAGENS 
30233;MINI MERCADO REAL 
30236;VERDURAO DANTAS 
30237;DIST. DE BEBIDAS PALMAS 
30239;MINI BOX DONA CELINA 
32410;PADARIA CENTRAL 
30214;MANTEGA BEER 
30257;SUPER GAROTAO 
30258;SUP. TAVARES
30259;MERC. RODRIGO 
30261;SUP. PONTO CERTO
30262;COML.CARDOSO
31409;MAMEDES SUPERMECADOS
32544;SUP. CAMPEAO II 
32574;SUPER BIG - CAPIM DOURADO
32583;SUP. TATICO (PORTAL)
32693;AMERICAN BEER 
30102;SUPER MIX
30103;RP SUPERMERCADOS 
30104;EMPORIO VIP 
30105;COML. ALMEIDA
30106;BAR CLUBE CAMPESTRE
30248;GM DISTRIBUIDORA E MERCEARIA 
30256;ROCHA SUP.
30263;COML. VIEIRA
30264;SUP. TATICO (CAMPINAS)
30265;SUP. SANTA MARIA
30266;ARMAZEM H D
32358;TREDI HOTEL 
31116;DIST. POLLAR 
31207;CERVEJA & CIA 
32587;DOCE FESTA 
32326;ARMAZEM SAO JORGE 
32340;SUPERMERCADO PIRES
30175;SUP. IMPERIAL (SUL)
30217;SUP. CENTRAL 
30241;AGRO PET CUNHA 
30242;SUP. BARBOSA 
30226;PEG PAG NOGUEIRA
30228;PEG PAG QUINTILIANO 
30235;SUP. ALO ALO SAO PAULO
30267;SUP. OFERTAO
30268;MERCADO NOVA ALIANCA 
32367;EMPORIO BUONTEMPO 
31384;CONVENIENCIA DA TIA
32061;MERC. SAO FRANCISCO 
32486;SUPRIPEL PAPELARIA 
30243;EMPORIO ECONOMIA 
30244;MERCADINHO PARAISO
30245;SUP. CUNHA 
33700;MINI BOX TRINDADE
30246;TUBARAO DISTRIBUIDORA E MERCEARIA 
30269;COML. VIANA 
30270;BAR E MERCEARIA NOVA REPUBLICA 
30271;COML. VALE DO ARAGUAIA
30272;COML. & ACOUGUE JM
31106;SUP. FRICALDAS 
32398;COML. LEMOS 
32533;MERCADINHO RAMALHO
30274;SUP. CONFIANCA - DEUS E FIEL 
30275;COML. NOBRE
30276;SERGINHO BEBIDAS 
30277;SUP. PACATO'S 
30283;MERCADO CENTRAL 
30284;SUP. DO POVO 
31263;SHOP DOG 
32481;SUP. PANELA CHEIA 
31461;SUP. EBENEZER 
32262;DOCE DELICIA
30285;SUP. PRECO BAIXO
30286;DIVINO EDSON CESAR DE MORAIS JUNIOR
30288;COML. PONTO CERTO
30289;MERC. MOURA 
30290;BAR E MERCEARIA MEDRADO
31304;ECONOMAX 
31210;MERCEARIA PAIS E FILHAS
32273;PEG PAG SAO FRANCISCO 
32276;COML. MK
32282;MINI BOX ALVES 
30291;SUP. UNIAO 
30292;CONVENIENCIA MONIKE 
30293;SUP. DANIEL 
30294;PANIF.PAO DOURADO
30295;SUP. POPULAR 
31332;COML. NOVA OPCAO
31337;UNIAO EMBALAGENS
30234;MERCADO SILVA
30238;MERCEARIA ARAUTO
30296;SUP. BRASIL
30297;SUP. BRASIL
30298;RAJA GAUCHA 
30299;C & B CONVENIENCIA 
38440;MERC. OPCAO 
32307;ALPLASTIC EMBALAGENS
32567;BOI NA BRASA 
30186;MERC. DA HELENA
30250;FEITOSA DISTRIBUIDORA 
30300;BAR GAMELEIRA 
30301;SUP. PLANALTO 
30302;TAYNARA NASCIMENTO CANEDO
43236;REST. SAME SAME
30303;SUP.SILVA
30304;TREVO SUPERMERCADO 
30305;AGROCAMPO
30306;SURPEMECADO BOM PREÇO
30308;MERCADINHO ARAUJO 
30309;GRID MINIMERCADO & DIST DE BEBIDAS
31167;COML. MARIA BONITA LTDA
32637;SUP. MUNDIAL 
32699;COML. NASCIMENTO 
45098;COML. SOUSA
30310;COML. UNIAO 
30311;HOTEL, REST. E LANCH. BOM JESUS DA LAPA
30312;COML. BOA VISTA 
30313;VITORIA ATACADO
30314;SUP. TAQUARALTO2 
30315;SUP. FORTALEZA 
32753;SUPERMERCADO GOIS 
30111;MERC. BENISE 
30126;TRANSRIO
30127;FACCHINI
30165;JOAQUIM ANGELO DE SOUSA
30169;LANCHE DO MAGRAO 
32059;MERC. MACHADO 
32411;LANCHONETE RIO CLARO 
30474;COML. MONTE MORIA 
30552;CASA DE CARNE E MERCADINHO SANTA FE 
30568;CLUB MAIS CONVENIENCIA TRUCK 
30585;MERC. MORAIS 
30318;SUPER FILHA SUPERMERCADO
30354;SUPER VITORIA 
30377;SUPER BIG - TAQUARALTO
30488;HARRY'S BRINQUEDOS 
30525;PANIF. BOLO DA VOVO 
31536;COML. NATHANINHAS 
31737;ATACADAO GOIANIA 
30320;ANA BIA SUPERMERCADO 
30325;PANIF. E EMPORIO STORCK 
30326;ANNA BELLA MAGAZINE 
30327;ANHANGUERA AUTO PECAS 
30350;MERC. SAO LUCAS 
30514;R & S MATERIAIS PARA CONSTRUCAO 
30587;SUPER TOTAL 
30640;BEBIDAS CATARINENSE
30649;SUP. CRISTAL 
30656;MERC. PALMARES
30657;JANAINA MENESCAL ALMEIDA DA SILVA
31630;MERC. BOM PRECO
30328;CERVEJA & CIA
30582;IGM SUPERMERCADO 
31152;REST. E LANCHONETE CARRETEIRO
32381;AGIL MERCEARIA 
47401;SACCARIA (ST. BUENO)
30374;SAMS DIST.
30392;ARAGUAIA DISTRIBUIDORA DE BEBIDAS 
30512;#BEBEMORAR CONVENIENCIA E DISTRIBUIDORA 
30545;DIST. DE BEBIDAS CORUMBA 
30581;SUP. COMPRE MAIS
31763;RONE SUPERMERCADO
32125;FRUTARIA E MERCEARIA CAMARGO 
30332;BORGES BAR
30343;JM GAS E BEBIDAS
30385;GELA GUELA 
30390;GDMI REPRESENTACOES
30435;MERCADO GUIMARAES 
31381;SUP. AMIGO DA GENTE 
31507;COML. OLIVEIRA
30436;COML. FRUTARIA E CIA 
30450;TEND TUDO 2 IRMAOS
30522;DIST. DIAS 
30565;PAYOL DISTRIBUIDORA DE BEBIDAS 
30566;DIST. DE BEBIDAS CANARINHO 
30367;VITORIA AGUA E GAS 
30489;HARRY'S BRINQUEDOS 
30494;HARRYS BRINQUEDOS
30502;HARRYS BRINQUEDOS
30574;PET SHOP PARANA 
32010;COML. TENDI TUDO
32014;FICUS
30353;COML. GOMES 
30372;SUP. MAXX 
30396;COML. SANTOS
30419;DROGARIA BORBA 
30455;DISCOTECA BRUNO 
31058;HOLDS SUPERMERCADO 
31184;SUP. ATLANTA
30345;DUDU DISTRIBUIDORA
30473;MERC. SILVA 
30477;HORTIFRUTI BUENO 
30500;HARRYS BRINQUEDOS
30564;SUP. CENTRAL 
30592;PEG PAG BRASIL
31365;TOM PET SHOP 
30364;SUP. EBENEZER
30379;FARMACIA PRECO BAIXO I 
30478;EXTRA SUPERMERCADOS
30499;HARRYS BRINQUEDOS
30567;COMERCIAL LIDER 
30578;MERC. VITORIA 
31501;PANIFICADORA DOCE MEL
30339;CONVENIENCIA NORTE SUL 
30513;COML. WF
30579;BRUNO JOYMIR DOS SANTOS
32023;LOJAS UNIVERSAL 
30335;MERC. VITORIA II 
30359;MERC. E DISTRIBUIDORA DE BEBIDAS VAL
30378;COML. SAO MARCOS 
30444;VERDURAO LIRA 
30466;IPANEMA CONVENIÊNCIA 
30467;ARMARINHO TOCANTINS
31738;ATACADAO RIO VERDE
30316;SUP.ALVORADA
30428;NATURAIS EM GRAOS
30586;MERC. VM
30598;CONVENIENCIA TREVO DO LAGO 
30614;MEU VIZINHO 
32323;PROVARE DISTRIBUIDORA 
37758;COML. MF 
30329;ATACADAO CERVEJA & CIA 
30331;SUP. SACOLAO ANDRADE 
30498;HARRYS BRINQUEDOS
30580;SUP. SHALOM
30646;VERDURAO NOVA SUICA
31603;SUP. PROGRESSO 
31944;ESPINDULA AGROPET 
30348;COML. RD 
30393;CASA DE CARNE CENTRAL
30534;ATACAREJO BOM PRECO
30630;PAIOL SUPERMERCADOS
30639;MERC. 2 IRMAOS
32030;EMPORIO DOS FRIOS 
30501;HARRYS BRINQUEDOS
30599;SUP. PONTO CERTO 
30601;SUP. OLIVEIRA 
30456;COMERCIAL R.P
30521;MERCADO MINI PRECO
30618;LANCHE MAIS
30633;DIST. CORTA PRA 18
30634;MERC. SOL NASCENTE 
31743;O REI DA ECONOMIA (GUARUJA)
30360;POLY DISTRIBUIDORA
30409;JM BEBIDAS GELADAS 
30590;RV FRIOS E EMBALAGENS
30600;MERC. SAO JOSE 
30608;MINI MERCADO JM 
31597;SUP. ECONOMICO 
31884;SUP. VITORIA
32004;ANIMIX RACOES E ACESSORIOS
30366;LDA ATAKAREJO BEBIDAS 
30452;JUNIN BEBIDAS 
30497;HARRYS BRINQUEDOS
30510;CONVENIENCIA POPULAR
30644;MINI MERCADO ALIANÇA
32028;SUP. MASTER
32056;ATACADAO CERVEJA & CIA 
30344;CERVA MAIS DISTRIBUIDORA 
30347;BEBIDAS FURACAO 
30412;COML. E CASA DE CARNE DOM MIGUEL 
30423;DIST. DE BEBIDAS ANHANGUERA 
30527;COML.  FRANCA DE ALIMENTOS 
31740;ATACADAO APARECIDA GYN
30323;COML. ARRUDA 
30496;HARRYS BRINQUEDOS
30503;HARRYS BRINQUEDOS 
30563;SUP. MINI PRECO
30619;SUPER DIA 
30637;DIST. ANAPOLINO
30334;COML. CONFIANCA 
30447;M.G DOS SANTOS
30573;COML. ORIZONA 
30645;COML. SANTOS 
30647;PANIF. DONA CANDIDA 
30648;COML. AROEIRA 
30324;COML. MARINHO
30576;COML. RODRIGUES 
30597;VAREJAO DAS CARNES
30603;IBIZA LOUNGE BAR 
30652;MINI MERCADO ESMERALDA
30655;MERC. CLARISSA 
32039;SUP. LUCIANO'S
30370;SUPER BARAO TRIUNFO
30472;MERCADO CRISTAL 
30589;EXTRA SUPERMERCADOS
30620;COML. JD 
30626;ZATIX
31363;SUP. SUPER JÓIA 
30471;REI DOS FRIOS
30562;PEG PAG SANTA LUZIA 
30642;MERC. E BAR DJ 
30650;MERC. D & R 
30651;CONVENIENCIA PONTO CERTO 
30654;SUP. TRADICAO 
30397;CASA DE CARNES E RESTAURANTE DO PICA PAU
30418;SUP.15 D
30443;SUP. BARATO 
30454;SUP. COMETA
30615;SUP. LEBLON 
30358;SO MARMITEX 
30361;CM BOM PRECO
30365;A L W SUPERMERCADO 
30445;COML. GABRIELLY 
30569;RS E DE CASA SUPERMERCADO 
32277;MERC. SANTA FE 
30429;SUP. SOL 
30516;CONVENIÊNCIA DIMAG
30547;WISKYTORIO BEBIDAS
30632;CASA DA CACHAÇA 
30635;PANIF. SABOR GOIANO 
30638;EMPORIO SETE
31635;AGRO-SANDRA PRODUTOS AGROPECUARIOS
30337;MERCADO CONDOR
30338;ARMAZEM RIO CLARO 
30401;CASA DE CARNE SILVA
30550;COML. CASTELAO 
30583;COML. DO CHICO 
47606;SUP. ANDRADE
30616;MERCADO LIDER 
30643;DIST. NOVA OPCAO 
30653;NOSSO MERCADINHO
30658;DISTRIBUIDORA TOP BEER
30665;CASA SANTA RITA
30679;SUP. LEAO
30475;COML. PEREIRA
30506;ESDRES HERNANE DA SILVA
30539;HARRYS BRINQUEDOS
30622;PRIMUS DISTRIBUIDORA 
30628;SUP. MODESTO 
30659;DIST. NEVASCA
31643;THEO PET SHOP
30336;COMPEX
30342;REY LAR SUPERMERCADO (LOJA 02)
30355;DIST.EVANDRO
30422;COML. SUPER BOM 
30440;LÁ VEREDAS DISTRIBUIDORA DE BEBIDAS 
31741;ATACADAO ANAPOLIS
31817;SUP. SIMILAR 
30470;DIST. CASTELO
30532;FARMACIA DAQUI 
30544;MERC. UNIAO 
30549;MERCADINHO OLIVEIRA
30560;JKS TRANSPORTES
31753;SUP. BOM PRECO
30368;COMERCIAL PORTAL DA SERRA
30381;PANIFICADORA ITALIA
30511;COML. MR
30660;BAR GRAMADOS 
30661;J B COMERCIAL 
32351;SUPERMERCADO LEAO 
30462;DIST. DE BEBIDAS E COVENIENCIA FERNANDES
30662;SUP. CANADA
30663;COML. SERTANEJO
30669;SUP.SUPRI MAIS
30672;SUP. GOYAZ
30677;WS REPRESENTAC?ES
31238;AGRO ROCA 
30376;PANIF. O PAO KENTAO 
30398;PLANTAO & SUPERMERCADO COMA BEM
30417;COML. ALVES 
30459;SUPER COSTA
30465;COML. ESPERANCA
32245;AM PM
30386;DIST. DE BEBIDAS BONSUCESSO 
30504;HARRYS BRINQUEDOS
30526;AMÉRICAN SHOP BAR
30533;CASA DE CARNES DO PAULINHO 
31045;BAR DO LUIZ 
30319;DROGATINS 
30382;SACOLAO VIDA SAUDAVEL 
30425;COML. BOM PRECO 
30559;PANIF. E MERCEARIA JH 
30593;MERCADO GELADO 
31667;NOVO SUP. FARIA 
30333;JA PAGUEI
30515;PANIF. TALENTOS
30676;SUP. VELOZO
30680;SUP. LEAO
30681;GOMES BEBIDA GELADA 
30683;COML. XEPA SUPERMERCADO
30371;COML. SANTA FE 
30404;PANIF. MALTA 
30420;SUP. RS 
30442;PANIF. PAO DE OURO 
30446;DUDU FESTAS E EMBALAGENS 
30468;CASA DO CHURRASCO 
31113;MERC. W.R
30439;TRIUNFO SUPERMERCADO
30490;HARRYS BRINQUEDOS
30507;SUP. PRECO BOM 
30530;MERC. E PANIFICADORA SAO LUCAS 
30536;HARRYS BRINQUEDOS
31652;GOMES E ANTUNES 00161246184
30414;CASA DE CARNE DIAS 
30555;COML. LYBERT
30572;TOKA DAS BEBIDAS 
30605;PIAUI DISTRIBUIDORA DE BEBIDAS E MERCEAR
30627;VOL-DAN DISTRIBUIDORA DE BEBIDAS 
31387;SUPER. NEIDE
47428;EMPORIO DOCE MAR
30389;CASA DE CARNE DU PRIMO
30604;EMPORIO DO BEM 
30606;FRUTARIA IDEAL
30664;COML. BOM PRECO 
30666;MERC. BANDEIRA 
30667;BAR IDEAL
31629;SUP. LUIZA
30341;REY LAR SUPERMERCADO (LOJA 01)
30363;COML. AURORA 
30431;SUP. COMPRE BEM 
30458;LOJA ELIANA MOVEIS E ELETRO 
30469;SUPERMERCADO FORTALEZA
32286;AQUARELA LANCHONETE 
30349;COML. BARBOSAO
30351;CASA DE CARNE NELORE 
30405;SUP. 75 
30523;DIST. DE BEBIDAS SAO JORGE 
30529;TOTAL GAS 
30538;HARRYS BRINQUEDOS
31900;PAO MINEIRO 
30432;SUP. PALMEIRA 
30570;BOM PRECO - CONVENIENCIA E LANCHONETE 
30671;QUIOSQUE BAYER 
30674;SO FESTAS
30675;DISTRIBUIDORA X 4 
32335;PRIMO'S COMERCIAL DE BEBIDAS 
30375;NATY DIST.
30416;BOM ALMOCO
30433;SUP. POPULAR DAQUI 
30460;SACOLAO BOM PREÇO 
30542;SUP. JARDIM 
32322;KYOTO JAPONESE
30403;DIST. O. ED'S GELADOS 
30426;SOS BEBIDAS GELADAS 
30493;HGO BRINQUEDOS 
30495;HARRY'S BRINQUEDOS 
30524;COMERCIAL MAMEDES
30548;SANTOS CONSULTORIA
31216;DIST. DE BEBIDAS ALIANCA
30461;MINI BOX TROPICAL
30520;SUP. SUPERNORTE 
30546;ELISA
30588;QUALLITY MERCEARIA
30629;REI DAS BEBIDAS
30631;SUPER MORIA
31952;PEG PAG AQUARIOS
30340;SUP. DELILO 
30373;TRIP TOUR
30399;SUP. MEGA FORTE 
30668;SUP. PAG POUCO
30670;SUP. BOM PRECO
30673;REI DO CALDO 
30356;SUP. FAMILIAR 
30369;COML. PARA TODOS 
30518;MIL GAS 
30528;BAR DA CIDA 
30596;COML. ZERO GRAU 
32404;MERCEARIA R 10 
30346;DIST. DE BEBIDAS LESTE 
30406;COML. PAI E FILHO
30577;MERC. DO LUIZ 
30591;MERCADO SUL GOIANO 
30594;SUPER STAR
31280;FRIGO CARNES
31336;SUP. MANANCIAL 
30394;COML. SILVA 
30395;SUP. DO PRETO 
30400;BAR E MERCEARIA DO DUDU
30410;GOIAS MERCEARIAS & BEBIDAS GELADAS
30610;CHURRASCARIA E LANCHONETE NEVES E SIMOES
30407;AMS BEBIDAS GELADAS E CASA DE CARNES
30438;FREE CARNES 
30571;MINI BOX PHAYOL 
30584;COML. LIDER 
30611;PORTAL DISTRIBUIDORA DE BEBIDAS 
32368;ATELIE MASTER 
30321;SUP. E PANIFICADORA PAULISTA 
30383;COMERCIAL COMPRE MAIS
30424;SUP. BOM PRECO 
30434;IPANEMA ALIMENTOS
30464;COML.  COSTA
32035;PALACIO DO PAO 
32045;COML. NERY
30384;SUP. ESPERANCA
30411;SUP. DA PAZ 
30430;PEG PAG PEGA BEM 
30641;ESTANCIA MM 
31076;SUP. WL
44447;TEM DE TUDO MATERIAIS PARA CONSTRUCAO
30415;COML. SANTA MARIA
30519;DIST. DE BEBIDAS SAO JOAO 
30535;HARRYS BRINQUEDOS
30541;HARRYS BRINQUEDOS
30558;LANCHONETE E PIZZARIA SPYRRU'S 
31080;SUP. LEBLON 
31175;SUP. LEBLON 
30476;SUP. DA FAMILIA
30537;ARAUJO MIX
30540;HARRYS BRINQUEDOS
30607;MERC. BRILHO DO SOL 
31065;SUPERMERCADOS ULTRABONUS 
30352;SUP. ROCHA
30357;SUPERREAL SUPERMERCADO
30427;SUP.DOIS AMIGOS
30451;REGRA 
30463;COML. O PREDILETO
32400;SUP. ELIAS 
32406;COM.COUTO
30437;DIST. DE BEBIDAS SUB ZERO
30453;DIST. ZERO GRAU 
30492;HARRYS BRINQUEDOS
30505;COML. LEMES
30509;CHALANAS GAS E BEBIDAS
31185;SUPER ROLINS 
31198;SUP. DO VOVO
30543;DIST. PONTO DA BEBIDA 
30575;PEG PAG DIA-A-DIA 
30595;MINI-BOX EFRAIM
30613;SHOPPING DAS BEBIDAS 
30621;MERCEARIA RIBEIRO
30636;PORTAL FESTAS 
31604;MERCEARIA PASSE BEM
30317;SUP. APRESSOS
30508;MERC. LISBOA 
30517;SUCO & CIA 
30554;CERRADO SUPERMERCADO 
30557;PRIMUS DISTRIBUIDORA DE BEBIDAS 
31069;AMERICA DIST. DE BEBIDAS E MERC.
31751;EMPORIO DAS FRUTAS E VERDURAS 
30760;DIST. DE BEBIDAS PLANALTO 
30769;DRYNK STAR 
30805;POLPAS E FRIOS DISTRIBUIDORA 
30827;LANCHONETE DA NEDINA 
30828;PRA VOCE SUPERMERCADO
31230;HOSTEMAR DISTRIBUIDORA DE BEBIDAS
31550;REDE BEM ITAGUAI 3 
30689;M & A ALIMENTOS 
30704;EMPORIO CAMARGO 
30900;COPACABANA DIST. DE BEBIDAS
30906;LJ COM. DE PRODUTOS ALIMENTICIOS LTDA
30910;SUP. BAHIA
30913;PANIFICADORA PAO QUENTE
31601;JR SUPERMERCADO
30693;ARMAZEM SANTA LUCIA 
30747;SUPER LIMA SUPERMERCADOS
30849;PANIF. JM
30976;A & L SUPERMERCADO 
30998;SUP. MOTA
31649;MINI MERCADOESMERALDA
31789;KB BOUTIQUE
30727;CODIMENTOS DO CARLOS
30749;LANCHONETE E CHURRASCARIA BOA VISTA 
30865;HOTEL CASTELO
31282;MERCADO E CASA DE CARNE JUNIOR II 
30694;SUP. REAL 
30840;NATURY ALIMENTOS 
30885;CASA DE CARNE
30963;SUPERMERCADO RECANTO DO SOL 
30997;MANA SUPERMERCADOS
31003;MERC. E CASA DE CARNES BOI DE OURO 
31620;SUPER PREMIUM
30741;EMPORIO BOM JESUS 
30817;PAPA LÉGUAS BEBIDA GELADA
30838;SUP. BOMPRECO
30978;COML. VITORIA 
31015;FERREIRA REPRESENTACOES
31602;SUP. TRADICAO 
31861;SUP. REGIONAL 
30686;EMPORIO BM
30707;SM ATACADO E VAREJO
30785;DISTRIBUIDORA CAMARGO
30812;COML. CONFIANCA
30844;CONVENIENCIA BOA VISTA 
32251;SUP. AQUI TEM
30696;CORUJAO BEBIDAS GELADAS 
30738;DIST. PONTO 10
30779;EXTREME INFORMÁTICA
30814;DIM BEBIDA GELADA
30851;DIST. DE BEBIDAS CORDEIRO
31490;MINIBOX COQUEIROS SANTA ISABEL 
30822;ZERO GRAU CONVENIENCIA E MERCEARIA
30858;DIST. LAGOINHA
30868;BAR E MERCEARIA BORGES 
30870;GELA GUELA DIST.
31006;PANF. DOIS CORACOES 
31007;SUP. FARIA 
31367;SUP. DO BAIRRO 
30685;MAIS SUPERMERCADO
30703;SUP. PRESENTE DE DEUS
30774;OSRAM DO BRASIL LAMPADAS ELETRICAS LTDA 
31578;SUP. LEVE MAIS
30758;MERCABOX SUBERANO
30759;D'OLIVEIRA BEBIDAS GELADAS
30859;EMPORIO FRIOS
30962;MERC. ALVES 
31173;COML. AL BRASIL 
32268;SUP. VALE VERDE 
32297;REST. E PIZZARIA KI-FOME
30717;NOVA OPCAO BEBIDAS GELADAS 
30833;RECREIO 4 LANCHONETE E CHURRASCARIA 
30855;SAUDEPURA PRODUTOS NATURAIS
30899;SUP. FEIRAO
30931;SUP. PAGUE MENOS 
31517;UNIVERSITARIA BR MANIA 
30701;SUP. PIONEIRO
30710;DIST. E MERCEARIA GELA GUELA
30935;CHURRASCARIA BELEM BRASILIA 
31009;DIST. DE BEBIDAS ICE BEER 
31014;MINI MERCADO CAPELINHA
32353;MUNDO ANIMAL 
30737;COML. DO GAUCHO
30751;HIPER PACK FESTAS E EMBALAGENS 
30829;IDEAL LIDER
30875;AGROMASTER
30965;CONVENIENCIA NEGREIROS
30982;MERC. VILA BOA 
31999;SUP.SUPER 1000
30778;MERC. EBENEZER 
30896;GRANDAO DIST.
30902;DONNA BELA PANIFICADORA
30964;SUP. SANTA TEREZINHA 
30969;SUP. ECONOMIA 
31159;SUP. RAIO DE SOL(VL. MUTIRAO II)
30700;SUP. DO CIDO
30809;COML. YPE 
30980;SUPER PRIME 
31022;T-15 GRILL
31650;SUP. PORTAL (INHUMAS)
30729;CENTRAL BEBIDA GELADA
30804;GOMES SUPERMERCADO
30989;AGROPET
31017;NUTRI RACAS 
31031;MERCADINHO BEZERRA 
30684;SUP. VICTORIA
30811;SUP. MARQUES 
30830;ADEGA LL 
30949;CASA DE CARNE MARCONI 
30987;COML. FREITAS 
31958;SUP. GOIAS 
32002;POSTO CERRADO
30702;COML. NUNES 
30787;MERCADINHO PLANALTO
30881;MISTER BOX 
30943;SUP. SAO JOSE 
30947;CHURRASCARIA E LANCHONETE LACADOR 
31276;SUP. REIS (11-SAO JOAO)
31330;IMPERATRIZ PAES
31341;ACADEMIA JURASSIC GYM
30721;SUP. ITAVILLY 
30752;PEROLA COMPRE FACIL (CENTRO)
30874;LOPES GAS
30995;LEOLINA
31005;EMPORIO PRIME
14794;SUP. ALVES
31683;REDE DE FESTA
30790;EMPORIO AQUI TEM BEBIDAS GELADA
30905;CASA DA LAVOURA
30952;SUP. LUA NOVA
31004;MERCADO FARIA
32607;COML. IRMAOS SOUSA 
30733;SUP. DIA A DIA 
30850;MERCADINHO SOUSA
31020;SUPER BUENO
31038;EMPORIO E DISTRIBUIDORA DE BEBIDAS DA PR
31043;ZERO HORA 
31288;UNIVERSO FITNESS ACADEMIA
31289;MINIMERCADO NOVO SAYAO
30708;COML. ABREU
30783;MERC. PAGUE MENOS 
30795;MINI BOX NELSON 
30873;DIST. DE BEBIDAS RANCHO FUNDO
31010;TERRA MADRE ORGANICOS E SAUDAVEIS 
31239;RACAO E AVES TAVARES 
31771;SUP. WR
30723;CASA DE CARNE BARBOSA FREITAS
30841;VIDA NOVA 
30842;NAIRA CAROLINA SIQUEIRA DE LIMA
30889;TALLYSSON MAGNO DOS SANTOS GALHARDO
31695;AVICULA CURIO
30766;SUP. PONTO TATICO 
30834;DIST. ALTO GRAU
30863;ATLANTICO BEBIDAS
30904;SUPER BOX JM
30929;JUNIN PET SHOP 
31744;O REI DA ECONOMIA (PERPETUO)
31830;VMP SUPERMERCADO
30722;MINI MERCADO RECANTO
30771;SUP. ALVES
30813;SUP. TIRADENTES 
31668;B MAIS HIPERMERCADO
30815;SUP. DANIELLY
31000;SUP. BOM JESUS 
31016;SUP. PAULISTA
31023;SUP.ARROBA
31032;PESK PAGUE ESTANCIA REZENDE
31146;SUP. TRES ESTRELAS 
30734;SUP. SENA 
30742;SUP. BARATAO
30803;ATACADAO DAS BEBIDAS E MERC.DOIS IRMAOS 
30869;MERC. CAVALCANTE
30898;SUP. BETEL
31494;SUP.AMAZONAS
31495;FRIOS CAVALCANTE E REZENDE
30740;GELAO FRIOS
30753;CARLIM DISTRIBUIDORA DE BEBIDAS 
30802;AMIGO ANIMAL
30897;SM COMERCIO ALIMENTOS
30901;SUP.TEND TUDO
30917;MEGA MODA HOTEL 
30746;JULIAO SUPERMERCADO
30793;EMPORIO MARALLE
30846;SUP. SAO LUIZ
30853;SUP. KELLYDA 
31201;SUP.LAR FELIZ
32008;MERC. E PANIFICADORA RIO VERMELHO 
30715;CARVALHO.COM 
30780;DIST. GELA RÁPIDO 
30801;S L SUPERMERCADO
30820;SUPER MIL SUPERMERCADOS 
30955;SUP. CRISTO REI 
30806;W C MOTO PECAS
30808;MERC. RECANTO 
30937;HOTEL GIRASSOL PLAZA 
30940;SUP. BELA VISTA 
30945;SUP. LEAO 
30960;GOYACO 
31666;ALL PETS 
30719;VERDE SHOP FARMACIA DE MANIPULACAO
30792;CASA DO PADEIRO
30852;PERTUTTI PANIF.
30871;DIST. DE BEBIDAS E MERC. DO GAUCHO 
30936;SUP. DANTAS
30950;SUP. MADUREIRA 
31268;MUNDO ANIMAL
30922;SUP. BARATAO PREMIUM
30951;RURAL SHOPPING
30953;SUP. TEIXEIRA 
31008;SUPER SHOP
31018;D.J. MERCADINHO 
31029;SUP. PRIMAVERA
31484;COML. SOUSA
30770;SUPER MAIS 
30835;TUIUIU BEBIDAS 
30836;SUL BEBIDAS
30880;MISTER BOX
30983;SUP. MARTINS 
31845;SUP. ARAGUAIA
30695;DIST. SILVA 
30697;POPULAR BEBIDAS GELADAS 
30816;LANCHONETE POPULAR II 
30894;SUP. ALVORADA
30923;NOVO IDEAL SUPERMERCADO 
31123;PANIF. PAO DE ACUCAR 
31124;MERC. PRADO
30712;CHURRASCARIA LANCHONETE  SUCUPIRA
30748;COML. CAMPOS 
30892;SUPER NOSSO SUP.
30893;CONVENIENCIA LIMA
30920;FEPV COMERCIO E SERVICOS ESPECIALIZADOS 
30932;FRANCISCO DE OLIVEIRA DE SOUSA 
31110;EMPORIO GOIANO
30773;SANDUICHERIA E PIZZARIA TOSHIBA 
30883;SUP. CASTELO FORTE
30926;SUP. JM 
30927;PEG PAG BOUGAINVILLE 
30946;MERCADO MARANATA 
30781;MERC. E DISTRIBUIDORA TRIANGULO 
30794;MINIMERCADO E PANIFICADORA CAFE COM PAO
30887;SUP. BOA VISTA
30954;MERCOFRIO POLICARPO 
30956;SUPER MERCADO
31672;MERC. PONTO DA ECONOMIA 
30765;MERC. GABRIEL 
30782;DIST. 24 HORAS 
30807;CESAR SUPERMERCADO 
30924;PADOCA DO DALLE 
30968;SUP. DOIS IRMAOS 
30756;SUP. CENTRO NORTE 
30872;NOSSO SUPERMERCADO
30914;SUP. CAETANO 
30959;MERC. AGRO-SITIO 
31036;SUP. POR DO SOL 
31546;PRIMAX 
30705;SUP. AVENIDA 
30754;FICA FRIO DISTRIBUIDORA DE GELO 
30857;MINI - MERCADO IRMAOS
30891;PAPELARIA TRIBUTARIA
30970;PIZZA HUT
32034;AGRO'TOCA RACOES 
30743;MERCADO COMPRE MAIS
30744;DROGA RAPIDA
30796;DIST. SOUZA 
30799;MAGRELAS BAR E LANCHONETE 
30999;CANTO DO ACAI 
31561;DURACELL COML. E IMPORTADORA DO BRASIL L
30709;SUP. BOM PRECO
30845;DISK SERVE
30861;NOSSO SUPERMERCADO 
30918;SUP. DIA A DIA
30928;DIST. ARAGUAIA SHOPPING DAS BEBI
31209;MERCEARIA SOUSA
31799;FARMAVIDA - FARMACIA DO TRABALHADOR
30690;SUP. MINI BOX BRASIL
30860;SUPER AMIGO 
30925;J.S. DISTRIBUIDORA 
30984;ATENDE BEM SUPERMERCADO 
31019;COML. DO PAULAO
31021;PANIF. PHILADELPHIA
32608;SUP. OLIVEIRA 
30692;PIZZARIA E SANDUICHERIA NITHAEL A VITORI
30767;SUP. SAO RAFAEL
30854;DIST. DE BEBIDAS MONTES CRISTO
30972;AGROGOIAS 
30975;LUCAS SUPERMERCADOS (ST. PAUSANES)
32012;SUP. E CASA DE CARNE TELES 
32047;COML. STORE 
30786;DINAMITE SUPERMERCADOS (SOLAR ATAIDES)
30821;ATACADO GEMEOS 
30856;DIST. DE BEBIDAS 30 HORAS 
30864;SUP. JK
31637;EMPORIO CLASSE A 
30699;DIST. SUB ZERO 
30736;DEYNER BAR
30791;EMPÓRIO GOIANIA 2
30941;CAOGATO 
30944;SUP. CENTRAL
31880;SUP. PRECO BOM
30768;SACOLAO COMPRE BEM 
30788;SEP. SERVE BEM 
30819;LANCHONETE E MINI BOX ITAGUARU 
30867;SUPER ZERO GRAU 
30974;SACOLAO DA ABADIA 
30985;SUP. COMPRE BEM
31618;DIST. DELA
30862;COML. BORGES
30957;AMIGO PET SHOP
30996;STA - DISTRIBUIDORA DE ALIMENTOS LTDA
31001;DOCE E FESTA 
31002;BAR MARTINS
31024;TERRA MADRE- ORGANICOS E SAUDAVEIS
31786;RAFA DISTRIBUIDORA
30688;BAR & MERCEARIA GARCIA
30825;BEBIDA GELADA ROKAFÉ
30907;SUP.  E PANIFICADORA SUPER CEU
30921;MERCADO 4 IRMAOS
30930;BARBOSA DISTRIBUIDORA DE CERVEJA
30988;CONFIANCA SUPERMERCADO 
31183;MERCEARIA SANTA CRUZ 
31813;OPPA PRATICO
30691;HIPER CARNES 
30876;ICE DRINK DISTRIBUIDORA DE BEBIDAS
30933;COML. DIAS
30967;SMART BOX 
30971;SUP. CONSUMO
30979;COML. MESQUITA 
31942;BICHOLATE PET SHOP BANHO E TOSA
30725;SUPER SATIS
30837;APARECIDO AUGUSTO RODRIGUES 30301696187 
30847;AVENIDA SUP.
31702;SUP. + OFERTA 
30938;MERCADINHO TUDO + 
30958;COML. PARA TODOS 
31028;MERC. SAO FRANCISCO
31030;SUP. IMPERIO 
31035;SUP. BOM A BESSA
31917;DOCE CIA
32005;PET SHOP RECANTO DOS BICHOS
30810;DISK CERVEJA MACEDO
30877;VITA FITNESS
30878;MINI BOX ECONOMICO
31127;THERMAS BOULEVARD SUITE HOTEL
30716;DIST. POINT DAS BEBIDAS 
30800;DIST. DE BEBIDAS BOLICHES
30912;SACOLA CHEIA
31606;SUP. REVELACAO
30713;MERCEARIA XAVANTINA
30724;MERCEGÁS ORIZONA
30981;PALADAR - RESTAURANTE E CHURRASCARIA 
30992;MASTER MEL SORVETERIA 
31013;SUPER BETAO(JD.DAS ROSAS)
31711;MERC. MINEIRA 
31748;DEPOSITO SAO MARCOS
30687;MERCADINHO DO NIVAM
30718;NOSSO SUPERMERCADO
30726;COML. RJ
30761;COML. J F
30772;COML. IRMAOS SOUSA 
32240;MERCADINHO RODRIGUES 
30745;PANIF. WM & CIA 
30789;SUP. PREMIUN
30879;MIX LANCHES
30977;CASA DE CARNE SOUZA 
30991;BAR E DISTRIBUIDORA SOUZA 
30994;MINIMERCADO LIMA 
31234;SUP. SOARES
30762;ENGF 
51018;R E L DISTRIBUIDORA
51019;SUPER FAVORITO
30818;CASA FORTE SUPERMERCADO 
30890;PEG PAG SINEZIO
30986;DISK BEBIDAS MAUA 
30990;AGROFERRAGISTA PIRES 
31082;SUP. SOARES 
30706;COML. ALVORADA 
30784;MERCADO BRASILIA
30831;SUP. POPULAR 
30882;SUPER MORAES
30884;SUP. ESQUINAO
31350;CASA DA RACAO
31586;SUP.SAO JOAO
31810;LUCAS SUPERMERCADOS
30763;SUPER BARAO
30839;BAR E LANCHONETE RODOVIARIA 
30843;HARIBO 
30919;MERCADINHO E ADEGA BEKA
30934;SUPER BOX AVENIDA 
30948;HIPER NORTE
31472;MINI BOX PIMENTEL
30711;SUP. BRUNO
30728;SUP. FONSECA
30826;SUP. E SACOLAO SAO LUIZ
31033;EMPORIO DO PARQUE ERINELI ME
31273;RENDE MAIS SUPERMERCADO
32128;DIST. E MERCEARIA ITAICI 
46961;MERCADINHO IVALDO
30720;MINI MERCADO ESMERALDA 
30848;MERCADINHO E LANCHONETE DA DONA CICERA
30942;PANIF. PEDROSO 
30993;JOSIELLY SANTOS ALMEIDA 02512689182 
31095;MERCADINHO DO BILOCA
31296;MERCADO NOVA OPCAO
31134;MERCADINHO SOUSA 
31297;KIKOS DISTRIBUIDORA DE BEBIDAS
31192;SUPERMERCADO PIA 
31068;DIST. DE BEBIDAS T-9 
32029;CASA NATURAL E LIVRARIA EVANGELICA REDIL
31519;QUARTETTO SUPERMERCADOS (ST. OESTE 1)
44740;COML. DANGO
31647;MERC. DUAS IRMAS
31698;EMPORIO NOVA VILA
31812;REDE LUCAS (DONA MAROLINA)
32057;CONVENIENCIA E MINI BOX LUCAS  
31119;NOBRE SUPERMERCADO 
31199;CENTERLAR
31785;FRUTARIA E MERCEARIA PEREIRA
32022;K L C DISTRIBUICAO 
32207;COMERCIAL LAGARES
31063;MERCEARIA BARBOSA
31858;CONVENIENCIA NVM LTDA
31306;SILVA COMERCIO E TRANSPORTE
31452;SUP. MASTER 
31265;PEG PAG ECONOMIA
31735;TRADICAO FRIOS
31757;COML. RIBEIRO
31769;PANIF. SANTA GERTRUDES
31909;SUP. ECONOMIA 
31212;FRANCISCO CASA DE PAES 
31223;PET SHOP INOVACAO 
31225;SUP. FERNANDES
31226;DU BICHO PET SHOP 
32149;MERCEARIA CANHETE
31227;AMIGOS PET
31279;SUP. E CASA DE CARNES CALIFORNIA
31286;SUP. BENEDITO II
31373;PEG PAG LIMA
31685;MERC. E LANCHONETE 301
31497;NATURALE 
31784;SUP. BOA PRACA 
31970;SUPER BOX E CASA DE CARNES ALVORADA 
31205;SUP. NASCIMENTO
31626;VIDA SAUDAVEL PRODUTOS NATURAIS
31342;MINIMERCADO SERRANOS
31052;MERCADINHO BOA COMPRA
31545;COML. BEM ESTAR
31833;SUP. SR
31334;MEU AMIGO PET
31677;MERCADINHO E CASA DE CARNE NAZARE
31544;CHOPPANA CONVENIENCIA
31708;SUPER PROGRESSO 
31907;EMPORIO E CASA DE CARNES RONALDO Q
31248;BEBIDAS QUEIROZ
31539;ARKA SUPERMERCADO
31540;CLUBE DO ESPETINHO
31665;AGROWER PET SHOP
31394;COML. RIO CLARO
31044;PEG PAG DA PRACA 
31050;MEGA ATACADAO ITUMBIARA 
31186;AGRO-TUDO FERRAGISTA E MATERIAIS PARA CO
31228;CASA DE RAÇÃO PLUTO
31558;CASA DOS ANIMAIS 
31506;SUP. GOIANAO (UIRAPURU)
31508;SUP. PARATI
32627;BENVENUTTI BONNA MASSAS
31703;SUPER BOX
31773;AGUIA DIST.
31272;MERCADO DO GERALDO
31499;WALDO COMERCIAL
32053;MERC. ALVES
32150;RM DISTRIBUIDORA DE BEBIDAS 
31105;DIST. DE BEBIDAS NO GRAU 
31331;EMPORIO TRIZ
31765;EMPORIO OTAVIO BURJACK 
31648;PEG PAG SANTANA
31976;BAR DO MARCAO 
37720;SACOLAO E ACOUGUE QUILO A QUILO 
31343;TABOCAO DISTRIBUICAO VII 
31783;MINI BOX SAO PEDRO
31574;COML. CRISTAL
31710;SUPER SACOLAO
31079;PEG PAG FERREIRA
31086;SUP. SUPER BOM 
31619;HP MOVEIS 
31910;PLAST COPIAS
31676;ARAGUAIA FRIOS 
31745;SUP. JK 
31903;SUP. SANTA BARBARA 
32001;EDIVAN DIST. DE BEBIDAS
31563;HELOU VET
31770;MERC. BORGES
42750;COML. SANTOS 
31447;ATACAREJO BAHIA
31531;DISTRIBUIDORA E MERCEARIA AMERICA
31658;SR MERC.
31691;KARYSMA FOODS
31805;MM FRIOS E EMBALAGENS
32006;EMPORIO - PAPELARIA E PRESENTES 
32044;T J PRESENTES 
37742;SUP. LAS VEGAS 
31143;ARENA MUSIC
31671;SUP. VILELA
31869;COML. MOURA
31462;CASA DE CARNE E COMPANHIA 
31181;MUNDO PET 
31521;CASA DO CHOCOLATES DOCES, FESTAS E FANT
31565;COML. SUPER ALPHA
31639;COQUEIROS BEBIDAS
31705;MERC. MORGANA
31138;SUP. LEAO
31559;CANIL BLESSED 
31827;SUPER 10 SUPERMERCADO 
32040;SUP. JK
31094;SUP. RODRIGUES
31244;TESTE
31358;SUPER BESSA
31229;CASA DE RAÇÃO JAPONES
31979;PREMIUM DISTRIBUIDORA
49117;GAUCHAO SUPERMERCADO
31292;SUP. AZULAO
31891;SUP. SANTOS
32050;MERC. JARDIM GOIAS 
31522;SUP. SAO MATEUS
31523;COML. RIACHUELO
31588;SUP. SERVE MAIS
31591;SUPER JERUSALEM
31644;SUP. VALE
32668;SUPER TRIUNFO
31333;MERCADO OURO VERDE 
32051;IMPERIO DOS PAES
32074;SUP. BRASIL 
32085;CASA DE CARNES E SUPERMERCADO JK
32121;SUP. ARAGUAIA 
31165;SUP. DA FAMILIA 
31375;MERC. E PANIF. DO PONTO
31627;MERC. MIQUELIN ZERO GRAU
31906;SUP. NOVA OPCAO 
31792;MERCEARIA  BARREIRINHO
31899;SUP. PONTO FINAL 
31090;DIST. SAO JOSE
32681;SIQUEIRA 
32764;MINE MERCADO CRISTALINA
31440;BETINS BAR
32478;DIEGAO SUPERMERCADO 
31581;MERCADO PAULISTA 
32360;ATACAREJO JD
32380;REQUINTE DA CARNE 
46772;DONA MARIA DIST. E MATERIAIS DE CONST.
31377;SUPER PEREIRINHA
31514;GRILL RESTAURANTE
32440;SUPERMINE 
31145;SUP. DGN
31300;SUP. PAULISTA
47607;HETHANOL EMPORIO E DISTR. DE BEBIDAS
32376;RM VARIEDADES 
32383;LUAMIX DISTRIBUIDORA 
32557;CASA DE CARNE BRASIL 
31645;CONVENIENCIA VITORIA 
32801;LUCAS SANTOS MELO 
32813;PAES SAN GENARO 
32579;DISTRIBUIDORA ZERO GRAU 1 
31625;POSTO INDAIA 
31636;CAOMIA PETSHOP
31948;ODAIA VARIEDADES
32814;AUTO POSTO MACHADO 
32815;SAIDA SUL 
31680;MERCADINHO GUIMARAES 
31049;EMPORIO AMAZONIA 
31107;SUP. ELSHADAY 
31245;NUTRIGOM PET SHOP
44794;IMPERIO MIX ATACAREIJO
31612;MERCEARIA WS
31840;CASA DAS RACOES NOVA VIDA 
32816;BEBIDAS V-05 
32846;SUPERMERCADO BOM TEMPO 
32413;GALEAO RESTAURANTE
32457;COWBOY WESTERN 
31255;MERC. GALV?O
31266;MERC. DO MELCHIOR
31823;SUPERMERCADO DO CARLAO
31962;RANCHO VILELAO 
31594;EMPORIO FLAMBOYANT
32843;ALTAS HORAS EMPORIO MIX
32845;VITTA PANE CONF. PANIF. E LANCHONE
31481;SUP. GUEROBINHA 
32407;SUP. MONTIVIDIU
32532;ATALAIA SUPERMERCADO 
31406;COMERCIAL LOPES 
31945;GM DISTRIBUICAO 
31348;COML. ARMAZEM 
31554;RECREIO DOS ANIMAIS
31115;SUP. DIA A DIA 
31692;SUP. PAULINO II 
32580;SUP. BRASIL I 
32016;SUP. CARDOSO
47608;SUPER PARAISO
32770;SUP. SAO JOAO
32839;FERNANDO TAVARES DA SILVA 89213335172 
32840;CASA ARAXA CARNES E BEBIDAS 
31253;TESTE CLIENRE
31405;PATRIK MENDES
31112;TESTE2
31281;MERCADO E CASA DE CARNE JUNIOR I 
31318;ESPECIAL PETSHOP
31632;HOTEL BELA VISTA
31951;PAULO DISTRIBUIDORA
31235;PET SHOP AGRO LIFE
31236;AGRO PET 
31404;CASA DE CARNE RIBEIRO
31538;MERCABOX GOIAS 
32052;COML. MABI 
32396;STIKIPUXA FESTAS 
32463;E.P PAES LANCHONETE E RESTAURANTE 
32817;CASA DE CARNES UNIAO 
32819;FORTE SECOS E MOLHADOS
32847;CASA DE CARNE BOI E CIA 
31585;SUP. NOSSA SENHORA APARECIDA
31651;WD CONVENIENCIA
31684;REDE DE FESTA(JD.NOVO MUNDO)
31154;TESTE MAXIMA
31182;REDE BEM HORTIFRUTI 
31856;MERC. F.E 
32636;COML. LEVE MAIS 
32237;SUP. RODRIGUES 
32841;SUPEREMERCADO CASTRO 
32842;IBIA DISTRIBUICAO 
31628;COML. MINI PRECO 
31631;PEG PAG ARAUJO
31313;COML.  SILVEIRA
31450;COML. DO PANDA
31451;SUP. MINEIRINHO
31516;PET MANIA RACOES 
31529;MERCADO SANTA FILOMENA 
32027;GTEX BRASIL INDUSTRIA E COMERCIO S.A.
32148;MERC. XAVIER 
31732;COML. RIBEIRO
31295;TOCANTINS ATACADO 
32290;PEG PAG INDEPENDENCIA 
32315;SUPERMERCADO UNIAO SUL 
32507;ATACADAO DAS RACOES PET SHOP 
32442;MERCADO E ACOUGUE MARIANO 
32570;MERCABOX CARVALHO 
32593;MERCADO AVENIDA 508 NORTE 
31347;EMPORIO MARGARIDA 
31437;MERCADINHO PRATIKO JUNIOR
31767;SUP. GOIAS
32327;SUPERBERLIM 
32386;MERCADO ZEZAO 
32633;NOSSO ARMAZEM
31589;HIPER CASARAO
31975;MERCEARIA ECONOMICA
32046;COMPRE BEM
32490;MERC. BRASIL
32348;CRISTAL COMERCIO 
32416;SUP. IDEAL 
32566;LANCHONETE DO VOVO 
31994;SUPER BARAO CASTELO
32252;CENTRO OESTE PISCINAS 
32498;SUP. COMPRE BEM 
31930;MINI BOX POSITIVO
31963;COML. LIDER
32601;SUP. FORTALEZA 
31849;MUNDO ANIMAL 
47599;MERC.CABELINHO
47601;PITOMBEIRA SECOS E MOLHADOS EM GERAL
31570;SUP. CENTRAL 
32373;SUP. RIO VERMELHO 
32055;BURITI RACOES 
31781;DIST. DE BEBIDAS SANTA LUZIA 
32024;SUP.  BOM VIZINHO
32562;SACOLAO CENTRAL 
31144;SUP. REAL
31147;CASA DO PADEIRO 
31839;FERRAGISTA E PET SHOP TCHUTCHUCAO
32634;SUPERLIME 
32635;DISTRIB. COPACABANA 
32370;RONILDO IMPORTADOS 
17653;SUP. AEROPORTO 
31584;SUP. RAPIDAO 
31664;SUP. BARATAO
31697;VERDURAO R-11
31826;MERC DO HELY
31898;PEG PAG DO ZEZE
31548;MERCADINHO VITORIA 
31157;CHURRASCARIA PRESIDENTE 
31646;DIST. ALTAS HORAS 
31687;EMBALAGENS E DOCES MARANATA 
32538;PANIFICADORA A&Z
31722;REVITALLY 
31954;SUP. VITORIA 
32559;SUP. LEAO 
32328;DIST. E CONVENIENCIA BALNEARIO
31690;MERC. BIANCA 
31534;SUP. MAIS UNIAO
31555;SUP. BENCAO DE DEUS 
47298;SHOPPING DA LIMPEZA & EMBALAGENS
47299;EMPORIO REIS
31787;COML. SANTA LUZIA
31599;PEG PAG PEGA BEM 
32003;COML. RAFAELA
31093;BUIU DISTRIBUIDORA
31099;JOAO FERNANDO RIMOLDI
31100;REQUINTES FRIOS 
31109;DUDU SUPERMERCADO
31513;BRADESCO SEGUROS
31640;PADARIA GRAN VILLE
31947;ATACADO TODO DIA
32048;COML. ICE BEER 
47610;TEND TUDO IMPORTADOS
31121;ATACADAO DISTRIBUIDORA DE BEBIDAS
31130;CLUBE PRIVE
31190;MERCADO TEM DE TUDO
31240;PEG PAG E DISTRIBUIDORA DE BEBIDAS BOZO
31243;JL AVICULTURA E PET SHOP 
31129;HOTEL RIVIERA
31151;PEG PAG AQUARELA
31169;ARMAZEM NOSSA SENHORA APARECIDA
31187;TESTE
31197;SUP. ALIANCA 
32596;SUP. REIS
31541;SUP. PRATIKO (BOA VISTA)
44298;DUARTE GAS E MERCEARIA
47622;SUP. LEROY
31259;TOP DRINKS 
31260;CASA DA RACAO
31275;CASA DE CARNE AVENIDA
31379;GLOBALBEV 
31573;SUP.UNIAO
31512;ATACADAO DOS PRECOS BAIXOS 
31828;MERCEARIA E BEBIDAO ZERO GRAU 
31941;COMERCIAL UNIVERSITÁRIO
32475;O REI DA ECONOMIA SUP. (VILA PAI ETERNO)
31593;MEGA FRIOS 
31567;COML. BIG 
31219;SPACE MINIMERCADO 
31294;COML. BOM PRECO 
28573;MERCADO CARVALHO 
31443;CASA DE CARNE GUAPORE
47634;EMPORIO DA HORTA
31078;SERVE BEM SUPERMERCADO 
31473;SUP. TRIANGULO
32285;SUP. MACHADAO (COIMBRA)
32577;BELLA MILAO
32630;LANCHES E CONVENIENCIA JAMEL
51247;MARKET SANTA HELENA
47611;COSTELARIA ROCHA
31566;SPACO NATURAL
32291;FONTE DE VIDA SUPERMERCADO
32311;SUP. CHAPADAO
32334;BEBIDAS COUTINHO 
32582;COML. MINI PRECO 
32309;SUP. SEMPRE LIDER LTDA 
32362;ADEGA LL 
32366;CAMPO & NEGOCIOS 
31503;FARMACIA DO POVO 
31520;COML. LEBLON
31655;GW DIST. DE BEBIDAS 
31902;PARADA 247 DIST. E BAR 
32264;COML. WG
32446;GOIANIA MAGANIZE
47618;PALMITO IMPERADOR
31535;SUP. JABUTI
31608;PEG PAG BOM PRECO
32388;MERCEARIA SAO JOSE 
32435;COMERCIAL SERVE LAR 
31731;SUPER CARDOSO
32470;SUP. DANTAS 
32472;PONTO BEER 
45190;SUP. SOUSA
45976;TOP PRIMU'S
45977;MERCADO BIG BOX 
31653;SUP. ROCHA 
31707;L M DIST. DE BEBIDAS 
47702;THE BAST PINTURAS
32021;REI DOS FAROIS 
31660;SUP. CONSUMO 
31838;HIPERMERCADO BARAO
31842;SUP. WV
31998;LANCHONETE LIMA
47667;MEGA ATACAREJO
31749;ASSIS BEBIDAS 
47689;EMPORIO C4
32229;SUP. IRECE 
46280;RENATA MERCEARIA
31739;SUP. QUERO MAIS
31926;SUP. CENTRAL 
46367;COML.DEUS DARA
31600;MERC. MACHADO
47699;AGROP. CAMPO VERDE
45806;K EXPRESS CONVENIENCIA
31583;SUP. PARANA
32139;PAPA DOGS
46815;PARAISO DOS DOCES ITUMBIARA
47712;MINI MERCADO FERRAGISTA CERQUEIRA
31642;COML. SAO JOAO
31949;MERCADINHO E ACOUGUE ALENCAR
31502;DINAMITE SUPERMERCADO (ATACAREJO)
31509;ELEGANCIA PET SHOP
32018;COML. RM
31796;SUP. RIO JORDAO
32019;CASA DE CARNE E VERDURAO LIMA 
31611;CELEIRO VIDA SAUDAVEL
31622;SUPER CHAFARIZ 
31893;SUPER SOL SUP.
31542;BIO MUNDO FLAMBOYANT 
31934;FOKUS DISTRIBUIDORA
31824;SUP. PINGUIM 
31850;MINI SHOPPING TIAO PEIXOTO
32178;SUPER STORE  (FAZENDA SAO JOSE)
32247;MERC. EVANGELISTA 
32256;MERCA FRUTAS 
32503;KSEIROS
31590;CASA DE RACAO NINA
45711;SUPER BOM
31874;AVICULTURA GOIAS
32130;MERCADINHO LAGUNA 
31547;PIT STOP BEBIDAS GELADAS
47697;FRI LEITE DISTRIBUIDORA
32106;BICHOS & CIA 
31855;MINIMERCADO SONHO DOURADO II 
32231;SUP. REAL
32234;PEG & PAG MAGALHAES
31730;EMPORIO VITORIA
32131;M F MERCEARIA 
31537;SUL BEBIDAS ARMAZEM E CONVENIENCIA
31950;EXPRESSO CERRADO
46734;COML. SAO JOSE
47670;CASTELAO DISTRIBUIDORA
47629;SUP. E DISTRIBUIDORA P
31709;CONQUISTA SUPERMERCADO
32233;MERCADINHO SE TU UMA BENCAO 
47660;LIGERIN MINIMERCADO
31661;SUP. CASTROS 
47704;DIST. POLAR
31669;LANCHONETE  DA TIA
47675;CATALAO SHOPPING 
47691;COML. LACERDA
31829;SUPERMERCADO ALVORADA
47619;MINI BOX MM
46610;ART MASSAS BEBIDAS
47709;BOM PRECO SUPERMERCADO
47710;ATAKAREJO 2 IRMAOS
46176;POTENCIA
43715;MERCADO CENTRAL
32123;MERC. CASTRO 
32174;SUP. LEMOS
32439;AGROSOUSA 
32476;CASA DE CARNE BOM BOI 
31706;SUP. BEM BARATO
46163;TESTE MAXIMA
31775;MAZINHO DISTRIBUIDORA DE BEBIDAS
32198;SUPERMERCADO SANTANA 
32206;CASA DO CAMPO
32232;REIS SUP. & TRANSPORTES 
31916;COML. HERMOSA 
31995;SUP. BOM PRECO 
32485;PORTO REAL ATACADO E VAREJO 
32515;PET SHOP VITORIA 
32516;PEG PAG CASA DE CARNE IPANEMA 
31754;BRUNO GAS E BEBIDAS
32032;SUP.AGUA PURA
32244;SUP. SANTA RITA 
31959;AGUAMANIA DISTRIBUIDORA
44947;POTENCIA SUPERMERCADO
45962;MERCADAO DA ECONOMIA (PIO GOMES-CATALAO)
31688;FATURAO SUP.
32419;CONVENIENCIA C1 
32513;MERCADO BOM PRECO
47651;MERCEARIA SOARES
31820;PEG PAG BARROS
32017;COML. IMPERIO 
32514;KF RACOES 
31797;EMPORIO ADORE NATURE
47637;ROMA REPRESENTACOES
31854;SUP.ALVES
31896;MEGA SUPERMERCADO (ALTO CERRADO)
31532;1 OPCAO DIST. DE BEBIDAS & CONVE
31704;SUP. VARGAS
31719;MAXFREE EMBALAGENS E EQUIPAMENTOS 
31728;COML. TOPAZIO 
31811;SUP. PRECO BAIXO
32316;GSEC DISTRIBUIDORA
32317;ENERGIA ALIMENTOS 
32456;MERC. COSTA 
32397;PEG PAG LIDER 
32037;SUP. DO PAPAI 
32331;ELETRICA E HIDRAULICA ESPIRITO SANTO 2
31657;MERC. DO BAIANINHO
31670;HOTEL E PANQUECARIA KI-DELICIA
31915;COML. DAVI 
32007;SACOLAO SANTA RITA
45722;SUP. VIDA
31750;CEBOLAO EMPORIO
31871;MERC. J.R 
47616;TOP BEER DISTR. DE BEBIDAS E MERCEARIA
32462;ACOUGUE SO ULTILIDADES
32466;BEBIDAO LA 
32522;MERC. PAG PEG BOM PRECO
31500;MEU XODO PET SHOP 
32033;ATACADAO GRAMADO 
32269;MERC. PONTO CERTO
32379;KA & KA UTILIDADES 
31656;MERCADAO TEND TUDO
31675;MINI BOX SAO FRANCISCO
32280;MERCABOX 2 IRMAOS
32372;SUP. DA MAMAE 
31610;GUSTAVO SUPERMERCADO
44360;CASA DE CARNES BRAZ
31556;IMPACTOS
31638;COML. PARANBU
47644;BEBIDAS GELADAS FERNANDES
31831;ARMAZZEM 
32013;EMPORIO BOM PRECO
32015;ATACAREJO DA BEBIDAS 
32049;SUP. MAX 
47458;SUP. KUSTER
31864;SUPER LEO SUPERMERCADO
31659;MERCADO ALTO DA BOA VISTA 
32390;MUNDO ANIMAL 
31575;RESTAURANTE E ACOUGUE JL 
32246;LUCIA FESTA 
32296;SUP. BELA VISTA 
31528;SUP. BOM PRECO
31557;MERC. MARTINS
46078;BIG RAFFAS SUPERMERCADOS
32584;MERC. DUDININHO 
31908;SUP.E DISTRIBUIDORA DE BEBIDAS FAMILIA
31919;FAVORITA RACOES E FERRAGENS
32036;ATACADAO DUDA 
32763;DISTRIBUIDORA ZERO GRAU 
32765;COMERCIAL KI-PRECO 
42804;SORVETERIA DOCE MEL
31136;COML. MORETTI
31161;PAULAO BEBIDAS 
31172;LANCHONETE E CONVENIENCIA RODOVIARIA 
32594;BEBIDAO E ACOUGUE CUNHA 
47631;SHOPPING DA RACAO
31877;LIDER SUPERMERCADO 
32025;MARMITA DA FATIMA 
32042;EMPORIUM MERCEARIA
32043;EXPRESS BAR 
32332;CASA DE CARNES CANAA 
32766;SUPERMERCADO SOL 
32767;LAMBARI DISTRIBUIDORA DE BEBIDAS E GAS 
32768;CASA DE CARNES PANIFICADORA E DISTRIBUID
31290;KNECAO COMERCIAL DE BEBIDAS
31302;MERCADINHO 3 IRMAOS
31338;MERCADO DONA PRETA
31357;SUP. E PANIFICADORA CASA DOS PAE
31364;CASA AGROPECUARIA VILA MARIA
31196;DASDASD
32769;CELSO BEBIDAS
32771;PANIFICADORA DA ROCHA 
32772;MERC. SANTA AMALIA 
32773;MERC. ZE CARIOCA
31383;CASA DE RACAO A.G.D.S 
31480;VIVA BEM PRODUTOS NATURAIS
32426;SUP. ALVORADA
32458;LUCAS LANCHES 
32757;DIST. E MERCEARIA LAGO AZUL II
32774;MERCADINHO BARBOSA 
32907;PEG PAG GOIANO 
32913;BARATIM CARNES
32241;SUPER SACOLAO E CASA DE CARNES JN 
31436;DIST. AGUIA
32253;SACOLAO 2000 
46661;SUP. MAIS VOCE
32778;DISTRIBUIDORA SÓ DIRETORIA 
32779;MERC. ANDRADE
32821;ACOUGUE E BEBIDAO RENNER 
32829;MINI MERCADO FIRMINO 
32524;K. M. DISTRIB. DE BEBIDAS E VAREJISTA
31510;BAMBOLLE DOCES E FESTAS
31736;SUP. VITORIA 
31931;MERC. DO CEARA 
32242;COML. S.R
32283;ARMAZEM
32886;MERC. LIDER
32888;MINE MERCADO SCAM 
42793;MERC. MARAJO
31361;MERCADINHO SANTOS 
31678;ATELIE PET CARE
31686;NORTE RURAL AGRONEGOCIO
32292;CASA DE CARNE E MERCEARIA BELEM
32512;MERC. CAICARA
32822;SUP. CENTRAL 
32915;DONA ROSA PADARIA 
31468;QUARTETO SUP. II 
32318;ASTRAL PET 
32831;PAG MENOS DISTRIBUIDORA 
32832;DISK CERVEJA DO BAIANO 
32833;S.O.S BEBIDAS
32834;DISK CERVEJA ALTAS HORAS 
31505;BEM NATURAL 
31511;REDE DE FESTA(JD.NOVA ERA ACRESCIMO)
31515;CENTRO FORTE
31525;LOJA AGROPECUARIA VITORIA
46424;CLEIA BEZERRA
32889;MERCEARIA JAFEP 
32890;EMPORIO ROUTE 67 
32891;LANCHONETE PAPILLON 
31552;CRISTAL SUPERMERCADOS 
31596;DIST. DE BEBIDAS PRIME
31605;MERC. LAGOS 
31609;BORJAO SUPERMERCADOS
31613;FARTURA DISTRIBUIDORA 
31623;DIST. RIBEIROS
32825;THE DOGFATHER 
32827;JM DISTRIBUIDORA DE BEBIDAS 
32828;DISTRIBUIDORA DE BEBIDAS ZERO GRAU 
31662;CASA DE CARNE SABOR A MAIS
32835;EUDES DELFINO DUARTE 
32836;EMPORIO DO PARQUE 
32837;LA VINICOLLA 
31356;PANIF. ARAUJO
31689;MERC. J N 
31700;COML. MAUA 
31723;MINEIRAO SUP.  
32289;COML. GOIAS 
32600;Z+Z LANCHONETE E CONVIENCIA 
32642;MERCEARIA VA-2
32892;PASTELARIA SUPER GIRO 
32896;OITIS HOTEL LTDA - EPP
32897;COML. SUPER VITORIA
32455;CASA DE CARNE E MERCEARIA SAO JOSE 
32775;RENATO PATEIS DE SOUZA 99070138549 
32776;CASA DE CARNES E MERCEARIA ZE LAMBRETA 
32777;JM PANIFICADORA 
31816;SUP. BREKE
31768;COML. UNIAO 
31851;MERC. NOVA VIDA
31852;PRIMOS DIST. DE BEBIDAS
31860;SUP. SHALOM
31873;DAVEMAR TRANSPORTES LTDA - ME 
31977;CASA DE CARNE COELHO
32473;SUP. VIANA 
32474;VERDURAO L DANTAS 
32480;FARIAS LOJA DE CONVENIENCIA 
32758;SUPERMERCADO ALVES DE BRITO 
32759;SUPERMERCADO GOIANINHO 
32838;VAREJAO DAS BEBIDAS IPAMERI 
32848;MERCEARIA SAO PAULO 
32862;SUP. BARRETO 
32885;SUPERMERCADO MOURA 
31875;PEG - PAG ALVORADA 
31887;POLI FRIOS
31943;AGRO FILHOTES
32735;MERCADINHO CAMPOS 
32760;GILMAR BISPO DA SILVA 81267355115 
32761;MARTENILDES GOMES DE MORAES SANTOS
32830;EMPORIO DE BEBIDAS CANABRAVA 
32902;MERC. ALVES 
32903;COML. IDEAL 
31283;MERCADO EMANUEL 
31287;SUP. ECONOMICO 
31616;HIPER PACK FESTAS E EMBALAGENS
31755;FINO PALADAR BUFFET E CONFEITARIA
31759;SUPERMERCADO FREE CALDAS
31894;SAO LUIS VARIEDADES
32932;JOSE PEDRO RODRIGUES DE ARAUJO
32933;MANOEL PEREIRA DOS SANTOS 37833790320
32934;MERCEARIA DO GILBERTO
32935;GEAN FIRMINO DA SILVA 01290346143 
33027;MERC. DOIS IRMAOS
33028;HELENA BORGES BARBOSA - ME
33029;MANOEL VICENTE ALVES DE CARVALHO
33030;SUP. VILA NOVA
33162;AVENIDA SUPERMERCADO 
33176;POSTO 5 DE AGOSTO 
33179;COML. SILVA
46272;DIST. DE ALIMENTOS ERB
32445;BEBIDAO POR DO SOL 
33031;CASA DE CARNE FRIGOBOI
33032;FRANCISCO DIAS TAVARES 00162374127
33033;MARQUES TIETE 
33034;SUPERMERCADO CENTRAL
33183;SUP. BEIRA RIO (ST. CENTRAL)
33186;SUPERMERCADO PLANALTO
33187;PEG - PAG LJF
33188;COMERCIAL KRWW
33035;SUPERMERCADO E PAPELARIA TOCANTINS
33036;COML. POPULAR
33037;AMERICA SUPERMERCADO
33038;ROZARIO PEREIRA DE FRANCA 19488998172
33139;BEER HOUSE
33189;COMERCIAL SOL NASCENTE
33190;CEREALISTA LIMA
33191;NELDON RIBEIRO DE SOUSA 03422317155
33192;COMERCIAL X
33040;SUPERMERCADO DE ASSIS
33041;MERCEARIA DO ROMILDO
33042;ADILTON PIRES DA SILVA - ME
33043;SUP. PRIMAVERA
45785;HIPERFLEX
33193;COMERCIAL KRW
33282;COMERCIAL TAVARES
33283;PEGUE & PAGUE TAGUATINGA
33284;PANIFICADORA DOCE PAO
32409;EXTRA SUP.
32258;BONNO COMERCIAL
6315;SUP. ITAPUA 
33044;MERCEARIA SANTANA
33045;ED COMERCIO PONTO CERTO.
33046;COMERCIAL MAGUIM
33047;JOACI BATISTA DE CARVALHO 61884928153
46019;MERC. DA LESTE
33194;CEREALISTA E HIPERMERCADO SOARES DE CARV
33195;CASA GONCALVES
33238;MF DISTRIBUICAO E LOGISTICA 
33257;ATACAREJO UNIAO
32192;MARSHMALLOW ATACADO E VAREJO
32211;DANONE LTDA 
32610;MINI BOX 603 
33049;MERCEARIA E ACOUGUE BRASIL
33052;PEG PAG PIPOCA
33054;MARIA DA GUIA DIAS DA SILVA 00997206128
43777;COML. ESQUINAO
33224;BIG BEM
33274;SUP. BOM PRECO
33275;SUPERVITORIA
33276;LUSO CASTRO DE LEMOS - ME
32612;BONOPAO DELICATESSE
32854;SUPERMERCADO CAMARGO 
32855;EMPORIO PETISCOS & CIA 
32856;SUPERMERCADO SOUZA 
32617;SUP. KIJOIA
32900;CAPITAL FITNESS 
32912;COML. FERNANDES 
33056;ALESSANDRA DE PAULA 09538929640
32901;DIST. VASCONCELOS 
33285;SUPERMERCADO ITAMARATY
33288;SUPERMERCADO ECONOMICO
33289;HORTI-FRUTI TAGUATINGA
32261;OLIVEIRA DISTRIBUICAO
32857;FE COMERCIO DE ALIMENTACAO 
32858;MERCEARIA ROMANA 
32864;MERCEARIA ALO BAHIA 
32865;PANIFICADORA SABOR REAL 
46189;FORMAS E FIOS
33057;ALBERTO FERREIRA DOS SANTOS 58853731168
33058;ALBERTO BISPO CARDOSO FILHO 78033802120
33059;PEG PAG DO IRMAO
33060;ROMUALDO MARTINS DA SILVA 09795375334
45684;SUPER TEIXA
32129;COML. RABELLO
33181;MERC.DA TIA CLEO
33286;COMERCIAL CARNE & FRIOS DIAS
33287;SCHWAICKARDT
46222;MINI TUDO.COM
32866;SUP. MARINA 
32867;SUPER SILVA FRIOS 
32868;SUPER MARTA SUPERMERCADO 
32869;SUPERMERCADO AMERICA 
32762;COML. PAIS E FILHOS
33062;PANIFICADORA MERCANORTE
33064;MERC. SANTOS
33111;DORACY FERREIRA DOS SANTOS 76103374120
33277;TAGUA BEBIDAS
33278;COMERCIAL LIDIANE
33279;ALMIRON OLIVEIRA DE SOUZA - ME
33280;COMERCIAL CARVALHO
32870;SHOW DE BOLA PANIFICADORA, LANC. E CONF.
32871;LEGURMERIA
32872;O TOMATAO 
32873;DISTRIBUIDORA E MERCEARIA APARECIDA 
32223;COML. BARATAO
33088;MERCADINHO CANELA
33112;PEG PAG CENTRAL 
33113;SUPERMERCADO. BRASIL
33290;LANCHONETE POSTO TAGUA 
33291;DEPOSITO DE GAS YWS E MERCEARIA
33292;SUPERMERCADO NOSSA CASA
33293;COMERCIAL LG
32874;PANIFICADORA E MERCEARIA TRIGOPAN 
32875;SUP. RIBEIRUS
32876;DIST. DE BEBIDAS TCHU TCHU QUINHA
32877;MARIA DIVINA DA CRUZ CAMARA 28998677172 
32621;MERC. BOM SUCESSO 
33114;SUP. COSTA
33115;ARMAZEM DA TUCA
33117;ARAGUAIA SUPERMERCADO
32266;CML RESENDE 
32281;DIST. IMPERATINS 
32294;MERCADINHO IDEAL
32295;MEGA SUPERMERCADO
33184;PANIFICADORA SABOROSA 
32878;MERC. JP 
32205;SUPERMERCADO MIX 
32879;SUPERMERCADO FAMILIA 
32880;ESQUINAO DAS CARNES 
33118;CASA COLMEIA
33119;EDIVAN VAZ DA SILVA 90676602134
33120;JOSE DONIZETE 30948878134
33121;COML. PONTO CERTO
32301;MATHEUS SUPERMERCADO
32382;MIL MILHAS ATACAREJO 
32414;SUP. CENTRAL 
32415;MINI MERCADO JL 
32780;LUSTOSA BRASIL
32881;FREE CENTER 
32895;COML. JL 
32905;D' BAIRRO SUP.
32909;COMIDA CASEIRA TEMPERO QUENTE 
32228;ATACADAO BEBIDAS 
33091;CHURRASCARIA E REST. RODEIO 
33122;ROSENILDA SANTANA LIMA 01496095154
33123;COMERCIAL DAMASCENA
32417;ATACADAO DAS BEBIDAS E MERCEARIA 2 IRMAO
32482;IMPORTADOS SANTOS 
32555;'V.V.A. SAUDE' 
32564;SUPER ZE(JD.GOIAS)
32568;MINIMERCADO ROCHA 
32918;MERCADINHO E DISTRIBUIDORA SAO JOAO 
32919;SUP. CASARAO
32945;COML. ALVORADA 
32960;SUP. UNIAO 
33132;SUPERMERCADO MOURA
33141;COML. ROCHA 
33147;CAMPEAO SUPERMERCADOS(VL.BORGES)
32588;ECONOMIA SUPERMECADO 
33004;CL MINI BOX CASTELAO
33022;COML. HORTIFRUTI
33023;PANIF. E RESTAURANTE SABOR DE GOIAS
47391;NOVO MIX MINE MERCADO
32922;MERC. MONTEIRO
32923;COML.AURORA
32925;CHURRASCARIA MOURAO
32926;SUPER MARQUES
46835;V. F. DOS SANTOS
32308;MERCADO ALVES
43120;SUP. RIVAS
47612;CAMILA SOUSA
32898;DIPAN DISTRIBUICAO 
33024;MERC. TAVARES
33025;CASA SANTANA
33026;SUP. DO LAR
32927;COMERCIAL BEIRA RIO
32928;TRANSPORTADORA TODA HORA
32929;GERALDINO FERREIRA DA COSTA 18057101172
32930;CASA DE CARNE FANTASTICO
32214;DISTRIBUIDORA FORTALEZA 
46296;COML. AMANDA
47728;MERCEARIA CRISTAL
32226;EMPORIO DULAR 
47703;ECONOMIA LAS VEGAS
32225;BEBIDAS GRASSI DO BRASIL LTDA - EPP 
45672;LED SUPERMERCADO
32114;BARATAO
32116;MERC. E CASA DE CARNE DAVID 
46976;SUPER LEAO
47639;EMPORIO D'MENDONZA
32185;COML. ATALAIA
47620;SUP. RAIZ
49144;HORT VERDE SUPERMERCADO
32235;SUP. SOARES 
47716;SUP. TENDA
32175;PEG PAG BORGES 
45656;CICAL HONDA
47676;COML. CERQUEIRA
32193;POSTO PORTAL
32199;SUP. CASA FORTE 
43944;EMPORIO GOIANO
43386;CASA DE CARNE E CONVENIENCIA J&M
47713;A FAMOSA ADEGA
47613;COML. MONTEIRO
32230;MERC. CAPITAL 
47715;CEREALISTA SHALLON
47717;IMPERIO DA RACAO
32208;PORTO REIS DISITRIBUIDORA 
32216;COSTA REPRESENTACOES 
32166;SUPERMERCADO PASCOAL
47726;MERCADINHO COMBINA.COM
47617;EMPORIO DOCE MANIA
47638;MERCEARIA DO DININ
47641;EMPORIO CERVEJA & CIA
47662;MONKEYS DISTRIBUIDORA
47649;ESQUINA 62
32662;J/A - DISTRIBUIDORA DE BEBIDAS 
32663;TERRA PAES 
32664;SMOKING BEER CONVENIENCIA
32665;EMPORIO DO BELGA 
32071;SUP. BOM PRECO 
32073;JS DISTRIBUICAO 
32078;COML. REAL 
32079;COMERCIAL CAMILO
32133;MERCADINHO SERVE BEM 
32134;SUP. KIRIRAS 
32104;ROGE METAIS 
32279;SUPER SUL 
32399;PEG PAG BRASIL 
32484;INGLEZA IND.DE PROD. LIMPEZA E COSMETICO
32492;MERCADINHO N.D
32519;F J KARNES 
32558;AGROCAES PET SHOP 
32605;EMPORIO 14 BIS 
47762;SUPER FRIOS COMRCIO DE ALIMENTOS
44706;MERCADO CERRADO
32628;SUP. AMIGAO 
32646;JOSCENI PROMOCOES 
32647;F.H TRANSPORTES 
32429;CASA DE CARNE JUNIOR 
32576;COML. IDEAL 
47720;DIVINA MARIA
47732;SUP. MOURA BRAZ - L A
46765;SUP. NORTE E SUL
47751;AGROMAIS AGROPECUARIA
47730;NACIONAL LOGISTICA E DIST. DE ALIMENTOS
47743;ROTA BEER
47773;EMPORIO NOSSA CASA
32436;COML. BEM BOM 
32477;SUP. IDEAL 
32495;CASA DE CARNE BOI E CIA 
46982;VERDURAO XAVIER
32648;BUTIQUIM DO SEU ZE 
32650;B.BAO DISTRIBUICAO 
32651;MINI MERCADO BEM BOLADO 
32652;POSTO CONSOLACAO 
32431;POSTO ANEL VIARIO
32649;PRATIZ SUPERMERCADO ON LINE 
47636;MINIMERCADO MENOR PRECO
32542;SUP. REGIONAL
47755;MART MAIS SUPERMERCADO 
32653;MERCEARIA J P 
32654;PREMIUM SUPERMERCADO I 
32656;SUP.CINCO ESTRELA
32666;DISTRIBUIDORA DE BEBIDAS NECTAR 
32250;BAR E MERCEARIA NUNES
47776;SUPER ROCHA
47777;SUP. RIBEIRO
32667;SUP. BORGES
32669;LIDER DISTRIBUIDORA DE BEBIDAS 
32670;SUPERMERCADO DA SILVA 
32671;CONVENIENCIA & CIA 
45408;DISTRIBUIDORA E MERCEARIA CARA RACHA
32672;SUPERMERCADO KI BARATO 
32673;SEU MADRUGA 
32674;SUPERMERCADO E VERDURAO REAL 
32675;DISTRIBUIDORA DE BEBIDAS E MERCEARIA DO 
47679;GS DISTRIBUIDORA DE BEBIDAS
47771;HIPER CASA DE CARNES VITORIA
32120;0 VERDURAO
32676;DISTRIBUIDORA GOLFINHO 
32677;MERCADO EXPRESS 
32678;PANIF. PAO DO PARK
26527;SUP. E CASA DE CARNE TELES
32364;DINAMITE XAVIER SUPERMERCADO (PQ LARANJ)
47778;EMPORIO AMELIA
32700;VERDURAO CHEIRO VERDE
32704;ON LINE CAFE 
32705;EMPORIO BUENO 
32706;DORA E DINHA ALIMENTACAO 
32658;REAL MERCEARIA E DISTRIBUIDORA DE BEBIDA
32659;PENIEL SUPERMERCADO 
32660;DIA E NOITE JD AMERICA 
32661;SUPERMERCADO TIA LUCINHA 
46965;COML. G E T
32385;SUPER BOM PRECO 
32108;COML. SALES
32117;LANCHONETE CALIFORNIA 
32640;COML. NOVO HORIZONTE 
32679;CONVENIENCIA BURITI III 
32680;CONVENIENCIA T-15 
32694;SUPERMERCADO SAGRADA FAMILIA 
32620;BEBIDAS NAVES
32695;REPUBLICA SELF- SERVICE 
32696;SUPERMERCADO TOKIO 
32697;MERCEARIA E PANIFICADORA IDEAL 
32103;SUP. PAULISTA
47718;CASA DO MILHO
44845;SUP. LUCAS (SAO JOAO)
47816;MINI BOX CORREIA
43168;COML.ESTRELA
32408;SUP. PRECO BAIXO
46816;EDMIRO BARBOSA
47789;DIST. QUERO MAIS
47820;CASA DE CARNE LOS BIFE'S
47832;MINIBOX BERNARDO
47916;SUP. OLIVEIRA
47975;COSTA ATACADAO (SANTA MARIA)
47772;PEGUE PAGUE COISAS DA ROCA
47869;COM IND MATSUDA IMP EXPORTADORA LTDA
47803;HIPER PREMIUM
47568;ADEGA PREMIUM DISTRIBUIDORA
46975;SUP. CRISTAL
43435;SUP. TEMPO NOVO
47848;SUP. BRANQUINHO
47646;COML. NUNES
32177;SUPER STORE (BELA VISTA)
32299;COML.  OLIVEIRA 
47985;MERCADO SUPER MINAS
47851;CANAA ATACADISTA
47876;EMPORIO SELECT
48003;PRIMO SUPERMERCADO
48004;RECANTO DA NOCA
45741;PANIF.VITORIA
32453;CASA DE RACAO NUTRI ANIMAL
32682;CLAUDIO SUPERMERCADO
43444;DUMONT ATACAREJO
47893;MATERIAL DE CONSTRUCAO SANTA MARIA
47640;SUP. DAMASCO
32691;DISTRIBUIDORA DO SERGIM 
32692;TOCA DA ESTRADA 
32698;RECANTO CONVENIENCIA 
32701;CIA DA EMPADA 
32702;CERVEJATO DISTRIBUIDORA DE BEBIDAS 
47758;HIPER CASA DE CARNES VITORIA
47819;PEG PAG FAMILIA
47780;VITRINE BEBIDAS
47824;MIX CONVENIENCIA
32501;ESMALTERIA DA CORACI 
47902;COML. HERIKA
47914;SUPER MIX SUPERMERCADO
47934;REI DAS FRUTAS
47938;GRUPO UP MUSIC PARTICIPACOES
32275;SUPER 9
32363;EMPORIO CATURA 
32511;PADARIA 2000
32685;ELDORADO BEBIDAS 
32686;EL SHADAI 
47957;KARIOKA BEBIDAS
46781;SUP. SAO JOSE
32267;SUP. ALIANCA
32303;COML. JORGE
32306;LEMES DISTRIBUIDORA
32347;COMERCIAL ESTRELA 
46262;QUAVI PRODUTOS NATURAIS
32565;CASA DE CARNE E DISTRIBUIDORA DE BEBIDAS
32703;VERDURAO S5 
32707;ON LINE CAFE 
32708;PANIFICADORA SKINA DO PAO 
47855;HIPER FESTA(AP.DE GOIANIA-VL.BRASILIA)
47830;COML.E FRUTARIA MINEIROS
32350;SUP. LEAO 
32352;MERCEARIA E LANCHONETE PRIMAVERA 
32393;BORGES & LEAL RACOES 
32421;QUINTAL DE CASA 
32423;MERC.A MATHEUS 
47786;BIG PARK BRINQUEDOS
47966;CASA DAS BONECAS E FESTAS
32427;MERC. MORAIS 
32428;MERC. ELIANA 
32444;SUP. SILVA 
32451;PEG PAG NIQUEL II 
32687;C R DE QUEIROZ PRODUTOS ALIMENTICIOS 
32688;ALPHA CONVENIENCIAS
32689;EMPORIO BOM JESUS II 
32690;EMPORIO BRISA
47994;SUP. MOURA II
48017;MERCADINHO REIS
32212;EROSK MERC E DISTRIB DE BEBIDAS
47948;IMPERIO LIDER DISTRIBUICAO
47993;DIST. DE BEBIDAS DO NEGAO
32265;SUPER NOSSO
47835;ROYAL TOYS
47683;REIS ATACADISTA
47686;COML. SILVA
45694;AMERICA FRIOS, SUINOS E FRANGOS
46776;EMPORIO FIT LIFE
32153;AGROMIL PRODUTOS VETERINARIOS 
32176;SUPERMERCADO PONTO CERTO 
32094;SUPERBOX BRAGA
47796;SUP. REIS
46843;RESTAURANTE DA BIA
47274;MINI BOX JACAREZINHO
47614;AKI EMPORIO
47661;MINI MERCADO LUIZA
45732;AVAMTHE SUPERMERCADO (CID. JARDIM)
47843;EMPORIO COSTA
47658;PEG PAG J A
47647;HIPER MAIS SUPERMERCADO
47910;SUP. BOM PRECO
47763;ADEGA DO GORDIM
47925;EMPORIO MONTE LIBANO
47935;MERCADO 28
32791;CASA DE CARNE DIENAY 
32792;LANCHONETE E CONVENIENCIA BOIADEIRO 
32793;EMPORIO TERRACO 
32795;DIST DE BEBIDAS E CASA DE CARNES RIBEIRO
32164;SUPERMERCADO BOM JESUS
32248;IMPERIO DAS EMBALAGENS 
46872;EMPORIO SAO FRANCISCO
46874;EMPORIO PREMIUM ANAPOLIS
32578;UNIVERSO DOS DOCES
32809;SUP. BARATAO
32811;DINALIA DUARTE BORGES 93990235168 
32812;POSTO NOSSA SENHORA DO CARMO 
32849;CERVEJADA DISTRIBUIDORA DE BEBIDAS II
32097;MIRANGAS
47724;MINI BOX JACAREZINHO
32115;SUP. AVENIDA 
32797;BEBIDAS E ASSADOS NOBRE 
32798;ZERO GRAU DISTRIBUIDORA DE BEBIDAS 
32799;PANIFICADORA DARK 
32802;GABRIELA MARTINS OLIVEIRA ROCHA
32803;MERCEARIA BEIJA-FLOR 
47666;MASTER BEER
32844;SUPER DIRINHOS SUPERMERCADO 
32850;SUPERMERCADO BRASIL 
32851;EMPORIO VB DISTRIBUIDORA 
32852;SUPER SOL SUPERMERCADO 
32853;SUPERMERCADO BAHIA 
32616;ALVORADA ATACADO
32623;DISTRIB. SOBRADINHO 
32146;MERC. SALES
32631;SUP. PAGUE POUCO 
32804;SUP. 3 IRMAOS 
32805;SUP.UNIAO
32806;SUPERMERCADO PROGRESSO 
32807;POSTO TOMAT'AO 
47827;MERCEARIA WJ
47927;AZZURE DISTRIBUIDORA DE BEBIDAS
45580;SUP. W. G. LOPES
32527;NILL MART 
47664;SUP. VALE DO ARAGUAIA
32195;PANIF. PADRE CICERO 
32534;NILL MART
32781;MERCEARIA E DISTRIBUIDORA QUEIROZ 
32782;MERCADO PONTUAL 
32783;SUPER MAIS 
32784;SUPER LIDER 
32785;DISTRIBUIDORA DAS MENINAS 
46098;SUPER SUPREMO
32112;PLAYERS HOLD'EM CLUB 
32657;NILL MART 
32794;SUPERMERCADO REALEZA 
32808;REDE TEND TUDO 
32810;JS DISTRIBUIDORA 
43565;MEGA SUPERMERCADO II
32786;SUPERMERCADO GEREMIAS 
32787;SUPERMERCADO MARCUS 
32788;MERCEARIA E DIST. DE BEBIDAS PRIMAVERA
32789;COML. JA
32790;DIST. SO O OURO
46694;ALACIR VIEIRA GAMA 54628210187
33433;CARDOSO MINIMERCADO
33434;MINI MERCADO SAO JOAO 
33499;SUP. 6 IRMAOS 
33500;PEG PAG SOUSA 
33503;SUPERMERCADO PONTO CERTO 
33504;ACOUGUE KI-CARNES
33505;COMERCIAL SANTOS E ROCHA 
33506;COMERCIAL BAMBINO 
33507;EDDIALIMENTOS 
32947;TT BEBIDAS GELADAS 
33125;HOTEL E CHUR. TRIANGULO COMERCIAL ALAC
33126;CASA ALEXANDRE
33127;COML. BEIRA RIO
33128;GUEDES - CONVENIENCIA
33262;MULTLIMP PROD. DE LIMPEZA E DESCARTAVEIS
33301;APARECIDA DE CASSIA GOMES ALVES 59708506
33302;COMERCIAL VITORIA
33303;JOCILIA ALVES DOS SANTOS 00649780108
32502;REDE ENTRE AMIGOS CONVENIENCIA 
33508;DOCERIA, RESTAURANTE E LANCHONETE BANDEI
33509;ADRIANA BOMBONS 
33510;R A DA SILVA - MINIMERCADO - ME 
33511;VO CHIQUINHA CAFE 
33524;GREG LANCHES 
33526;XAVIER CONVENIENCIA 
33531;JR ATACAREJO
33534;MINE BOX TOCANTINS 
33535;HOSTERNO RIBEIRO ANTUNES 16670345100 
33536;MERCEARIA HOLANDA 
32551;SUPER VIEIRA 
33129;COML. NAILLY
33130;DISTRIBUIDORA E MERCADINHO DO TADEU
33131;COMERCIAL LEITE
33133;CONVENIENCIA SAMPAIO II
33304;MERC. CARVALHO
33305;COMERCIAL RIBEIRO
33310;SUPER BOX SILVA E PANIFICADORA
33315;MIX FRIOS 
33337;MERCEARIA DOMINIQUE
33525;CASA DE CARNE ALENCAR 
33527;DIST.DE BEBIDAS CAVERNA
33538;PANIFICADORA ITALIA 
33539;TIAGO LOPES DE FREITAS 04340942189 
33540;COMERCIAL ARAUJO 
33537;SUP. POPULAR
33541;MERCADO BELO HORIZONTE 
33542;MINIBOX BELEM ATACADO E VAREJO 
33543;CONVENIENCIA REAL 
33134;ELIFAZ SUPERMERCADO
33135;CASA BRASIL
33136;LANC. E RESTAURANTE POSTO PEQUIZEIRO
33137;MERCADINHO POPULAR
33138;COML. MARTINS
33340;SUP. SUPERVALU 
33345;SABOR CANELLA BISCOITO CASEIRO 
33382;TABOCAO DISTRIBUICAO I
33383;SUP. LAR CENTER
33384;SUP. NOVO LAR
33239;COMERCIAL BOM JESUS
33240;SUPERMERCADO H & B
33241;MERCEARIA SUL
33242;EDSON PEREIRA DOS SANTOS 81025874153
33243;BAR E MERCEARIA JM
33544;SUP. LEVE MAIS
33564;BADU SUPERMERCADO 
33566;MERCEARIA SOUSA 
33567;CASA DE CARNE SANTA BARBARA
33568;COMERCIAL LG 
47659;ZERO GRAU SP
32639;DALL RURAL 
32826;QUEIROZ DIST. E MINE MERCADO 
33142;LEANDRO PEREIRA FRANCA 99942690115
32187;BURITI COMERCIAL & DISTRIBUIDORA
32203;SUP. PEREIRA 
33385;SUP. ADRIANO
33386;SUP. ADRIANO
33388;PATRICIA FRANCISCA DE SOUSA 00556574192
33244;MERCEARIA 010
33245;COML SARZEDA
33246;JOSE VANDERLEI PINTO DE PAIVA 0115118217
33247;MERCEARIA SO NOVIDADES
33248;MERCEARIA BOM DIA
32213;PANIF PADRE CICERO
33545;CONVENIENCIA SORVETERIA NAPOLITANO 
33546;LANCHONETE BRASIL 
33547;SUPERMERCADO ANDRADE 
33548;MINI BOX TUBARAO 
33055;SUP. LUZ
33143;MINIMERCADO E DISK GAS PEG PAG
33144;SUP.CENTRAL
33145;COML. HM
33146;ANA FERREIRA DE SOUSA - ME
33157;COML. ESTRELA
33158;SUPERMERCADO E PANIFICADORA SOARES
33159;SUPER BRASIL
33161;HIPERMERCADO SAO FRANCISCO
33389;MARIA DE LOURDES PEREIRA DE SOUZA 813076
33249;COMERCIAL CAETANO
33250;COML. MARQUES
33251;COML.MINAS LANCHE
33252;MERCEARIA DO ANIZIO
33253;COMERCIAL NOVA ESPERANCA
33549;SUP. BOM ATENDIMENTO
33550;NAPOLITANA PANIFICADORA E SORVETERIA 
33551;CONVENIENCIA JK 
33552;GILBERTO LOPES DA SILVA 81741430178 
33196;COMERCIAL MARTIM
33197;MERCEARIA RESENDE
33198;COMERCIAL TOCANTINS
33199;SUPERMERCADO SAO JOSE
33200;DISTRIBUIDORA PROGRESSO
47672;CATALAO BORRACHAS E EPIS
33390;MERCADO NOVO HORIZONTE
33391;NOSSO NOVO MERCADO
33392;EVANDRO DE SOUSA MOREIRA 88607631187
33393;SUPERMERCADO LANCHE MAIOR
33394;FRUTARIA E MERCEARIA MG
33254;COML. NOVA ESPERANCA
33255;COMERCIAL SUPER VIDA
33256;SUPER VIDA
33258;ARMAZEM J 5 AVELINO
33259;SUPERMERCADO O BARATAO
33553;COMERCIAL MADALENA 
33554;FRANCISLEY DE OLIVEIRA COSTA 98080814104
33555;MERCADINHO LAGO NORTE 
33556;COMERCIAL NOVO HORIZONTE 
33557;COMERCIAL AMAN 
32998;CHURRASCARIA ESPETO DE OURO 
33185;MUNDO DAS RACOES 
33201;SUP. GONCALVES
33202;COMERCIAL SANTA FE
32263;SUPERBOX SUP.
33395;PANIFICADORA DO RONALDO
33396;MERC. TROPICAL
33397;PRIMAVERA MERCADO E BEBIDAS 
33398;COMERCIAL BARATAO
33260;ROSENILTON AIRES DE ALBUQUERQUE 00962969
33261;ANA PRIMA URCINO FERREIRA
33263;IDEAL SUPERMERCADO
33264;JOSENI LOPES FERREIRA - ME
33265;ENCONTREI
32220;COML. AVENIDA
33306;COML. NOVA OPCAO 
33558;COMERCIAL SERVE MAIS 
33559;COMERCIAL VITORIA 
33560;EMPORIO 307 
32733;GURUPI RESTAURANTE 
33020;SUP. FLASH 
33203;BEL PAO III
33204;TC ONLINE 
33205;PEG PAG MAX
46258;JUNIOR FRIOS E EMBALAGENS
32392;EMPORIO JM 
33399;SUP. MOURA II
33400;MERCADO ECONOMIA DO POVO
33401;CASA D'CARNE ITAPUAN
33402;PEG PAG UNIAO
33266;COML. DE ALIMENTOS SAO SEBASTIAO
33267;MERCEARIA SOUSA
33268;COMERCIAL JM 
33269;COMERCIAL 3 ESTRELAS
33270;ACOUGUE PR E COMERCIAL
47635;SUP.BARRETO
33561;MERCADINHO SONIA REGINA 
33569;MERCEARIA REIS 
33570;NS RACAO 
33571;MIL SABORES 
33572;SUPERMERCADO RIO VERMELHO 
32981;MERCEARIA CAIXETA 
33207;KARLINHA SUPERMERCADO
33208;COMERCIAL RIBEIRO
33209;SUPERMERCADO E ACOUGUE NOVA CIDADE
45730;VERDURAO DONA DORA
33403;PEG PAG BARATAO
33404;TROPICAL ALIMENTOS
33405;MERCADO FORMOSO
33406;LINDON JONSON GOMES FERREIRA - ME
33407;BAR E MERCEARIA SOUSA
33271;SUPERMERCADO FOLHA LISA
33272;SUPERMERCADO SARAIVA
33273;JOSE LOPES DE CARVALHO - ME
33294;SUPERMECADO PAGUE MENOS
33295;CENTRAL PONTO 1
33573;CASA DE CARNE TOSCANA 
33607;COMERCIAL FORTALEZA 
33608;SUPER MAX 
33609;PONTO DE APOIO
33610;MERCADO VITORIA 
33021;BENATI BEER 
33210;SUPERMERCADO SACOLA CHEIA
33211;MERCADO LIMA
33212;MARIA DAS DORES AFONSO DE MATOS
33213;MERCADO PAPAI
32190;CORPO E FORMA SUPLEMENTO ALIMENTAR & ESP
33182;MERC.  AMORIM
33408;COML. PARAISO
33409;CASA MOREIRA
33410;GOIAZ CAFE 
46900;PRATICO SUP.
33296;MERCADO BERTUNES
33297;MERCADINHO SANTANA
33298;PANIFICADORA ELSHADAY
33299;CASA DE CARNE E COMERCIAL FONSECA
33312;COML. VOLTE SEMPRE 
33341;MINIMERCADO J.C.
33611;COMERCIAL JW 
33612;PEG PAG BARATAO 
33613;MERCEARIA LIMA 
32863;SUP. E LANCHONETE TEND TUDO 
33214;SUPERMERCADO BOA ESPERANCA
33215;WKMC PANIFICADORA E COMERCIO
33216;COMERCIAL JULIANA
32899;SUP. XIMENES 
33206;PANIF. AVENIDA 
33411;MERCEARIA E CASA DE CARNES DO SENINHA 
33414;POSTO BEIRA RIO 
33309;SUP. RASSIO 
33317;MERCADINHO BONS AMIGOS
33318;SUP. VITORIA
33319;SUPERMERCADO REAL
33320;SUPERMERCADO UNIAO
33588;VERDURAO DA ROÇA
33589;MINI-BOX MANA 
33590;LU LANCHES 
33591;COMERCIAL REAL 
33592;MERCEARIA VITORIA 
33217;AQUITANDA
33218;COMERCIAL DIANOPOLIS
33219;PEG PAG LIBERDADE
33220;COMERCIAL SOUSA
33221;MERCADO 3 IRMAS
32158;MERC.JS
32183;AGROPET SOUSA 
32271;SUP. CENTRAL 
32278;MERC. E SORVETERIA AGUA BRANCA 
33415;MERCEARIA BECK 
33416;CASA DO GRAO 
33300;MERC. DO NEGO 
33321;RIO NEGRO DISTRIBUICAO
33322;MERCADINHO BOM PRECO
33323;COMERCIAL GUEDES
33324;SUPERMERCADO ECONOMIA
33444;GOIANAO GAS 
33448;BAR DO NEM 
33456;MERCEARIA FLOR DE IPE 
33593;COMERCIAL BANDEIRA 
47643;MINI BOX 4 IRMAOS
33222;ALVES & SANTOS
33223;SUPERMERCADO DIA A DIA
33225;COMERCIAL BRISAL
33226;DOIS IRMAOS
33227;COMERCIAL FENIX
32908;COM 3 IRMAOS 
33417;COML. GURUPI
33418;AGROCHAVES 
33419;MERCADINHO AUTO ALEGRE 
33420;SUPERMERCADO VILA IRIS 
32165;HIPERMERCADO CÉU AZUL 
33325;SUPERMERCADO QUEIROZ
33326;DEM2 PEIXARIA E SUPERMERCADO
33327;SUP.AMAZONAS
33328;DISTRIBUIDORA DE BEBIDAS E CONVENIENCIA
33329;FABIO SOUSA PARENTE 02878980166
33594;STAR CONVENIENCIA 
33595;MERCADO E ACOGUE ECONOMICO 
33596;DONA BODEGA 
33597;SUPERMERCADO SUL NORTE 
33598;PEG PAG ASSUNCAO 
47348;SUPER ECONOMICO
32200;SUPERMERCADO MINERIO 
33228;COMERCIAL JUNIANA
33229;PEG PAG OLIVEIRA
33230;COMERCIAL UNIAO
33231;PEG PAG SAO SIMAO
32272;MINI BOX PRIMUS 
32302;CENTRAL SUPERMERCADO 
33421;REI DA CARNE 
33422;MERCADINHO MARACAIPE 
33423;SUPERMERCADO AGUIAR 
33330;CONVENIENCIA MORAIS TEODOSIO
33331;SUP. LUSTOSA
33333;SUPERMERCADO DO FABINHO
33334;SUPER BRITO
33335;MERCADINHO REMPEL
33599;RAIMUNDO NONATO DE OLIVEIRA 73820792104 
33600;MINI BOX 603 
33601;COMERCIAL NETO 
33602;PANIFICADORA PAO QUENTE 
33603;LA PAGLIA DOCERIA 
32196;MIX SUP.
32904;MAXXI COMPRAS SUPERMERCADOS 
33232;MERCEARIA REI DO LAR
33233;SUPERMERCADO DO GAUCHO
33234;MERCEARIA R G
32155;SACOLAO DO POVO 
32219;SUP. CENTRAL 
33424;MERCADO ECONOMIA REAL
33425;SORVETERIA SPUMEL
33426;MINI MERCADO COMPOS BELOS 
33427;COMERCIAL ANDRESSA 
33336;COMERCIAL LEITE
33387;MEGAGYN
33413;DIST. DE BEBIDAS BRAZUCAS 
33472;SUP. PICA-PAU 
33501;WILSON MIRANDA DE CARVALHO 
33502;MERCADINHO SAO JOSE 
33308;SORVETERIA SPLIT 
33565;COML. PATO BRANCO 
33604;MERCADO E PANIFICADORA SAO PAULO 
33605;SUPER PRECO 
33606;COMERCIAL TRES IRMAOS 
32894;MERCADO SERVE BEM PADARIA 
33051;DIST. JUNIOR
33235;MERCEARIA BRASIL
33236;SUPERMERCADO BOM JESUS
33237;ZERO62 
33428;HILDETE BATISTA DE CASTRO AFONSO 6126636
33429;COML. ECONOMICO 
33430;JAIRO SOARES DE MIRANDA 13106082100 
33431;COMERCIAL AGUIA 
33432;ARMAZEM E MERCEARIA SAO FRANCISCO 
33364;LANCHONETE CONVENIENCIA
33365;HIPERMERCADO NASCIMENTO
33366;VIP CONVENIENCIA
33367;SUP. FASSINA
33368;MULTIMIX SUPERMERCADO
32284;BAZOOCA CANDY BRANDS BRASIL
32305;LIDER SUP.
32312;LANCHONETE FUTURA FELIZ 
32330;SUP. PONTO CERTO 
32395;JL ALIMENTOS
32500;SUPER LIDER 
32543;SUP. NUNES 
33000;CASA DE CARNE PARENTE 
33001;CONVENIENCIA ELDORADO 
33002;COMERCIAL TREVO 
33017;CANTINA MONTESSORI
33061;EMPORIO ALFA 
32641;MERCADINHO DA FAMILIA 
32737;MERC. E BEBIDAS MOURA ATACADO E VARE
32738;PREMIUM BAR E MERCEARIA 
32739;PANIFICADORA PAO MINEIRO
32741;SUPERMERCADO MONTE SINAI 
33369;JACINTO BEZERRA CAMPOS 01961962136
33412;CASA DO MILHO 
33435;M NORTE 
33436;VILMA ALMEIDA DE AQUINO SILVA 0031824510
33437;NELZITA BARROS DA SILVA 93640226100 
32402;SUP. PONTO FORTE 
32405;COM. PAG MENOS
32424;EMPORIO DW
32443;SUPER BOM-PRECO 
32452;COML. PERES
32561;DISTRIBUIDORA DE BEBIDAS RF 
32572;COML. DUARTE 
32937;IRACI MOURA DOS SANTOS 57540675187 
33116;MERCEARIA D M A 
33156;PADARIA KI DELICIA
33163;MERCEARIA E CASA DE CARNE FILADELFIA
33164;MERCADINHO NERES SANTOS
33165;COML. ARAUJO
33166;CONVENIENCIA PETROLIMA
32743;R M SABIONI 
32744;BELLA TOSCANA PANIFICADORA
32745;SHOPPING DAS CARNES 
32746;AROLDO FERNANDES DE LIMA - ME 
32747;CASA DE CARNES E DIST. BEB PAIS E FILHOS
33438;MERCEARIA BULHOES 
33528;MINI BOX H 
33529;LIMA COMERCIO VAREJISTA LTDA - ME 
33530;MARIA FRANCINETE DA SILVA 
33532;MERCADINHO DA EVANI 
32491;COML. DE ALIMENTOS CENTER FOOR
32590;GRAJAU ATACADO E VAREJO 
32938;HOTEL X15 
32940;JOSINETO DA SILVA NASCIMENTO 96638230115
32736;SUP. STRADA 
33167;JOANA PREVINO GOMES SANTOS - ME
33168;SUPER MISTO LEAL
33169;SUPERMERCADO ALVORADA
33170;COML. PASSARINHO
32748;PANIFICADORA KI DELICIA 
32749;SUP. ECONOMIA 
32750;DISTRIBUIDORA DE BEBIDAS MIJAO 
32751;SUPERMERCADO NOGUEIRA 
33063;TOP BEER
33533;COMERCIAL SANTA FE 
33562;PLANETA ANIMAL PET SHOP 
33563;CONVENIENCIA BRASIL 
33584;MERCADINHO DA ESQUINA 
33628;ARMAZEM REALCE 
33629;COMERCIAL 3R 
32547;PEG PAG NOSSA SENHORA DE FATIMA 
32585;COML. SUPER ALPHA 2 
32941;MARIEUDE GOMES DOS SANTOS 01705909175 
32942;MARINALDO CARVALHO VIDAL 
32943;BR MANIA 
33065;COMERCIAL NOVO HORIZONTE
33171;MERCADINHO BUENO
33172;SUPER BOX
33173;MERCADINHO MATIAS
33174;COMERCIAL BOM PRECO
33175;JOSE CANDIDO FILHO 
33177;PANIF. E COMERCIAL GLORIA
33477;PRA VOCE SUPERMERCADO 
33478;CHURRASCARIA E LANCHONETE BRASAO 
33479;COMERCIAL SOUZA 
50713;SUP. IMPERIAL
33480;SUPERMERCADO JABA 
33481;MARTA ROCHA - CONVENIENCIA E LANCHONETE 
33630;L M MERCADINHO 
33646;COMERCIAL CENTRAL 
33647;COML.MARCOS
33648;ARMAZEM E DISTRIBUIDORA CENTRAL 
33649;SUPERMERCADO SAO JOSE 
32644;SUP. KARAJA 
33066;SUPERMERCADO SO FRIOS I
33067;AMERICA SUPERMERCADO
33069;BAR E MERCEARIA CRISTO REI
33070;EMPORIO 20 -MERCADO
33178;COMERCIAL MOREIRA
33311;DISTRIB. DE BEBIDAS VITORIA 
33332;MERCADAO DA ECONOMIA (ST. SAO BENTO)
47429;SUP. CAVALCANTE (VILA AUGUSTUS)
47440;POUSADA DA PRACA
33482;SOUSA SUPERMECADO 
33483;MERCEARIA DEUS E FIEL 
33484;COMERCIAL IDEAL 
33485;BONDPRECO 
33486;BAR E MERCEARIA CABRAL 
32906;TRIBUS CONVENIENCIA 
33655;PEG PAG CHAO PRETO 
33656;EDILEZ MIRANDA 22811389253 
33657;MARLUCIA RODRIGUES DOS SANTOS 0030619912
33658;SUP. ALVES 
47408;ADEGA DO EDMILSON
32592;MINI MERC. LAGO NORTE 
33071;RESTAURANTE SABOR DA CASA LTDA
33072;MERCEARIA NACIONAL
33073;MERCEARIA ESTRELA
33074;SUPERMERCADO OLIVEIRA
33075;SUPER JUNIOR II
33338;KLC DISTRIBUICAO
33339;ESTACAO DO SORVETE 
33361;YPE MERCADO 
47494;MINEMERCADO LIDERANCA
33314;BOUTIQUE DAS CARNES 
33353;BAR E MERCEARIA
33487;DISTRIBUIDORA E MERCEARIA ABREU 
33488;SUPERMERCADO MANA 
33489;IGUATU SUPERMERCADOS
33635;CASA DE CARNES E MERCEARIA EXPLOSAO 
33636;COMERCIAL ECONOMICO 
33637;SUPERMECADO E CASA DE CARNE CARVALHO 
33638;CASA SOUSA 
33639;COMERCIAL SANTANA 
46750;COML. GUEDES
33053;BELO TRATO CENTRO VETER. BANHO & TOSA
33076;MINI BOX QUERIDO
33148;COMERCIAL LH
33149;ARMAZEM DO POVO
33150;MERC. BARROS
33151;COMERCIAL ESTRELA DALVA
33370;MERCEARIA RR
33372;COMERCIAL JJ
33373;SUPERMERCADO COMPRE MAIS
33374;PEG PAG PASSE BEM
33375;SUP. ECONOMICO
33281;CASA DE CARNE PEZAO E CONVENIENCIA 
33490;SUPERMERCADO ZANATTA 
33491;SUP.ECONOMICO
33492;SUPERMERCADO ISRAEL 
33493;COML. NOSSA SENHORA APARECIDA
33650;COML. PARRUDA 
33651;PEG PAG REAL 
33652;SUPERMERCADO GIRO 
33653;MANOEL PORTO DA SILVA 23301678300 
33654;SONAIRA LACERDA OLIVEIRA 97279757120 
33124;CASA WALLACE
33152;ALDENISA DIAS BISPO 64540642120
33153;ACOUGUE DO BATAR
33154;BABACU ATACADO E VAREJO
33155;CONVENIENCIA D'OURO
33376;POSTO RIO JAVAES
33377;SUPERMERCADO BOA VONTADE
33378;MERCADO SERVE LAR
33379;MERCEARIA COLORADO
33380;CASA DE CARNES FAVORITA
33494;COMERCIAL CARVALHO 
33495;ANTONIO JOSE XAVIER DA SILVA - ME 
33496;PEG PAG VITORIA 
33497;MERCADINHO PEIXENSE 
33498;COMERCIAL AEROPORTO 
47650;EMPORIO AVENIDA
33574;COMERCIAL E DISTRIBUIDORA MAKEM 
33575;COMERCIAL NUNES 
33576;PANIFICADORA PAO DE MEL 
33577;MERCEARIA PAGUE MENOS 
33578;CASA DO CHURRASQUEIRO 
32948;SILVANA COELHO DE SA BRITO 35451653372 
32949;MARCOS SIQUEIRA DE MOURA 71346287104 
32950;WEDER BARBOSA DE SOUSA 33658218134 
32951;ALMIR PEREIRA DE SOUSA 18063322304 
32952;PEDRO DOS SANTOS SILVA 51564440168 
47673;MERCADINHO HORA CERTA
33381;MINI MERCADO MAYSA
33439;PEG PAG MENOS 
33440;MINI BOX MUNDIAL 
33441;WILMA GONCALVES DA ROCHA 33663858120 
33442;ROSALIA MOREIRA DE CARVALHO SOUZA 330504
32883;HIPER NETO
33512;VO CHIQUINHA CONVENIENCIA 
33513;SOLUCAO 
33514;COML. LIMEIRA 
33515;MERCADINHO ICAVEL 
47657;VITRINE DAS UTILIDADES
32818;RAYLANE SUPERMERCADO
33579;COMERCIAL RENASCER 
33580;COMERCIAL JOEL 
33581;K.R.E PANIFICADORA 
50324;SUP.ECONOMICO
33582;COMERCIAL SANTA FE 
32953;AFONSO PEREIRA DE BRITO 09582444134 
32954;ESQUINAO TEM DE TUDO 
32955;FILOMENO DIAS PIAUILINO 63343959120 
32956;SHOP 1.000
32957;PEDRO NETO SANTOS 52649067187 
33443;KI TANDAS MINEIRA 
33445;SUP. FREE NORTE
33446;PANIFICADORA E CONFEITARIA SDM 
33447;COMERCIAL LARA 
33449;MERCADINHO LEMOS
33355;GOL LINHAS AEREAS S.A. 
33371;SUP. VERDURAO ECONOMIA
33516;PANIFICADORA ZAPPAZ 
33517;SUP. VILA NOVA 
33518;ENIO GAS 
33307;SUPER BEZERRAO 
33583;PANIFICADORA PAO QUENTE 
33585;MERCEARIA PONTO G 
33586;COMERCIAL SHALON 
33587;SUPERMERCADO DOIS IRMAOS 
32961;ALEX ALEXANDRE MENDES NETO 00787341347 
32962;PANIFICADORA BOM BISCOITO 
32964;EDIMIR BARBOSA DOS SANTOS 62528696191 
32965;COML. UNIVERSITARIO
32966;PANIFICADORA E COMERCIAL INHUMAS 
33450;DA VINTE CONVENIENCIA 
33451;MERCADINHO AFC 
33452;COMERCIAL CARVALHO 
33453;COMERCIAL IDEAL 
33454;MINI BOX MUNDIAL 
33519;COMERCIAL JAGUAR 
33520;AUTO POSTO 7 
33521;GAS E MERCEARIA CONQUISTA 
33522;K PAO 
33523;PEG PAG BRASIL 
42814;
33614;MARIA DE FATIMA SANTOS DA SILVA 79690807
33615;MERCADO DE KUADRA 
33616;RESTAURANTE LA PEPITA 
33617;MERCADO SOUSA 
33618;SUPERMERCADO DAVI 
32968;COML. SOARES
32969;TATICO CONVENIENCIA 
32970;CASA DE CARNE E MERCEARIA PADRE CICERO 
32972;FELIPE DA SILVA ROMUALDO 02915689121 
32973;ROZARIA RIBEIRO TAVARES SOUZA 
32974;COMERCIAL ANCELMO
33457;MERCEARIA VITORIA 
33458;MINI MERCADO SILVA 
33459;MERCEARIA KERO MAIS 
33460;FRI NORTE DISTRIBUIDORA 
33461;COMERCIAL FIGUEIRA 
33342;C MOREIRA DE SOUZA & CIA LTDA - ME
33343;VOVO DANDA RESTAURANTE
33344;COML. MARIANE
45789;IMPERIO SUPERMERCADO
47665;MERC. PAULA
33160;CONVENIENCIA SABOR DO SUL 
33619;CONVENIENCIA VALE 
33620;CONVENIENCIA ENTREPOSTO 
33621;COMERCIAL E VERDURAO TOCANTINS 
33622;BERTORIA RESTAURANTE 
32911;COML. EDUARDA 
32975;COML. BOM PRECO
32976;INFINITO INFORMATICA 
32979;MERC. NEBLINA 
32980;MERCEARIA SAO JOSE 
33462;FREE NORTE 
33463;COMERCIAL MINI MAX 
33464;MERCADINHO PRECO POPULAR 
33465;SUPERMERCADO SERVILHA 
33466;SUPERMERCADO ARAGUAIA 
33346;SUP. BOM PRECO
33347;SUPERMERCADO SHALLON
33348;SUPERMERCADO CANTINHO EVANGELICO
33349;SUPERMERCADO NOVO HORIZONTE
33350;GRACA SUPERMERCADO
32730;DEPOSITO SAO MARCOS 
33623;SUPERMERCADO TROPICAL 
33624;SUPERMERCADO TROPICAL 
33625;MINI BOX PREMIUM 
33626;COML. SERAFIM
32982;MERCADINHO CONCEICAO 
32983;CASA DE CARNE ALVORADA
32984;COMERCIAL GALVAO 
32985;MINIMERCADO AMIGO 
32986;MULT CARNES 
32987;PANIFICADORA LIMA 
33467;MINIMERCADO E PANIFICADORA PAO DE MEL 
33468;DECIO CONVENIENCIA L.9
33469;MERCEARIA AVENIDA 
33470;MINI MERCADO TODO DIA 
33471;CRISTAL GELO 
33351;SUP. TOCANTINS II
33352;MINI MERCADO ECONOMICO
33354;DISTRIBUIDORA MIRANDA
33356;SUPERMERCADO ARAGUAIA 
33357;ANTONIO FIGUEREDO LIMA - ME
33627;MINA MERCEARIA 
33631;CONVENIENCIA SANTIAGO 
33632;COMERCIAL TARUMA 
33633;A M FILHOS 
33634;GRUPO SANTO ANTONIO 
32988;CASA DE CARNES LOPES 
32989;SUPER CARNES BARBUDINHO 
32991;COMERCIAL VITORIA 
32992;PANIFICADORA E MERCEARIA DOCES PAES 
32993;MERCEARIA MARQUES & SILVA 
33473;QUERO QUERO SUPERMERCADO 
33474;PEG PAG LARISSA 
33475;MR MERCADO E PIZZARIA 
33476;MERCEARIA CAMELO 
47476;ATACADAO DA LIMPEZA
33358;SUPERMERCADO FREITAS
33359;PEG PAG BRUNA
33360;HIPERMERCADO VIDA NOVA
33362;MANOEL SARAIVA BRITO 04403941125
33363;MERC. CANTO VERDE
33640;PANIFICADORA & COMERCIAL SAO JOSE 
33641;MERCEARIA SILVA
33642;COMERCIAL ALIANCA 
33643;KI JOIA SUPERMERCADO 
33644;PANIFICADORA ELSHADAY 
33645;SUPERMERCADO BELA VISTA 
47104;RACAO MAIS BARATO.COM
32860;MERC. STILLUS
32994;COMERCIALBOM PRECO 
32995;MERCADINHO NOSSA SENHORA APARECIDA 
32996;ACOUGUE SANTO ANTONIO 
32997;M. R. ADEGA E ACOUGUE 
32999;MISTURADAO ADEGA E CONVENIENCIA 
32422;PANIFICADORA CLARISSY 
46914;SUP. MINI BOX 31 (LOJA 03)
47817;A BODEGA CONVENIENCIA & BEBIDAS
47769;BACURI BEBIDAS
47692;YPE SUPERMERCADO
48562;DINAMITE SUPERMERCADOS(RESID.GAMELEIRA)
47701;FRIGORIFICO GOIAS (FRIG.GOIAS)
46836;HAMBURGUERIA E CHOPPERIA A MASTER BURGER
47736;STORE MATOS
32387;SUP. NOVO HORIZONTE 
47818;EMPORIO MAIS BEER
47752;SUP. MARQUES
32310;BOND PRECO 
32337;FRIGO SERVICE 
32459;MOURA E FERREIRA EMPREENDIMENTOS LTDA
32509;SUP. VELOSO 
47698;COML. FARIAS CARVALHO
46901;KONDI MULT
47734;CESAR BEBIDAS
32324;CONVENIENCIA OLIVEIRA 
32329;MERCADO BIZOL 
32719;MARIA OLENE MORAIS CARDOSO 85379093191 
32720;CASA DE CARNES REAL
32721;RAFAEL PEREIRA E SILVA - ME 
32723;BUTECO SOUZA 
45696;XODO RACOES E PRODUTOS DIVERSOS
32709;MIX 
47856;DIST.DE BEBIDAS BATISTA
47753;SACOLAO E MERCEARIA DO ZEZINHO
32394;LYONS STORE 
32710;LUCILENE AMORIM DE LIMA 01131739116 
46980;FRIOS E CIA OLIVEIRA
47767;ARMAZEM COSTA
47854;PEG PAG IPANEMA
32359;CERVEJAO 
47795;AGROPALMAS PRODUTOS AGROPECUARIOS
47711;GIRO RAPIDO SUPERMERCADO
32724;SKINA DO PAO - PANIFICADORA, CONFEITARIA
32725;BEBIDAS LISITA 
32726;PONTO QUENTE 
32727;AUTO POSTO JR 2 
32728;PANIFICADORA TRIGO MAIS 
32729;COMERCIAL DE BEBIDAS FERNANDES 
47655;SUPER SILVA
32496;DISTRIB. DE BEBIDAS ARAGUAIA 
47687;VERDURAO GOAIBINHA
47729;AGROPALMAS PRODUTOS AGROPECUARIOS
47768;EMPORIO MANIA
47936;AVENIDA DISTRIBUIDORA DE BEBIDAS
47653;CONVENIENCIA SENNA
32420;SUPER 10 MERCEARIA 
46963;COML. GOMES
47690;COML.GONCALVES
47903;LETHAL FIT COMPANY
47913;COML. GALILEIA
47648;LC ALIMENTOS
32711;LOJAS FORTES 
32712;SUPER POSTO GOIANIA CENTRO 
32713;COMERCIAL CRIMEIA DE CONVENIENCIA LTDA -
47944;SUP. COMPRE BEM
48023;MERCEARIA TEM TEM
48029;CONVENIENCIA GURUPI
47740;PETISQUE GYN LINGUICARIA E PETISCARIA AR
47791;SUP. EMAS
32449;SUP. CAMPOS VERDES 
32536;SPORT CENTER 
32537;HOTEL VITORIA
32497;BAHREIN DISTRIBUIDORA 
47963;EMPORIO F&F
32528;NILL MART 
47930;CASA DA ROCA
32714;PANIF. PAES RICO
32715;PANIFICADORA ITALIA PANNES 
32716;COMERCIAL DE BEBIDAS SANTOS 
32717;SUPERMERCADO BRASILEIRAO BAIRRO 
32718;CONVENIENCIA UNIVERSITARIO
46528;COML. M.S
48001;REAL SUPERMERCADO
32556;JUNIOR'S DISTRIBUIDORA 
47833;SUP.MASTER
47575;SUP. ATUAL 01
48011;EMPORIO SOL NASCENTE
48014;MERCADO E PADARIA DOURADO
48018;DIST. DO GORDINHO
32356;MERCADINHO BARBOSA 
32450;SUP. TOCANTINS 
33735;UNIDADE OPERACIONAL DE LAZER OLAVO COSTA
33850;LD AUTOMACAO E REFRIGERACAO LTDA 
34071;SUP. DIA - DIA 
33702;MERCADINHO DINO'S
48032;CAMILA DE PAULA DOS SANTOS 70259567167  
48053;COML. SAO FRANCISCO
33713;MERCEARIA E BAR GOMES 
33714;SUPERMERCADO BON NETTO 
33715;MINI COMERCIO VAREJISTA 
33717;VENILSON PEREIRA ALENCAR - ME 
33718;SUPERMERCADO MENDES 
47883;DYEGO SUPERMERCADO
47886;EMPORIO DA CIDA
33890;SUPER BRASIL 
47693;HIPER 10
48044;BOUTIQUE DA CARNE CAIPIRAO
33719;CANTINA BRASAO 
33720;MERCEARIA MILHOMEM 
33721;REAL SUPERMERCADO 
33722;MERCADO ATENDE BEM 
33723;ACOUGUE ARAGUAIA E ESTACAO DA BELEZA 
33724;SUPERMERCADO FAMA 
48002;SUP. COMPRE BEM
48068;ATACADO ONLINE
33725;MERCEARIA MUNDIAL 
33726;COMERCIAL CIRQUEIRA 
33727;PANIFICADORA E LANCHONETE BELLA 
33730;SUP. LARA
33731;DIANA GONCALVES DA COSTA 94071071168 
33732;COMERCIAL JK 
33733;NOSSO MERCADINHO 
33734;J B MATOS - ME 
34008;SUP. EXTRA 
34009;MERCEARIA  EMILLY
48065;SUP.JKB
47895;POINT SUPERMERCADO
33831;SUP. AMORIM 
34023;SUPER CONQUISTA
48083;DIST. DO COLO
33683;ATACADAO DOS PRECOS BAIXOS
33881;HOPS DISTRIBUICAO 
33999;JOTAN DE SOUZA E SILVA 31087159172
34010;SUP.BEM ESTAR
34020;ARMAZEM SOARES 
33911;MERCEARIA FAMILIA
47813;MINI BOX GAMA
33712;SUP. PREMIUM 
29687;SUP. PIRES
44434;MAIS SACOLAO
47645;EMPORIO VITALLE
33940;SUP. SUPER COMPRE MAIS 
48031;MYLLENA ALVES BARBOSA 03248993197
47853;LOPANE-PADARIA & EMPORIO
47859;HIPER FESTA(AP.DE GO-ST.SERRADA DOURADA)
46249;DOKMOS FRIOS
48073;SUP. RCN
46300;COML. TOCANTINS
47794;SUP. UNIVERSITARIO
45596;COML. & HORTIFRUTI ECONOMICO
46702;PEG PAG SILVA
47681;REPUBLICA DELLA PIZZA
47725;SUPER MIX SUPERMERCADO
47900;REDE LUCAS DE (AV. WASHINGTON-ITUMB)
47920;SEU ORCINO
33704;ATACADAO MOTA 
33867;ATACAREJO DAS BEBIDAS 
34084;BOM PRECO 
34091;COML. NOVA OPCAO 
33703;LANCHONETE MALONY
33997;PEG PAG CATARINENSE 
42816;ESMERALDA DISTRIBUIDORA
42817;SORVETERIA SABOR GELADO - MERCEARIA
46814;CASA DO PRODUTOR RURAL
33879;HOPPED MONKEY 
33880;KITANDA ADONAI 
33992;MERCABOX DINIZ
46504;SUP. SAFRA
46213;SUP. HELENA
47714;SUP. DIA A DIA
48150;SUP. HELOISA
47280;RASSIO SUPERMECADO
47682;SUP. SUPER PLUS
47929;EMPORIO PREMIUM
47723;SUPERMIL SUPERMERCADO
47788;SUP. LEMOS
48030;COML. TALISMA
48024;GOIANINHO BEBIDAS
46206;MINIMERCADO DIVININHO
48036;COML.SERAFIM
47826;AMADOS PET
48110;SUPERMERCADO PACHECO
33739;MERC. REAL 
47967;CLIQUI DELIVERY
47844;EMPORIO MARANHAO
48012;POPULAR SUPERMERCADO
42945;ELIAS SACOLAO E MERCEARIA
46151;MOREIRA SUPERMERCADOS ATACADO E VAREJO
46915;A FAZENDEIRA
47860;HIPER FESTA(ST.OESTE)
46207;COML. ECONOMIA
47887;MERCADINHO BOM PRECO
47739;PEG PAG MORRINHOS
47823;MERCADO SOARES
47685;RIMACOM COM. E MATERIAIS DE CONSTRUCAO
43135;XANDAO SUPERMERCADO
47757;DICASA SUPERMERCADOS
47882;MERC. LOPES
47889;PEG PAG MODELO
47785;SIM ATACADO (JD. TROPICAL - AP. GOIANIA)
33678;SUP. MAXXIMUS 
47879;HIPER FESTA(PALMAS-PLANO DIRETOR SUL)
48066;PIZZARIA RIOS
47961;SUPER BRITO
48114;REDE DE FESTA(VL.JOAO BRAZ)
33895;SUPERMERCADO PINHEIROS 
45973;RECANTO JR BEBIDAS GELADAS E LANCHES
47917;ATACAREJO MORATO
47978;LANCHONETE KIDELICIA
43092;EMPORIO BOM PRECO
44591;DIST. DE BEBIDA E MERCEARIA DO VALLE
44473;SUP. DONA MARIA (NOVO PLANALTO)
48085;EMPORIO COSTA
46320;GLF BEBIDAS GELADAS
47890;ANJO GAS
46642;MINI MERCADO TREVO
47678;PIPELINE TECH CORPORATION GROUP
46537;COML. LIDER
47969;SUPER MATHEUS
48097;SUP.AMAZONAS
48128;ID MINI MERCADO
48143;ELGIN SA
48033;SUP.IMPERIO
48034;MERC. JS
44373;COML. SOUZA
48027;MERCADINHO E CASA DE CARNES PONTO CERTO
48087;SUP. SAO FRANCISCO
47708;R 3 SUPERMERCADO
47733;CESAR BEBIDAS
48116;REDE DE FESTA(CONJ.UIRAPURU)
46713;DIST. DE BEBIDAS JACARANDA
46715;DIST.SANTA FE
43659;MERCADO LUMARQUES
34069;SUP. 2 IRMAOS 
48117;MINIBOX AVENIDA
33870;MERCEARIA DEODATO 
34017;VULCANO DISTRIBUIDORA 
43412;VERDURAO DA FAMLIA
47839;EMPORIO GUERRA
47750;FERRAGRO FERRAGENS E PRODUTOS AGROP.
48119;SUP. CAVALCANTE 
48124;GEMA DE OURO COMERCIO E SERVICO LTDA
47840;NEY MARCOS DISTRIBUIDORA
43445;MERCEARIA SOUSA
47652;SUP. TIO PATINHAS
33695;MERC. J M
44478;COML. CONQUISTA
47759;EXCLUSIVA ATACADISTA
47765;SUP. NELORE
44246;SUPERCOUTO(AP.GYN - CONJ.RES.STORIL)
33818;SUP. POLLY
47798;PEIXARIA BEIRA RIO
45734;COML. REZENDE
45751;AGROBOI
47801;SUP.CERQUEIRA
47671;COML. AGUIA
47706;BISTRO DO BIFF
47735;MINI MERCADO E DISTRIBUIDORA DA PONTE
47737;SEU VIZINHO EXPRESS
47858;HIPER FESTA(ANAP-JUNDIAI)
47845;ARMAZEM CONQUISTA
47868;SUP.ACALANTO
47846;CASA DE CARNE BOI NA BRASA
47852;MERC.VITORIA
45671;MERCADO BOA NOVA
33837;MERCEARIA E ACOUGUE CAMPINAS 
45807;SUP. CAPITAL
45337;SUP. E DISTRIBUIDORA 24 H
47782;SUPER MIX PARADA OBRIGATORIA
47722;SUPER TEMUS
47797;DIST. GALDINO
47756;PRIMO - CONVENIENCIA E DIST. DE BEBIDAS
45469;COML. E DISTRIBUIDORA RESENHA
33840;ATACADO BANDEIRAS
45105;PEG E PAG RW (COM.RICARDO)
33913;CASA DE CARNE ITAPURANGA 
47802;AGROPET RIBEIRO
45303;CHURRASCARIA COMETA
42813;MERCADINHO ROCHA
47811;OSMALINDA UTILIDADES
47821;COML. GUERREIRO
34087;JOSILENE DIAS DA CONCEICAO EIRELI 
33827;MIX SANTOS
47825;SUP WE
33736;COMERCIAL ASSUNCAO 
33737;SUPERMECADO STILLO CENTER 
33738;COMERCIAL DORILANDIA 
49149;SUP. TATI
33740;COMERCIAL FLORIZA 
33741;COMERCIAL SOL NASCENTE 
33998;SUP. MARQUES 
34007;SUP. AMIGAO 
33742;COMERCIAL ATENDE BEM 
33743;KI BARATO SUPERMERCADO 
33744;MERCEARIA ALENCAR 
33745;MERCEARIA SANTO ANTONIO 
33746;OZEAS JESUS DA CRUZ 91055016104 
33747;VALADARES JOAQUIM NERES JUNIOR 943510151
33748;CASA DE CARNE - DIST. BEBIDAS E PIZZARIA
33815;MERCADO E ACOUGUE TOCANTINS 
45398;CAMPELO SUPERMERCADO
47727;BARATAO 2 IRMAOS
47808;SUP. PIETROBON
47834;ATAKAREJO ALIANCA
34093;MINIBOX MIRANDA
34109;CASA SANTO ANTONIO 
34110;CML. VICTORIA 
34111;MINI BOX TOCANTINS
34112;RAIMUNDO NONATO DA CONCEICAO DOS SANTOS 
34113;CML. NOVO HORIZONTE 
34114;CML. BOM PRECO 
47899;SUPER IMPERIO DA CARNE
34115;SUP. TOCANTINS 
34116;FRANCISCA MORAIS DOS SANTOS - ME 
34117;TEREZINHA DE JESUS A. B. ANCHIETA COM 
34118;SUP. MATHEUS
34119;CORACAO DE MAE 
47775;SUP. XAVIER
45953;MERCADINHO PAGUE MENOS
34120;COMERCIAL DEMETRIUS 
44515;SUP. UNIAO
47881;SUP.LEMOS
33856;SUP. PAG POKO LTDA 
34095;ARMAZEM DO INACINHO
33694;MERC. DA SUZY
45687;CS RACOES PREMIUM
43021;PAGLEVE MOURA
44498;SUP. AVENIDA
47885;ANTIDOTO BEBIDAS
45967;MERCADO CORREGO AZUL LTDA
45968;SUP. 3 AMORES
47888;PEGUE PAGUE ARAUJO
45964;ATACADAO COSTA (CH.MANSOES ROSA DE OURO)
47677;J M FESTAS E UTILIDADES
43121;PRIME BEER
45447;LANCHONETE VOU LANCHAR
44460;COML. DE BEBIDAS ALTAS HORAS
43169;BOX 106 NORTE
47680;CASA DE CARNES UNIAO
47742;CAPRY SORVETERIA E PIZZARIA
45808;JOSE ALVES DOS SANTOS JUNIOR
45975;MULTI COISAS OURO BRANCO
45989;SUP. QUEIROZ
45992;SUPER FESTA
47783;CABOCO DO SERTAO
44346;SUP. PIRIMIX
44381;MERC. SAO JOSE
33800;BALADA @2 MUSIC BAR E ADEGAR 
33801;CASA SAO PEDRO 
33802;MERCADINHO PRIM'US 
33803;MINI BOX CHEQUENAM 
33804;AGROVETERINARIA BURITI 
33805;MANOEL MESSIAS PEREIRA DA COSTA 86973002
45990;ENCANTOS DO JALAPAO TUR
34055;CML. K.R.E
33806;SUPERMERCADO BOM JESUS 
33807;COML. FREITAS
33808;O BARATAO 
33809;COMERCIAL AMERICA 
33810;COML. SANTA MAYRA 
45342;SUP. REALEZAR
47784;EMPORIO MIRANDA
47870;SUPER FLOR DE LIZ
43577;SUPER BOX XODO
33811;COML. 4 IRMAOS
33812;COMERCIAL ANDRADE 
47812;153 CARNES
48056;PONTO DA ARTE ARTESANATO
48063;SUP.E ACOUGUE JM
45651;PEG PAG PLUS
45993;MERC. TROPICAL
47928;SUPER ROSA BRANDAO
48021;PEIXARIA OURO BRANCO
45997;SONERA`S BEER
48025;SUP. DO CARECA
48070;SUP. ECONOMICO
47829;ATACADAO DAS BEBIDAS BARAO
46025;MERCEARIA ESTRELA 
46036;AGROPECUARIA CIDADE & CAMPO
48052;SUPREMA CARNES
33832;BAR UNIAO 
33834;FORTALEZA SUPERMERCADO 
33843;MERCEARIA VITORIA 
34090;MEU AMIGO FIEL PET 
34014;MERCADINHO PLANALTO
47894;PARPITAO PONTO CERTO
47874;SUP. IMPERIO
48071;DIST. DE AGUA E BEBIDAS CATALAO
45482;EMPORIO UNIAO
42831;ATACAREJO BOM PRECO 
47926;COML.RIO BRANCO
47951;PEG PAG PASSE BEM
47805;SERVLAR VERDURAS E CIA
45615;DIST. BEBO MESMO
47958;MIX CENTRAL ATACADO E VAREJO
47971;COSTA ATACADAO ( ST. INDUSTRIAL)
47979;EMPORIO
45619;SUP. NEVES
47764;ARMAZEM PAIM
33885;MAIS CONVENIENCIA & SERVICOS 
47980;FAST FRIOS
47986;MOINHOS SUPERMERCADO
33912;RESTAURANTE E CHURRASCARIA PALADAR 
44948;LEVE MAIS SUPERMERCADO
45994;NS RACAO
45998;REDE MASTER SUP.
47990;ACOUGUE 1.5.3.
47992;GREGORY E MATHEUS
45411;SUP. LUISA
47799;MERC. E DISTRIBUIDORA MOURA
45999;CANNELLE
46006;FERPAM
46007;COMPREBEM
46009;MANANCIAL SUPERMERCADO
46010;COM. S. SOUSA
46018;SUP. ECONOMICO
47998;MERC. E MARMITARIA ADONAI
33664;FRANCISCO DE SOUZA CARNEIRO 12802247387 
33665;CASA PARRIAO 
33666;PEG PAG PRECOS BONS 
33667;KITANDA DO WAGNER 
33668;PEG E PAG CARNEIRO 
33669;COMERCIAL FRANCO 
47959;COML. SANTOS
48067;SUP.PRECO BAIXO
33970;SUP. CARDOSO 
33670;COMERCIAL SERVE BEM 
33671;SUP. POPULAR 
33672;PAPALEGUAS LANCHE 
33673;SUP. MOREIRA
33674;KITANDA PLANALTO
33675;COMERCIAL SAO SEBASTIAO 
47754;MINI BOX E ADEGA DO THEO
47809;OCEAN FOODS ALIMENTOS
33676;COM.L MARTINS 
33677;SUP. ARCO-IRIS
47905;MERCEARIA BELA VISTA
45494;COML. PORTO REAL
44949;SUP. SAO FRANCISCO
44964;MINI MERCADO DA VIVI
44965;R C LED E LAMPADA
47745;WASNEY MOTOS E SUPER MIX JOAO DA NELI
47884;RIO CLARO PAES E MERCEARIA
48101;REDE DE FESTA( NOVA SUICA)
48076;DELICIA'S DA VILA
33910;MERCADINHO MASTER
48105;CASA DE CARNE TOP 10
47911;MEGA UTILIDADES
47897;SUP. CAIXETA
42987;MERC. MOREIRA
33771;EMPORIO BEBIDA GELADA 
45604;BARATAO SUPERMERCADO
33990;ATACADAO DOS PRECOS BAIXOS
45257;ORLANDO SIRQUEIRA DE LIMA
47941;SUP. GILSON GAS
47804;SUP.OLIVEIRA'S
43364;SHALON ADONAI
45813;SUPERSAMY SUPERMERCADO
45784;ROTA DOS AMIGOS RESTAURANTE
33817;SUP. TIRADENTES
34078;MERCEARIA DO NILSINHO
34025;SUP. BARATAO 
43097;SUPERVILLE SUPERMERCADOS
48008;ADEVALDO RODRIGUES DA SILVA 03777038180
33956;SUP. LIDER 
48086;SUP.RODRIGUES
45809;ICONE RESIDENCE
47909;COM. DE BEBIDAS BUENO
47922;EMPORIO ORLA BEACH
48000;MATHEUS SUPERMERCADO
47781;SOL NASCENTE
45796;SUP. FORTALEZA 
47960;EMPORIO MG
33660;SUPERMERCADO LUCAS 
33661;ARMAZEM FAMILIA 
33662;COMERCIAL DO GOIANO 
33663;COMERCIAL AVENIDA 
45787;LIDER SUPERMERCADO
48098;TOP FESTA (ST. CAMPINAS)
33991;CITRO5 COQUEIROS
43356;SUPERECONOMICO 2
48100;REDE DE FESTA(SAO LUIS DE MONTES BELOS)
45290;MERCEARIA AGUIA
48022;EMPORIO DO HORTIFRUTI
48099;REDE DE FESTA(ST.COIMBRA)
48296;SUPER CRISTAL
45535;ANDRADAO BOUTIQUE DE CARNES
47842;EMPORIO INOVE
47790;VIENA PAES
47831;DODO DISTRIBUIDORA DE BEBIDAS
33863;SUP. E DISTRIBUIDORA TEM DE TUDO
33698;MERC. GETSEMANI
47896;OS MENINOS DO AGRO
43426;SUPER GOLD
45674;BAR JI
45676;COML. EXTRA
47749;OTA
45683;BAR E MERCEARIA IRIS
44359;JAICAR AUTOPECAS
47792;SUP. MENOR PRECO
45575;MERC.  A L
47838;COML.JR
44889;SACOLAO FRUTOS DAS TERRA
45681;SUP. AGAPE
45649;VERDURAO E MERCEARIA MENDES
47875;HIIPER FESTA(PALMAS-PLANO DIRETOR SUL)
44408;SUPER + SUPERMERCADO
47806;CURICA AGRO PET
45812;VILLA EXPRESS
45814;EMPORIO CARLAO
45321;MERC. TET
43119;SUP. TULA 
45259;PHETERSON REPRESENTACAO COMERCIAL
47747;COML. OLIVEIRA
45522;LEVE MAIS SUPERMERCADO
45394;SERRANO SUPERMERCADOS
45420;SUP. MEGA (CIDADE DE GOIAS)
47779;TRANSBILL
47850;ROYAL GYN DISTRIBUIDORA ATACADISTA
43037;SUPER REGIONAL
43106;MINI MERCADO VITORIA
45788;HIPER CASARAO
47807;YAN PING
45466;SUP. NOVA JERUSALEM
47866;SACOLAO AVENIDA
33786;COML. BIANCA
33787;SONIA MIRANDA MILHOMEM 
33788;COMERCIAL JK 
33789;COMERCIAL ROCHA 
33791;COMERCIAL IRIS 
33792;MERCADINHO MIX RIBEIRO 
47977;SUP.AQUI TEM
46908;ATACADAO CAMPEAO II
47877;HIPER FESTA(PALMAS-JARDIM AURENY II)
33793;ARMAZEM NORTE SUL 
33794;COMERCIAL AGUIAR 
33836;COMERCIAL JR 
45229;MERC. E ACOUGUE SANTO ANTONIO
47873;MAISON FLORENCY EMPORIO E BUFFET
33685;SOLAR VILLE BEBIDAS 
47878;SUP. CENTRAL
33701;BIG BOX
47861;HIPER FESTA(ANAP-JD.GONCALVES)
47908;MERCEARIA BOA COMPRA
46220;SUP. FORTALEZA
43895;CASA DE CARNE AVELINO
46902;VALLE DIST
46148;COML. IMPERIO
48118;FORTE ATACAREJO (JARDIM PRESIDENTE)
47892;MATERIAL DE CONSTRUCAO STA. MARIA
48133;SUP.AVISTAO
42825;SIMONE VIEIRA VALENTE (HOTEL DENALI)
42826;POP SUPERMERCADO
47937;SMART ARAGUAIA II
47923;NEORI DE LIMA NOTTO
47219;ATACADAO PREMIUM
42818;SUP. BARATAO
42824;DUPANE PANIFICADORA E EMPORIO
42839;SUPER BOX VIEIRA
48122;MERCADINHO ALIANCA
45331;MERC. CRISTAL
47841;CASA DE CARNES CENTER FRIOS
45312;SUP. ANDORINHA II
47774;VERDURAO R7
48078;FRIGORIFICO GOIAS (FRIG.GOIAS)
47939;AGROFERRAGISTA MORAIS 2
45653;SUP. DIMENSAO
48134;COML. MOURA
45255;CHAPOLIM BEBIDAS
46509;RESTAURANTE E LANCHONETE CASSIMIRO 
33749;CAPRICHUS PET SHOP BANHO E TOSA 
33750;COMERCIAL ESTRONDO 
33751;COMERCIAL 3 AMORES 
33752;PANIFICADORA UNIAO 
33753;ALUCILENE SOARES DA CRUZ SANTOS 99110300
47225;COML.CHIQUINHO
33729;VET 10 
33930;SUPER ATACADAO
33754;COML. ANDRADE 
33755;PANIFICADORA DOCE MEL 
33757;COMERCIAL MALU
33758;JOAO FRANCISCO MARTINS RICARDO 307965981
33759;VALDEIR DE ASSIS CRUZ 94709050163 
33760;COMERCIAL KI - BARATO 
46035;BEBIDAS CAIXETA
48145;ELITE PET
33761;PANIFICADORA E MERCADO EBENEZER 
33762;PEG PAG NOVA FRONTEIRA 
33763;SUPERMERCADO E PANIFICADORA EBENEZER 
33764;R R SUPERMERCADO 
33765;COMERCIAL JM 
42820;TOP FARMA
44901;CASA DE CARNE DOIS IRMAOS II
48026;CERRADOS CONVENIENCIA
47857;HIPER FESTA(CERES)
33766;COMERCIAL MONTE SINAI 
33767;AKILANCHE 
33768;COML. CAMARGO 
33769;COMERCIAL RODRIGUES 
33770;MERCADINHO SERTANEJO 
33773;COMERCIAL BARBOSA 
43129;SUP. GALVAO
48069;SUP. EL PATRON
44497;CASA FLORA (CEASA)
44528;EDIFICIO POLUX RESIDENCE (MATSUDA)
33774;COMERCIAL BOM SUCESSO 
33775;PEG PAG BOM SUCESSO 
33776;COMERCIAL AMIGAO 
33777;COMERCIAL SANTA CRUZ 
33778;CLEONICE RIBEIRO MARTINS FALCAO - ME 
46032;SAFRA CLEAN
34040;PET MANIA
46178;SUPERMERCADO MACRY II
47864;HIPER FESTA(AP.DE GOIANIA-JD.NOVA ERA)
33780;COML. LAURA 
33781;SUPERMERCADO SUPER MIX 
33782;MINI BOX ALVES 
33783;IGA 
33784;MERCEARIA E SORVETERIA CELIA
33785;JOSE ROBERTO AQUINO LIMA 34923080159 
45822;PANIF.PAO DOURADO
42871;MASTER SUPERMERCADO
48154;VITORIA DISTRIBUIDORA
43161;MERCEARIA REAL COLINAS
47867;BUENO RESIDENCE - ASSESSORIA DE COBRANCA
34130;ACOUGUE E MERCEARIA DO BENE 
45739;SUP. AGRONAPOLIS
42872;MERC. NACIONAL
42874;HIPERMERCADO LAGOA AZUL
42900;PEG PAG LANDIM
42947;CONVENIENCIA ATLANTA
48186;ACTION EVENTOS
42845;PET SHOP PEDIGREE
47862;SUPER LEVE
42982;EMPORIO PREMIUM
43068;MERCADINHO OLIVEIRA
43285;COML. MAX
43416;COML. RODRIGUES
43669;SUP. SOBERANO
42951;MERC. GUIMARAES 
42952;SUP. BOM JESUS
42954;MERC. SANTOS 
42979;COML. PEDROSA
42984;BELLA EMPORIO DOS PAES
43380;SUPER TOP
33847;MINE BOX TATICO 
44171;CASA DE CARNE  SO  LUIZ SUPERMERCADO 
47571;LEVE + FRIOS
33728;COML. PARAISO 
42883;EMPORIO T 63
46333;DISTRIBUIDORA DA KALINE
43447;BANY SUPERMERCADO
43006;SUP. MARINHO(COND.RIO BRANCO)
51017;SUPER SOUSA
51022;HOOKAH MIST TABACARIA
43022;PANIF. NOSSA SENHORA APARECIDA
45699;SQUADRA COMERCIO E SERVICOS
45499;PET SHOP PATAS E PELOS
43054;BELCINA MERCEARIA
43060;MERCADINHO MINI PRECO
43081;JP SUPERMERCADO
46919;GM - REVISOES
43397;SUP. ARAGUAIA
48057;SUP. JB
43082;KS SUPERMERCADO
43130;MERCEARIA ALIANCA
44087;CONVENIENCIA ESMERALDA
48096;MERCADAO DA ECONOMIA (VL. PROGRESSO)
42920;SUP. E DE KASA
42939;MERC. E DISTRIBUIDORA FRANCA
43109;APETITUS RESTAURANTE
34107;NB RACOES 
43095;LOPES COMERCIAL
43170;SCARLAT INDUSTRIAL LTDA.
43173;SUP. AVENIDA
47880;COML. D JACY
43174;SUP. LAR FELIZ
43180;CALANA FRIOS
43441;MERC. ALEXANDRE
44530;GM DIST. DE PRODUTOS ALIMENTICIOS
45731;PEG PAG SANTA FILOMENA
42856;SUP. BAIUCAS (CENTRO)
43265;COML. NEW JERSEY
43323;MAIS VOCE SUPERMERCADO
43359;BRISEE PANIFICADORA
42991;HOLANDA SUPER
43462;CONVENIENCIA BRASILIA
44271;OLIVEIRA SUPERMERCADO
42925;BARRIGA CHEIA RESTAURANTE
43581;SUP. JC
45781;COML. ARTHUR
48020;IMPERIO DAS RACOES
42936;MERC. RIBEIRO 
42981;D COFFE
43029;SUP. BATISTA
43030;ENTREPOSTO
45258;HELIO BARROS DA SILVA
42931;MERC. MOURA
43476;SUPER BARAO ST.BUENO
44172;SUPER BAIXIM
48092;LOBOS
43116;OLIVEIRA SUPERMERCADO
45706;EMPORIO CENTER
33710;MAXXI SUPERMERCADOS 
47572;SUPER SIAO ATACADO DE BEBIDAS
46099;SUP. BOM SUCESSO
46973;EMPORIO TODAUN
47995;EMPORIO COSTA
47931;MAIS BEBIDAS
46230;"SUP.GERLU (LJ. 02)
"
43166;COML. POR DO SOL
45714;SUP. PRECO BAIXO
43251;DELLA PANIF. REST. (VILA NOVA)
44169;SUPERMERCADO  LIDER
48094;CASA DO CRIADOR
45261;TOBIAS BAR
48162;SUPER LIDER
43958;MERCABOX COSTA
43395;IMPERIO SUPERMERCADO
43434;DROGASHOP
48095;MERCADINHO SILVA
34013;LANCHONETE SOUZALANDIA 
34032;VENDINHA DA FAMILIA 
34121;COML. VITORIA 
34122;CASA NOVA MATERIAIS DE CONSTRUCAO 
45001;COML. BOM PRECO
34124;COMERCIAL SAMARA 
34125;SUP. ECONOMICO 
34126;SUPERMERCADO SUPER BOM 
34127;FRANCILEIDE DA SILVA GOMES 87441683149 
34128;PANIFICADORA BELA 
34129;COMERCIAL TJ 
47891;MERCADO SANTA MARIA
48059;RADLOG 
48079;SMOKE - BEER
48183;PRESTACAO DE SERVICOS SOARES
47956;MISSE
42999;SUP. RODRIGAO
43923;VEGAS CONVENIENCIA
45577;MERC. SOARES
47965;PAMONHARIA E PASTELARIA BRASIL
46845;AGROPESCA MANDALA
45339;SUP. DAMACENO
44485;BALCAO DAS MAGICAS COMERCIO DE BRINQUEDO
47865;IMPERIO DAS RACOES
45578;SUP. CASTELO FORTE
45622;EMPORIO DAS FRUTAS E VERDURAS
46546;PAO DA TERRA
43394;TOCA DOS FRIOS
46236;COML. ESTRELA
43688;MINI MERCADO SANTA FE
47981;TORRES COMERCIO E REPRESENTACOES
45340;SUP. ARAGUAIA
47904;O VERDURAO
43090;WALTER MINIMERCADO
43102;BARATAO SUPERMERCADO
43107;SUP. SHALOM
46852;SUPER MIX
47991;MIX CONVENIENCIA
48061;SUP. REMPEL
42907;MEU CANTINHO
42971;SUP. REIS (13-RES.MORADA DO SOL)
42972;SUP. REIS (14-JD TURISTAS-CALDAS NOVAS)
42973;SUP. REIS (15-JD.PRESIDENTE - RIO VERDE)
43487;AGRORAIZAMA
47872;MINI BOX JERUSALEM
48062;SUL SUPERMERCADO
45262;IVANILTON COSTA REIS
33833;ATAKADIM DAS PINGAS
43020;HIPER BARATAO
44472;RESTAURANTE KI-FOME
47898;SUP. SACOLA CHEIA II
33699;MERCADO GIUSEPPE 
43016;SUP. TELO
43033;POSTO GOIANAO
47906;SUP. BONANZA
45685;PAGUE MENOS SUPERMERCADO
42969;SACOLAO BOA GENTE MINIBOX
42915;BAR E MERCEARIA TOCANTINS
47924;GOLD DISTRIBUIDORA
47836;CHACARA DO CESINHA
42938;SUP. MASTER
43127;MERCADINHO DUAS MARIAS
43128;COML. ARAGUAIA
44886;SUPER MARTINS
44914;MERC. E DISTRIBUIDORA DE BEBIDAS NO
42905;SUP. ARAGUAIA
42966;MINI BOX TAQUARUCU GRANDE
42970;SUP. REIS (12-ST.AFONSO PENA)
47847;AGRO TERRA
33829;SUP. BARBOSINHA
45458;CHEFAO DAS BEBIDAS
33983;COML. ALVES 
44778;COML. LUCAS
47983;SUP. PRECO BAIXO
46898;SUP. MARCOS
43184;SUPER MORELI
46911;TH MEDEIROS RESTAURANTE
46920;COML. BARATEIRO
48039;MERC. MATOS
45242;PEG PAG UNIAO
47921;SSA ALIMENTOS
47744;GOMES DISTRIBUIDORA & CONVENIENCIA
43385;SUP. DI CASA
48385;DISK CERVEJA ALTAS HORAS
33941;SUP. SUPER COMPRE MAIS 
47950;COSTA ATACADO (LUZIANIA)
47261;DURABOX
43171;ARMAZEM FIT STORE PALMAS
43372;SUP. BARAO
43457;BAIUCA'S SUPERMERCADO
48049;TEMAKERIA TAIYO
42877;DROGARIA ECONOMICA
42937;MERC. CRISTAL
43009;COML. ARAUJO
43058;CONVENIENCIA SANTA HELENA 
42895;SUP. ESPIRITO SANTO
42978;MERC. HP
47954;SUP.CLAYBOM
48107;FAROLZAO DISTRIBUIDORA
43105;VANDA ALVES COSTA
43153;MINI MERCADO
43568;PITIKO RACOES
33688;COML. COSTA
42878;NH SUPERMERCADOS
33862;G. S. A. COMERCIO E SERVICOS 
46422;DISTRIBUIDORA AVENIDA BRASIL
42989;MERC. JM
43273;CASA GOIANA - AQUI TEM
43418;MINE BOX BORGES
43701;AGROCENTER 2 B LTDA
47088;CONVENIENCIA TOCA DA ONCA
46996;BELLA MILAO
43362;SUP. IRMAOS BUENO
44200;SUPER PRECO BOM ATACAREJO
48211;MERCADO DO TURCAO
43455;PANIF. QUITINO
48104;SUPER LIVRE
43117;RIO BRANCO SUPERMERCADO
48144;SUP.AVISTAO 
48195;HIPER NEVES
42980;SUPER BOM PRECO
48009;COML. RODRIGUES
48042;D'KAYQUE SUPERMERCADO
33684;SUP.NELORE - LOJA 1
43324;PANIF. PAO DE OURO
44224;SUPER SILVESTRE
33931;MINI MERCADO KAUE 
48190;Z L CASA DE RACOES
43094;SUP. E ACOUGUE PERNAMBUCO
43179;SUP. MENEZES
43071;PANIF. 03 IRMAOS 
43124;MERCADINHO BRAGA
43213;TESTE MUCIO
47999;COML.MAIA
43115;CASA DE CARNE E MERCADO JS
42903;AGROLUZ AGROPECUARIA
43002;AM MERCEARIA
42882;PATRAO SUPERMERCADO
42891;COML. LIMA
43619;EMPORIO CERRADO
46801;PREMIUM DIST.
48167;GRAO ESPECIAL LOPES
44912;SUP. DUBOM
33705;CML. MOTA 
42885;RIO QUENTE SUPERMERCADO
43560;JM DISTRIBUIDORA DE BEBIDAS
43562;SUPER MIX 
48007;MINI BOX RL 2
43443;BANCA DA LEIDE
48194;ESQUINAO DA ECONOMIA
33967;COML. FENIX 
46482;NOTA 10(VL.NHONHO GODINHO)
43131;SUP. RECANTO
42875;SUP. BARAO
43122;MERC. SOUZA
48393;SUP. ESPERANCA
47863;HIPER FESTA(ANAP-CENTRO)
33779;PINGUIM COMERCIAL E BEBIDAS 
47970;MERCADO ESMERALDA
33696;COML. MARTINS 
45227;ARMAZEM SANTOS
33709;HORA EXTRA - MINI BOX CONVENIENCIA
47940;MERCADAO FRIOS EMBALAGENS E +
47952;DI CASA SUPERMERCADO
46172;SUP. SIQUEIRA
47912;MERCADO RURAL
48075;SUP. UNIAO
47955;EMPORIO LACO VERDE
47953;SUP. M&C
47964;MERCADINHO 3 IRMAOS
48131;SANTANA'S SUPERMERCADO
48155;AGROPET BRASIL
48132;SUPER 10 SUPERMERCADO
48005;SUP. POTENCIA
48060;SUP. RODRIGUES
33697;SUP. RIBEIRO 
43165;AGROVALE SUPERMERCADOS
43984;SUP. BOM PRECO
48041;RS RIBEIRO SUPERMERCADO
47972;COSTA ATACADAO (AGUAS CLARAS)
42832;SUP.PONTO FORTE
47942;A DULAR FERRAGISTA
47973;COSTA ATACADAO (VICENTE PIRES)
42944;MERC. ALIANCA 
45310;BRAVO MINI BOX E DISTRIBUIDORA DE BEBIDA
46850;SUP. PRATIKO (BOA VISTA)
48123;JL AMARAL CASA DE CARNE
45376;EMPORIO SUCESSO
47974;COSTA ATACADAO (LAGO NORTE)
47849;CHIC BEEF ACOUGUE
48006;LN SUPERMERCADO E CONSTRUCAO
48152;BRUNOS
45686;COM. DO SEU PEDRO
46346;SUPER MAURO
47919;ARMAZEM IPE
47945;SUP.COMPRE BEM
48048;LIGA INTER
48043;EMPORIO RODRIGUES DISTRIBUIDORA E SUP.
47976;MERCADO KL
44522;MARVEM SUPERMERCADO
47949;PEG PAG SERVE MAIS
48019;MAX SUPERMERCADOS(RESID.RIO VERDE)
45316;GD DISTRIBUIDORA
33854;SUP. MARIA EDUARDA 
47901;NS VENDAS
33707;MERCADINHO & PANIFICADORA ARAUJO
47837;FAUNA URBANA
47915;POINT 011 BEBIDAS
48166;SUPERCOUTO(AP.GYN - JD.NOVA ERA)
47947;BAHREIN DISTRIBUIDORA
45444;SACOLAO PARQUE DAS BRISAS
48091;MERCADINHO BARBOSA E ACOUGUE
48010;ACOUGUE DO GILSONEI
45665;COML. ESKINAO
45468;SUPER MIX 
43013;SUP. IDEAL
48130;SUP. DONA MARIA (JD BRASILIA)
48156;MANIA PET
43888;SABLE PANIFICADORA
47968;EMPORIO @GYN
43256;SUPREME SUPERMERCADO
43464;TESTE 01
45705;SUP. PATRICIO
48050;KENKYO EMPORIO ORIENTAL
33706;MINI BOX GARCIA
33756;ACAUA BEBIDAS GELADAS 
33679;MINIBOX CENTRAL 
33680;SUP. BEM BARATO
33681;COMERCIAL BOA SORTE 
33682;SUPERMERCADO LC 
47932;SUP. E MOVEIS EL SHADAY
48051;PRIME BEBIDAS CATALAO
45627;CAVEMA NUTRICAO ANIMAL
45802;CONVENIENCIA PRACA DOS GIRASSOIS
48084;SUP.PROCASA
44084;SUP. SERVILAR
48028;D'PR1ME1RA - EMPORIO DAS CARNES
47943;O VENDAO
33686;COML. BOM PRECO 
34096;CASA DO AGRICULTOR 
34097;MATEUS EMPREENDIMENTOS 
34098;COML. 5 ESTRELA 
45234;FLAVIO LEONARDO DE MORAES
48142;SUP. PRIMAVERA
43118;SUP. POLLIANA
48146;EXTREME TENDAS & EVENTOS
44538;MERC. E DISTRIBUIDORA MARTINS
44950;SUP. FAMILIA
43671;FATIADOS & CIA
45746;COML. ARAUJO
45747;SUP. BARROS II
48102;MERCADINHO SAO JOSE
34094;MERCADO BOA VISTA
45742;IDEAL VARIEDADES
48161;COML. J & B
48082;SUP. E PANIFICADORA BOM JESUS
42958;PANIF. E CONFEITARIA ARTES PAES
42994;SUP. E PANIFICADORA PAO GOSTOSO
43040;MERCADO ATALAIA
43062;SUP. E PANIFICADORA PARAISO
48093;COML, CASA DE CARNE CONFIANCA
42863;DROGARIA CRISTO REI
42941;SAO JORGE KIDS E CIA
43057;COML. MACRO MIX
43070;MUNDO VERDE 
48054;MAIS SABOR 2
45119;MERC. DANTAS
43076;SUPER BOM SUPERMERCADO
43077;SUPER SI
43084;SUP. CARDOSO
34041;NATIVA
43098;AGRONUNES
43100;SUP. BARATAO
43101;COML. LEAL
43103;SUP. SHALOM
43125;SUP. LARANJAO
43134;RML REPRESENTA
43042;MERCADINHO BEIRA RIO
43175;SUPER VIP (JD. SANTA BARBARA)
43215;COML. MELO
48016;TURIBIO
43218;TESTE MAXIMA
43249;LAPIS DE COR
43257;SUP. AVENIDA
43267;SUPER ALIANCA
33687;GOIAS CARNES 
34024;LU SUPERMERCADO 
43347;LC MINIMERCADO
43366;MEGA SUPERMERCADO(APARECIDA)
44482;MERC. 2 IRMAOS
44446;EL TORO CONVENIENCIA & DISTRIBUIDORA
45125;COML. CERQUEIRA
43186;AGROPECUARIA ANDRADE
43370;MERCEARIA E CONVENIENCIA EMPORIO CANAA
43376;SUPREME ODONTOLOGIA ESPECIALIZADA
43379;MERCADO ECONOMICO
48013;SUP. CAMPEIRO 
47982;JUNIO HIPER RIBEIRO
42840;SUPER LIMP PRODUTOS DE LIMPEZA
43045;COMERCIAL WL
46721;MINI MERC. DO TERERE
48055;SUP. AZEVEDO
48015;CENTRAL CONVENIENCIA E DISTRIBUIDORA
43110;IMPERIO SUP.
47946;PANIFICADORA MINI PAO
33772;DICO SUPERMERCADO 
42821;LANCHONETE MORIA
48077;RACCA BAR E RESTAURANTE
47984;EMPORIO DAS CARNES INSPIRE REDE INSPIRE
43151;D.L.C.J RESTAURANTE
43510;GOIABAO SUPERMERCADO
43513;MERCADO CRISTAL
42879;COML. GM
42899;SUP. SOL NASCENTE
47574;MIX GRANJEIRO
48080;MUNDO DAS BONECAS
47962;ARMAZEM 32 EXPRESS
42881;SUP. UNIAO
42884;SUP. NORTE
42935;ARMAZEM E EMPORIO DU CARMO
42946;MERC. VITORIA
47987;COMIVA
48277;MV DISTRIBUIDORA
42835;MEGA VERDAO
42893;SUP. AKALANTO
45678;CASA DO CAMPO
43189;CHURRASCARIA RECREIO
43190;PONTO FELIZ SUPERMERCADO
43375;SUP. BARAO
43597;MINI BOX AVENIDA
48196;DIST. DE BEBIDAS PARADA OBRIGATORIA
48221;VILLAS EMPORIO
42904;SUP. SAO JOSE
42926;COML.LB
42990;SUP. E DISTRIBUIDORA ENTRE RIOS
43005;SOL NASCENTE TRANSPORTE 
47988;SUP.SERVE MAIS
47989;SUP. SERVE BEM ( ST. TORRE)
43007;SUPER DACASA
43031;C.C.M. CEREAIS
43136;COML. PEREIRINHA
45199;MERCADAO DA ECONOMIA  (GOIATUBA)
48240;DIST.PEDROKA
33690;AGROPECUARIA JM 
34080;SUP. LIDER
43145;SUPER REZENDE SUPERMERCADO
43196;SUP. CL ECONOMIA
43220;TEODORO SUPERMERCADO E CASA DE CARNE
44290;COMERCIAL ESQUINAO
44871;SUP. ANDORINHA
43377;SUP. PONTUAL 
43406;SUP. PEREIRA
43266;COML. PLANALTO
42861;SUP. CENTRAL 
48081;MAXXI ATACAREJO
48228;SUP. FLOR DE MINAS
43427;BAIUCAS SUPERMERCADO (PAI ETERNO)
43477;PEG & PAG E CASA DE CARNE NORDESTE
43499;EXITO GAS
48241;BARATAO DAS CARNES
33689;BAO ATACAREJO
48089;IMPERIOMIX
48267;MUNDO DAS RACOES
48149;EMPORIO E BUTECO T13
48280;MARINA NEVES FERNANDES 
42928;ARMAZEM TODO DIA
42929;SUP. CAMPOS
44635;SUP. SANTA RITA
48158;SUPER RIBAS
45801;REY LAR SUPERMERCADO (LOJA 04)
48126;SUP. ECONOMIA
48253;AGROPET CAO E GATO
45632;MERCADINHO LIMA
47918;TERMODINAMICA
43647;SUP.SKINAO
48141;MINI BOX PREMIUM
48151;CESAR FERREIRA DE ALMEIDE
43373;SUP. BARAO
48064;CONSTRUCASA
33659;AGRO PET VETERINARIA 
48287;EMPORIO SOUSA
48292;SUP. DOMINGOS
42957;CASA DE CARNES MENDES
43055;BONTRATO
43112;COML. CRISTO REI 
45749;SUPER BARAO - RIO VERDE
48257;TOP UTILIDADES E PRESENTES
48109;MOREIRA MUNDIAL SUPERMERCADOS
48275;SUP.AMORIM
47996;SUP.ZAP ZAP
48278;ARAGUAIA CORRETORA
48429;SUP.  BARATAO
48153;TELEOPCAO
48237;PAIOL SUPERMERCADO
47997;PRIME BEER
48165;SUPER IMPERIO
48188;BR MANIA
48120;ROTA 103
48185;DIST. DE BEBIDAS ALTAS HORAS
48111;REDE DE FESTA( JD.BALNEARIO)
48184;CASA PORTO PANIFICADORA
48245;FELLIZARDO ATACAREJO
48112;REDE DE FESTA(ST. GARAVELO)
48113;REDE DE FESTA (ST. NOVA SUICA)
48163;COML. MARANHAO
48058;SUP. DA VILA
48189;EMPORIO BILLY BEER
46145;CASA DA CACHACA VS
48138;BAR DO PAPAI
48242;ESQUINA 62
48249;MERCADINHO NOVAIS
48311;ULTRA POPULAR(VL.ROSARIO)
48072;COML. SAO FRANCISCO
48319;EMPORIO DA MUSSARELA
48148;CAMELLO SUPER
48125;GARCIAS SUPERMERCADO
48074;ATACADAO BOM PRECO
48298;RIO VERMELHO ATACADO E VAREJO
48304;PAPELARIA MASTER
48215;MIL CONVENIENCIA
48321;DOCE MARIA
48159;EMPORIO MIX
48197;EMPORIO 308
48230;GELADAO BEBIDAS
48285;COML. ESPERANCA
48309;SUPER M&M
48216;SERGIO BUFFET
48035;MELO DISTRIBUIDORA DE BEBIDAS
48234;SUP. DO ELIAS
48224;FERRAGISTA FERNANDES
48047;UNIAO SUPERMERCADO
48201;EMPORIO ALPHA
48327;SUP. BERTAVILLE
48088;ATLANTAS DISTRIBUIDORA
48239;MERCADO TORDESILHA
48140;AGRONIL
48225;COML. MATEUS
48273;MC GOMES ANAPOLIS
48360;EMPORIUM DO RODRIGUINHO
48373;RIGONALI ALIMENTOS
48340;LOLO BEBIDAS & MARMITARIA
48252;VR
48344;BAGLEY DO BRASIL ALIMENTOS LTDA
48367;COML. ECONOMICO
48038;BELISSIMO EVENTOS
48374;BARBEARIA CINTRA
48323;CASA DE RACAO DEUS E FIEL
48168;CASA DO LAVADOR PORTO
48333;SUP. PRECO CERTO
48335;ADEGA CENTRAL
48350;EMPORIO 2 IRMAOS
48046;ARAGUAIA MERCADINHO
48272;A.A.A.C.E.D.
48376;J. A VARIEDADES
48324;AGUIA MATERIAL DE CONSTRUCAO
48389;DIST. ZERO GRAU
43075;SUPERMERCADO S?O LUIS 
43078;LIMA'S LANCHE
43399;SUP. SUPER VALU 2
44184;PASTIFICIO SELMI S/A
48244;SUPER BRASIL
42988;SUP. UNIAO
43044;MERC. E CONVENIENCIA AVENIDA
42868;MERCADINHO COELHO
43446;IMPERIO SUPERMERCADOS
48129;FRUTAS PARAIBA
42851;EMPORIO SILVA BRASIL
42853;PETROLIDER
42854;TESTEJOAO
42933;MERCEARIA OLIVEIRA
43067;SUP. CAMPEAO 
42880;FERRAGISTA ESPANHOL
42950;SUP. COABA
43001;PANIF. SOUZA
42930;MERC. DO MAGRAO
43396;SUP. RIO JORDAO
43414;ALEX SANDRO KAROL TRANSPORTES
43149;COML.VALIM
43059;CERVEJA & CIA
43163;SUP. PEDROSA 
44339;SUP. SUPREMO
48103;CASA DAS BEBIDAS
43202;NATIVA DISTRIBUIDORA DO PAULINHO
43203;SUP. BETEL 
43941;COML. TROFEU
44151;SUP. NORTE SUL
43240;CASA DAS ERVAS
43219;DISK BEBIDAS AVENIDA
43429;SUP. NOSSA SENHORA APARECIDA (BUENO)
43438;COMERCIAL NOSSO
48045;LIDER DISTRIBUIDORA DE BEBIDAS
43137;BAR E RESTAURANTE DO TREVO
43133;SUPER LIDER (VL BOA)
43478;SMART MAYSA
48037;MERC. TODO DIA
43363;SABOR BRASIL ALIMENTOS
48090;CANTINHO DAS EMBALAGENS
48200;COML. BOM PRECO
48288;PC QUEIJOS E VINHOS
43758;SUPER REIS SUPERMERCADO
43167;COML. ARAGUAIA 
48137;SE SOBRAR EU VENDO
48394;MDM REPRESENTACAO
43439;EMPORIO JOTA
48040;THIAGO DE SOUSA OLIVEIRA
44869;SUP. VARGAS II
45758;HORTIFRUTI BELA VISTA
45776;COML. SERVE MAIS
45811;SUP. J & E
48229;PRIME BEBIDAS E ALIMENTOS
48259;FERRAGISTA EXATA
45752;SALIM MUSTAFA RESTAURANTE
45799;VAVA ESPETOS
45804;SUP.SERRA DOURADA
45810;SUPER JOTA
43209;MERC. DO DITO
43069;ITABERAI FRIOS & EMBALAGENS
45816;CASA DE CARNE CONQUISTA
45818;EMPORIO DAS VERDURAS
44196;PAULISTA SUPERMERCADO
50910;PONTO DA CARNE GRIL
45616;J A ALIMENTOS
44464;LANCHONETE SANTA FE
42841;ATACADAO COSTA (JD. GOIAS)
42843;ATACADAO COSTA (VALPARAISO DE GOIAS)
42909;SUP. PRATIKO (RIVIERA)
49424;DIST.SOARES
43857;CHURRASCARIA BOI NA BRASA
44111;AMARZEM RIBEIRO 
42889;MERCADO JEOVAZIN
44152;SUP. NORTE SUL
48135;ATACAREJO BAHIA
43019;CASA PORTO PANIFICADORA
45243;MERC. JR
45692;MERCADINHO FAMILIA
45235;SANDRO AZAMBUJA DE OLIVEIRA
45713;NOSSO BAR
45719;EMPORIO GOIAS
45772;MERCADINHO DO NEGO
45795;MERCADINHO DO BRANQUINHO
44552;SEMPRE MAIS SUPERMERCADO
45256;PRIME- O PRAZER DA CARNE
42847;SUP. MEGA 
43091;PRONTO SOCORRO DISTRIBUIDORA DE BEBIDAS
43280;SUP. MIRANDA
43126;PEG PAG ACOUGUE GENESIS
48115;PANIF.PAES SUPER PAO
42921;POSTO DEZ 
42934;ACOUGUE E MERCEARIA DO ADELIO
47322;COML. AVENIDA
43028;ATACADAO DAS CARNES
43281;MINI MERCADO SUPER ECONOMIA
43674;SUP. FAVORITO 
48157;EMPORIO OESTE
46967;REDE LORETO SUPERMERCADOS
48121;SUP.CARVALHO
45113;MINI BOX & BEBIDAS BUDEGA
48219;O BARATEIRO
48274;SUP. RODRIGUES
45520;MINI BOX POMPEU
45677;SUP. K. M. BRASIL
45748;SUPER BARAO JD ATLANTICO
48312;ULTRA POPULAR (GURUPI CENTRO)
48193;CONVIVIO DISTRIBUIDORA
43182;SUP. AVANTE
44384;DROGARIA PRIMAVERA
43212;PAO CROCANTE
42997;MINIMERCADO DA 308 SUL
43146;ARMAZEM E ACOUGUE DOIS IRMAOS
43353;STOP PAES
43000;EMPORIO ESPERANCA
43390;SUPER MOREIRA 
45266;SUP. CRISTAL - GRUPO TOCA DO COELHO
42977;SUP. ABELHA
45114;MERCADO BEM AMIGO
46292;COML. VITORIA
48301;BRETAS (CD)
42830;USIBRAS
48318;SUPER MIX GOIATINS
45697;SUP. TEM DE TUDO
45733;KATZ HIPERMERCADO
45783;SUP. SANTIAGO
45718;MERC. E DISTRIBUIDORA MINAS
48231;MERCADAO DA ECONOMIA (PIRACANJUBA)
43181;MERCADINHO PRECO BAIXO
45531;COML. TABOCA
43369;CONVENIENCIA MOREIRA
44509;JUNIOR AGROPECUARIA
44586;STILLUS
43840;POSTO GOIANAO PADARIA E CONVENIENCIA
44118;MERCADINHO WR
45201;MERC. RIBEIRO
45204;ELLOS MOTEL
45507;DI MINAS SUPERMERCADO
42949;MERCADO RENDE BEM 
43010;MERCADINHO E BAR LUNA
45291;COML. COSTA
45715;SUP. IDEAL II
48276;PAPELARIA COMPASSO
45442;REDE MASTER SUPERMERCADOS
45666;SUP.SUPER BIG
46195;SUP.BRASIL(AP.DE GOIANIA)
45416;SUP. AMARAL
45493;VAV PEG-PAG
45778;MAC ENGENHARIA
45269;COML. ALIANCA
48377;COMERCIAL PONTO CERTO
48396;SUP. NOVA MORADA
43188;SUP. TOCANTINS 
48262;PEG PAG MORRINHOS
43086;SUP. MAIS PIMENTA
43088;SUPER DIAS
43140;ROCHER 
44063;GOIAS VERDURAS SUPERMERCADO
43147;SUP. SUPER GIRO
42852;MERCEARIA SM
42894;SUPERPIMENTA
43015;FRUTARIA CENTRAL
43142;MERCADINHO UNIVERSITARIO
43143;SUP. TRES VENDAS
43450;SUP. NOVA ALIANCA
48320;LANCHONETE E RESTAURANTE W.F.
48331;CLAUDIO'S DISK BEBIDAS E MERCEARIA 2
48392;ADEGA E PEIXARIA LA
43433;MAIS GOIAS ATACADAO
45645;B MAIS HIPERMERCADO
44594;ATACADAO DOS PRECOS BAIXOS
48169;SUP.TRYON
43520;EMPORIO TRYON
45786;MAX ATACADISTA
43352;SUP. ECONOMICO
42965;COML. JOTA
43388;FFGGGGGGGF
42918;JOAO SAT SUPERMERCADOS
42923;NUNES SUPERMERCADO
48192;PEG PAG SAO JOSE
45541;SUP VALE DAS BRISAS
44168;SUPER LIDER SUPERMERCADO E CONVENIENCIA
44170;CASA DE CARNES E SUPERMERCADO SAO LUIZ
48667;DIST. GOIANA
45744;BARRA S DOCE
48247;SKY GURUME
48364;LEVE MAIS BOX
45720;SUPER PALMAS SUPERMERCADO
43176;SUP. TREVISO
48293;MERCADINHO SAO JOSE
48381;A ATUAL DISTRIBUICAO
43675;MERC. DNEI
48208;MINIBOX
42919;VERDURAO ESPLANADA
42948;CANAA PAPELARIA E VARIEDADES
42996;TABACARIA E CONVENIENCIA GIRASSOL
43025;PATRAO SUPERMERCADO
45655;SUPER PIPOCA (PALMARES)
43544;VIVENCE HOTEL
42898;COML. ALENCAR
45332;MEGA DOCES(CENTRO)
45338;ECONOMIZA SUPERMERCADO
45756;ARMAZEM PIRENEUS(CENTRO)
48430;BRETAS (GARAVELO)
43155;COML. VITORIA
43578;SUP.MAIS FAMILIA
49265;ADEGA REAL
45791;WA DOIS IRMAOS DIST.E SERV. DE COBRANCAS
44872;SHOPP DAS CARNES
45803;SHALOM DIST. DE POLPAS SUCOS E ACAI
48269;CASA DE CARNE DOIS IRMAOS
45421;COML. GUERREIRO
43177;MERCADAO DA ECONOMIA  (ST.CENTRAL-IPORA)
48351;SUP. UNIAO
43089;SUP. BOM BAIANO 
48310;ULTRA POPULAR( ST.CENTRAL)
48332;COML. LUIZA
48246;QUEEN FRIOS DISTRIBUIDORA
48266;SUP. JM
43061;FOGO DE CHAO & PESCA
44489;SUP. VERDE
43449;COML.LUCAS
43023;BOM PRECO
44479;SUP. O FARTURAO
48226;SUP.PAIS E FILHOS
48173;PETROLIDER
48174;PETROLIDER
48258;MINI BOX RL
45244;FAMILLE SUPERMERCADO
45247;MERCADINHO CENTRAL
45823;J F ALIMENTOS
45219;JD COMERCIO
45704;COML. E DISTRIBUIDORA SILVA
45179;EMPORIO DAS BEBIDAS
43250;COML. JC
44893;SUPERCOMPRA
45710;MINI BOX CAMPOS BELOS
48260;KINOS ESTRUTURAS
42859;SUP. CELEIROS
42956;ARMAZEM SUCESSO
42963;CASA DE CARNES E MERCEARIA JG
43710;SUP. CATARINENSE (ST. NOVA CAPITAL)
45033;GOLD BEER DISTRIBUIDORA DE BEBIDAS
42916;PALMAS CONEXOES
42917;MERC. MARTINS
42998;SUP. IDEAL
43035;COMIDA CASEIRA BEER HOUSE
45670;COML. AVENIDA
48282;MEGA FRIOS
42887;LABORATORIO CANONNE LTDA
43845;DROGARIA PRECO BAIXO DE GURUPI
43893;MERCADINHO DO POVO
43053;SUP. CRISTAL
43056;SUP. SACOLA CHEIA II
43150;GOIABAO SUP.MAYSA
48177;CORUJAO BEBIDAS
48290;A P SILVA VARIEDADES
45805;SIENA INDUSTRIA E COMERCIO
45673;VITORIA SUPERMERCADO E DISTRIBUIDORA
48175;REDE DITO
48178;ADEGA SOARES
48181;POSTO TREVO DO LAGO
48334;SUPER OPCAO
48353;COML. OLIVEIRA
48171;TEM SUPERMERCADOS IV
48223;MERCADINHO BOM PRECO
43371;SUP. BARAO
43374;SUP. BARAO
44568;SUP. SHALLON
44570;SUPER 1 SUPERMERCADO
42986;MERC. PRECO BOM
43214;SUP. MORAES SANTANA
42848;SUP. FAVORITO
43114;BARATAO SUPERMERCADO
42855;PRIMO SUPERMERCADO
42908;COML. LIRA
43392;SUPER MARQUES
42974;SUP. ROSARIO
43014;MERCADO E CONVENIENCIA LIDER
43026;SUPER SILVA
43329;SUPER LIDER (NOVA SUICA)
48299;SUP. SACOLA CHEIA
48343;B4B COMERCIO
48147;SUPER BIG
48187;MERCAFRIOS MAUA
48359;MAX SUPER
48337;MERCADAO DA ECONOMIA(ST.CENTRO)
45770;CASA DE CARNE LOPES
48176;AUTO POSTO SANTA TEREZINHA
43368;MERC. BOM GOSTO
43600;PEG PAG SAO FRANCISCO
48338;LANCHONETE SENADINHO
42849;HORT VERDE SUPERMERCADO HORTIFRUTI
42858;CONVENIENCIA TODO DIA PRECO BAIXO E AQUI
48306;PAPELARIA MASTER
48307;SUP.MADAME INACIO
43063;COML. VITORIA
43152;COML. DE ALIMENTOS FRUTI VIDAS
43413;CASA DE CARNE MOTA
43990;SUP. SORTE
43855;VAREJAO PAI & FILHO
45292;MERC. BOM PRECO
42890;PANIF. PINGUIM
43428;SUP. MARCOS
43017;MAIS PIMENTA SUPERMERCADOS
48170;TEM SUPERMERCADOS
48179;REDE DITO
45559;EMPORIO DELLA AEROPORTO
48136;SUP. BOM PRECO
48180;POSTO 71
43458;SIQUEIRA NETO REPRESENT. E DISTRIBUIDORA
44580;EMPORIO E DISTRIBUIDORA DE AGUA E GAS SA
43046;SUP. VIANA
42932;ARMAZEM SAO CARLOS
45662;WYLMART SUPERMERCADO
48214;EMPORIO DELLIMA
48172;POSTO PALMAS
48465;MERCEARIA E CASA DE CARNE DO GELEIA
48466;FERRAGISTA SANFER II
45717;LANCHONETE E CHURRASCARIA PEDRA BRANCA
48352;ATACADAO RIO DAS PEDRAS
43263;LANCHONETE DO EDINHO
43264;MEGA SUPERMERCADO
43206;COMERCIAL BELA VISTA 
43378;MERCADINHO ELLOS
43606;PEG PAG DISK BEBIDAS REAL
42850;EMPADINHA DA NENEN
43279;IMPERIO BEER
48366;JIRO SUSHI
42901;CONVENIENCIA PAI & FILHO
42911;SUP. ROCHA
42922;SUP. E CASA DE CARNE BOM BIFE
43003;MERCADINHO TODA HORA
42896;SUP. TOCANTINS
45828;SUP. DI CASA
43008;ADAO RIBEIRO DE SOUSA
48127;SUPER REIS SUPERMERCADO
48199;MERC. RJ
45523;MINI BOX ROSAL
44312;MERC. MAE E FILHOS
48454;COML.MINI PRECO
48455;PIT STOP V8
48139;FERRAGISTA AGUA VIVA
48326;CASA DE CARNE E ADEGA MENESES
48361;LOJA DA FABRICA
48207;MERCADINHO PRECO BOM
43085;SUP. SHALON
43154;SUP. CENTRAL 
45642;CLUB MAIS
43032;COML. RENOVACAO
48182;BORA BEBER
45782;SUP. E VERDURAO CAMPO VERDE
44527;SUP. BRASIL
47459;FERRAGENS CIRQUEIRA
44459;SUP. ALIANCA 
45570;MINI BOX DO KALANGO
48291;CHURRASCARIA E LANCHONETE DOURADO GRILL
43879;SUP. GALISTAO
44075;PANIF. PAO DOURADO
45780;NADIR FIGUEIREDO IND COM S A
46891;MERCEARIA DA VERA
46892;HIPERFORTE SUPERMERCADOS
43272;MERCADINHO E ACOUGUE DINIZ
44454;SUP. BOA COMPRA
44674;MERCEARIA PARLANDIM
45218;MINIMERCADO BARATAO
45767;SUPER MERCADO BARBOSA
48235;SUP. RIBEIRO
43382;COML. J M
43383;SUP. BARATAO
43602;POTENCIAL DISTRIBUICAO
43245;QUITANDA EMPORIO
43357;J & G SUPERMERCADO
44750;GIGANTE CASH & CARRY
45231;CASA DE CARNES E MINI BOX PAGUE MENOS
45703;SUPER DONA DICA
47227;SUP. AMARAL
47229;MINIMERCADO CARNEIRO
43156;SUPERBARATEIRO SUPERMERCADO
45826;SUP. BEIJA-FLOR
45831;MERCADO SAO BARTOLOMEU
44617;COML. CHAVES
46208;SUPER QUERO QUERO
48462;RB DISTRIBUIDORA DE BEBIDAS
45740;SUP. PONTO CERTO
45769;MINI MERCADO TAQUARI
48328;DEPOSITO SILVA
43183;EMPORIO SACCARIA (BUENO)
43162;PANIF. BOM JESUS
43365;DISTRIBUIDORA DE BEBIDAS CAJUZINHO
44418;GIGANTE (JD.TAQUARI)
42995;MATRIX UTILIDADES
43384;MERCADINHO CHAVES
43453;CASA DE CARNE VITORIA
43389;SUP. BEM VINDO
42914;PEGUE PAGUE ALEM DA LENDA
43012;MAIS PIMENTA SUPERMERCADOS
43024;PANIF. SOL NASCENTE
43108;PANIF. E COMERCIAL TORRES
43448;GELA GUELA BEBIDAS
43538;VERDURAO TOCANTINS
48220;KASA DAS BEBIDAS E DISTRIBUIDORA
48559;MERCADO BEIRA RIO
48483;MERCADINHO PAGUE MENOS
46704;ATACADO TAVARES
48604;ARENA JACARE
48227;SUP. INOVAR
48504;SUPER CHARLES SUPERMERCADO
48507;NOSSO BOTECO JARDIM GOIAS
48264;CASA NORDESTINA
48268;SUPER PRIMAVERA
45162;ADEGA DO VAVA
43258;MERC. E CONVENIENCIA AGUA LIMPA
46848;SUPER COMPRAS
42961;MERC. SILVA
43139;MERCADO LOPES
43048;PEG-PAG PEGA BEM
43049;SUP. COMPRE BEM
43050;SUP. NATAL
45693;JUJU MODAS
45236;HALMY HALTYHERES S. N. JUNNIOR DE PAIVA
45237;WALLAS TELES FERREIRA LIMA
45238;ROSEMIR BRAGA DA MOTA
45239;DANIELA APARECIDA GUEDES FREITAS
46849;VITAO ALIMENTOS LTDA
46295;EMPORIO OFERTAOOO
46937;SUP. JAIARA
48444;PET SHOP AGRO INHUMAS
48469;SOL DISTRIBUIDORA
48585;ELITE ACADEMIA
48522;LIKE PROMO
46233;SUP. GERLU (LJ. 05)
46234;GERLU (LJ. 04)
43160;MERC. DANIELA
48251;PANIF. SAO JORGE
43093;REIZAO SUPERMERCADO
43828;COML. JATOBA
44504;CASA RURAL
45171;SUP. MORITHA
42955;SUP. PAULISTAO
42964;SUPER PAINEIRAS
43247;SUP.AMORIM
43451;MERCADO ARAGUAIA
43910;COML. RIBEIRO
43111;SUP. BATUTA 
43387;CORREA DISTRIBUIDORA DE BEBIDAS
43436;SUP. FABRIL
43454;SUPER MAIS SUPERMERCADO
45750;MERCADO JP
48297;EMPORIO PRIME
43041;PEG PAG POLAR
43047;ENEIAS ATACAREJO
45568;COML. UNIAO 
48314;ULTRA POPULAR (GURUPI PQ.SOL NASCENTE)
48512;EMPORIO POMPEIA
48513;NOSSO BOTECO LOZANDES
48447;VILLEFORT (RECANTO DO BOSQUE-GOIANIA)
48586;LANCHONETE QUERO MAIS
45574;ADEGA ITAIPAVA
48540;J&N SUPERMERCADO
48509;POINT DA GELADA DISTRIBUIDORA
48530;SUPER BOLA
48551;MARRETA MATERIAIS
48587;ITALIANA PIZZARIA
48342;KIKKOMAN DO BRASIL
48305;MERC. E SORVETERIA DOCE MEL
48563;SUP. DOS MENINOS
46198;COML. SOUZA
43361;SUP. RIO VERMELHO
43381;SHOW DE OFERTAS
44619;MERCADINHO OLIVEIRA
44382;PEDRO MINI BOX E DISTRIBUIDORA
45761;CASA DO CRIADOR
45815;MINI MERCADINHO ALVES
43064;HIPER FEIRÃO
43456;MINIMERCADO ASSLA
43559;SUP. JALAPAO
45500;BOX BEER
43391;SUP. AMIGAO
44173;SUPER LIDER 
44476;MERC. E LANCHONETE PRECO BOM
45635;POSTO JR APARECIDA
45765;SUP. DO JUNINHO
48564;VEGAS
48341;SUP. AVENIDA
46122;COML. SILVA 
47263;COML.JF
43159;SUP. VIEIRA
45729;CASERATTO
48575;SUP.SUPER LIDER
45817;PISTACHE PRODUTOS NATURAIS
46365;COML. ANDERS
48453;B L SUSHI E FRUTOS DO MAR
42857;UNIVIDA SHOPPING
43073;PEG PAG LACERDA
42864;MIGUEL FRANCISCO SOARES JUNIOR
49851;EMBALAGENS JATAI
42865;REDE JAIME - 4
42913;BAR DO CEARA
48658;ADEGA MARTINS
48261;PLAZAPLAST
48371;COMERCIAL DOIS IRMAOS
48706;SUP. FIORANO
48263;MERCADO SANTOS
48283;MULTI TRECO
45762;EMPORIO 21
48409;BRETAS (VILA PEDROSO)
44578;EMPORIO AQUILA
43158;SUPER LIDER (P.ANHANGUERA)
43255;RESTAURANTE E CHURRASCARIA DO PICA PAU
43644;SUP. SKINAO (JD. LEONORA)
45707;TAUA ALEXANIA
47353;SUP. DEUS E FIEL
48410;BRETAS (MORADA DO SOL)
43398;NATIVO SUPERMERCADO
43099;SUP. MINI BOX
48411;BRETAS (ITUMBIARA)
46096;MERCADAO UNIVERSITARIO
48458;BAZAR 
48531;BEST DISTRIBUIDORA DE BEBIDAS
43148;SUP.CONTORNO
48212;SUP. VITORIA
48383;EMPORIO NOTA 10
48473;EMPORIO ALMEIDA
46041;CACHACARIA 294
46047;SUPER GUERRA SUPERMERCADO
48561;SUP.BRASIL(GSA-VL.NOVA AURORA II)
48508;BRASIL ATACADISTA
48682;ORYGAMY PAPELARIA
48720;POINT DA BEBIDA
48572;DIST. DE BEBIDAS BAHIA
46004;IDEAL SUPERMERCADOS
46052;MERC. DAISE
46073;SUP. COMPRE BEM
46050;MERC. E FRUTARIA CUMARI
48721;RESTAURANTE & LANCHONETE SO NA BRASA
43211;MERC. DO CHUMBINHO
46061;AUGUSTTO'S BURGER
46064;COML. CATARINENSE
48644;RENATINHA ATACADISTA
43452;MERCADO ARAGUAIA
46112;SUPER SUPREMO
48723;RESTAURANTE E MERCEARIA DA FATIMA
42968;CASA DE CARNE CARVALHO
43036;VANIA IMOVEIS
48701;SUP. VILA VERDE
48629;ATACADO CANAA
48654;NETO BEBIDAS E TABACARIA
48656;MERCADINHO CAMINHO DE CASA
45974;SUP. SUPER BARROS
48463;GOLD'S BEER
48481;CASA MAIS EXPRESS
48442;LANCHONETE MARTINS
48443;DIST. DA VANIA
48402;BRETAS (GOIANIA SHOPPING)
48403;BRETAS (LARANJEIRAS)
48378;EMPORIO FAZENDINHA
48369;PURO MATE
48427;FRATELLI GELATERIA E PIZZARIA
45958;SETE MERCADO
48404;BRETAS (RIO VERDE)
48405;BRETAS (VILA JARAGUA)
45721;SUP. EXTRA
48218;O BARATEIRO
43244;WM BEBIDAS
43367;FORT SUPERMERCADO
45980;MARIA DECORE
45983;SACOLAO SABOR DA FRUTA
43083;MERC. RODRIGO
46013;CASA DO PEIXE
42993;DIST. E MERCEARIA CANADA
43080;COML. RG
48160;SUPER BIG
48191;RACOES SANTA HELENA
43132;MAIS BARATO AURENY III
43475;MERCADINHO PINHEIRO
44804;ATACADAO BOM PRECO
45985;GRAOS DO BICO
45987;SUPER ZE(ST.BUENO)
45996;GAS RICARDO
46015;MEGA SUPERMERCADO
48255;COML. GOIAS
46000;MERCADO COSTA
46005;BON VAREJISTA
48527;SUP. LIDER
46021;SUP. DANTAS E ALBUQUERQUE
48450;TAMANHO FAMILIA
48471;BOX 62 CONVENIENCIA
48382;MERCEARIA R & M
46022;SUP. AVENIDA
48406;BRETAS (JD.ANA LUCIA)
45755;SUP. MOURA
46028;PANIF. EL TRIGO
48539;SUPER PARAISO
48642;SUPER TOPP
48407;BRETAS (SOL NASCENTE)
48696;SOUSA
44951;EMPORIO BRASIL
48243;SUP. BARRANCO III
48408;BRETAS (CATALAO)
43216;EMPORIO SIQUEIRA
44126;REST. E LANCHONETE RECREIO V
42862;COMERCIAL COSTA LIMA 
48217;SUP.BOA SORTE
48569;MEGA SUPERMERCADO
44140;MERCADINHO LARA
46138;LANCHES KATIA
46184;SUP. DO SUMARE
46204;MINI BOX NOTA 10
46327;SUPER PAZAR
46329;FERPAM BORRACHAS
48812;SOS BEBIDAS
48814;BOX GARAGE TRAINING
48869;ATACAREO CIDADE DAS PRACAS
48449;DISTRIBUIDORA DE BEBIDAS VIRA COPOS
48591;SUP. COOMAP
48794;COML. SOUZA
48865;COML.NS ARAUJO
46191;COML. FORTALEZA
48670;MERC. VALERIANO
48732;COML. MINI PRECO
46159;MERC. PAULISTA
46334;MERCADINHO SAO MIGUEL ARCANJO
46336;PEG PAG BOMBADO
46342;SUP. HS
46344;COML. RV
48871;SUPER BOM
46128;SUP. LARYSSA
46304;COML. BATISTA
48628;ATACADO MARRA
46319;RIGOMEL ALIMENTOS LTDA
46335;C.E. BEBIDA GELADA TEM TEM
46347;SUP. LEMOS
46352;SUP. SANTHIAGO
46179;SUP. MV
48806;DECK 020
48877;COML. MESSIAS
46305;DOG FOR RACOES
46310;VITACELL - VITORIA CELULARES E ACESSORIO
46316;PAO DE GOIAS
48236;SUP.GARCIA
45978;MARIA DECORE
45981;SACOLAO SABOR DA FRUTA
45986;GRAOS DO BICO
46264;CASA DOS FRIOS
46307;AGROLEITE AGROPECUARIA
42985;KI - PAO
43178;ADEGA E MATERIAIS DE CONTRUCAO ARAGUAIA
43274;PEG PAG SAO FRANCISCO
44503;RANCHO PREMIUM RACOES & PET SHOP
46026;MERCEARIA DO ZE
43222;SUP. MAIS VOCE
45646;MERCEARIA DO DUNGA
45709;CITRO5 CENTRO
48198;SUP.ANDRADE
43246;SUP. IDEAL 
43951;MUNDO PET
48735;SUP. ESPERANCA
48741;EMPORIO DO BOLINHA
46366;MOINHO DE TRIGO JM
46373;ROSE SUPERMERCADO
48286;COML. COSTA
46100;COML. HS
46139;SUP. NOVILHAO
46187;SUP.BRASIL(GSA-SAO CRISTOVAO)
45725;MERC. DO PADEIRO
48584;ATACADAO MILHAO
48669;EMPORIO PIRI BONFIM
48763;ASSEMBLEIA DE DEUS
46080;F M SUPERMERCADO
48265;EMPORIO TWO BROTHERS
48370;SUPER SOUSA
48384;KOZU RESTAURANTE
48565;CASA DE CARNE GLOBO
46268;MULTMIX COMERCIO DE GENEROS ALIMENTICIOS
48329;OPPA COMERCIO LTDA
48339;SUP. BOM VIZINHO
46166;MH REPRESENTACOES
48271;CASA DO MILHO
45702;NUTRILEVE
46293;PONTINHA DO CEU
48303;SUPER BELQUIOR CARNE E VEDURAO
48671;OPEN EMPORIO DE BEBIDAS
46325;DINAMITE ATACADO(PQ.LARANJEIRAS)
46359;SMART BOX MILLENIUM
48248;SUP. DO BARRANCO
42927;SUP. SERRA DOURADA
43079;HOTEL CONFORTO ANAPOLIS
43138;T7 CONVENIENCIA
48550;EMPORIO 62
48742;P E C COM. DE PRODUTOS ALIMENTICIOS
48769;EMPORIO +
48515;MRC 
48525;SUPER TREVO
46160;SUP. ANDRADE
48713;ARMARINHOS ANA
46215;CONVENIENCIA CASTRO
48477;MERCEARIA CLEMENTE
48433;FLUXO SPOT BEER
48499;SACOLAO MUNDO DAS VERDURAS - (LOJA II)
48601;FORNERIA ORIGINAL (ST. BUENO)
46051;GABI COMERCIAL
47554;SUP. SAO JOSE
48760;APYCE BRASIL
48684;REI DAS RACOES
48624;RM DISTRIBUIDORA
43172;MERCADINHO SANTOS
43164;SUP. LISBOA
45793;CHURRASCARIA GALCHAO
48777;CIGA ALIMENTOS
48819;SUP. SUL
43430;SUP. SAO CARLOS
45644;CASA DO MILHO
42962;PANIF. SUPER PAO
42992;DOLCI NONNA PAES E CONFEITARIA
43074;SUPERDAQUI
48164;BEBIDAS BOCA DE ALCOOL
48712;PIT STOP (SALGADO FILHO)
48345;TOP UTILIDADES E PRESENTES
48822;ZALTRAN SUPERMERCADO
46239;COML. POPULAR DO IRMAO
48514;EMPORIO CALIFORNIA BEBIDAS E TABACARIA
45192;BAR DO CACULA
45774;SUP. GOMES
46211;SUPER ECONOMICO NOVO MUNDO
48596;COML.CONFIANCA
48771;SUP. BRASIL
48446;ARMAZEM DISTRIBUIDORA DE BEBIDAS
48833;POSTO MACHADO
46265;EMPORIO IPANEMA
46223;VISTA DU LAGO MERCEARIA BAR
48448;MAXSUSHI
48492;W PREMIUM GROUP SERVICOS
46284;MERC. BOM PRECO PAI & FILHOS
48789;POSTO XPRESS
46029;SUP. SAO FRANCISCO
48838;MERCEARIA VITORIA
46269;SUP. BELA VISTA
46253;MERCANTIL ARAUJO
46274;ALMEIDA COSMETICOS
45723;COML. VITORIA
46308;SUPER VEREDAS
46322;CAVALO & CIA
48204;DIST. DE BEBIDAS LAGOINHA
46302;MIX DALUZ
48845;MERKADIN OLIVEIRA
48862;SUP. ARAUJO
45690;NENEN SUPERMERCADO
46097;SUP.VEM Q TEM
46270;SUPERMIX BRAZ
48853;BOX COMPRAS
48863;CURICA AGRO PET
43507;COML. BOM PRECO
43691;MERCADINHO QUEIROZ
46279;MERCADINHO DO IRMAO
48767;SUP.UNIAO
44669;COML. CONQUISTA
46081;BEBIDAS SERTAO
46092;HIPERFORTE SUPERMERCADOS
46170;SUP. CAMPEAO
46289;EMBALAFEST
48533;SUPER RAIO SUPERMERCADO(JD NOVO MUNDO)
46095;MAXIMA TESTE
46109;SUP. MULTI VARIEDADES
47560;EMPORIO BRASIL
48281;SUPER LEO
45763;SORVETERIA POINT DO SABOR
48322;SUP. REIS (19-QUIRINOPOLIS)
46879;GOLES E CIA
48391;CENTRO DE DISTRIBUICAO UNIAO
48315;ULTRA POPULAR (PARAISO TO)
48316;DROGARIAS ULTRA POPULAR
44319;COML. BURUTI
43358;COML. GUARAZINHO
48652;COML.MARUKA
44511;W L COMERCIO
45641;PADARIA KI-AMOR
48368;MOINHO SETE IRMAOS
48756;REINO ANIMAL
46165;COML. MINI TUDO
47566;MERCEARIA VIEIRA
46460;GOIANO SUPERMERCADO
48397;REDE DE FESTA (JD. PLANALTO)
48346;SUPER BARAO - GOIANIRA CENTRO
46837;SUPER MATHEUS
46838;SOLOAGRO
48206;BEER POINT BEBIDAS
48600;SUPER LOURES SUPERMERCADO
43210;BREJA DIST. DE BEBIDAS E CONVENIENCIA
48279;JAICAR AUTOPECAS
43087;SUP. MAIS FAMILIA
45779;DALAC LACTEOS & CIA
48451;COMERCIAL RAMOS 
46797;REDE LUCAS (012 CENTRO-QUIRINOPOLIS)
48616;ATACADO E TABACARIA BOX 63
48645;FLUTUANTE DU CHEF
46345;PANIF. REAL
48495;MED-CERRADO
48464;SUP. REIS (20-AP.GOIANIA)
48729;MERCADO AIRES
48745;FRIOS JATAI
46846;TABERNA 1921
48428;BRETAS (AGUA BRANCA)
46103;R.C DISTRIBUIDORA & CONVENIENCIA
48687;SUPER CAMPEAO
46523;COML.PRIMAVERA
48349;GENTIL ARMAZEM
48534;CASERATTO FOOD
43185;CASA DE CARNE SAMPAIO 
46175;SUP.CENTRAL
43237;JUSSARA FRIOS
43072;EMPORIO LIVE
45712;SUP. SOL
46104;ESQUINA DA CARNE
46817;RANCHO DO BARAO
46622;PAPA BEM
48649;NARIGUDO CONVENIENCIA
47199;DIST. AGUIA
48295;MERC. UNIAO
46136;COML. TINBIRA 
48610;IMP DISTRIBUIDORA DE BEBIDAS
45991;SUP. BRASIL 5
46511;GRUPO NCPI
48580;DIST.CARDOSO
48612;MERCEARIA REAL
46291;PAPALEGUAS SUPERMERCADO
48362;SAMURA COMIDA JAPONESA
45970;EMPORIO CASTRO
45248;SUP. MONTE HERMON
45726;SUP. ATUAL
46002;MERCADINHO IDEAL
46063;EDVALDO ANTONIO PANIFICADORA
46108;BOM PRECO SUPERMERCADO
43269;MERCEARIA KAROLINE
46212;SUP. CONFIANCA
46884;SUP. IZABELLA
46193;MEU ECONOMICO(LJ.03)
48614;MELT
45764;EMPORIO GARAVELO
46933;FERRAGISTA LAGARES
48431;FAMINTA
48456;COML.E CASA DE CARNE QUEIROZ
48459;MINI MERCADO FEITOSA
48289;PC QUEIJOS E VINHOS
45766;AGRO FERRAGISTA VM
46868;SUP. E DIST. AVENIDA
44666;MERCADO MAGAYVE
45724;MERC. ESPERANCA
48203;SUPERSAM SUPERMERCADO
45792;COML. SOUSA
46408;GIRO SUPERMECARDO
46916;TEND TUDO SMART
46536;AUTO CENTER BORRACHARIA DO JULIANO
48505;FIALHO E CARVALHO COMERCIO E BEBIDAS 
48232;COML. LIMA
46949;PET MANIA RACOES
46659;EL PATRON POINT BEER 
46660;ARMAZEM FLORENCIO
48474;SUP. ATALAIA
46214;MERCEARIA CRISTO REI
48238;K ATACADISTA
46105;MINI BOX CASTRO 1
48294;FORNERIA ORIGINAL (JD. GOIAS)
46093;EMPORIO LAURA EXPRESS
48308;MERCADINHO DO CARECA
43729;AGROPOP
46839;AGRO SANTA RITA
48300;SUP. POTIGUAR
45988;MINIMERCADO CERVEJAO
48317;LOLO LANCHES E CIA
48516;DOG RACOES
48302;ATACADO REZENDE
48336;ATACADAO COMPRE JA
46774;PEG PAG BOM SUCESSO
47165;EMPORIO 46
48484;MINI BOX TRES IRMAOS
46251;BELLA SUPERMERCADO
48468;EL PATRON MIX
48479;ATACAREJO SUPER HNK
48202;SUP.TIO GORDO - AGROFERRAGISTA TIO GORDO
48209;IMPORIO CASA DE CARNE ALVORADA
46742;MERCADINHO PAI E FILHOS
43193;EMPORIO TRADICAO
45821;CASA DE CARNE BOI DE OURO
48213;SUP. SHALON
48372;MERCEARIA HORTENCIA
46899;SUP. J. R. O BARATINHO
45829;SUP. BRILHANTE
45768;SUPERMERCADO JOTAS
43261;SUP. MOURA
43275;MERC. ESPACO LIVRE
43276;SUP. LIRA
43966;AGRO MAIS
46244;MERCADINHO BOM JESUS
48934;SUP. NOTA 10(MORRO DA LAPA)
48938;MERCADO SANTA MARIA
46398;HORTIFRUTI ECONOMICO
46597;QUARTETTO SUPERMERCADOS (JD.PAULISTA)
46983;REAL SUPERMERCADO
45982;SACOLAO SABOR DA FRUTA
46394;SUP. 3 IRMAOS
48363;ATELIE FATIMA SUMIHARA
48852;SUP.MESSIAS
46014;SUP. CENTRAL
48517;MERCADINHO UNIVERSITARIO
46290;RANIEL ATACAREJO
47267;CASA DA UVA (PLANALTINA DF)
48904;SUP.SERRAZUL
46705;BAR E PETISCARIA ESQUINAO
48870;FORTE ATACAREJO (VL. RIZZO)
46851;SUP. POPULAR
48754;SUP.POMAR
48781;COML.E DE CASA
46379;SUP. NOVO HORIZONTE
48953;SMART CLEAN ATACADISTA
48475;MINI CUSTO SUPERMERCADO
48476;SUP. PONTO CERTO FC LTDA
45830;SUPER ROCHA
46491;HUGAO SUPERMERCADO
49058;MEGA SUPERMERCADOS
46448;MEU ATACADO SUPER
48233;SUP. SAO FRANCISCO
48784;LIDERANCA SUPERMERCADO
45773;MINI BOX MARCA 5
46237;SUP. JKB
46631;FENIX DISTRIBUIDOR
46548;RODO LIDER PRODUTOS DE LIMPEZA 
47139;COML. VITORIA
47097;NANO BIER BAR
48826;W.R DISTRIBUICAO E LOGISTICA
46241;NATANAEL REPRESENTACOES
46242;COML.DEUS E AMOR
48210;SUBZERO EMPORIO E CONVENIENCIA
48775;CASA DE CARNES E MERCEARIA BURITIS
46360;CASA DE CARNE E COMERCIO JC
46392;COML. SILVA
48570;BEST NUTRITION SUPLEMENTOS
46890;DAB FRETES & FLORICULTURA
48390;LOKAL DAS BEBIDAS
46219;COML. SOARES
46469;MERCEARIA DO ARMANDO
46615;A NOSSA HORTALICA
46616;COML. CANAA
46287;PEG PAG MENOS
46833;COML. CORRERIA
48619;SUP. REIS (22-VL.SANTO ANDRE- RIO VERDE)
46907;SAVA (PLANO DIRETOR SUL)
48347;BAR E MERCEARIA FAGUNDES
49030;PETRO PETROLEO 112
45979;MARIA DECORE
46315;COM. WNT
46427;PALMAS EMBALAGENS
47126;PANIF. E CONFEITARIA REQUINTE DOS PAES
47127;OBA MERCADO
48592;MINE BOX THEO
45825;I M ATACAREJO
48270;CASA DE CARNE GOIAS
46008;SUPERMERCADO E PNIFICADORA CONFIANCA
48974;ARMAZEM SAO JOAO
49034;FABRICA DE SALGADOS
49037;AGRONOVO PRODUTOS AGROPECUARIOS
46091;ADEGA ZERO GRAU
46432;G W MOTOS - NOSSO MERCADO
48594;SUP.MARQUES
46428;SUP. CONFIANCA
48284;JUNIOR RACOES
48348;VERDURAO VENEZA
46401;CIA DR. CAFE
48985;TUDO PET
46072; MERC. SERGIO S
46426;MERC. GOMES
46306;MORUMBI SUPERMERCADO
48593;PANIF. PAO DE MEL
48583;EMPORIO DAS BEBIDAS
48835;CAMPINAS ATACADO
46770;Q. LEGAL
49038;SUP.NOVO LAR
49041;MERCADINHO J E
49044;COML. BOM PRECO
46318;GAMA REPRESENTACOES
46397;EMPRIO FLOR DO TRIGO
46436;COMPRE BEM SUPERMERCADO
46024;GABY CONVENIENCIA
48837;SUPER CANAA
46326;COML. GOIAS
46630;SUP. CRISTAL
49020;NY CAKES
48357;SUP. ANDORINHA
49047;CAFE & EMPORIO ST CASA
44400;SUPER VITORIA
48638;SUP. PRATIKO (RESID.PEDRO MIRANDA)
48222;LARANJEIRAS PREMIUM
43351;SNACKIN
46418;EMPORIO RESSACA ETERNA
49049;MERCADAO DA ECONOMIA( CENTRO)
49054;BAR DA PRACA
46425;MINI BOX TIRUFO
46210;MR MATERIAIS PARA CONSTRUCAO
46611;ROYAL BEBIDAS
47265;SUP. ATLANTICO
46389;COML. BENEVIDES
46381;SUP. SANTOS
46893;REAL UTILIDADES
49056;POSTO ALIANCA
46894;ELGIN
46120;COML. DIA A DIA
46297;MINI BOX NOVA OPCAO
48815;POLYANA DE SOUZA COSTA
46596;QUARTETTINHO SUPERMERCADOS (SANTA CLARA)
48467;BAR&MERCEARIA PETISCO
46252;ADEGA AXIXA
46483;HIPER PREMIUM
46158;EMPORIO DOS FRIOS
46130;ADEGA MASTER BEER
46131;MINI BOX CARNEIROS
48884;SUPER MANANCIAL(PQ.TRINDADE II)
46853;HIPERFORTE SUP.
48567;DIST. DE BEBIDAS TABOQUINHA
46125;COML. WS
45246;MINI BOX SAO JORGE
48894;WINES E WINES
48903;MERCEARIA SANTOS
43348;COML. ALMEIDA
46450;MERCADINHO DA 106
46451;COML. VANILDIM
46453;MERCEARIA FILADELFIA
46885;AGRO MIX
48979;SUP.ARUBAS
46550;PAIO CEREAIS
46667;CASA DE CARNES BOI NELORE
46798;REDE LUCAS (011 SERGIPE-RIO VERDE)
48692;BROTHER BEER
46825;VILLA XAVIER BAR E GRILL
46538;SUPER BOM SUCESSO
46477;SUPER SALES
46663;SUP.PEG PAG ITAPIRATINS
46355;COML. MESSIAS
46485;TRADING CARE
46591;CASA DE CARNES UNIAO
48787;JC VARIEDADES
46102;MERCADEGA GOLD
46612;SUPER HOLANDA
48635;MERCADAO DA ECONOMIA(QUIRINOPOLIS)
46542;DIST.E SUPERMERCADO EIRELI
46587;REDE LUCAS  (006 LEOCADIO-QUIRINOPOLIS)
46595;FLAMBOYANT BEER MINE MERCADO
46598;QUARTETTO SUPERMERCADOS (POUSO ALEGRE)
48598;ATACADAO PRACA DA BIBLIA
46227;MERC. JJ
46533;SUPERMIX BRAZ 3
46627;D'VINHO WINE HOUSE
47323;COML. MD
46447;BRAZUCA GOURMET
46532;DROGARIA PLUS
46749;RESENHA DISTRIBUIDORA BEBIDAS
46761;MERCADAO DA ECONOMIA (VL. FATIMA-JATAI)
45757;SANTOS SUPERMERCADO
46831;SUPER LILI
48933;DIST. SOARES
46599;QUARTETTO SUPERMERCADOS (JD. AMERICA)
46606;ITUMBIARA GRAMAS
48875;SUP. BRAGA
48952;DIST. IMPACTO
48457;COML. RAFAELA
46648;RL PANIFICACAO
46649;SUP. PATO BRANCO
46800;SUP. MENDES
48831;EMPORIO OESTE
45759;DIST. E MERCEARIA OS CABECA
46834;MERC. E DIST. VIEIRA
48356;KANPAI FLAMBOYANT
46656;CINCO IRMAOS
47012;COML. BOM PRECO
46181;ADAILTON ALEXANDRE SILVA
46672;TUFAO DISTRIBUIDORA
46471;SUPER REIS
46440;DISK DA CIDOKA
46968;SUP.NOVO HORIZONTE
47513;SUP. SUPREMA
46854;VICTOR SUPERMERCADOS
46629;PARADINHA
46650;GINASIO SANTA CRUZ E COLEGIO SANTA CRUZ 
48647;PURO MALTE CERVEJARIA
48855;DIST.DE CARNES PJ
47275;COML. JF
48705;MERCADINHO DA PRACA
48897;KI DELCIA LANCHONETE
46117;MAX ATACADO(ST.DAS MANSOES)
48494;PH COMERCIO
45760;CASA DE CARNE E MERCEARIA BARATAO
48485;COML. SANTOS
48793;SUPER COMPLETAO
48912;SUP.SUPER
46343;CASA DE RACOES BIXARADA
46535;WS SUP. E DISTRIBUIDORA DE BEBIDAS
46619;COML. SOUZA
48773;COML. GOIAS
48761;SUP. NORTE MINEIRO
48762;SUP.JK
45984;GRAOS DO BICO
46182;AMORIM DISTRIBUICAO
48506;SUPER BRUNO +
46070;SUP. MORAIS 3
46076;MERC. COMPRE FACIL
46238;SUPER MORELI
46688;CABECA BEBIDAS GELADAS
46757;BAR GELA GUELA
46534;SUP. GALVAO
46673;GELADA.COM 
46693;MERC. CARVALHO
48386;ALPHA PANI
46695;EMPORIO E DISTRIBUIDORA PEIXOTO
46903;PET SHOP E AGROP. PARAISO DAS RACO
46209;VERONICA SUPERMERCADO
46513;BOM PRECO
46718;EMPORIO TINK S
46759;PEGA BEM MERC. E DISTR. DE BEBIDAS
46791;COML. LIMA
46544;CASA DA CACHACA
46593;O MUNDO DAS UTILIDADES
46950;SUP. TITUTA DISTRIBUIDORA E CONVENIENCIA
46226;SACOLAO POPULAR
46457;COML. DIAS
46549;SUP. SHALON
46584;SUP. MILITAO
46617;R LIMA COMERCIO
46124;SUP. ALVORADA
46414;DO TAVARES DISTRIBUIDORA DE BEBIDAS
46565;ZAZA VARIRDADES
48963;FRIGO MAIS AURENY I
48987;BEM QUERER SUPERMERCADO
46011;ENCANEL
46752;ADEGA DO LUKAO
48526;SUP.FRANCA
46731;LANCHE FUTURO FELIZ
46735;COML. THAYS
46740;CONVENIENCIA SHALOM
46746;RODRIGUES&SANTOS
46953;MERCEARIA SONHO VERDE
46192;DOM FIGUEIREDO
47567;MERCEARIA S.N.T MARIA
48461;BEBIDAS FERREIRA
48983;EMPORIO MEDICI
46260;MERCEARIA  MADRI
46964;COML. KAYANNE
46618;MERCEARIA SAO BRAZ
46674;MF RACOES
46678;PLASTUZA
46038;MERCADINHO PAGUE MENOS
46039;SUP. GALDINO
46748;MERC. BATISTA
49052;COMERCIO S SOUSA
46970;COML. GOIAS
48330;MARAJO NOVA OLINDA
48925;PADOCA DO DALLE
48995;COML.SENA
46725;HOTEL NUNES
46726;PRIMAVERA ATACADO E VAREJO
46727;SUP. BARBOSA (AP. GOIANIA)
46756;BALCAO DAS MAGICAS
46807;REI DA BEBIDA
46808;SUP. LAGO SUL
46809;SUP. PADRAO
46810;MATOS SUPERMERCADO
46811;PEDRO MINI BOX
46820;REDE DE FESTA(JD.NOVO MUNDO)
46154;CASA DE CARNE E TEMPERADOS DO CARLAO
46439;RACOES AVENIDA
46475;SUPER MERCADO OLIVEIRA
46574;RESTAURANTE SABOR DA ROCA
46449;SUP. CABRAL II
46510;COML. NASCIMENTO BOM PREO
46751;MY NEW LIFE 
46771;CRISTO REI COMERCIO E VAREJO
48607;MINI BOX PERES
48618;SUP. REIS (23-ST. POPULAR-RIO VERDE)
46348;SUP. BOUGAINVILLE
48707;SUP. LIMA
46372;ADEGAO DO BOY
46134;MERC. JN
46577;CASA DE CARNES PLANETA
47038;MERC. VITTORIA
46566;VN RACOES
48578;EMPORIO DUDY
48620;SUP. REIS (21-VL.MARIA- RIO VERDE)
46609;SUP. LAR FELIZ
46653;SUP. SAMPAIO
46684;EMPORIO E DIST. DE BEBIDAS DO PACHECO
48547;SUP. CLAITON
48556;CANAA ATACADISTA
48439;ADEGA DO BARAO
46361;MERCADO CALIXTO
46600;SAL E ARTE CASA GOURMET
46605;MERC. PASSOS
46614;MINI BOX NOSSA SENHORA APARECIDA
46250;MERCANTIL
46267;SUP. JORDAO
46737;ANDREZA LIMA PEIXOTO
48627;VERDURAO CHEIRO VERDE
46745;SUP. ALIANCA
48942;SANDIRO
48980;SUPER MASTER
46480;CASA DE CARNE 2R
49051;DIST. DE BEBIDAS DA PRAIA
46621;SUP. CAVALCANTE I (VILA EMANUEL)
46636;COML. DU BAIRRO
46658;EVOLUX DISTRIBUICAO
44668;MINI BOX 3 IRMAOS
46786;ESPETO PAULISTA
48688;COML. TAVARES
48689;ASA D AGUIA ATACADO
48691;SUBZERO
47403;SUP. BOM VIZINHO
47430;ALCATEIA
47437;POSTO DAS BEBIDAS
49390;OLIVEIRA SUPERMERCADO
47446;COMPRE SEMPRE SUPERMERCADO
46669;JP BARAO DAS BEBIDAS
47053;MOREIRA SUPERMERCADOS
47113;EMPORIO OVIDIO RIBEIRO
46862;LENINHA SUP.
47048;COML. XEPA SUPERMERCADO
47052;MINI BOX WC
50246;MERCADINHO VALE AZUL
47141;SKINA DO PAO
47246;SUP. CARREIRO
48878;BAR BOLA 10
46390;MAIS BEBIDAS
46987;SUP. BOM PREO 
47055;POLO SUPERMERCADO
46257;HIPER CRISTAL
46998;COML. VARONIL 
47024;SUP. BORGES & SILVA
47245;COML. BARROS 24 HS E CASA DAS BEBIDA
47361;SUP. TAMANHO FAMILIA
46415;SAFRA IRRIGACAO
47179;SPEED JACK
47371;REAL SUPERMERCADO
48791;MERCEARIA DIACUI
47332;MERC. E MARMITARIA ADONAI
47375;EMPORIO PRIME
47443;EMPORIO E HORTIFRUTI C-10
46113;CASA DE CARNES E MERCADO CONQUISTA
46927;HIPERFORTE SUPERMERCADOS
48603;BOX 63 DISTRIBUIDORA E TABACARIA
48655;S O S EMPORIO DAS BEBIDAS
48704;CASA SAO JOSE
46932;MERC. SARON
47016;SUP. DO POVO
47380;BEM MAIS
46017;RUVOLO GLASS COMPANY
46957;EMPORIO PIMENTA
46972;SUPER DONATE
47468;MARIANA SUPER
46990;LAURIENE FERREIRA DA SILVA ALARCAO 
47069;SUP. NOVA ESTRELA
47151;SUPER FREITAS
47188;COML. RAMOS
47058;COML. PRECO JUSTO
47084;PLENA SUPERMERCADO
47485;CONVIVIO DISTRIBUIDORA
47495;SUP. ABC
48932;COML. SOUSA
46954;LABORATORIO CANONNE 
47211;SUP. FORTALEZA
47319;SMART AMENDOEIRAS
47331;BUTEKIN AMERICA
47382;DROGARIA POPULAR
47419;BEBIDAS.COM
47078;FACIL ATACAREJO
47102;DIST. FONTE DAS BEBIDAS
47148;MERCEARIA MIX
47369;EMPORIO E DISTRIBUIDORA PRIME
47462;COML. MINAS GERAIS
48965;ANCORA COMBATE A INCENDIO
47103;NOVO MIX
47118;COML. IZIDIO
47142;SUP. SANTANNA
47149;SUP. REAL
48923;EMPORIO DO GORDINHO
46399;AMIGAO SUPERMERCADOS
47121;PANUTI
47421;COML. VALADARES
46866;ENCANTO DOS PAES
47205;SUPERBARATAO ATACADISTA
47502;REDE MEGA DE SUP. (ALTO DO CERRADO II)
47515;MERCADO DIA A DIA
45230;AGROVIDA
46462;EMPORIO 308 SUL
46463;LONG BEER CONVENIENCIA
46464;HIPER BARATO SUPERMERCADO
46277;LEONARDO REPRESENTACAOES
46519;EMPORIO JM
47043;GAS & CIA
47158;MERCADO IRMAOZIM
47307;CASA DO PADEIRO
46048;SUP. ARAUJO
47436;MERC. PRADOS
48436;CASA DE CARNE BOI BOM
46271;VILLEFORT (JATAI)
46465;BARATAO MIX
46466;SERRA GRANDE SUPERMERCADO 
46486;JARIS DISTRIBUIDORA
47021;K A DE JESUS
47449;DIEGAO SUPERMERCADO (MORADA DO BOSQUE)
48498;IPANEMA GESSO E DRYWALL
48621;XPETRO MUTIRAO
46321;LANCHE BOUNGANVILLE
46561;SUP. MELO
46602;EMPORIO DAS CARNES
48380;REAL SUPERMERCADO
47264;MERCADINHO OLIVEIRA
47463;CELTICS BEBIDAS
47521;TOP 10 MERC. E DISTRIBUIDORA DE BEBIDAS
47550;COML.MINI TUDO
46174;PEG PAG NOVA ERA
46467;SUP. IMPERIO
46773;SUP. ECONOMICO
46974;SUPER VITORIA
46997;CASA KID'S
47002;SUP. AMIGAO
48641;MOREIRA FOODS
47488;ZEQUINHA
47501;REDE MEGA SUPERMERCADOS (GOIAS)
47504;REDE MEGA DE SUP. (JD. NOVA ESPERANCA)
46945;MERC. AQUINO
47373;BRASIL ATACADISTA
47378;EMPORIO CAIPIRA
48325;AGROPECUARIA NOSSO AMIGO
46928;UNIVERSO AGROPECUARIA E PET SHOP
47232;MERCADINHO PARAISO
47308;MERC. SOUZA
47562;GIGANTE ATACAREJO
47367;KI-DELICIA PANIFICADORA
47388;EXPRESS SHOP
47406;MERCEARIA JJ
48825;SUP. E LANCHONETE REI DO LAGO
46402;SUP. DINAMICO
46924;SUP.VITORIA
47101;COML. IDEAL
47106;REI DAS BEBIDAS
47116;VIA GOIAS ATACADISTA
46410;OPPA SUPERMERCADOS
46639;COML. COMPRE BEM
46883;SUP. CURIO
47312;N&C PRODUTOS AGROPECUARIOS
46311;MERC. 02 IRMAOS
46514;CAJU SUPERMERCADO
46697;GELO BOM MIX
47257;SUP. LC
47304;SUP. LIDER
48829;TEMPERO CHEIRO BOM
46376;VIENA PAES
46377;DROGARIA ITALIA
47034;SUP. ACAI
47117;BOX ECONOMICO
47169;MINI MERCADO REAL
47170;PEG PAG MARINHO
47177;ADEGA ICE BEER
46224;COML. FERREIRA
47040;ATACADAO COSTA (RIO VERDE)
46526;MERCADINHO DO ZE
48441;DIST. DE BEBIDAS NEGAO
48480;SUP. NOSSA SENHORA APARECIDA
46922;SUP. BRASIL
46942;MERCADINHO POR DO SOL
48555;SUP. PIT STOP V8
48702;ADEGA CERVEJARIA
48716;SUP. NOSSA SENHORA APARECIDA
46089;ADEGA ZERO GRAU
46094;COML. CABRAL
46844;G.A DISTRIBUIDORA
46217;MERCADOPAGO.COM REPRESENTACOES LTDA
46218;CIELO S.A
46946;MIO DO GOIAS
45754;SUPER STORE (VL.JD. SALVADOR-TRINDADE)
46183;MERCADO MELO
47294;EMPORIO VILA NOVA
47435;PEDROSA SUPERMERCADO
46152;MINI BOX RENASCER
47086;SUP. SANTOS REIS
47464;ROSEANO DISTRIBUIDORA
47480;BEBIDAS E MERCEARIA DO JOAOZINHO
48861;LANCHE DA TIA
48355;COMPRA CERTA EMPORIO ALIMENTICIOS
48358;DIST.DOS KALUNGAS
47259;COML. ALMEIDA 
47362;GORDINHO DISTRIBUIDORA
47396;SUP. CENTRAL
47397;SUP. BOM PREO 
47422;MERCEARIA COELHO
48500;EMEMPORIO MIRANDA
47160;ARROBA DISTRIBUIDORA
47563;EMPORIO MEU FAVORITO
47573;ESQUINA DA CARNE
47333;EMPORIO JE
47483;SUP. BRASILEIRO
47559;SUP. GERLU (CIDADE JARDIM)
47569;SUPER DIA
46886;EMPORIO NOSSA ROCA
46887;COML. BOM DE MAIS
48626;PEG PAG MINEIRO
46576;PEREIRA SUPERMERCADO
47193;ARTE DO SABOR
47311;NAPAS BAR
47424;SUPER MAIS
48519;SUPER GALEGAO
46337;SUPER AGRO REAL MATERIAS PARA CONSTRUCAO
46461;SUP. PEROBEIRAS
47208;CASA DE CARNES E MERCEARIA PRIMAVERA
47276;DIST.DO MINEIRO
46066;MERC. GOIAS
46129;SUP. JM
46623;SUP. MIRANDA
46934;MERC. JC
47059;FARMACIA ORIFARMA
47099;SUP. SILVIO
46328;MERC. CRISTAL
46640;MOTOTAXI CARLOS HENRIQUE LOPES TELES
46895;MERCADO MERESA
47045;SUP.DIBRAHKOL ATACAREJO
48719;STALONNY MODAS
48740;PAPELARIA E ARMARINHOS BORGES
46084;MERCADO SERV LAR
48520;MERCEARIA DO CONTERRANEO NETO
48528;MEGA SUPERMERCADO
48541;EMPORIO VENEZA
46796;REDE LUCAS(014 CASTELO BRANCO-ITUMBIARA)
47046;ATACADO TAVARES
48557;COMPANHIA DA CERVEJA-DIST.& MINIMERCADO
48558;MB BRITO
46216;SUP. EVOLUCAO
46971;MINI BOX 106
46869;BAI MINIMERCADOS
46993;SUP. FLORAMBEL
48545;SUP. BOI E CIA
46045;SACOLAO FRUTOS DA TERRA
47070;BEM NATURAL PRODUTOS NATURAIS(PL.D.SUL)
47083;SUP. PIPOCA (SANTUARIO)
47317;MERCADINHO AO VIVO
47352;PONTO DA CARNE
47393;BILILICO'S  ESPETO
48646;SUP.VS
47135;CORUJAO DISTRIBUIDORA DE BEBIDA
47484;ROTA ENTREPOSTO
46992;PEG PAG JA
47178;NOSTRA CASA PIZZARIA
47243;COML. CENTRAL
47314;SMART IDEAL C.R
47340;CLEO CONVENIENCIAS
47414;REGINALDO XAXA ME
47417;UNIQUE DISTRIBUIDORA DE BEBIDAS
47006;ARMAZEM FIT
47063;SAIDEIRA (VILA ROSARIO)
47182;COML. TODO DIA
47221;SUP. OFERTAO
48977;SUP.WE
46736;MERC. TOCANTINS
46921;SUP. NASCIMENTO
47175;SABORES DA CARNE
47201;CASA DE CARNES FILE
48510;CASA DE CARNE PASSAGDA
46490;ESPACO ANIMAL
47134;PANIF. E LANCH. CANTINHO DO P
47180;RAPHAELLA SUPERMERCADO
48859;SUPER BOX 31 SUPERMERCADO
47112;PEG PAG SERVE BEM
47499;COML. RIBEIRO
46472;AF ART'S CRIACOES
47050;COML. GIRASSOL
47054;GINERSON
47268;DIST. DO MINEIRO
46830;DIST.  NOVA OPCAO
47207;MUNDO DOCE BOMBONIERE
47292;MERC. BOM JESUS
46283;SUP. PONTO NOVO
48502;FERRAGISTA AMERICA.COM
48685;LIMA
48981;CLEICIO FARIA 
49019;MARCIVANIO
46423;MERC. SOARES
46662;RR UTILIDADES E PRESENTES
47258;BEIRA RIO SUPERMERCADO(ALTO D BURITIS)
46101;COML. TOCANTINS
46506;ESQUINA DA CARNE
48989;ADEGA SUL BEBIDAS
46943;QUARTETTO SUPERMERCADOS (ST. OESTE 2)
46944;DIRETORIA BEBIDAS ATACADO E VAREJO
47363;RANCHINHO CHURRASCARIA
47473;RACA AGROPECURIA
47557;EMPORIO DIAS MERC. E DISTR. DE BEBIDAS
48664;ATILAS PIZZARIA
48811;LEAO BURGUER N STEAK
47067;DIST. DE BEBIDAS PARADA OBRIGATORIA
48997;BEM BOLADO CHOOP
49004;MEGA ATACAREJO
47351;CASA DE CARNE ARAGUAIA
47358;G 13
48681;SUP. VILLE MAIS
48988;CDB DISTRIBUIDORA
46003;FERREIRA SUPERMERCADO
47098;MERCEARIA GOMES
49021;COML. BARROS E CASA DAS BEBIDAS
49046;SUP. S BAIAN
46431;SUP. AVENIDA 
47073;ATACADAO COSTA (TAGUATINGA)
47152;SUPER AMIGAO SUPERMERCADO
47153;COML. CAFE COM PAO
46479;SUP. PRECO BAIXO
46560;J.M. BEBIDAS
46747;BIOATACADO
46416;SUP. BRASIL
46824;MAIS QUEIJOS E FRIOS
48419;BRETAS (BAIRRO GOYA)
48420;BRETAS (SENADOR CANEDO)
46126;SUP. JM
46378;SUPER MAX
47395;DIST.K NEVES
46703;FOGAO A LENHA D.P
47218;COML. MACAUBA
48795;AGRO  CAMPEO
46429;CAZABAR
46454;HORTIFRUTI E MERCEARIA BOCAINA
46628;SUPER 5 SUPERMERCADO
46841;NUTRIBEM AGROPECUARIA
48699;RACOES PONTO CERTO
46357;DUPIAUI SUPERMERCADO
46043;SUPERMIX BRAZ 2
46044;DUFF BEER DISTRIBUIDORA DE BEBIDAS E FR
48440;SUPER LEO SUPERMERCADO(PQ.SANTA RITA)
46037;CONVENIENCIA FILADELFIA
46263;EMPORIO MERCEARIA
46785;SUP. NASCIMENTO
45995;MERCADINHO TRES IRMAOS
48538;ARENA MULTPLACE EVENTOS
48573;PEG PAG CATARINENSE
46180;SUP. HIPER 10
46121;VERDURAO PONTO VERDE
47203;MARA TURISMO HOTEL 
47242;COML. DO ROMARIO
47377;SUP. FAVORITO
46909;FERRAGISTA MAXIMUS
48581;COML. BRITO
48582;DIST.OG
47239;SUP.ARAGUAIA
46384;DIFRATEC SOLUCOES EM TECNOLOGIA
46403;DOGMANIA RESTAURANTE & LANCHONETE
48365;DUETTO SUPERMERCADO
46859;COML. GOIAS
48354;RAFINHA
48796;THIAGO PNEUS
47466;BRITO ALIMENTOS
46351;COML. ARAUJO
46567;SUPER BOLA
48375;DELICIAS DA DORALICE
48889;MOREIRA SPORTS PMW
48913;FOGAO A LENHA RESTAURANTE E PIZZARIA
46339;PITICO RACOES LOJA II
46455;THAISYNHA VARIEDADES E SUPERMERCADO
46488;MINI MERCADO PEROLA
46760;ATACADAO DOS PRECOS BAIXOS
48566;ACAI DO NINJA
48722;MIX BALADA
47381;BODEGA COX. E PAST. FULO DE MANDAKARU
48700;CASA DE SORVETE
48832;ARMAZEM JC
46248;SUP. PACHECO
46364;HOPE SUPERMERCADO
48518;GELO BOM MIX
48710;SUP. PLANALTO
48966;CASA DAS BEBIDAS
46016;AGROCAMPO
48674;SUPER BOX BARRADAO
45971;ATACAREJO
45972;TEM TUDO FESTAS E EMBALAGENS
46042;MUT COMPRAS MERCEARIA E DISTRIBUIDORA
46164;FRIOS & CIA
47013;LA HACIENDA EMPORIO E ARMAZEM
47442;SACOLAO SABOR DA FRUTA
48957;EMPORIO PIMENTA
46613;LDC SUPERMERCADO
48460;DISTRIBUIDORA DE BEBIDA ADEGA DO BIE
46030;SUP. NO 12
47009;JK SUPERMERCADO
48452;APAG LACERDA
46979;DOM FIGUEIREDO REST. E CONVENIENCIA
46716;SUP. SUPER 10
46880;SOS LANCHONETE UNIVERSITARIA
46984;PARANHOS SUPERMECADO
46430;DELICIAS DO SUL
47082;MATHEUS ATACADO E VAREJO
47300;SUP. CONQUISTA
47316;CASA DA ROCA
48823;DIST. ALTAS HORAS
46386;MOREIRA SUPERMERCADO
46804;SUMMER NARGUILE E BEBIDAS
47189;SUPER PRIME
48400;EMPORIO BUENO
48418;BRETAS (CAMPINAS SAO JOSE)
46677;COML. COLONIAL
47321;SUP. TRYON
47444;MINI BOX HORIZONTE
48434;SUP.SILVA
46855;VICTOR SUPERMERCADOS
47360;CASINHA DO PAO(AP.DE GO-JARDIM LUZ)
47553;LEIDIANE MAGALHAES MACHADO 87526867104
46137;SUP. SOUZA
46142;DUDU DISTRIBUIDORA
46788;MERCADINHO POR DO SOL II
46826;JV DISTRIBUIDORA DE BEBIDAS
46503;TOCANTINS BEBIDAS E SUPERMERCADO
48662;BEBIDAS E MERCEARIA DO BAIANO
48893;MORETTI EMPORIO
46905;SUP. PAGUE MENOS
48842;VERDURAO CENTER
46177;SUP. GABRIELLA
46259;CASA DA RACAO NOVA ARAGUAINA
46939;CONVENIENCIA MENDANHA
46941;EMPORIO NOBRE BEBIDAS & CONVENIENCIA
47000;CL SUPERMERCADO
47157;SUP. CANAA
47064;SCARLET AMANDA JESUS VIANA
47181;ALDEIA LOUNGE E DISTRIBUIDORA
48954;EAGLE BOX CROSS TRAINING
46497;COML.CORTEZ
46925;SUPER L & C
48399;PIZZARIA FIORELLE
48478;SUP. SOUZA MG
47125;24 HORAS MAIS BARATO AURENY 3
46557;TINK'S BEER
48501;EMPORIO E CASA DE CARNES H.L.A
46793;DONNA DI CASA SUP.
47320;NOGUEIRA DISTRIBUIDORA ATACADISTA
48709;MERCEARIA DUDININHO
46281;SUP. POPULAR 
46710;JM SUPERMERCADO
48577;MERCADINHO BOM PRECO
48849;AGROBOI
46246;CASA DE RACAO AEROPORTO SUL
47387;MERCEARIA NITEROI
46285;VENEZA PLAZA HOTEL LTDA
46527;REI DOS FAROIS
46819;MINI BOX ALIANCA
46981;MERC. ARAUJO
48576;SUPER PRATIKO
48782;PANTANAL HOTEL E RESTAURANTE
48785;DIST. RENASCER
48788;SUPER SA
46878;RODOLFO JOSE DO CARMO NAVES
48896;AGRO RURAL
48901;AGROMIL
48909;BARUQUE PRODUTOS DE LIMPEZA
47303;MERCADINHO DA FAMILIA
47346;SUPER GELO 
46888;SUP. SUMARE 2
47220;DIA E NOITE BEBIDAS
48848;EMPORIO DAS CARNES SUPER BOI
46670;MOREIRA MUNDIAL SUPERMERCADOS
48899;MERC. ECONOMIA
47144;CASTELO DO CRIADOR II
47282;REDE LORETO SUPERMERCADOS
47283;DIST. DOS PRIMO
48379;EMPORIO JP BEBIDAS E ARMAZEM
46349;MERCADINHO SAO LUIZ
46589;SUPER UNIAO SUPERMERCADOS(CENTRO)
46590;DISK CERVEJA PRIME
48497;SUP. DONNA DI CASA
46651;SUPERMECADO REAL
46863;SUPER LIKE
48412;BRETAS (VEIGA JARDIM)
48413;BRETAS (CALDAS NOVAS)
48414;BRETAS (FORMOSA)
46421;DIST. E CONVENIENCIA LIDER
46580;SUP.LAGUS
46188;SSA
46676;IMPERIO BEBIDAS
46699;SUP.E CONVENIENCIA PEROLA
47210;GELA GUELA
46161;EMPORIO YPE
47256;SUP. E CASA DE CARNE NJ
47390;VR BEBIDAS
46090;MERC. E PANIFICADORA TRES IRMAOS
46147;SUPER BAO SUPERMERCADO
47132;SILVA E SILVA
48415;BRETAS (CARDOSO)
48416;BRETAS (CIDADE JARDIM)
47241;ALPHA SUPERMERCADO
47295;TUDO FESTA
48753;SUPER MIX EL SHADAY
46001;MERCADINHO GOMES
46031;CASA DO PIT DOG, O SEU SUPERMERCADO
47366;SUP. BRASIL
47335;MERCADINHO
47548;COML. FERNANDES
46405;ATACAREJO DAS BEBIDAS
47074;ATACADAO COSTA (TAGUATINGA NORTE)
47075;ATACADAO COSTA (ST. HAB. VICENTE PIRES)
47250;SUP. PEDROSA
48417;BRETAS (MONTE CRISTO)
48421;SIERRA SERVICE
46065;PANIF.DONA OLINDA
46569;PONTO CERTO BRAZA
46840;PINGUIM PANIFICADORA
46876;ECONOMICO
46682;PNEUS BRASIL
47196;MERCADINHO SERRINHA
47197;VICENTE REPRESENTACOES
47272;BARBOSA GAS E AGUA MINERAL
46135;MINI BOX BEIJA FLOR
46301;COML. CH
46730;ATACADAO BARATAO (VILA ROSARIO)
46860;ATACADAO COSTA (ST. CENTRAL)
47020;MINIBOX DISTRIB. AGROTINS
48663;TEMAKI FRY-JAMEL CECILIO
46169;SUP.SAO FRANCISCO
46190;AMOR DE CAO CLINICA VETERINARIA
46856;GOIABAO SUP. (CJ. VERA CRUZ)
48579;CHAVES LANCHES
46046;MERC. FERREIRA
47278;EMPORIO DA FAMILIA
47302;2A DISTRIBUIDORA DE BEBIDAS
46363;AURORA SUPERMERCADO
46906;MERC. FAMILIA GOMES
46634;SUP. POPULAR
46646;J M ALMEIDA ARAUJO
48886;UNIVERSIDADE DO VINHO
46668;ALVORADA BEBIDAS
47334;PASTEL DO CHEF
47519;BARBER SHOP
48816;CONVENIENCIA MATA
46689;BIG +
47143;PANIFICADORA + SABOR
47248;MINI BOX DOIS L
47190;MERCADINHO BOM VIZINHO
46573;MERCADINHO PIT STOP
47215;SUP. CONQUISTA - MARTINS
46625;SUP. EL SHADAY
46783;MIX BOM PRECO
46875;MERCEARIA E ACOUGUE FRIGOCARNE
48818;PAEZE SUPERMERCADOS
48821;MALTE E CIA DISTRIBUIDORA DE BEBIDAS
46571;SUP. TESCOL
47301;PEG PAG 1 OPCAO
48675;ONLINE 24 HORAS
46812;COML. RESENHA
47354;EMPORIO DAS POLPAS(ST.SUDOESTE)
48962;AGUIA SUPERMERCADO
46157;COML. ARAUJO
46286;FUTRIKA QUE ACHA
47091;VERDURAO IMPERIAL
46069;DU JAPA MERCEARIA E CONVENIENCIA
46235;ACOUGUE E MERCADINHO AMERICA
48625;PONTO DAS BEBIDAS
48737;PANIFICADORA PINGUIM
46867;MADRID MERCEARIA E BEBIDAS
48482;MINI BOX LAGO NORTE
48895;ZERO 4 BEBIDAS
48665;DIST. DA LUCIA
48872;MINI BOX BAMBUI
48887;VINO NATO
46930;DUETO SUPER MIX
46923;FERRAGISTA IDEAL & CHAVEIRO MOURA
48918;AGROPECUARIA CASA DO CAMPO
48922;SUP. 2 IRMAOS
46442;M & R EMPORIO E MERCADO
46861;IDVANIO SILVA SANTOS
47110;MERC. COSTA
46554;HIPPER FRIOS
46823;BOUTIQUE DOS FRIOS & CIA
47467;PRECITO
46330;TESTE
46481;MERC. RIBEIRO
47337;LOJAS DO ZINHO
48631;MERCADO MELO
48917;VH SUPERMECADO
48928;EMBALAGENS BORGES DOCES E FESTAS
48959;SUP. DAVI
46162;RESTAURANTE CAPONATA SABORES CASEIROS
46196;COML. MAUA
46199;SUP. LIDER
47035;MERCADINHO SERVE BEM
48890;COML. DOIS IRMAOS
46518;AGROPET GOLD
46049;GLORIA GAS
48422;BRETAS(ST.CENTRAL)
48423;BRETAS (BURITI SHOPPING)
46294;GRAM ATACAREJO
46842;DIA A DIA SUPERMERCADO
46917;PET CAES E GATOS
49015;C & V RACOES E ACESSORIOS
47004;SANTHY BEER
47244;COML. CENTRAL
48532;MINI BOX MM
48743;COML. ATACADAO
48750;SUPER PRATTICO
46266;EMPORIO CENTRAL
46666;SUPER BELLO SUPERMERCADO
46792;SUP. REALMAR
47306;MINI BOX CRISTAL
47456;SUP. IRMAOS AQUINO
48999;COML.MARQUES
47509;MEGA ATACADAO (COLINA AZUL)
47482;SUP. ECONOMISA
48993;MIX VAREJAO SUPERMERCADO
49023;SUPER FEIRAO DA ECONOMIA
49027;GELA GUELA DISTRIBUIDORA DE BEBIDAS
46632;SUP. EDICASA
46744;MERCADINHO PATRIA
47051;PONTO DA CARNE
48424;BRETAS (AGUAS LINDAS)
48425;BRETAS (JATAI SHOPPING)
46370;COML. MORAIS
47085;EMPORIO TRIBO DO SAPO
47452;GUANABARA ATACAREJO
48524;ESQUINA DAS FERRAGENS
47355;PARANA COM. E DIST. DE BEBIDAS
46247;OMEGA ATACAREJO
46507;COMER BEM QUE MAL TEM
47089;MAIS BARATO 605 NORTE
47147;SUP. BOA SORTE
47187;COML. BOM PRECO
47368;FG BEBIDAS
48666;FULL TIME
46687;CASA DE CARNE DOIS IRMAOS
46889;SUP. SUMARE
47022;SUP.LEVEMAIS
48703;SUPER DIAS
46298;MORAES HAMBURGUERIA E PIZZARIA
48489;EMPORIO CLUB DO MALTE
48673;EMPORIO DAS BEBIDAS E FRIOS
48968;MERCADAO FORTALEZA
46929;SUP. REAL
48792;EMPORIO KARIOKA QUEIJOS E VINHOS
46805;MERCADINHO BOM PRECO
48927;AGROPECUARIA AGROECONOMIA
46620;COML. CESAR
47081;SUP. SILVA RIOS
47109;SUP. BOA VISTA
47341;EMPORIO O PAI TA ON
48611;SUP.MAIS VOCE
46570;SUP. E PANIFICADORA PAO GOSTOSO
47209;SUP. REDE D ECONOMIA I
46452;SUP. SANTA ISABEL
46935;MINI BOX AVENIDA
48697;B2 EVENTOS
46155;MERCEARIA FREITAS
47171;LARA DISTRIBUIDORA
46789;MINI BOX MATEUS
47383;SUP. DINIZ 
48488;SUP. PRIME
48552;PRADO SUPERMERCADO
46356;MERC. GOMES
46563;SUP. JM
46521;DINAMITE SUPERMERCADOS (MEDEIROS)
46847;CASA DE CARNES BIFE BRASIL
47030;MARILIA ROEDEL NOGUEIRA
48574;PANIF. MODELO
46564;MINE BOX TROPICAL
47018;SOARES CONSTRUCAO
48511;LOKAL DISTRIBUIDORA E MERCEARIA
46633;COLEGIO VERSUS
46991;SUP. JL
47137;CASA DA BEBIDA E CONVENIENCIAS
48546;MANIA PET
48805;CASINHA DO PAO(AP.DE GO-VL.CRUZEIRO SUL)
48914;BAR CENTRAL
48964;MERCEARIA RODRIGUES
48990;EMPORIO SUPER PREMIUM
49225;COML.JM
47087;EMPORIO E DE CASA
47093;DIST. DE BEBIDAS E MERCEARIA CALDAS
48568;CEREJEIRA ATACADO
48617;SUPER MERCADO BEATRIZ
48690;EMPORIO F.C.
48711;MERC. AVILA
47525;SUPER BARAO - BOA ESPERANCA
47526;SUPER BARAO - TROPICAL
47528;SUPER BARAO - SUL
48998;MEGA DISTRIBUIDORA
46714;TECENDO JUNTO
46753;ROYALBEER BEBIDAS GELADAS
46755;SUP. SAO LUIZ
47111;CASA DA RACAO
47191;ROLINS SUPERMERCADOS
46700;GOLD DISTRIBUIDORA DE BEBIDAS
46728;SUP.E CASA DE CARNE SOL (PRIMAVERA II)
46729;SUP.E CASA DE CARNES SOL(SANTA EFIGENIA)
47344;SKINAO RESTAURANTE E CHOPERIA
46806;EMPORIO AVENIDA
48906;CAFE PREMIER
48908;MERCADIM
48915;DIST. & SUPERMERCADO BEBA MAIS
48972;EMPORIO MINAS QUEIJOS E CIA
46273;LELE DA CUCA
47455;MERCADO PRECO BAIXO
47183;MINI BOX COMPRE CERTO
47432;HARISSON PEREIRA DE CARVALHO 03102358128
46938;LUIZA GRANDE
48487;DIA A DIA
48678;PEGUE E PAGUE KI JOIA
46522;S.O.S. DISTRIBUIDORA E TABACARIA
46904;MERC. E PANIF. RIBEIRO
46959;NOVO HOTEL
48730;DIST.REIS
46551;COMEL. MORADA SUPER
46768;MINI BOX CARNEIRO
47056;MINI BOX MARTINS
47145;JD BEBIDAS
48657;SUP.BRILHANTE
46912;COML. ATACADAO
46276;GERALDO MOREIRA DE ANDRADE
46118;JN DISTRIBUIDORA DE MATERIAIS E SERVICOS
46201;MINI BOX BOM PRECO
46202;MERCEARIA SOUZA
46254;MERC. MORAIS MIRANDA
46873;AMARILDO SUPERMERCADO
47394;ATACADAO LIDER
46167;TDN APOIO ADMINISTRATIVO
47493;SUP. SERVILAR
48521;C&R DISTRIBUIDORA
47441;REAL ALIMENTOS
48639;CASA DE RACAO MARQUES
47374;SUPER MAX
47423;COML. K L C
47438;LIBERDADE BEBIDAS
48623;FAZENDINHA GARDEN
48778;COML.SUPER MAIS
48779;STOUT PIZZA
48780;SUP.PIT BULL
47522;SUPER BARAO - CIDADE JARDIM
47523;SUPER BARAO - NOROESTE
48632;MINI MERC. ESTRELA
47237;PEG E PAG MODELO
48672;COML.RANCHO ALEGRE
47286;FOBRAS
48437;EMPORIO VILLE
48772;COML. BOM DE PRECO
46626;MEGA BOX E BEBIDAS NOGUEIRA
47409;EMPORIO BANDEIRANTES
48910;COML. ANDRADE
48982;ACOUGUE BOM PRECO
46299;ATACADAO SAO JOAO
47447;KI-DMAIS SUPERMERCADO
48648;STYLLUS CONV E DIST DE BEBIDAS
47372;SUPER CALIFORNIA
48537;COML. DE ALIMENTOS ALLEGRA
46582;FEIRAO MIX SUPERMERCADO
47412;RANCHO DA VIOLA
47570;SUP. FLAMBUAYAN
46074;SUPER CHEIRO VERDE
46958;GIRO SUPERMERCADO
48472;PEG PAG OLIVEIRA
48736;DIDI PRESENTE MERCADO DULAR
46683;TK PIZZA E LANCHONETE
47450;AGROPET SEIXAS
47561;DISTRIBUIDORA ZERO GRAU
46146;SUPER VITORIA E DISTRIBUIDORA DE BEBIDAS
46261;SUP. JW
48438;SUP. AVANTE (ABADIA DE GO)
48470;EMPORIO PINGUIM
48873;MP RACOES
48608;SUP.E LOCACAO PLANALTO
48643;DELLICATA PAES JARDIM GOIAS
49018;SUP.FRIBURGUER
49045;SUPER LIDER
48398;BAR E MERCEARIA PORTINARI
48892;SUPER BAIRRO
48677;SUP.GEOVANNI BRAGA SECOS E MOLHADOS
48694;PREDADOR VAREGISTA E GAS DE COZINHA
48698;MERC. DO POVO
47338;AC TABACARIA E DISTRIBUIDORA
47479;ATACADAO SANTA RITA
47481;MAIS VOCE SUPERMERCADO
49040;ARMAZEM NOVO HORIZONTE
46780;MINI BOX E CONVENIENCIA CURRALL
47049;BELISSIMO BUFFET
48876;SUPER PONTO FINAL
46864;EMPORIO BEBIDAS E CIA
47475;PLANALTO DISTRIBUIDORA
48749;MIRANDA ATACAREJO
48758;PAGUE MENOS CASA DE CARNE
48759;CEZARIO RESTAURANTE
46910;TOCANTINS CONVENIENCIA
46738;DIVAS BIJUX
46870;UAI ATACAREJO
46918;SUP. GOMES
46857;FORTE ATACAREJO (PQ. JOAO BRAZ)
46977;SUP. IPIRANGA
47398;DIST. VITORIA
47434;DIST. E BAR DO ZE GOLIN
47439;PEG PAG LEVER
47019;CASA DE CARNES PARTATA
47564;ZERO GRAU BEBIDAS(ST.OESTE)
48764;COML. JD
48820;SUP.MAGNOLIA
48860;EDEN SUPERMERCADO
46071;COML. NANDO
46082;COML. BOM JESUS
47044;SUP. PEIXOTO
47060;SUP. DO TEDD
47133;MERCADO PRAJA
48951;CONFRARIA DAS FRUTAS
48714;SUP.JL
48728;VALERIA AGUIAR GOMES
49029;BAR DO RENATINHO
48898;EMPORIO SUPLEMENTOS
47236;SHOPKLIN
46387;MERCADAO DA ECONOMIA (CENTRO- P. BAIXA)
46417;MINI BOX RYDLLEY
47130;SUP. MANIA
47213;GRAN ADEGA ATACAREJO
46338;SOLUCAO
47350;DISQUE BEBIDAS E CONVENIENCIAS
46692;CASA DAS RACOES AGROPET
47277;ANNE CELULARES
46067;MERCADO PROGRESSO
46068;SUP. COMPRE BEM
46516;COML. MENESES
46681;PRATICO SUPERMERCADO
46877;SUP. SAO SIMAO
47291;MINI MERCADO PEREIRA
46341;VICTOR FESTAS
47503;REDE MEGA DE SUP. (ST. SOL DOURADO)
46111;JG TRANSPORTES
46143;MERC. NUNES
46732;MINI CENTER CAZUZA
47376;EMPORIO DIVAKA
46501;LANCHONETE DOCE CAFE
47565;EMPORIO TCHELA
48984;SUP. MANIA
48605;JORGES ATACADO E VAREJO
47518;MINI BOX E DISTRIBUIDORA HL
48401;BRETAS (ARMAZEM)
48613;ARCOR DO BRASIL LTDA.
47115;SUP.CONQUISTA
48435;SUP. MINI PRECO
48445;PAGUE MENOS E LEVE MAIS
47339;DIEGAO SUPERMERCADO (JD. NOVO MUNDO)
48622;DISTRIBUIDORA E MERCEARIA OLIVEIRA
46473;QUATRO IRMAOS GAS
46524;CONSTRUAGRO MORENO
46388;MERC. SOUSA
46643;MACEDO JARDINAGEM
46969;BARATAO SUPERMERCADO
47347;CASINHA DO PAO(AP.DE GO-NOVA ERA)
46412;UNIVERSO PET
47389;ACOUGUE LWS
46724;SUP. PL
47198;COML. E O CERTO
47415;GALO BRANCO
47416;COSTA ATACADAO (NORTE AGUAS CLARAS)
48554;COML. SUPER MISTO
46896;EMPORIO ANFITRIA
48683;STONK BEER
48751;EMPORIO MIX CADO
46489;SUPER PAIOL SUPERMERCADO
46758;LG DISTRIBUICAO
48544;SUP.AVANTE (ST.SAO JOSE)
46406;AERO ACAI
48695;SUPER P.A
46409;ESTRELA SUPERMERCADO
47212;SUP. ECONOMIA
46396;NIPPON MINIMERCADO E MERCEARIA
47318;PRIMAVERA SUPERMERCADOS
48529;SUP. JARDINS
46568;MERC. MARTINS
47492;SUP. SERVE LAR
48660;COML. MARIANOPOLIS
46200;ARMAZEM DO GORDO
46203;ACOUGUE TEIXEIRA
48548;HORA CERTA SERVICOS E COMERCIO
46055;COML. FERNANDES
46056;COML. RAMOS
46119;LA HACIENDA
46133;SUP.SAMUEL
46607;JC ELEGANCE
47066;SACOLAO BELA VISTA
48633;COML. GIRO MIX
47386;ALBATROZ BAR
47370;PONTO CERTO MATERIAIS PARA CONSTRUCAO
47400;ELETRICA LEAO
47235;ARMAZEM DIAS
47576;WISE GRUPO REAL
48432;MAIA ATACADAO
46382;J R DISTRIBUIDORA DE BEBIDAS
46832;COML. GOMES
47582;VERDURAO PLANALTO
46690;TREMENDAO ATACAREJO(NOVA VL.MARIA)
48549;SUPER SANTOS SUPERMERCADO
46140;MERCADO GETSEMANI
46420;SUP. E CASA DE CARNES MARQUES
48733;SUP. SANTA ISABEL 2
46340;MERCADINHO SILVA
46926;SUPER BOX MARINHO
47222;AGROFER VISTA BELA
46393;BH BEBIDAS
46502;CASA DE FRIOS E DISTRIBUIDORA BARATEIRO
47253;LA BARCA
46085;MERCABOX E DISTRIBUIDORA DE BEBIDAS
46088;O PONTO II
48943;NOVO HOTEL
48755;LANCHONETE E PANIFICADORA PAO GOSTOSO
47234;DG ATACADO E VAREJO
47508;MEGA ATACADAO
48807;REY FARMA
46435;A ECONOMIA DO POVO
46512;MAXIMO GRAU
49035;CASA DE CARNE NOSSA SENHORA DAS GRAAS
46675;GEANY COSTA DE CASTRO
48493;COML. BRISAS
48824;MERCADO SAO JOSE
48836;REDEMOB CONSORCIO
47445;GAS LIDER
46255;HOTEL GOIANO
46446;BARZINHO CEARENCE
46655;DROGABEM
46110;SUP. TOCANTINS
46476;SUP.  NOSSA SENHORA APARECIDA
47042;LOJA DE CONVENIENCIA
47313;CENTRAL DISTRIBUIDORA E CONVENIENCIA
47454;EMPORIO JOTA
47470;PALACIO DO PAO GOIANO
48595;IMPERIO DAS BEBIDAS
47384;EMPORIO ALVES
47399;EMPORIO MOREIRA BEBIDAS
47343;MERCANTIL CASTRO
46411;SUPER VALINHOS
46698;MOURAO CONVENIENCIA
47027;CONSTRULAR
46132;COML. JANAINA
46331;ATACAREJO DO JUNINHO
46332;O BARATEIRO
46407;CANTINHO DO CAFE
46654;SUP. E DISTR. IMPACTO
46769;ATACADO POPULAR
46282;COML. JULIANA
46083;MERCADAO DA ECONOMIA (CALDAS NOVAS)
46197;MATRIZ SUP. E DISTRIBUIDORA DE BEBIDAS
46795;REDE LUCAS (010 EQUADOR-ITUMBIARA)
47407;DIST. DE BEBIDAS 1 OPCAO
48857;SUP. VIANA
48866;VENDA DO CAMUNGUIM
46317;ATACADAO DIA DIA LJ.2
46531;COML. RIBEIRO CARNES
48802;EMPORIO +
48846;SUP. CRISTO REI
48803;SUP.ANDRADE
46723;DISTR. ABEL JR
47008;XANDAO SUPERMERCADO
47357;LEONARDO CARNES
47240;COML. SOBERANO
48786;MEGAMART SUPERMERCADO
46767;BAR E RESTAURANTE
48879;PAGUE LEVE
47146;EMPORIO DAQUI
47192;REPRESENTACOES ALIANCA
47579;J E DISTRIBUICAO E LOGISTSICA
46739;IMPERIO DAS BEBIDAS
48590;MERCADAO SUPERMERCADO
46371;MERCADO MARIQUINHA
46141;DULAR COMERCIAL DE ALIMENTOS
46722;MERCEARIA DJ
46228;SUP. SENNA
48828;SUPERVI(RESID.DO CERRADO)
46075;DIST. DE BEBIDAS BARRETOS
46168;ARMARINHO NUNES
46278;DROGARIA MEDFAR
46818;DIRETORIA 
46374;TIM TIM SUPERMERCADO
46375;MERC. GALOPIN
48945;SUPER TORRE FORTE
48640;VILLA BEER
47176;FARMACIA MARINHO
48717;SANTANA'S LANCHES
48651;S15 DISTRIBUIDORA DE BEBIDAS E CIA
48661;QUALITY RODOS COMERCIAL
48668;MN MERCEARIA MORADA NOVA
48679;LANCHONETE TJ
48844;SUP. FONTE DA ECONOMIA
48606;D VILLE CONVENIENCIA
48724;JC ATAKAREJO
48725;BAR DO PEDRINHO
46540;A OPCAO RACOES E ARMARINHOS
46312;MERCEARIA DO ZECA
46608;COML. SILVA & CONVENIENCIA NILO
46743;EMPORIO DAS FLORES
47418;MINI MERCADO BARATINHO
46601;MINI BOX SAARA
48734;SUP. FIERI
48746;COML.SILVA
46505;CENTRAL DISK BEBIDAS
47092;PANIF. E MERCADO CENTRAL
48543;SUP. CRISTO REI
47252;RACOES GABARRAO
47448;EMPORIO MORITA
48800;SUPER NACIONAL
49042;SUP. COMPRE MAIS
48883;SE7 DISTRIBUIDORA
47506;REDE MEGA DE SUP. (ST. JD. MARISTA)
48905;REIS COMERCIAL DE BEBIDAS
47288;DINAMITE B E A ALIMENTOS LTDA (MARTINS)
46529;SUP. TODO O DIA
46558;SUPER EXPRESS
48486;SUP. PRECO BAIXO
48718;DIST. DE BEBIDAS TRES IRMAOS
46062;SUP. DA FAMILIA
46978;MEGA SUPERMERCADO
46858;MUNDO VERDE
48588;SUP. POPULAR
47505;REDE MEGA DE SUP.(VL. FINSOCIAL)
48636;PL BUSINESS CORPORATION
46719;REI DA BEBIDA
47478;BARATAO ATACADISTA
49336;SUP. AKALANTO
48535;PIX CONVENIENCIA
48867;BARATAO ATACADISTA
48902;WINERY A BRAZIL
48930;CONSTRUFORT
46645;CASA NOVA ATACADO - SUP. E UTILIDADES 
46882;SUP. RAYANNE
48536;CONVENIENCIA SERRANO
47217;SUPER FAZENDAO
47326;MERC. MARTINS
48496;IMPERIO GYN PASTEIS
46487;SUP. CASA NOSTRA
46762;COML.NOSSO LAR
48931;DIST.PLANO B
47037;FRUTARIA E MERCEARIA SILVA
48747;CASA DE CARNES E SUPERMERCADO DIA DIAS
48935;COML. FERRAGISTA SILVA
46741;ADEGA SANTOS
46754;PIMPOLHO
48960;DIST. 2 IRMAOS
46637;HA ADEGA COMERCIO DE BEBIDAS E DERIVADO
46559;MERC. JJ SUL
46764;LA MANGUACA
47296;MINE MERCADO MINE PRECOII
46350;COMETA SUPERMERCADO
46459;FORTE ATACAREJO (BAIRRO GOIA)
46827;GO TRANSPORTES E ENCOMENDAS
47420;HOUSE PIZZARIA
48976;CASA DE CARNE CANNA
48589;DIST. DE BEBIDAS CARVALHO
48599;COML. BOM PRECO
46508;PANIF. REAL III
47490;EMPORIO CERVEJA & CIA
48686;SUP.CARNEIRO
47426;COML. VITORIA ATACADO DE BEBIDAS
48739;K DELICIA PAES E CIA
49000;JC FRIOS & CIA
46443;SUP. MARTINREIS
47007;MINE BOX SOUSA
47356;GELA GUELA DISTRIBUIDORA
47379;SUP. CAPRICHOSO
48693;PLANETA RACOES DEPOSITO FECHADO
46952;COML. CASA VERDE
47461;JR ATACAREJO
48542;EMPORIO 11
49002;ENKAZA SUPERMERCADO
49009;CAZUZA
49010;LA NO DISK
48597;NO MERCADO COMERCIO DE ALIMENTOS
47161;BERLU SUPERMERCADO
46434;JC BEBIDAS EMPORIO
46881;JEANES MIRANDA CUSTODIO LEITE
49012;SUP. LAGOA
49013;GALEGO DISTRIBUIDORA
46966;EMPORIO DOCE DOCE SINCE 1978
48490;ART FRIA ALIMENTOS
48560;MIX ALTO BONITO
46391;MERCADINHO DOS TEMPEROS
48738;CONVENIENCIA RIO PRETO
48804;SHOP DAS BEBIDAS E EMPORIO
46652;MERCEARIA MAIRA
46680;ATACADAO DAS BEDIDAS
46225;COML. FERREIRA
46822;CASA DAS BEBIDAS
47431;NASA ATACADISTA
46229;MERCADAO DA ECONOMIA (MORRINHOS)
46790;ALFHA SUP.
48634;ATACADO DO BRASIL
48970;DIST.DE BEBIDAS GELATUS
46474;BONTELO SUPERMERCADO
46552;COML. FORTALEZA
47119;MERCADO PONTO EXTRA 
48659;DISK CERVEJA LOUNG BEER
48776;COSTA ATACADAO(JD.BELA VISTA)
46604;MERCADO ESTRELA
48854;SUPERVI(ST.SUL JAMIL MIGUEL)
46641;SUPER BARAO SENADOR CANEDO
47273;COML. DO CRIADOR
46685;NUTRO LOJA AGROPECUARIA
48808;FASTDRINKS - CONVENIENCIA
48830;ATX PRODUCOES E EVENTOS
48752;SUP. SANTA FE
48790;SUP. CAIPIRAO
48874;CONVENIENCIA POSTO 20
48553;PEG PAG CATARINENSE
48676;COML.SUDOESTE
48907;POSTO PREMIER
46644;MERCADAO DA ECONOMIA (ITUMBIARA)
46369;MERCADINHO PAG E PEG
46547;SEVERIANO SUPERMERCADO
46709;PANIFICADORA MODELO
47226;EMPORIO LACOSTA
48809;GL EMPORIO DAS BEBIDAS
46913;AVAMTHE SUPERMERCADO
47491;SUP. BARAO
49026;CARIOCA BEER
48726;GOIAS ATACAREJO
48523;CASA ELZA
48727;COML.GETS
48994;SUP. J LIDER
47336;SUP.VITORIA
47107;MINI BOX TAVARES
47342;F.JR.CORREA
48929;SUP. ECONOMIA
46493;ESPACO PET - RACOES E ACESSORIOS
46555;E DE CASA SUPERMERCADO
46468;GELADAO BEBIDAS
49053;EMPORIO COIMBRA
47026;COML. MARTINS
47297;MLK IMPORTS
47324;MERCADINHO E VERDURAO POMODORO
46156;COML. LOPES
46314;ABC SUPERMERCADO
46562;SUP. ALIANCA
47184;JAVA'S BURGER
48765;DROGARIA SAUDE
48602;SUP. ESTRELA
46572;MINI BOX LIMA
48921;MAPLE BEAR PALMAS
47172;MERCADINHO BUENO
47453;SPLENDORE FIT
47558;COML. RIO BRANCO
47507;REDE MEGA DE SUP.(JD. BALNEARIO)
47080;SUP. & ADEGA VO TUKA
47477;ATACADAO SANTA RITA
48986;SUP.NOSSA SENHORA APARECIDA
47195;SUP. CENTRAL
47123;PANUTI
47124;PANELAS & UTILIDADES
49123;56.054.454 JAMILLY BATISTA CORREA
46478;REDE STORE (VL. MORAIS-RIO VERDE)
48856;REI MASSAS
46517;MIRANDA SUPERMERCADO
46691;SUPER MIX SUPERMERCADO
46782;SUP. 007
47167;MIX LANCHE
46114;SUP. AVENIDA 
46445;MERCADO DA ECONOMIA
46794;CENTRAL DIST. E CONVENIENCIA
47555;B F CONSULTORIA, LOCACAO E PROJETOS
48810;MERCEARIA IMPERIAL
48948;EMPORIO R11
47510;CANAA ATACADISTA
47238;SUP. AVENIDA
46383;COML. BAHIA
46553;SUP. REIS (16-SANTA HELENA DE GOIAS)
47120;PANUTI
47122;PANUTI
47202;SUP. PONTO CERTO
47345;SUP. LEMES
47500;SUP. NOSSA SENHORA APARECIDA
48748;CASA DIBS(ST.BUENO)
48770;DIST. DO COWBOY
46324;COML. MONTEIRO
46240;SUP. SUPREMO 
47173;PERNAMBUCANA M.J E CIA
48969;BUSCHLE ALIMENTOS LTDA
48924;EMPORIO FORNEART
49048;CASA DE CARNES PREMIUM
48715;SUP. LOPES
46706;COML. GOIAS
47154;FABIANA ALVES DE OLIVEIRA
46303;SUP.MINEIROS
46313;DANIEL SEMPRE MAIS
49016;KACTUS PUB E REFEICOES
46107;COML. MILHOMEM
49050;SUP. CAVALCANTE
48817;SALA 13
47251;GELAO ADEGA E CONVENIENCIA
48609;HAPPY BIRTH DAY BUFFET
48637;SIBRA SUPERMERCADO
48708;SUP.FRANCA
47527;MERCEARIA MIX
47537;ATACADAO CARDOSO
47514;COML. MARANATA
46495;MIX HORTIFRUTI
46256;SUP. CAMPEAO
46498;CASA DE CARNE SADIA
47486;SUP. CENTRAL
47487;HORTIFRUTI CENTRAL
46594;EXODO SUPERMERCADOS
46708;EMPORIO DAS CARNES
48653;CERVEJA EM PE E PETISCOS
49005;DESCONTAO SUPERMERCADO
47551;FORT MIX REVENDEDORA SECOS E MOLHADOS
48650;SUSHI URUACU
47077;ATACADAO COSTA (ST HAB. TAQUARI)
47249;HIPER MIRANDA
46385;ROTA 10
46515;BEE MARKET
47128;MERC. RM
46354;MERC. PAULISTA
46106;OG BEBIDAS
47168;MERCADO SAYAO
48744;SUP. ALIANCA
48868;COML. S A
49003;EMPORIUM PINGUIM
48975;CASA GOIAS
47511;SUPER CANAA
47231;RESTAURANTE CHUR. E TEMAKERIA GRAN PORTO
48971;MERCEARIA BOM GOSTO
49033;CRISTAL CARNES
46988;COM. E ACOUGUE TODO DIA
48834;VEMAX DISTRIBUICAO
48841;REDE JUDA SUPERMERCADO
48850;DAISO JAPAN
46829;SACOLAO DA HORA
48947;MERCADO DA ECONOMIA(ST.EPAMINONDAS I)
47546;SUP. LIMA
48973;EMPORIO DAS BREJAS
46578;O SEU VERDURAO
46541;SUP. XIMBAS
46664;SUP. RAIS
47349;LANCHONETE E RESTAURANTE PORTAL DO LAGO
46413;FRIOS FERREIRA
47410;SUPER SACOLA CHEIA 
47411;SUPER SILVA
48911;TOCANTINS RURAL
48926;CONTHE COMERCIAL DE ALIMENTOS
46496;COML. AVENIDA
48882;SUPER LIDER SUPERMERCADO
47131;ESQUINA DA CARNE
47285;SR QUEIJEIRO
48858;JR COMERCIAL & DISTIBUIDOR DE BEBIDAS
48946;COML. ESTRELA DO NORTE
46323;COML. MARTINS
46696;SMARTMIX
47469;SUP. ECONOMISA
46309;SUPER SILVA LIMA
46500;FRIO MAQUINAS
46624;EMPORIO DRINK
46936;LJ REPRESENTACOES
46986;EMPORIO DUARTE
48888;COML. BARBOSAESILVA
49022;REDE DE FESTA(JD. DA LUZ)
49024;KIKITO CAFE
46437;GRILL 2000 RESTAURANTE E LANCHONETE
46657;COML. DURANTE
47290;J R DISTRIBUIDORA DE BEBIDAS
48881;SUP. SERVE BEM
47465;SUP. POTENCIA
48843;SUP. OLIVEIRA
46707;MERCEARIA PADRE CICERO(JD.ANA EDITH)
46763;VEMCOMPET
48630;SUP. E SACOLAO ESKINAO
47535;SUPER BARAO - RODOVIARIO
47536;SUPER BARAO - APARECIDA SHOPPING
47538;SUPER BARAO - INHUMAS
47539;SUPER BARAO - GOIANESIA
47540;SUPER BARAO - VALPARAISO
47543;SUPER BARAO - TRIND. ST. SUL
47544;SUPER BARAO - JARAGUA
47545;SUPER BARAO - NOVO MUNDO
47581;LA DE MINAS
48939;PATRIK MENDES
47517;EMPORIO FAMILIA
48955;MATHEUS HENRIQUE PEREIRA BORGES RIBEIRO
47247;SACOLAO SILVESTRE
47105;EMPORIO IPANEMA
47287;MULTI COISA 1,99
47547;MUNDO DAS BEBIDAS EMPORIO
48958;CASA DO PADEIRO
48839;COML.VARANDA
48840;MERCEARIA FELIPE
49039;DIST. SOARES BEBIDAS E GAS
47330;ATACADAO CHINA
47577;EMPORIO MEGA FRIOS
48757;CASA DE CARNE BOI NA BRASA
47516;PM PAES E/OU CASA BELEM PAES
46438;COML. FORTALEZA
46777;SOUSA
47498;CANAA ATACADISTA
46470;DIST. MAGONO
47284;SUP. MINEIRO
46539;SUP. CENTRAL
48992;FORTE BEBIDAS EMPORIO
46701;MUSTANG MERC. E DISTRIBUIDORA DE BEBIDAS
46778;SUP.153
46779;SACOLAO URUACU E SUPERMERCADO
46989;SILVA REFRIGERACAO
47206;EMPORIO DO PIMENTA
48847;EMPORIO DA CERVEJA
48827;BATATINHA SUPERMERCADO
48766;MERCADINHO 4A
47552;MERCADO NORDESTE
48920;MERCEARIA UNIAO
49036;MARIA LUZINETE VIEIRA
47529;SUPE BARAO - SPL
47530;SUPER BARAO - SANTA GENOVEVA
47531;SUPER BARAO - SUDOESTE
47532;SUPER BARAO - TRIUNFO
46766;ATACADAO ECONOMIA
47079;M.I.G. DE BRITO SILVA
47140;SABOR DA TERRA
47541;SUPER BARAO - LUZIANIA
47542;SUPER BARAO - VL. SALVADOR
48961;NO 12 ATACADO
46395;MERC. ITANHANGA II
46458;AGRO CRIA PET CENTER
47489;LANCHONETE SOUSA
47534;SUPER BARAO - TAMANDARE
48851;VITORIA DOCES E FESTAS
48950;SILVIO SUPERMERCADO
46492;2 IRMAOS SUPERMERCADO
46494;COML. QUATRO IRMAS
46638;SUP. ARAGUAIA
46803;IMPERIO DAS BEBIDAS
47200;REDE POP PET CENTER
48978;HIPER MAIS SUPERMERCADO
49008;SUP.ECONOMIA(RIO VERDE-PQ.DAS PAINEIRAS)
49032;SACOLAO RIBEIRO
48880;DISTRIBUIDORA E MERCEARIA MF
46717;SUP.  MARQUES
46433;VP MINI MERCADO
46380;BARAO DAS RACOES
48916;FERAGRO - AGROPECUARIA E FERRAGISTA
46441;EMPORIO VEIGA
46543;CLAIR ANTONIO BARONIO & CIA LTDA
47072;BEM NATURAL PRODUTOS NATURAIS(CENTRO T.)
47281;POUSADA AGUAS DO JALAPAO
48885;ARENA 7 DISTRIBUIDORA DE BEBIDAS
47230;CONVENIENCIA DORAZIO
46419;RACOES NEYELE
46556;WAGNER LANCHES
46575;SUP COLIBRI
47057;PEDREIRAO SUPERMERCADO
47289;BARATAO DOIS IRMAOS BURITI 
47496;SUPER COMPLETAO
48936;MERCADO SANTA MARIA
46404;SUPER BAHIA
49057;COML.RIBEIRO
48919;CONSTRUAGRO
48891;ATACADAO DOS PRECOS BAIXOS
47233;DIST. DISK + UMA
47512;CERVEJADA DISTRIBUIDORA DE BEBIDAS
47076;ATACADAO COSTA (SANTA MARIA)
47497;BAROLLO WINE HOUSE
49043;SUP. BEM VINDO
48900;FEBRACIS PALMAS
48967;CASA DA CARNE E PEIXARIA NOVO LAR
49011;MERCADO E ACOUGUE DO LUIZ
46931;SUP. BOM PRECO
49031;CASA DO ELETRICISTA
47162;SILVA ATACAREJO
47315;MERCADO MOREIRA
46985;SUPERMAIS SUPERMERCADO
47114;MERCEARIA E ACOUGUE VITORIA
47549;DIST. FLASH
48991;MERCEARIA BASTOS RODOS E VASSOURAS VILA
47309;AVANTE SUPERMERCADO 
47310;M M P FRIOS E EMBALAGENS 
47524;TROPICAL DISTRIBUIDORA DE BEBIDAS
49055;SUPER LIVRE
49059;RANCHARIA COUNTRY
49060;LEV-CLEAN
48937;MERCADO SANTA MARIA
49170;PAPELARIA COLEGIAL
49198;EMPORIO DE BEBIDAS PH
49443;SUP.TREVO SUL
50146;EMPORIO GB
50147;VALMIR CANDIDO FILHO 00012372684
49193;SUPER EMPORIO PEIXOTO
49385;DIST.CATALANA - ANEXO
49609;SUP.ALIANCA II
49610;JK SUPERMERCADO
49818;JC DISTRIBUIDORA DE BEBIDAS
49141;BRASIL SUPERMERCADO
49285;EMPORIO CANADA
49316;JB SERVICOS E EVENTOS
49451;PARADA OBRIGATRIA
49152;53.817.564 AURELIO PIRES ARAUJO
49504;SUPER GOIAS IV
49505;SUP.NSG
49506;SUP. PINHEIRO
49649;SUP.E CASA DE CARNES CIDADE JARDIM
49130;CELEIRO ATACADISTA
49180;SUP.BARRETO
49327;PONTUAL SUPERMERCADO
49510;SUP. TOCANTINS
49512;IKIGAI COZINHA AFETIVA
49189;BARATEX
49823;COML.MATOS
49955;DIEGO LEMES DOS SANTOS 03053362155
49956;IRENE SILVERIO TEIXEIRA 03232434100
49958;CARNES E FRIOS FILEZAO
49102;EMPORIO DA FAMILIA
49133;D FAMILIA SUPERMERCADO
49608;MK SUPERMERCADO
49613;DISTRIBUIDORA ZERO GRAU
49726;SUP. MODELO III
49068;VERDAO CONVENIENCIA
49364;SUP.BRASIL
49847;DIST.JACARANDA
49852;PANIFICADORA BOM SABOR
49953;EXTRINHA SUPERMERCADO
49341;MIX VAREJAO SUPERMERCADO
49360;SUP.CENTRAL
49587;SUP. MENDES
49588;EMPORIO DA VILA
49598;SMART IACIARA
49599;SUP.SOBRADINHO
49960;IRACILDA MARIA GOMES 88132595149
49961;55.155.930 FLAVIANA MARIA OLIVEIRA
49962;SUP.PROGRESSO
49248;D PAULA SUPERMERCADO
49727;SUP. RIO VERMELHO
49728;SUPERMERCADO SJ
49729;SUP. RESENDE
49784;KOZU
49258;CONVENINCIA CAIPIRAO
49333;COML. RESENDE
49973;L B MARTINS LTDA
49974;22.811.113 CAROLINY AGUIDA FERREIRA CAIR
49975;COML.E CASA DE CARNE SILVA
49145;CENTRAL DO GELO
49159;PADA PAES E SABORES PIO XII
49294;55.048.838 SALATIEL DE SOUSA CARVALHO LO
47533;SUPER BARAO - CONJUNTO VERA CRUZ
49821;EMPORIO LIGEIRINHO
49835;FRIOS JATAI
49069;DIST. SANTA CLARA
49154;ATACADAO DA ECONOMIA
49402;TINEY SUPERMERCADO
49555;NOSSA KAZA SUPERMERCADOS
49706;MULTI COISAS
49963;RAFAEL BATISTA SILVA FILHO 70273244159
49137;JULIO CESAR DE CASTRO FERREIRA
49362;SUPER ECONOMIA I
49410;SUPER MAIS SUPERMERCADO
49412;PONTAL ATACADO E VAREJO(SAO FRANCISCO)
49118;DUDU ATACADISTA
49421;SUP.SANTOS
49519;FINO SABOR PANIFICADORA E LANCHONETE
49976;HIPERMERCADO SAO VICENTE DE PAULO
49977;PANIF. PAO DA VIDA
49978;SUPER PAO PANIFICADORA E CONFEITARIA
49070;MV SUPERMERCADO
49394;EMBALAGENS ARCO IRIS
49399;START SHOP CATALAO
49848;WM AR CONDICIONADO AUTOMOTIVO
49167;GOIANIA MAGAZINE
49964;SUP. GAMA
49965;DISK CERVEJA DO BAXIN
49966;EMPORIO ALIANCA
49967;VERDURAO JA
49236;COML. SOUSA
49355;57.157.605 JORDANNA RODRIGUES DOS SANTOS
49579;BAR E LANCHONETE DO MACARRAO
49812;SUPER GERLU (LJ.01)
49861;PANIF.BOM SABOR
49099;METALCORT
49979;PANIF. PAO DE CALDAS
49980;EMPORIO BOM PRECO
49981;EQUILIBRIO ADM.E SERVICOS HOTELEIROS LTD
49982;CASA DE CARNE DUARTE
49274;COML. JAVAE
49276;DUVALE BEBIDAS
49431;SUPER RICARDO
49614;SUPERMERCADO LEVE +
49868;DIST.& VARIEDADE MARTINS
49954;IZABELA FERREIRA ABDALLA 04008497129
49342;SUP. ARAGUAIA (CIDADE JARDIM)
49343;CASA DO AGRICULTOR
49968;DIST. DE ALIMENTOS COMPRE MAIS LTDA
49969;49.330.912 ADEMAR REZENDE MELO
49971;GABRIEL SUPERMERCADO
49224;BAR REI DO CALDO
49228;EMPORIO PAI E FILHO
49250;COML.MATO GROSSO
49935;SUP. BENJAS
49936;COMPLEM
49591;SUPERMERCADO BOM PRECO
49983;JOSE CINIBALDO MARTINS DE ANDRADE 476171
49984;MARCIA MARIA REZENDE RODRIGUES 412338241
49986;SUP.CRISTO REI
49987;31.031.911 SONIA MARIA DE PAULA LEITE
49988;SUP.VITORIA
49131;BARRIL DISTRIBUIDORA
49218;CASA DAS RACOES BIZERRA
49239;COML.UNIVERSITARIO
49511;KENKYO SUSHI DELIVERY
49557;SUPERSAM SUPERMERCADO
49163;AGUIA TRANSPORTES
49709;SUPERMERCADO HMP
49710;SUPERMERCADO PARAISO
49711;DIST.E EMPORIO MAIS
49712;ALO BEBIDAS EXPRESS
49227;AGROFORTE PRODUTOS AGROPECUARIOS
49371;ROTA 050
49937;EMPORIO DO VERDUREIRO
49938;MERCEARIA NOVA OPCAO
49998;ZEIMAR PEREIRA FAUSTINO JUNIOR 020645401
49999;SUP. E CASA DE CARNE TEM DE TUDO
49441;RESERVA 35
49446;ZERO64 BEBIDAS & CONVENIENCIAS
49520;DIST. DE BEBIDAS DO NEGAO
49990;PANIF. NECTAR DO PAO
49232;SUP. LOPES
49252;SUP.MUNDIAL
49381;PAIOL AGROPET
49558;SUP.BARBARA
49559;SUP. GARCA
49309;SALES REPRESENTACAO E PRESTACAO DE SERVI
49543;SUPERMERCADO VEM MAIS
49544;ATACADAO HIPERBOX
49545;SUPERMERCADO GOIANAO
49546;SUPERMERCADO GOIAS
49331;ARMAZEM PAI E FILHO
49583;PANIF.IMPERIAL DE MORRINHOS LTDA
49842;CAMPEAO
50000;I E R EMPORIO E DIST.
50001;MERCEARIA BOA COMPRA
49992;PANIF. E CONFEITARIA PAO & CIA
49993;SUP. NATUREZA
50033;DISTRIBUIDORA DO BRUNO 
50048;EMPORIO DAS VERDURAS
50049;SACOLAO DA ECONOMIA
50050;ACOUGUE POPULAR
49073;MERCEARIA DO NENEM
49177;BOA SAFRA
49453;SUP. PARA TODOS
49560;SUP.GARCA
49246;51.893.262 JAIR FERNANDO RODRIGUES
49302;3G EMPORIO
49319;COML.VIA CENTRO
49376;SUP. REIS (25-R.MARECHAL/CENTRO)
49509;KENKYO COZINHA ORIENTAL
49789;LANCHONETE E RESTAURANTE GOIATUBA 3
49797;SUP.SAO VICENTE DE PAULO
49808;DUO GELATTO GOIANIA VIVA
50002;SERVE LAR
49312;EMPORIO QUARTETTO
49321;51.844.238 THAYS MARTINS DE SOUSA
49346;ATACADAO DOS PRECOS BAIXOS
49989;27.959.086 JEFERSON SANTANA FREITAS
49475;MERCADO DO TREVO - VENDAO
49476;MERCADO TOCANTINS
49478;SUP. COSTA
49480;SUP. PONTO CERTO
49481;MERCEARIA LM
49264;SUP. SOARES
49318;DISK CERVEJA CONTAINER
49428;BAR E LANCHONETE E DISTRIBUIDORA BIRUTAO
49542;SUP. UNIAO MAIS
49549;TJ ATACADO E DISTRIBUICAO
49082;SUPER SANTIAGO
49290;CABRAL E MESQUITA ATACADISTA
49787;HIPERBARAO
50003;FOGACA
50004;SUP. TEIXEIRA
50005;COML.COLINA DA SERRA
49991;EMPORIO FRUTAS E VERDURAS
50051;VANESSA DA SILVA SOUZA 95308865191
50053;SUPER CAMPEAO SUP.
50054;EMPORIO CASARAO
50055;SUP. MADUREIRA II
49275;COML.W N
49482;DINIZ SUPERMERCADO
49483;PRIMAVERA SUP. (PQ. DAS PRIMAVERAS)
49484;PRIMAVERA SUP. (CENTRO)
49589;HIPERMERCADO MEGAFRUTT LTDA
49590;SUP.MEGAFRUTT
49289;MERCEARIA PAGUE MENOS
49552;CHEFE DO CHURRAS
49574;MERCEARIA ALIANCA
49575;EMPORIO DUMONT
49715;COMERCIAL NOSSO LAR
49089;MERCEARIA PALADAR
49158;CESTAO HORTIFRUT
49245;SUP.E CASA DE CARNES MACEDO
49369;AGROPREMIUM
49271;MERCEARIA SANTA LUZIA
49304;BOM PRECO
49359;MERCEARIA PONTUAL
50056;SUPERMERCADO KL
50057;CESAR CASSIO DE ANDRADE JUNIOR 729268301
50075;PASTELARIA UNIVERSITARIA
49129;ZOOPS PET CENTER
49216;BREJA DIST.DE BEBIDAS E CONVENIENCIA
49572;48.375.956 KAIQUE PABLO ALVES RODOVALHO
49592;SB & BEZERRAO
49286;SUP. VITOR
49716;MELHOR ATACADISTA
49718;SUPERMERCADO MARIA
49719;IDEAL SUPERMERCADOS
49720;FORMOSA SUPERMERCADO
49072;GELIPIO
49269;MUNDIAL SUPERMERCADOS
49413;SUP. 65
49438;FIVE STARS
49503;SUP. ALVORADA
49284;MINI MERCADO ACOUGUE CRISTAL
50141;MARCIA MENDES DA LUZ SILVA 96641258149
50143;REGIANE APARECIDA ROSA DA CUNHA 94437777
50144;MINIBOX LS
50145;JOSIAS ALVES ROSA 34205381115
49209;VIENA PAES
49714;NOSSA KAZA SUPERMERCADOS
49778;KINKA'S SUPERMERCADO
49794;AUTO PECAS JM
49798;55.304.822 ROGGER LINCOLN DE ARAUJO SILV
49811;SUP.GERLU (LJ.03)
49817;EXPRESSO GOIAS
49335;AGRONORTE
49721;IDEAL SUPERMERCADO
49722;SUPERMERCADO RIO VERMELHO
49723;IDEAL SUPERMERCADOS
49724;IDEAL SUPERMERCADO
49725;SUP. MODELO
49675;MERCADO CIDADE JARDIM
49676;SUPERMERCADO IMPERIO
49677;EBENEZER SUPERMERCADO
49678;CRISTO REI SUPERMERCADO
49679;MERCADO EDILEUZA
50337;CASA DE CARNE ADEGA ARAGUAIA
50680;SOL NASCENTE
50686;SUP.PAI E FILHO
50688;SUP.MAIS VOCE 3
50693;SUP.PRIMAVERA
50329;SUP. MINI PRECO
50359;CBS PREMIUM MERCEARIA E BEBIDAS
50369;EMPORIO ADEGA SUDOESTE LTDA
50451;MINIMERCADO MADRI
50501;COML.MASTER
50567;PANIFICADORA E LANCHONETE PINGO DE MEL
49179;VL.CONSOLAO
50326;COML.FAZENDA NOVA
50392;PAYOL SNOOKER BAR
50641;SUP. VAU DE JABOQUE
50642;SUP. UNIAO
49802;SUP. REDE SERVE MAIS
49822;MARIA FESTEIRA DOCES E FESTAS
50183;DK REPRESENTACOES
50265;EMPORIO BUENO
50322;SUP. LUZ
50254;STOCK SUPERMERCADO
50692;LIDER SUPERMERCADO LJ 2
50695;40.570.142 MUCIO DO CARMO VIEIRA JUNIOR
50698;MERCADIN 3 IRMAOS
50703;JS BEBIDAS E MERCEARIA
50340;SUP. QUERO MAIS
50388;AGROPOP(SANTO HILARIO)
50569;SUP.3J
50570;SUP.ESTRELA
50587;VINHOS NOE
50597;SUPER NOSSO
49415;SOL NASCENTE
49439;DIST.BEBIDAS MORAES
49783;SUPER PADRAO
50644;SUPER PONTO CERTO 2
49184;SERRA DOURADA ATACAREJO
50368;MERCEARIA BOM VIZINHO
50390;SUP.RODRIGUES
50401;SUP.JK
50436;21.647.366 GILSON ALVES DE OLIVEIRA
49151;MIRANDA ATACAREJO
50704;CASA DE CARNES DISTRIBUIDORA DE BEBIDAS
50719;PANIF.SABOROSA
50720;SUPER ECONOMARKT
50267;VERDURAO UNIVERSITARIO
50268;SAO JOSE BISCOITARIA E LANCHONETE
50269;SUP. GB
50270;PRECO BOM
50271;JARDEL SILVERIO DA SILVA
49704;SUP. BRASIL
50226;DIST.SILVA
50332;SUP. NOVO BRAZAO
50373;BIG BEN BEBIDAS
49753;MERCADO OLIVEIRA
49754;SUP.SOL NASCENTE
49755;CERVEJARIA E CONVENI.MORRO DO SEGREDO
49756;AMPM
49757;QUITANDA CABRAL SUPERMERCADO
50411;SUP. SOBERANO
50525;REY FRIOS
50727;BAR E PETISCOS ATLANTAS
50728;AGROMIL
50729;CONVENIENCIA DO ADAO
49824;SUP.NELORE - LOJA 2
50247;SUP.EL SHADAY
50338;MERCADINHO DO BERNARDO
50376;EMPORIO GLAUCIA
50386;FREITAS CONVENIENCIA
49200;MERCADINHO DA CONFIANCA
50403;MINIMERCADO CENTRO
50527;VERDURAO CASTELO BRANCO
50529;COML. MACEDO
50532;PANIFICADORA GUIMARAES
49758;COML.FERNANDES
49759;COMERCIAL COMPRE BEM
50219;SUP.DA FAMILIA
50356;SUP.M MACIEL
50438;MERCEARIA ALTERNATIVA
50441;BOLOS E LANCHES PANIFICADORA
50620;HIPERMERCADO LEVMAIS
50653;VISAO COMERCIO DE BEBIDAS
50654;FRUVER
50731;SUPER MAX SUPERMERCADO
49242;FRIGO SUNOS SOL NASCENTE LTDA
50412;ALMEIDA SUPERMERCADO
50585;TRANSPORTADORA APARECIDENCE
50591;SUP. IDEAL + LTDA
50598;DOM BURGONE DISTRIBUIDORA LTDA
49332;MERCEARIA IMPERIO
50534;SUP. GEMEOS
50535;48.360.824 LUCIMAR JOAQUINA DE JESUS
50537;DOCE SABOR PANIFICADORA E CONFEITARIA
50538;52.664.195 DANIEL ABADIO SILVA
50539;43.927.054 EDNILSON SANTOS DE OLIVEIRA
49717;NOSSA KAZA SUPERMERCADOS
50366;SUPER QUEIROZ
50439;EMPORIO RURAL
50446;MERCADAO DA ECONOMIA(JARAGUA)
50448;SUPER IMPERIO
49282;MERCADO OURO FINO
49363;REDE SUPER ECONOMIA II
49612;LIDER DISTRIBUICAO
50318;FOCUS FIT
50582;PEGUE PAGUE NUNES
50624;BYA DOCES
50683;ARMAZEM DA FAMILIA
50709;BACANA SUPERMERCADO
50738;SUP.FLAMBOYANT
42842;ATACADAO COSTA (ST. PEDRO LUDOVICO)
49195;ADEGA POMPOM
50345;COML. RODRIGUES
50423;SUPER FRIOS
50429;ROGERIO GERALDO DA SILVA 01251505120
49813;CASA DE CARNES NEIVA
50476;COML.SERVE MAIS
50506;SUP. CLEYMAR
50508;PANIFICADORA E LANCHONETE CRISTAL
50509;MERC. SANTA MARIA
50228;ENCANTOS BRIGADERIA
50229;QUEILA NADIR DE FREITAS ALMEIDA 00391349
50404;FUTEVOLEI BRASIL
50460;RAFAA'S BEER
49155;TEMPLO DAS RACOES
49631;PADRAO SUPERMERCADO
49632;BUENA VISTA BEBIDAS
49633;SAO JOSE SUPERMERCADO
49634;SUPER ALEX
49088;DIST. DE BEBIDAS NOVA FRONTEIRA
50430;MAGUIANNY DOS SANTOS FILHO RIBEIRO 00741
50432;MERCEARIA ALTO GARCAS
50433;34.962.235 JOANA D ARC RODRIGUES BARBOSA
50434;TANIA PRICILA MOREIRA REZENDE 0452430011
50237;FRUTARIA PADRE CESAR
50510;SUP. VERDURAO LOPES
50511;EMPORIO DO LAR-MINIMERCADO, PADARIA, FRI
50513;MERCADINHO
50515;MERC. SAO JOAO
50353;SUP.ECONOMIA (TURVELANDIA)
39086;SUP. RIO DAS PEDRAS 3
50618;IMPERIO EMBALAGENS
50706;COLI + CONVENIENCIA E DISTRIBUIDORA
49635;LIMINHA SUPERMERCADO
50336;MERCADINHO DO VANDO
50741;COML.A-GE
50773;MORAIS SUPERMERCADO
50791;SEVILHA CONVENIENCIA
50792;MARAJO GRANDE GOIANIA
49656;SUPER MORAIS
49657;SUP. SCARPELINI
49658;GRACYELLY BEZERRA SIRTOLI LTDA
49659;ATACAREJO REAL
49661;MERCADINHO 3K
49830;BEER HOUSE
49856;SUP.BRITTUS
50262;CASA DAS FRUTAS AVENIDA
50263;DENISE COUTINHO RODRIGUES DA ROCHA PIRES
50312;CLEO CONVENIENCIA
50700;MADRI COMERCIO
50744;SUPERMECADO PALACINHO
50779;AMERICA BEER
50298;PRA CASA FERRAGISTA E MAT. DE CONSTRUCAO
50803;SUP.CARDOSO
50804;COML.REIS
50806;SUPER LUISA
50807;RESTAURANTE FREE COUNTRY
49214;LIVRARIA MARCO
49222;ADEGA 58 BAR,DIST.DE BEBIDAS E CONVENIEN
49311;BOUTIQUE GARRAFEIRA
49320;MINE MERCADO ECONOMICO
50264;MERCADO E DISTR. PEREIRA
50280;SUP. CONQUISTA
50281;CASA SANTO PANE PADARIA
50283;STOP PAES
50284;MERCEARIA LEO BRISA
50285;SAMUEL LUCAS SILVA GARCIA 09045795140
49139;DIST.E MERCERIA ELITE
49416;STAR PET
50330;EMPORIO FAUSTINO DISTRIBUIDORA DE BEBIDA
50684;POSTO ALDEIA
50252;MERCEARIA MEDEIROS
50253;CASA DE CARNES E MERCEARIA MS
50282;SUP. REIS (SANTA HELENA)
50615;MERCEARIA DN
50725;DIST.E CONVENIENCIA PATROCINIO
49090;CASA DE CARNES AVENIDA
49603;SUPER AVILA
49604;SUPER AVILA
49605;ROTA 19 ATACADO
49607;TEND-TUDO
49760;APOLLO SUPERMERCADO
50375;CORREA DISTRIBUIDORA DE BEBIDAS
50415;COML.JL
50384;V!BE LOUNGE
50739;ATACADO TAVARES
50750;SUP.PIT STOP 4 V8
10510;SUP. MOREIRA
50784;SUP.12
50781;EMPORIO CASA SOUZA
50793;POSTO DE COMBUSTIVEL EGPP
50794;POSTO CAPIM DOURADO
50796;SUPER BARATO SUPERMERCADO
49171;COML.SO PEDRO
49174;JVC DISTRIBUIDORA
49662;BOM DIA SUPERMERCADO
49663;SUPERMECADO  SOUSA
49664;RM ATACADO
50516;CLAUDOMIRO MARINHO JUNIOR
50518;VERDURAO E CASA DE CARNES FRUTOS DA TERR
50520;ARMAZEM SILVA
50521;BAR & PETISCARIA BRETEIROS
50522;MINI BOX MUNDIAL
49150;SUPER BOI & CIA
49190;COSTA ATACADAO (SENADOR CANEDO))
49372;CASA DA LAVOURA
49628;GUIMARAES SUPERMECADO
50393;LANCHONETE MANA DO CEU
50712;PALMEIRAO
50747;MADRI DISTRIBUICAO
50749;EMPORIO SUPERPRATIKO
49138;SUP. FERNANDES
49165;M+ CONVENIENCIA
49567;MERCADO PRECO BOM
49569;MERCEARIA R & S
50277;SANTO PANE
50278;SANTO PANE
50523;SUP. CHEFIM
50524;QUITANDAS & CIA
50540;CASA DAS VERDURAS
49345;COML.MARANATA
49629;SUP. PLANALTO II
49765;TOP LUZ TRANSPORTES LOGISTICA
50266;SUP. ECONOMIA
50272;ACADEMIA VITAL FIT
49843;CANTINHO DAS PEAS
50646;MEGA SUPERMERCADOS(TUVERLANDIA)
50737;SUP. JM
50770;EITA NOIS E.D.B
50790;CONVENIENCIA AMAZONIA
49166;ALAN REPRESENTACOES
49183;ATACADAO CENTRO OESTE
49220;MAIS BARATO SUPREMO
49570;GAS E MERCEARIA AVENIDA
49571;PONTAL ATACADO E VAREJO
50541;FRUTARIA E MERCEARIA TEMPO NOVO
50542;RONI FRIOS
50544;JK EMBALAGENS
50546;LUCIENE RODRIGUES SOARES
50580;EMPORIO FRUTAS DO GILMAR
50593;SUPERMERCAO E ADEGA PORROLO
49997;MUNDO ANIMAL RACAO E ACESSORIOS PET
50328;SUPER CENTER
50342;MAKEM SUPER
50351;CASA DAS RACOES
50581;PONTAL ATACADO E VAREJO(IPANEMA)
50702;GELADAO BEBIDAS
50752;PEG PAG MODELO
50754;CHURRASCARIA E LANCHONETE IDEAL
50797;SUP.BARATAO
49565;SUP. DIAS
49665;SUPERMERCADO FERREIRA
49666;REDE JAIME
49667;ARMAZEM E COML. DE BEBIDAS CAMPEAO
49668;VILA MARIA SUPERMERCADO
50595;MAX ATACADISTA(TRIUNFO)
50607;EMPORIO SERRA DE CALDAS
50611;SUPERMERCADO IMPERIO
50619;SUP.UNIVERSITARIO
50621;TOP FESTA(ST.CAMPINAS)
50635;EMPORIO MILAO PRIME
49192;CASA DE CARNES BOI GORDO
50370;POINT SUPERMERCADO
50379;SUPER VITA
50402;MERCADO BUENO
50440;TOUROS CASA DE CARNES
49853;FLAMBOYANT ALIMENTOS
50218;DELIRIUM BEBIDAS E CONVENIENCIA
50385;DUO GELATTO
50608;SUPERZERO ECONOMIA TODO DIA
50637;AGROPOP(JD.DOM FERNANDO II)
50757;R3 EMPORIO DE BEBIDAS
49310;MERCEARIA E CONVENIENCIA ALTAS HORAS
49329;COML.MANAIM
49405;SUP. LIBERATO
49669;ATACADAO SANTA RITA
49670;HIPERMERCADO LAGOA AZUL
49671;DA HORA CONVENIENCIA
50662;CASA DOS FRIOS E EMBALAGENS
50663;SUP.SUDOESTE
50664;MERCEARIA PALMARES
50665;SUP.POLO SUL
50678;MERCASA
49095;SUPER PADRAO SUPERMERCADO
49806;55.471.506 MARCOS VINICIUS APARECIDO DA
50194;BEER HOUSE COMERCIO E DIST.DE BEBIDAS
50275;SUP. PAGUE MENOS
50320;SHOPKLIN
50398;REDE MAE SUPERMERCADO(VL.RIZZO)
50733;SUPER CHURRASCAO
50735;FILIAL FRIBURGO
49203;FICTION INFORMATICA
49378;COML.BOM PRECO
49672;SUP.RODRIGUES
49673;COMERCIAL COUTO
49674;COMERCIAL POPULAR
49230;POPULAR ATACADISTA
49240;SUP. GOIANAO
49925;JULIETE FURTADO MASCARENHA 04875904142
49928;MERCEARIA LUCAS
50255;EMPORIO AURELIO
50256;EDILEUZA RODRIGUES DE FREITAS 4320224116
50257;MARCELINO PAO E VINHO
50258;CASA DE CARNES MIRANDA
50259;FRUTARIA DO OSVALDO
49407;GAS A JATO
50216;13.686.368 ARLETE LUIZ NASCIMENTO SILVA
50788;RHICA ATACADISTA
50805;POTY SUPERMERCADO
50421;SUP.LEVE MAIS
50832;MINI BOX VIANA
26910;SUPER MANA
50836;VERDURAO DA ALCINA
50837;COML.VIANA
49375;ATACADO PET DAS RACOES
49795;SUP.NOVA OPCAO
49796;COML. SOBERANO
49836;DIST. DE CARNES NORDESTE
50333;MEGA SUPERMERCADOS(SANTA HELENA)
50334;MEGA SUPERMERCADOS(PORTEIRAO)
50399;COML.SAO JOAO
50453;CASA DE CARNE VERDE VIDA
49370;ATACAREJO MINI BOX
49841;LOTUS DISTRIBUICAO
49930;CASA DE CARNE CAETANO
49931;COML. OURO VERDE
49933;SANTA FE TRANSPORTES ATACADOS E VAREJOS
49540;SUPERPAI SUPERMERCADO
50840;PEG PAG ARAGUAIA
50842;SUP.ARAGUAIA(ST.SAO JOSE)
50844;DIST.PONTO DA DIRETORIA
49266;VALE NEVADO
50103;MERCEARIA SAO JOSE
50104;MERCEARIA PACHECO
50105;LANCHONETE MEL LTDA
50106;DINIZ SUPERMERCADO 2
50107;RS MERCADO LTDA
50288;VILLA TOURO CASA DE CARNES  DIST.& MINIB
50291;ELYENE SAMARA DA SILVA CAMPOS
50293;KARLA CRISTIANY DE OLIVEIRA E SILVA
50294;WALDEIR FERREIRA DOS SANTOS
50295;SUELI ABADIA DA SILVA OLIVEIRA
49934;MERCEARIA OLIMPIA
49939;PANIF.DA TATI
49940;SUP. SAO JORGE
49941;MERCADO SAO SEBASTIAO
49944;CICERO FRANCISCO GUEDES 59223332168
50358;NACAO COMERCIO E DISTRIBUIDORA DE PECAS
50852;86.882.875 OSAIRA ALVES DE FREITAS
50857;HIPERCANES CARNES E FRIOS
50858;SUP.REIS(29-AFONSO PENA)
50860;SUPER BETO(RES.GOIANIA VIVA)
49196;REDE PET
49350;SUP.ALO INHUMAS
49391;JOAO DA NELI
49452;DIST.TOA A TOA
49507;SUP. PRATICO DS
49313;GALPAO SUPERMERCADO
50296;MINI BOX & CASA DE CARNES CASTELO BRANCO
50297;GEOVANI DOS SANTOS SOARES
50310;PRIMME SUPERMERCADO
50466;ALAILTON JOSE DA SILVA 00000200107
50475;NVF FRUTARIA E MERCADINHO
49949;VANUZA MENDES DE SOUZA VELOSO 0083426710
49950;CEREALISTA TUPA
49951;EMPORIO E PANIF. MONTE SIAO
49952;40.466.370 ENILDA ROSA DA SILVA
50314;EDUARDO ALVES BESSA
49325;SUP.RIBEIRO
50864;RECANTO DO QUEIJO
26132;REAL CENTER
50867;TREVAO SUPERMERCADO
50869;COML.JL
50082;REALIZA EMPREENDIMENTO GOIANIA I
50108;SUP. E SACOLAO WL
50109;MERCEARIA MARANATA
50110;SUP. VENCEDOR
50111;SUP. ALIANCA
50112;MARIA HELENA ALVES DA SILVA 30450512860
50596;CHURRASCARIA BOI NA BRASA
50603;SUP.SILVA
50613;PANIF.E MERCEARIA SILVA
50626;SUP. DIAS
50628;QUITAMBELA
50629;ELVIS DE ALMEIDA DOS SANTOS
49279;SUP. NOVA JERUSALEM
49597;41.588.852 MARIA DIVINA LUZ DE SOUZA BAR
50315;ERIKA FERREIRA DA SILVA
50316;COMERCIAL BALEIA
50317;SUP. E DISTR. ELO
49344;PEG PAG DANIELLE
50923;SUP.ESTRELA GUIA
50925;ZE MOURAO
50927;GIGANTAO SUPERMERCADO
50928;IMPERIO SUPERMERCADO
49071;J&N SUPERMERCADO
49330;SUP. VITORIA
49384;ANIVET PET SHOP
49777;HIPERMERCADO FRICALDAS
49866;COML.JM
50238;MACIEL COMERCIAL DE BEBIDAS
50240;MERCEARIA SANTO ANTONIO
50241;CANTINAS PHILADELFIA
50242;SILVIANE CRISTINA PINTO MOREIRA 21936883
49075;SUP. GAROTAO
49268;SUP.IDEAL
49985;OPEN EMPORIO DE BEBIDAS
50323;SUP.SOUSA
50588;SUP.BASILIO
49251;SUP.VILLAR
50907;EMPORIO EXPRESS
50908;DIST.DO ZOI LTDA
50913;CONVENIENCIA CANTOS DO BRASIL
49103;COML. RODRIGUES
49107;CAMPEAO SUPERMERCADOS(JATAI)
49208;VIENA PAES
49855;MERCEARIA CANUTO
50115;46.538.833 LUCAS CORREIA RIBEIRO
50116;COML.E PANIF.MARCIANOPOLIS
50117;FRANCISCA EURIPIA COSTA 05253854878
49994;SUP.E PANIFICADORA VITORIA
50243;SUP.PH FILHOS
50244;LIDIANE DE FREITAS GUIMARAES ALMEIDA 000
50273;PREMIUM SUPERMERCADO
50287;MERCEARIA WJ
49235;SMART SUPERMERCADO
50387;CHURASCARIA PINCANHA DOURADA
50599;RAFAEL CLAUDINO FERREIRA 02081390108
50600;SACOLAO DA DIVINA II
49291;BAR DA TOINHA
50876;EMPORIO MOINHO PRIME
49244;MERCADO KBCAO
49382;MERCADONA GAS E CONVENIENCIA
49448;CONVINVENCIA WINES - VINHOS, EXPERIENCIA
50118;53.915.951 ROBERTA ELEN OLIVEIRA DE JESU
50119;SUP. VERONICA
49814;COPACABANA DISTRIBUIDORA
50394;BASSO VINHOS E ESPUMANTES LTDA
50630;ALVORADA
50631;PEG PAG POUSO ALTO
50636;AGROPOP(AEROPORTO)
49085;EMPORIO FRIOS E CIA
49186;SUPER ECONOMARKT
49521;SUPER. PRATICO.COM
49522;SUPER. NOSSA KASA
49300;MORITA
50290;DO VALLE
50319;LELE DA CUCA PAPELARIA
50639;GELLAR MERCEARIA
50870;JP BEBIDAS
50878;SUP.DI SEMPRE
49076;COML.BOM SUCESSO
49212;SUP.COMERCIAL CONQUISTA
49379;AGROSUL PRODUTOS AGROPECUARIOS
50120;MINI BOX VILLAGE
50121;CASA DE CARNE E MINI BOX TRIANGULO
49314;MEGA ATACADAO
50685;ARENA DAS BEBIDAS
50708;PONTAL ATACADO E VAREJO(MARGON III)
50718;DOHA EMPREENDIMENTOS
50724;VERDURAO ESTRONDO
49339;REDE PANDA
49523;MELHOR ATACADISTA
49524;SUPER. NOSSA KAZA
49526;SUPER. NOSSA KAZA
49527;SUPER. NOSSA KAZA
50882;AGRA FERRAGENS
50891;FARMACIA PRECO BAIXO
50899;MERCADINHO.COMM
50906;COML.PORTUAL
50914;SUPER MOREIRA
49181;TRADICIONAIS SALGADOS
49210;M M
49237;CORTEZ MATERIAIS PARA CONSTRUCAO
49392;SUPER BARATAO
50760;NISA VEICULOS
50762;COML.CAMINHO DE CASA
50774;ATACADAO DO PEIXE
50777;SUP.E FRUTARIA LEVE MAIS
50782;SUP.2 AMIGOS
49528;SUPER NOSSA KAZA
49601;COML. GOIAS
49627;ATENDE BEM MER. E CONVENIENCIAS
50327;CASA DE CARNE COMERCIAL BOM PRECO
50443;DEUSA RESTAURANTE E LANCHONETE
50380;SUP.LEVE
50789;MARAJO APARECIDA DE GOIANIA
50887;JS DISTRIBUIDORA E TABACARIA
50918;EMPORIO DANIS
50926;DAISO
49199;OKEI SUPERMERCADOS
49791;MERCEARIA OLIVEIRA
49810;SUP.GASPARZINHO
49840;PEG PAG MM
49844;PASSO LIVRE SUPERMERCADO
50123;EMPORIO PRIME CAFE
50557;PANIF.PEDROSO
50559;LAZARA VANESSA ALVES BUENO 69277532149
50785;ALLAN PRODUTOS
50787;MERCADINHO
50798;XERIFE EXPRESS CAXIAS DO SUL
49578;PANIF. MODELO
49619;SUP.SO FRIOS II
50248;SUPER UNIVERSO
50601;PANIF. CONFIANCA
50605;AGROPOP(URIAS MAGALHAES)
49187;DROGAO POPULAR
50884;COML.NUNES
50886;SUPERVI PREMIUM(VL.SANTA ISABEL)
50889;SUP.ECONOMICO
50895;COML.SABOR DO SUL
50898;REDE BRASIL(INHUMAS)
49064;SUP.MARTINS II
49105;SUP. E PADARIA SUPER DESCONTAO
49156;THIAGO HIPERMERCADO
49168;MINI MERCADO
49238;SUPER BAIXINHO
50571;50.310.636 JOANA D ARC DA COSTA
50573;SUP. UNIAO
50574;MEGA SUPERMERCADO
50800;REDE CDB ATACAREJO
50343;SOBERANO SUPERMERCADO
50372;COML.BG
50697;MERCADINHO COMBINA.COM II
50717;FELIPE BEBIDAS EIRELI
50723;ARAUJO CASA DE CARNES E DIST.DE BEBIDAS
50309;COM DE ALIMENTO FRUTIVIDA
50874;VERDURAO ARAGUAIA
50877;DICASA SUPERMERCADO LEONTINO
50915;BRAVVO ATACAREJO
49108;CAMPEAO SUPERMERCADO(JATAI)
49380;AGROSUL
49400;AUTO INDEPENDENCIA
50125;BAR E MERCEARIA UNIVERSITARIO BOM PRECO
49241;SUP. INDEPENDENCIA
50195;SUP.REAL
50196;ATACAREJO ECONOMIA
50197;53.114.774 IDAIANE FERREIRA DOS SANTOS
50026;FARTURAO SUPERMERCADO
50768;PALMAS EMBALAGENS ATACADISTA
50808;D.CAPPUCCINO LANCHONETE E CAFE
50811;EMPORIO GRANBLE
49803;PALACIO DAS FESTAS
50061;VERDURAO CATARINENSE(VL.NOVA)
50428;SUP.MARAJO
50638;SUP.GLOBO
50766;BRUNO'S SUPERMERCADO
49084;MARMORARIA PEDRA BONITA
49113;SUP. FLAMBOYANT
49223;JK SUPERMERCADOS
50127;SUP. MOREIRA
50128;SUP. POTENTE
50130;SABOR GOIANO SUP.E CARNES
50102;COMILAO LANCHES 
50199;DONA SALMA & SAO BENEDITO PANIF.
50200;FERRAGISTA RIO DO PEIXE
50201;CLAUDIO JOSE
50202;CEARENSE SUP.
50203;33.601.585 MYALLYN AGNES ALVES YOKOME
49857;MERCADO BOA NOVA
50813;SUP.QUERO MAIS
50817;PARAMNE
50825;IMPERIO DAS CARNES
50828;SUP.MIRANDA
49386;MERCEARIA EUROPA
50881;SUPER PAULISTA SUPERMERCADO
50894;CLUB MAIS CONVENIENCIA E RESTAURANTE
50903;CASA DE CARNES ALVES
49338;DOCILE ALIMENTOS LTDA
49347;EMPORIO MIL & UM
50131;FLAVIANE RODRIGUES DOS SANTOS 0415802113
50133;SUP.DO BRADOK
50134;SUP. GONCALVES
50204;SUP.FAMILIA
50205;53.281.290 RONI FLAVIO MELO
50206;EMPORIUM SUPERMERCADO
50207;35.249.237 PAULA CRISTINA ROSA GOUVEIA
50208;SUP.SANTA HELENA
49334;MERCEARIA JP
49816;JP BEBIDAS
49828;SUP.DIBRAHKOL JARDIM
50831;REDE POP PET CENTER NEROPOLIS
50174;COML.ROCHA
50901;JS MERCADO
50909;PRODUTOS VOVO MARILIA
50916;COLORADO SUPERMERCADO(VL.REGINA)
50920;MERCADO NOSSA SENHORA D ABADIA
49146;EMERICK SUPERMERCADO
49305;ARENA GOLDEN BALL
49479;LANCHONETE E DISTRIBUIDORA BIRUTAO 
50135;SUP. ARCO-IRIS
50136;KLEBER FRANCISCO DA SILVA 00697582124
50137;COMERCIAL POPULAR
50209;53.164.837 CRISTIANE PAULA DA SILVA REZE
50210;CASA DE PAES DOCE PARIS
50211;SUP.NOVA ALIANCA
50212;CM 12 CENTRO ESPORTIVO
50213;MERCEARIA NAIM
50726;MAGUILA ARMAS E MUNICOES
50771;CESTA BASICA RODRIGUES
50772;MINI BOX JS
50815;CHROMOPLAST EMBALAGENS
32461;SUP. SILVA
49243;KEROITA - EMBAL. PRESENTES, DOCES, FESTA
50007;COML.ECONOMIZE
50830;GLOBAL ATACADISTA
50900;ARMAZEM ARAGUAIA(ST.BUENO)
50488;JJ HIPERMERCADO
50489;SUP. JC
50490;ARMAZEM DO BRASZIM
50494;MERCADO DO GAGUINHO II
50495;SUP. SAO SEBASTIAO
49249;AGROMAIS
49368;A FAZENDINHA AGROPET
49580;SORVETE NO PALITO
49582;55.522.101 WENDERSON DIVINO DA SILVA
49681;SUP. OLIVEIRA
49093;CASA DE CARNES PRIME
49495;MORAIS SUP.
49496;SUPER NOVA FONTE
49497;MERCADINHO APOLLO
49430;MERCEARIA FERREIRA
49028;EMPORIO SIMPATIA
50308;SUP.CASARAO
50459;SUP.UNIAO
50477;SUP. SUPER MIX
49568;MERCEARIA NOSSA SENHORA APARECIDA
50497;MERCEARIA NOSSA SENHORA DAS GRACAS
50498;SUPER RODRIGAO SUPERMERCADO
50507;VILLEFORT(JD.EUROPA-ANAPOLIS)
50512;MERCEARIA VITORIA
49406;IMPACTO FRIOS E EMBALAGENS
49457;SUP.E CASA DE CARNE SOL(RESID.BOA VISTA)
49459;LCR DISTRIBUIDORA DE VARIEDADES
49461;SUP. BRASIL
49498;SUP. SERVE BEM MAIS
49499;UAI ATACAREJO
49500;SUPER GOIAS III
49501;SUP. CARDOSO
49508;VIKINGS PUB
49516;SUP. DJC
49229;JOSE ALVES FARIAS NETO
49322;DISK BEBIDAS SILVA
49920;EMPORIO CRISTO REI
49921;EMPORIO JORDAO
50514;SUP. PEDRINHAS
50517;SUP. MARIA DE LOURDES
50519;50.533.255 MARCILENE MARTINS
50547;LANCHONETE JTM
50548;VIDA FRUTAS
49462;PANIFICADORA BRASIL
49593;CABRAL SUPERMERCADO
49846;DROGARIA REAL
50222;30.467.376 CARLA CRISTINA CORREIA NUNES
50223;CHURRASCARIA E LANCHONETE FAROL
49324;SUP.FAMILIA
49820;MERCEARIA MESQUITA
49862;MERCEARIA VEREDAS
49867;MERCADINHO AVENIDA
49914;SUP. GOIAZ
49915;EMPORIO PLANALTO
49924;IMPERIO DOS FRIOS
49926;SUP.ALA
50148;PEGUE E PAGUE REIS
50149;HELIDA VARGAS SILVA 52121470182
50151;LEDIANE DIVINA DA SILVA
50152;MERCEARIA MORAIS
50352;SUP. ATENDE MAIS (AV. MATO VERDE)
50549;MERCEARIA DA NENA
50550;SUPER MINI-BELOS
50551;HIPER BUENO
50552;MERCADO ROCHEDO
49173;PREDILETTA
49201;LARICA FOODS
49354;SUP.TAMANHO FAMILIA
49373;OKOME GASTRONOMIA INFUSIVA
49083;INDELEVEL BEBIDAS
49277;SUP. NOVA JERUSALEM
49278;SUP. NOVA JERUSALEM
49917;FRUTAS DO GILMAR
50153;53.825.134 ROSA MARIA DA SILVA
50154;30.737.689 MARCOS VINICIUS RIBEIRO DE MO
50155;PANIFICADORA ELIAS
50156;ATACADAO DOS FRIOS
50158;23.915.601 MARIA DAS GRACAS PEREIRA FERR
50553;COML. S L
50865;GERVASIO BAR E PETISCARIA
50868;SUP.TAQUARI
50872;PEG PAG IMPERIO
50879;EMPORIO SAO JOSE II
49094;SUPER EMA
49388;SUP.DIA A DIA
49395;SUP.GOMES
49573;ASCALON SUPERMERCADO
49845;MERCEARIA DO JAPA
50113;DANIEL SUPERMERCADO
49397;SUP.BRASIL(GOIANIA)
49929;VERDURAO ELDORADO JAIARA
49932;PEG PAG DO CORRO
49942;SUP. BOM PRECO
49943;SUP. E ACOUGUE RENDE MAIS
49945;BAR E MERCEARIA SIQUEIRA
49616;DEUVIENE JOSE DOS SANTOS LTDA
49617;SUPERMERCADO BROTAS
49618;EMPORIO SAO JOSE
49620;MOREIRA DA GENTE
49621;MOREIRA DA GENTE
49800;SUPER BOX VENTOSO
49801;12.572.164 WALTER BENTO ALVES JUNIOR
50142;BEKIM LANCHES E FRIOS
50592;CASA DE CARNES RAMOS
50647;ACOUGUE DOS AMIGOS
49442;FERNANDA GOMES DA SILVA
49470;MERCADO IMPERIO
49869;LUDI LANCHES
49872;REI DO REAL ATACAREJO
49874;MERCADINHO SAO LUIZ
49946;DISK CERVEJA E MERCEARIA DO BAIXIN
50030;EMPORIO FRIOS E CIA
50032;SUPER BOM SUPERMERCADO
50157;NURANCHO PET
50180;MERCEARIA SAO LUCAS
49079;ARCO IRIS CALCADOS
49622;MOREIRA DA GENTE
49623;MOREIRA DA GENTE
49624;SUPERMERCADO SUPER FELICIDADE
49625;SUPER PEG E PAG BARRETO
50632;COML.SAO GABRIEL
50711;MERCADINHO BOA OPCAO
50835;BIG SUPERMERCADO
50841;SUP.ARAGUAIA(JD.PETROPOLIS)
50845;KIDELICIA BAR E LANCHONETE
49879;EMPORIO SERRA PELADA
49882;ECONOMIA SUPERMERCADO LTDA
49883;ECONOMIA SUPERMERCADO
49884;COML. BEIRA RIO
50224;SACOLA CHEIA NORTE
50225;MERCEARIA COMPRE +
50181;SUP. NASCIMENTO
50182;SUP. RENASCER
50214;J C UTILIDADES
50215;MERCEARIA LACERDA
50217;PANIF.MORIA
49106;JANETE AUTO PECAS
49626;SUP. ECONOMIA
49630;SUP.FAICALVILLE
49785;SUPER DGM
50159;53.529.720 VANESSA DE OLIVEIRA MARTINS
50160;REDE ADAO(ST.ANTENA)
49450;MERCADINHO BRITO
50563;SUP. JUNIOR
50564;SUP. TIA EDNA
50610;SUP.MOREIRA
50650;MERCADINHO CASA DE CARNE PONTE ALTA
49136;COMERCIAL SILVA
49157;PANIF. VITORIA
49176;SUP. ESTRELA
49185;COML.COELHO
49202;CANDY ROSES
49529;SUPER NOSSA KAZA
49530;SUP.DIOGO
49531;MERCADINHO PESSOA
49533;SUPERMERCADO FAMILIA
49534;SUP.SAO FRANCISCO
49437;DIST.DE BEBIDAS DO GUILA
50162;CLEUDES RODRIGUES DOS SANTOS 86258966187
50163;SUP. DO DIJALMA
50164;MR SUPERMERCADO
50554;CAFE CORDEIRO
50555;MINI MERCADO PRECO BOM
50556;DELICIAS DO TRIGO PANIFICADORA & CHURRAS
50648;SUP.VITORIA
50649;SUP.RENASCER
50661;SUP.ARAGUAIA(AP.DE GOIANIA)
49296;MAX ATACAREJO
49361;DIST.ROTATORIA
49403;MERCADO SAO JORGE
49427;D C EMPORIO DAS BEBIDAS
49594;BONAMIX ATACAREJO
49535;SUPERBOM
49536;MOREIRA MUNDIAL SUPERMERCADOS
49538;SUPER. BOM DEMAIS
49539;MIX ATACADAO
49553;CELEIRO SUPERMERCADO LTDA
49164;DT EMPORIO DE PRODUTOS ALIMENTICIOS
50052;COML.CORINGA
50165;CM MERCEARIA E DISTR.
50166;BOA VISTA SUP.
50167;MERCADO BATISTA
50589;CELTICS - BEBIDAS E CONVENIENCIA
50590;SALEM EMPORIO
50846;COML.CEC
50848;REGINALDO XAXA
50854;JF SUPERMERCADO
49257;SUPER MA+S SUPERMERCADO
49337;MERCEARIA VITORIA
49595;SUPERMERCADO SUPER BONO
49792;SUP. BEIJA FLOR
49799;HIPER MORAES
50276;COLORADO SUPERMERCADO(JD.COLORADO)
50299;SUP. RIO DAS PEDRAS 5
50313;LANCHONETE E RESTAURANTE ANA ELISA
50335;BIG MARIO SUP.
50168;SUP. MARACANA
50170;LUISMAR PEREIRA DE MELO 28562909149
50172;SUP. BARBARESCO
50173;SUP. MAXIMO
50175;CASA DE CARNE JG
50176;MERCEARIA SAO MIGUEL
49419;AMELLI PRESENTES
50397;SUP.REIS(SANTA EFIGENIA)
50562;PANIF. E LANCHONETE SERVE BEM
50583;DIST.BANDEIRANTE
49805;MERCADO CENTRAL
49838;SP SUPERMERCADO
49919;BOM DE MAIS
49923;MERCADO TERRA NOVA
49927;MERCADINHO DO LARANJA
50360;LOVE MIO SORVETES
50378;CAPIXAS BAR E RESTAURANTE
50381;MERCEARIA GONCALVES
50409;BOM PRECO
50414;RESTAURANTE RAIZES
50418;SUP. NOTA 10 LTDA
49525;SUPER BIG
49858;CARLA PATRICIA SOARES DE SOUZA EVANGELIS
50177;MERCEARIA FLAMENGO
50178;SUPER PRATICO SUP.
50279;ADEGA 99
50575;MEGA DISTRIBUIDORA
50716;REDE DIA +
50730;SUPER BOX JRC
50740;INFO-HOUSE INFORMATICA E PAPELARIA
50743;SUP.POR DO SOL
49169;COML.MOREIRAO
49351;SUPER COMPRE BEM MAIS
49440;BEBIDAS GELADAS BALA DE PRATA
49515;O SEU VERDURAO
50307;ADEGA PREMIUM DISTRIBUIDORA - FILIAL
50419;EMPORIO PH
50431;EMPORIO MARQUES PMW
50452;DIST.ONLINE
49420;SUP.SUPER VI(JD.ALVORADA)
49447;HIPER SUL
49449;SUP.BOM PRECO
50391;COML.MONTEIRO
50396;SUP.REIS(PORTAL DOS IPES)
50584;KI DELICIA LANCHE
50634;MERCEARIA SANTO ANTONIO
50751;SUP.ALIANCA
50838;LOK FACIL LOCACOES E MATERIAIS DE CONSTR
49091;COML. BOIAO
49120;SUPER MIX AVENIDA
49261;SUPERMERCADO HE 
49487;MALU SUP.
49488;GREGORIO SUP.
49889;MERCADO SOBREIRA
49894;CASA DE CARNE E VERDURAO SUPER GIRO
49896;MERCEARIA ITAICI
49899;PANIF. E CONFEITARIA MELO
49903;MERCADO SUBZERO
49680;BM7 BEBIDAS
50442;COML.SKINAO
50465;42.361.529 MARLENE TEREZA DA SILVA OLIVE
50467;FARMARINA MEDICAMENTOS LTDA
50469;MERCEARIA MONTE VERDE
49315;EL PATRON MIX I I
50449;D UM TUDO JALAPAO
50561;BEBIGAS
50633;ZERO GRAU(JD.GOIAS)
50676;CONVENIENCIA CHOPPERIA DO BOLINHA
50736;NISA VEICULOS
49074;COMER MAYANA
49125;MERCEARIA FR E EMPORIO DAS BEBIDAS
49194;CASAHORT SUPERMERCADO
49205;FAVORITO SUPERMERCADOS
49904;FRUTAS DO GILMAR CN
49908;SUP. GOIANINHO
49912;REI DOS FRIOS
49995;MERCEARIA E UTILIDADES BOM PRECO
50454;MERCEARIA ALVES
49087;MERCADO CENTRAL
49577;SUP. BOM JESUS
50169;LEO BEER
50471;ZE NETO SALGADOS
50764;CONVENIENCIA LIMA
50776;SUP.E FRUTARIA LEVE MAIS
50799;BOX EXPRESS SUPERMERCADO
50822;BAR DELLA
50823;VILLEFORT (VL.JARAGUA - GOIANIA)
49247;FILETTO CASA DE CARNE
49293;MERCADO COMPRE BEM
49489;SUPER SANTA MARIA
49490;SUP. IDEAL
49491;SUPER 10 SUP.
49357;EMPORIO 88
50478;RUBI FRUTT PRODUTOS ALIMENTICIOS
50479;SUP. SAO JOAO
50480;SUPER ECONOMIA
50481;SUP. ELL SHADAY
49067;IDEAL ATACADAO
49308;COML. PARAISO
49793;DOMA VETERINARIA
50472;MERCEARIA LANCHONETE SANTANA
50473;PANIFICADORA MODELO 2
50623;EMPORIUM SUPERMERCADO
50689;FRI LEITE
50746;GEAN EMPORIO DE BEBIDAS
50855;EMPORIO DAS POLPAS(ST.OESTE)
50859;CASA DE CARNE BOI NA BRASA
50862;SUP.NOVO BRAZAO
49126;ADEGA BEBIDAS
49425;TANTA COISA UTILIDADES DOMESTICAS
49492;SUP. GOIAS II
49493;OPPA SUP.
49494;PEG PAG BOM VIZINHO
49780;VILLA SUPERMERCADO
49781;SUP. CEBOLINHA
50456;18.223.145 DAYANE MASSENA DOS SANTOS
50457;PARADA ROUTE
50458;SUP.BOM PRECO
50462;48.183.715 NILMA LUZIA BARROSO DE SOUZA
50463;PANIF.SANTA EDWIRGES
50464;LA NO ZE MERCEARIA E ACOUGUE
50474;W. R. VARIEDADES
50486;SUP. SAO FRANCISCO DE ASSIS
50114;COML.2K
50410;PRIMOR DOCES E CARAMELOS LTDA
50602;ANKAI BUFFET ORIENTAL
50625;SUPER SASSO
50672;CASA DE CARNES E MINI BOX FELIPE II
49065;SUP. LIMA
49387;JP CARNES
49730;SUP. E ACOUGUE REI DA CARNE
49731;SUP.GREGORIO
49732;MERCEARIA MARQUES
49358;EXCLUSIVA DISTRIBUIDORA
50500;SUP. VALENTE
50759;CLEITINHO SUPERMERCADO
50958;SUPER COSTA
50959;BREJA EXPRESS
49303;MUNDO DA LIMPEZA
49804;MEGA BEER MERCEARIA DISTR.DE BEBIDAS
49890;MERCEARIA GALEGO
49891;COML. FREITAS
49893;AM MERCADO E VERDURAO
50673;PANIF.E CONFEITARIA TERRA
50674;MINI BOX FERNANDES
50675;O BIFAO
50696;MERCADINHO SOUSA
50710;ATACADISTA MINI BOX 31
49404;SUP. WR
49733;CLASSIBON ATACAREJO
49734;CASA DA CACHACA
49735;BONAMIX ATACAREJO
49736;MERCADO PLANALTO
49098;MERCADO SOBERANO 2
49114;MERCADO BOM JESUS
49272;COML.QUEIROZ
49374;BRASIL RURAL
49897;PANIF. ALOANDIA
49900;B & S SUPERMERCADO
49910;SUP. E PANIFICADORA R & R ARAUJO
49911;EMPORIO DOURADO
49913;SUP. VERA
49396;MERCEARIA VILA PARREIRA
49600;PARAISO COMERCIAL E DISTRIBUIDORA
50722;COML.ALVES
50742;PLANETA FRUTAS
50753;REDE ADAO SUPERMERCADOS
49737;BRAVO MINI BOX E DIST. DE BEBIDA
49738;SUP. SERVE MAIS
49740;CONVENIENCIA JAVAES
49741;SUPER BIG SUP.(PQ.SAO LUCAS/MAURILANDIA)
49742;MEGA SUPERMERCADOS(CENTRAL/MAURILANDIA)
49348;MEGA PAO PANIFICADORA
49356;57.310.320 ELISMAR DE ABREU REIS
49518;MAZOLA AGROPET
49581;3 M ARMAZEM SAO DOMINGOS
49918;CRYS SUPERMERCADO
49996;EMPORIO ROYAL
50008;SUP.CONQUISTA
50034;EMPORIO CAFE
50085;AGROCAMPO
50179;MAGIC FESTAS E EMBALAGENS
49104;JAPONES
50483;SUPER FERNANDES
50767;FAMA ATACAREJO
50775;SUP.BRASIL DISTRIBUIDORA
50778;SUP.ECONOMIA(SAO SIMAO)
49743;COVENIENCIA RM
49744;HELENES CLAUDINO VIEIRA
49745;PADEIRO'S SUPERMERCADO
49746;ARMAZEM DA REGINA
49747;SUP.HIPER GIRO
49096;SUP. UNIAO
49147;SUP.E CASA DE CARNES BIFAO
49317;SUP. PARCEIRAO
49464;SUP. ARAUJO
49465;ALO BEBIDAS
49270;SUP.HORIZONTE
50184;COML.E FRUTARIA R&C
50185;COMERCIAL JM
50187;CASTANHA E CIA
50188;IN HOUSE MINEIROS - PORTAL DO CERRADO
50350;SUP.HIPER K-TEM
50786;RIO COMERCIAL E BEBIDAS GELADAS
50809;PEQUI EMPORIUM
50812;SUP.UNIAO
50816;SUP.DIA A DIA
49566;POINT DAS BEBIDAS
49748;SUPERMERCADO RENATAO
49749;CATATTAUS
49750;ATACAREJO PORANGATU II
49751;ATACAREJO PORANGATU
49466;STAR FESTAS
49683;PRADO DISTRIBUIDORA
49697;COML.MOREIRA II
49699;MERCEARIA PADRE CICERO III(CENTRO)
49700;MERCEARIA PADRE CICERO II(JD.ANA EDITH)
49826;DUDU SUPERMERCADO
50189;44.169.739 MARIZELIA DIAS FREITAS
50190;SUP. APARECIDENSE
50192;SUP.PONTO 14
50193;COMPLEM
50249;SUP CANTAO
49299;BAR E RESTAURANTE IMPERIO
49306;MAXIMA HIGIENIZACAO
50617;SUP. ESTRELA DALVA
50820;COML.LA
49752;SUP.PIONEIRO
49895;SACOLAO E MERCEARIA MARTINS
49898;ODF FERRAGISTA E UTILIDADES
49901;MERCEARIA CASA DE CARNE DO TOMAS LTDA
49905;COMERCIAL  BORGES
49907;FORTES TEND TUDO
49191;SURAMA
49260;BOX C MIL
49761;B E A ALIMENTOS LTDA
49762;SUPER PONTUAL
50250;CAMPELO ATACADO
50286;AGRO TERRA
50301;PANIF. & LANCHONETE KI - DELICIA
49161;SUP. BOM SUCESSO
49340;KAUA BEBIDA GELADA
50687;RESTAURANTE DO GOMES
50824;VERDURAO POR DO SOL
50833;SARAH GONCALVES DOS SANTOS
49162;CASA CLEAN RESOLVE
49909;AGROPECUARIA ZOOVET
49916;MERCEARIA SAO JUDAS TADEU
50006;DIST.DE BEBIDAS ZERO GRAU GARAVELO
50331;DIST.DE BEBIDAS RIBEIRO
50354;SUP.DA VILA
49764;CAMPEAO SUPERMERCADOS(VL.RENOVACAO)
49766;REDE SUPER TRIUNFO LTDA
49767;REDE ST
49768;DIST.DIRETORIA
49769;REDE SUPER TRIUNFO LTDA
50260;SHOPPING DA LIMPEZA
50302;EL SHADAY PAES E DOCES
50303;ATACADAO DOS FRIOS
50304;PANIF. CAFE COM PAO
50305;VENDURAO SANTA RITA
50306;SUP. GOIAS
50365;ADEGA IMPERIAL
50827;FREITAS BEER
50839;FP DE MOURA
50843;VAZ ATACAREJO
50873;SUP.SANTOS
49409;MERCEARIA UNIAO
49782;VERDURAO DO PAULAO
50406;SUP.PROMESSA
50502;ARMAZEM BORBA
50503;MERCADO E DISTR. DE BEBIDAS BOM PRECO
49135;AGRO BRASIL
49418;MERCADO COM
49770;ATACADISTA DE BEBIDAS PEGUE LEVE
49771;EMPORIO ATLANTICO
49772;SUP. PAGUE MENOS
49773;SUP.PAI & FILHO EXPRESS
49763;ATACADAO CAMPEAO
50321;CARREIRO ATACAREJO
50341;OPA FRIGORIFICO & HORTIFRUTI
50344;SUP. PRATICO NORTE
49660;PEG PAG PONTAL
30832;PEROLA DISTRIBUICAO(ATACADO)
50875;COML.UNIAO
50883;NORDESTE BEBIDAS
50504;REST. E LANCH. ESTRADA DE FERRO
50622;EMPORIO DOS PAES
50755;MERCADO EJ
50765;ATTF - COMERCIO E DISTRIBUICAO
50829;S.O.S DISTRIBUIDORA DE BEBIDAS E CONVENI
49688;REDE DIA +
49689;SUPER MIX SUP.
49690;OPEN DISTRIBUIDORA
49691;IDEAL SUPERMERCADO
49692;SUP.UNIAO
50347;MINIMERCADO SILVA
50349;MERCADINHO ALIANCA
50374;CORREA DISTRIBUIDORA DE BEBIDAS
50382;AGGRO
49825;CASA DIBS(JD.GOIAS)
49959;ACOUGUE SAO JOSE
50046;VINHOS RANDON LTDA
50047;VINHOS RANDON LTDA
50888;MALHARIA E SERIGRAFIA LAURA
49865;RS MERCEARIA
49970;ACOUGUE GOIANO
49972;PANIF.OURO VERDE
50847;EMPORIO DAS POLPAS(JD.AMERICA)
50905;BICHO CHIC PET SHOP
49221;CARRERO DISTRIBUIDORA
49414;BARATAO ATACADO
49477;FAMILIA PET
49693;PIX SUPERMERCADO
49694;YPE CONVENIENCIAS
50311;SUP.LAGUNA
50389;LINGUICAS DO SITIO
50395;GIRO DAS BEBIDAS
50400;ACAITERIA COPAO
50691;PIZZARIA TUDO DE BOM
50861;SUPER BETO SUPERMERCADO(TRINDADE)
50890;MARCUS PAULO
50892;SUP. MARINHO(ST.MORAIS)
50896;SUP.LEVE(VL.ROSA)
49119;BON ATACAREJO
49301;CARCAMANO BEBIDAS
50251;HIPERMERCADO MOURA
51293;MERCADO MACEDO
49696;VILLA BRASILEIRA SUP.
49698;SUP. PONTO CERTO
49701;HORTIFRUTI PARAISO
49702;GO SUPERMERCADOS
49703;CONVENIENCIA TO TONTIM
49188;DICERES SUPERMERCADO
49547;LIDER SUPERMERCADO
49548;CONFIANCA SUPERMERCADO
49550;MERCEARIA DO E-TAO
49863;MINI BOX IDEAL
50902;M W SUPERMERCADO
50911;D'ITALIA PIZZARIA
50897;MINI PRECO
44316;HIPER MERCADO MARTINS III
50917;ALL CARGO LOG
50924;COML.SANTA TEREZINHA
49109;SUPER FIDEL SUPERMERCADOS
49226;FABIM SUPERMERCADO
49259;LOJA DA FABRICA CRUZEIRO
49326;FULL HOUSE COMERCIAL & DISTRIBUIDORA
49815;SUPER PRIME SUPERMERCADO
50416;PANIFICADORA MAIS QUE DELICIA
50447;MINI MERCADO  VERDURAO MARTINS
28278;ADEGA E SUPERMERCADO MOREIRA
50919;MERCEARIA STAR
49655;SUP.DA FAMILIA
49871;PANIFI KI-DELICIA II
49873;COMERCIAL FELIX
49875;COMERCIAL UNIAO
49876;PEG & PAG OLIMPIA
50929;MERCADINHO MEGA BOX
49349;PANIF.E MERCEARIA NOVA MALTA
49514;FERRAGENS.COM
49554;NALVA SUPERMERCADO
49705;EMPORIO DE MINAS
49707;BEM ATACAREJO
49774;CONVENIENCIA RAIZ
49562;SUP.MOREIRA
49563;SUP.ECONOMIA
50461;SANTA TERESINHA
50505;JUN AUTO CENTER
50526;FRISIL LOJA
49432;AMIGAO SUPERMERCADO 2
49433;AMIGAO SUPERMERCADO
49434;COML.ATACADAO 2
49435;EMPORIO CASTELO FORTE
49877;COMERCIAL FRANCIS
50932;SUP.RAGAGNIN
50933;EMPORIO 11
50934;CASTRO'S FARMA
50935;KARO CANDY LTDA
50937;SUP.BRASIL
49204;COML.RAFAEL
49234;SUP. ECONOMIA
49273;TEXAS SUPERMERCADO
49328;EMPORIO UNIAO
50405;MAIS MIX
50528;SUP.FAMA
50530;SUP. ROCHA
50531;KACAMBAS SUPERMERCADO
50533;SUP. RIBEIRO
49100;SUPER MARTE
49850;SUPER BRAUNA
49878;PANIF. BOM JESUS
49880;TEND TUDO EMPORIO
49881;PANIF.PROGRESSO
49502;EMPORIO NOSSA CASA
50939;FM2 PRODUCOES
50940;JAB ATACADISTA
50941;PRONTO CONVENIENCIA
49454;SUP.MANA
49456;EMPORIO MEDEIROS
49460;PEG PAG SAO SEBASTIAO
49513;SUP. JK
49596;ENEIAS SUPERMERCADO
49807;MAXIMUS SUPERMECADO
50536;SUPER UTIL MERCEARIA
50566;PANIF. DIMOLIVEIRA
50579;SUPER BIRA E UTILIDADES
50606;AGROPOP(CENTRO OESTE)
49097;SUP. PRO LAR
49854;MERCEARIA VITORIA
49885;PANIF. DO TOSTAO
49888;COMERCIAL LM
49892;BALAIO CAFE PANIF. E LANCHONETE LTDA
50943;FORT SUPERMERCADO
50945;REDE STORE(LOT.LORENA PARQUE)
50946;ESPETINHO E CONVENIENCIA CERRADO
50953;SUPER UNIAO(PQ.LAS VEGAS)
49353;DIST.DUARTE
49775;JUMBO ATACAREJO
49776;SMART SUPERMERCADOS
49860;UBER PREMIUM
49887;COML.UNIAO
50424;COML.C & A
50609;EMPORIO DO CERRADO
50640;COML.MUNIZ
50670;PADARIA PAO NOSSO
50671;SUP. DIAS
50027;MERCEARIA NOSSA SENHORA DAS GRACAS
50028;SUP. COELHO
50029;PIONEIRO SUPERMERCADOS
50058;LUIZ CARLOS VIEIRA ROSA 01765346100
50059;EMPORIO DOS FRIOS E CIA
49602;CONVENIENCIA PARCEIRAO
50748;DIST.SUB ZERO
50783;SUP.DOIS AMIGOS
50795;SUPER 24 HORAS
49401;ACELATAS
50035;MERCEARIA EBENEZER
50036;RESTAURANTE E PANIF.CASEIRAO
50037;EMILIA DE FATIMA MACHADO 49866117120
50038;51.945.519 FABRICIA SANTOS GALVAO
49122;PRO BATISTA SUPERMERCADO
49142;EMPORIO SUA CASA
50853;COML.BETANIA
50967;FX QUIRINOPOLIS
49839;MERCADINHO DA ESQUINA
50067;SUPER IDEAL
50068;MERCEARIA NOVA IPORA
50069;MIX CONVENIENCIA
50070;NERDS BURGUERS
49077;PLENA SUPERMERCADO
50339;ARAUJO MIX DISTRIBUIDORA
50802;CAMALEAO DIVERSOES
50810;FUSCAR VIDROS E LATAS
50814;SUP.SANTANA
50818;COML.MARCONI
50039;BELLA PAES
50040;GLEICIMAR REIS DE OLIVEIRA PEREIRA MINI
50041;SUP.DO POVO
50042;47.180.414 LEANDRO CAMARGO DA SILVA
50043;PADARIA E MERCEARIA DO ALEMAO
49233;MINE MERCADO CENTRAL
49426;TANTA COISA UTILIDADES
49458;VERDURAO EXTRA FORTE
50031;PY BEBIDAS
50191;AGUIA LUBRIFICANTES
49586;SUP.IDEAL
50071;KARMEM NOLETO DOCERIA
50073;PANIFICADORA PANINO
50074;CLERISDINA DE JESUS SILVA ANJOS 00234824
50076;SUPER TRIANGULO
30602;BEM MAIOR
50821;ELITE ATACAREJO
50849;MX COMERCIO ATACADISTA LTDA(BOA ESPERANC
50863;58.411.254 ELISANGELA MENDES OROZIMBO RA
49827;MERCEARIA DA VILA
50044;MERCEARIA DOIS IRMAOS
50045;PANIF. E CONFEITARIA PAO DE TRIGO
50060;SUP.BRASILEIRO LTDA
50062;SUP. MOREIRA
49197;SUP. PARAISO
49288;SUPER GOLD
50627;MERCEARIA BOM PRECO
50715;COML.CASTRO
50819;SUP.MOREIRA
50077;TEM DE TUDO EMBALAGENS & CIA
50078;MERCADO LA
50079;O REI DA VERDURA
50080;MERCADO LIMA
50081;PANIF. DELICIAS DO TRIGO
49086;DIST. IPE
49615;SUPERMERCADO E DISTRIBUIDORA CONFIANCA
50425;DIST.BOA VISTA
50426;062 ACAITERIA E SORVETERIA
50871;SE RESIDENCIAL
50063;SUP. MORERA
50064;CASA DE CARNES CENTRAL
50065;SUP. POR DO SOL
50066;JESSICA CARVALHO CAFES E LANCHES GOURMET
50138;WEZEM CLEIZER FERREIRA DE OLIVEIRA 81156
49637;EMPORIO ROSA DOS VENTOS
49638;DELLA PANIF.
49639;PANIF.PANINI
49640;SUPER PADRAO SUP.
49641;SUP.DA HORA
50083;MERCADO E CASA DE CARNE CENTRAL
50084;ELIENIO RODRIGUES DOS SANTOS 87175061153
50086;SUP. BEIRA RIO
50087;MERCADINHO DA LU LTDA
50088;CARNES DA HORA
50089;RM SUPERMERCADO
50850;SUPER UNIAO SUPERMERCADO LJ.5
50885;COML.BARREIRAS
50904;MERCEARIA PEIXOTO
49254;SUP.AVENIDA
49267;PETROMASTER
50139;MERCEARIA CRISTINA PARK
50140;IMPERIO DOS PAES
50171;SUP.DUBAI
49642;PAYOL SUPERMERCADO
49643;SANTA MARIA SUP.
49644;LIDER DISTRIBUICAO
49645;ALTERNATIVA ATACAREJO
49646;DIST.DIRETORIA
50090;SUPERMERCADO SANTOS
50091;REDE 3A
50092;EMPORIO SERRA VERDE
50093;JERONIMA DIVINA ALVES DOS SANTOS 4313028
50094;NETO GOUVEIA LTDA
49367;CASA DE CARNE NOSSA SENHORA DA PENHA
50132;FOX DISTRIBUIDORA
50274;SUP.ECONOMIA(CACHOEIRA ALTA)
50682;LANCHONETE MALONEY TERMINAL
49467;COML.LB LOJA 2
50239;FLORICULTURA FLORESECIA
50346;FENIX BAR
50655;SUP.E DISTRIBUIDORA GOMES
50656;SUP.MIX
49182;BOM VIZINHO SUPERMERCADO
49365;MERCEARIA PAULISTA DO SEU DEJALMA
49366;LEVEMAIS SUPERMERCADO
49444;MERCEARIA LBS
49647;COML. MENDES
49648;EMPORIO GRAOS NOBRES E CIA
50095;NOSSO SUPERMERCADO
50096;EMPORIUM
50097;53.065.571 JOSE CLAUDIO DA SILVA
50098;SUPER MARCAL
50099;52.220.404 DOUGLAS PEREIRA DANTAS
49110;COML. DE BEBIDAS PORTAL DO LAGO
49436;SUP.VIGOR
50893;SUP. MARINHO(ST.LESTE VILA NOVA)
50912;MERCEARIA 3 IRMAOS
50931;FERRAGISTA MACAUBA
49092;COML.SUL
50657;SUP.MUNDIAL
50658;TECH - PISCINAS, AQUECIMENTOS E PRODUTOS
50659;PANIF.PAO DE MEL
50660;SUP.ALVES
49650;SUP.SERVILAR
49651;SUP. CASTELO FORTE
49652;MERCADO BUENO
49653;PEIXARIA GUANABARA
49654;MOREIRA DA GENTE
50100;28.019.231 LUCIANA FRANCO DA COSTA
50101;MERCEARIA RODOVIARIA
50124;PRESENTE DE DEUS SUPERMERCADO
50126;SUP. UNIAO
50129;SOL PANIFICADORA
49217;PANIF. BOM SABOR
49422;SUP.REI DO PRECO
50866;DROGARIA ULTRA POPULAR
50681;SUPER CRISTAL SUPERMERCADO
50701;SUP.ABC
50756;MARLENE LANCHES
50761;SUP.IDEAL
50826;SUP.TULA
49352;ESPETARIA MANGUEIRAS
49455;SUP.PRIMAVERA
49469;SUP. PARA TODOS
49471;BONAMIX ATACAREJO
49063;MERCADO SOBERANO
50150;MERCADO NORDESTE
50221;EMPORIO DU CHEFF
50227;COML.RAPIDO GAS
50230;MINI BOX SANTA CRUZ
50231;PETALA PEIXARIA
49429;MERCADINHO MADALENA
46545;BATISTA ATACAREJO
50942;MINI BOX TEM DE TUDO
50944;BISAOBRANCO
50922;SUPER PORTAL(SENADOR CANEDO)
48205;MERCANTIL VALADAO
50938;ARMAZEM BRASIL
50951;SUPER UNIAO SUPERMERCADOS(ANAPOLIS)
49472;SUP.VERDI BAIRRO
49473;GENIAL SUPERMERCADO
49790;SUP.BOM PRECO
49819;MERCEARIA E VERDURAO COPACABANA
49831;SUP.JR
50232;CASA DO CHURRASCO
50233;VERDURAO UNIVERSITARIO
50234;L&D MERCEARIA
50235;EMPORIO DO BICUCA
50236;SUPERMERCADO GOMES
50245;SUP.CASA DE CARNE ALEGRINO
50407;MERCERIA NACIONAL
48491;CITRO5 SAO JOAO
50947;SUPER FREITAS
50952;SUPERMECADO VILA
50954;COML.SUPER MISTO
50955;PANIF.PAO E CIA
50956;SUPER TEND TUDO
50957;PANIF.CANTINHO DO SABOR
49178;MERCADINHO VILA BOA
49280;SUP. REIS (24-R.MARECHAL/CENTRO)
49281;SUP. NOVA JERUSALEM
49832;CONSTRUFE COM DE MAT DE CONSTRUCAO
49834;EMPORIO SHOPPING DAS CARNES
49377;AVAMTHE SUPERMERCADO (CENTRO)
49445;NILO
49485;GM SPORTS
50325;58.596.692 JAIRE PEREIRA JUNIOR
50357;SUP.O BARATEIRO
50856;SUPER POP AVISTAO
50948;EMPORIO NOSSA CASA
50949;ECOVILLE GOIANESIA
50950;MERCEARIA
51240;COUNTRY CLUBE
50643;SACOLAO TOCANTINS
50679;MERCEARIA ALENCAR
50960;FX GOIANESIA
50961;FX PORANGATU
50962;FX MINACU
49837;EMPORIUM DO RODRIGUINHO
50009;COOPERATIVA MISTA DOS PRODUTORES DE LEIT
50010;DOCE SABOR PANIF.
50011;DOCE ALIANCA
50012;CENTRAL LANCHES E PIZZARIA II
50362;CASA DE CARNE E MERCEARIA RAMOS
50408;SUPERVI(ALEXANIA)
50450;DIST.NATUCOCO
50455;MAX ATACADO(ST.PQ TREMENDAO)
50482;SUB ZERO BEBIDAS GELADAS
49292;MOREIRA MUNDIAL SUPERMERCADOS
50604;REDE POP PET CENTER
50616;RED POP PET CENTER
50690;CASA DE CARNE BOI DE OURO
49323;BRUTOS RESTAURANTE, PIZZARIA E SANDUICHE
50963;FX URUACU
50965;FX RIO VERDE
50966;FX JATAI
50968;DIST. SILVA
50969;DIST. DAMASCENO
49121;V S SUSHI GURUPI
49253;SUP. FERNANDES
49262;DIST. PRIMUS
50013;MERCEARIA DO RENATO
50014;LUCAS LEMUNY 06984305900
50484;SUPER NEVES
50485;32.191.133 JOSE VIEIRA DA SILVA
50487;SUPER.  BETEL
50491;SUPER PRATICO
50492;ARMAZEM CIBRAZEM
49408;AGRO CARNES
49411;MERCEARIA LIDERANCA
49947;RESTAURANTE PANELA DE FERRO
49948;43.461.100 ALEX FERNANDES DE GODOI
50300;CALDAS CLEAN
49215;B MAIS HIPERMERCADO
50930;MAX ATACADISTA(CIDADE JARDIM)
50970;TATUZINHO SUPERMERCADO
50971;GARAGE 21
49517;ARMAZEM TAVARES
50015;SAMELA ALIMENTOS E ROUPAS
50016;45.681.754 RAFAEL ALVES GOMES
50017;CASA DE CARNE BARBARA
50018;MERCADO BELA VISTA
50493;ZANDLA ELIANA RODRIGUES
50496;53.882.285 VALDETE DE OLIVEIRA SILVA
50499;ARMAZEM GUIMARAES
50558;SUPER HS
50560;SUPER TREM BAO
49255;MERCADIN
49256;SUPER MANA
49849;EMPORIO FISH & DRINK
50417;EMPORIO BARBA RUIVA
50543;MERCEARIA LEAL
49101;SUP.SUPER GE
50348;MERCADINHO MD
50651;SUPERMIX
50652;SANTA RITA SUPERMERCADO
49111;AMERICA CONVENIENCIA RESTAURANTE E CASA
49115;SUP.BOA SORTE
49116;MERCEARIA MEDRADO 
49295;CASA DAS AVES
50576;PANIF.FLOR DO TRIGO
50577;CASA DE CARNE PANTANAL
50578;ROSANA ROSA DOS SANTOS 02895497109
50594;SUP. SONHO DA VILLA
50677;DIST.DE BOMBONIERE RAMOS
50705;MERCADO CARNEIRO
50734;MEGADOCES(ST.SUL)
50745;DUBAI BEER
50801;CRISTAL UTILIDADES E PAPELARIA
49886;SUPER DOMINIQUE - O SEU SUPERMERCADO
50964;FX MINEIROS
50972;FERRAGISTA LIDER
51067;RYKA EXPRESS
49231;EMPORIO BECKER
49297;57.557.888 ELLEN CRISTINA DA SILVA FREIT
50019;BOUTIQUE DE CARNES 2 IRMAOS
50020;COML.RODRIGUES
50021;COMERCIAL JM
50022;SUP. OPCAO
50444;ERIVALDO AUTO PECAS
50699;52.856.493 DAIANE FERNANDES DE ANDRADE
50707;SUP. VALENTE
50732;SUP.DO NEWTON ESTRELA
49213;MERCEARIA PARAISO
49859;BARRACA DA AMIZADE
43113;SUP.DA MAMAE
50936;UNICA CASA & CONSTRUCAO - FERRAGISTA
50973;AZULEIDE DA SILVA SANTOS 97501140197
50974;CAPIM DOURADO SUPERMERCADO
50975;CASA DO SORVETEIRO
50976;MERCADINHO AVENIDA
50977;COML.MIRANDA
49112;MASTER SUPERMERCADO
49383;NUNES SUPERMERCADO
50023;COML .NASCIMENTO
50024;PANIF. E LANCHONETE SERRA DOURADA
50025;SUPER SAO JOSE
51055;BOX24H
51186;COML.SOL NASCENTE
51035;PANIF. E LANCHONETE DO IRMAO
51243;VITORIA DISTRIBUIDORA
51265;SUP.MARTINS LOJA 5
51078;PUCA TABACARIA E CONVENIENCIA
51085;BAR ENCONTRO AMIGOS
51080;NILUS
51274;ADEGA NORDESTE
51075;COML.NS
51280;ATACAREJO DISTRIBUIDORA
51023;DIST.CARVALHO
51217;SUP.ELDORADO
51261;SUPER CRISTAL
51262;GOIANIA SUPERMERCADO
51037;COML.MONTEIRO
51050;AGROFERRAGISTA SOUSA
51110;SUP.VITORIA
51114;SUP.SANTA RITA
51028;SUP.PLANALTO
51077;SUP.EVA
51151;SUP.AGUIA
51232;COML.NOVA OPCAO
51060;MERCEARIA POPULAR
51140;JI MARKET
51231;CASA DE CARNES SOARES
51331;MERCEARIA CARVALHO
51123;SUP.BOM PRECO
51150;QUARTETTO SUPERMERCADOS (LT.BERTAVILLE)
38177;SUP. CAMPELO 
51221;MINI BOX & DISTRIBUIDORA BRITO
51058;SUPER CHAFARIZ
51131;EMPORIO MM(ST.POPULAR)
48313;SUP.TAMANHO FAMILIA
51234;ARMAZEM JALAPAO
51062;DIST. DO BOIADEIRO
51264;SUP.MARTINS LOJA 03
51092;DUCOCO ALIMENTOS S/A
51098;ARMAZEM TRIANGULO
46499;OLIVEIRA SUPER
51244;MERCEARIA PAI E FILHO
51256;REDE POP PET CENTER
51266;SUP.MARTINS LOJA 06
51305;EMPRIO ITA FRIOS
48956;SUP.BORGES
51255;IMPERIO RACOES
50220;SUP.KUSTER
51324;SUP.AVENIDA
51104;MG SPORTES
51118;SUP.MINI CUSTO
51176;LIDER SUPERMERCADO
51207;PONTO MIX
51302;SUPER LUCAS
51303;MENDES E OLIVEIRA SUPERMERCADO
51318;MEIRE SUP.
51002;SUP.COMPRE MAIS
51024;T T MECANICO
51155;SUP.CRYSTAL
51198;DIST.E MERCEARIA NOVO DONO
51206;CEARA2.0SUPERMERCADO
51061;SUP.3 IRMAOS
51226;MERCEARIA ALVES
51227;AGRO RACOES
51127;CASA DE CARNES PREMIUM
51048;SUP. CENTRAL
51208;SUP.DO VOVO II
48108;CASA DE CARNE ECONOMIA
51315;EMPORIO PRIME
51096;SAFRA CLEAN
51210;VILLA EXPRESS
51251;DIST.E ADEGA DO CHEFINHO
51012;19.653.217 ERIKA JORDAN DA SILVA SOUZA
51068;SUPER QUALITY SUPERMERCADO
51175;COM.PAG MENOS
51105;SEMPRE MAIS SUPERMERCADO
51322;MERCEARIA MOURA
51178;DIST.TIRO CERTO
50851;GOIABAO SUPERMERCADO(BRO GOIA)
51136;SUPERMIX
51124;DISK BEBIDAS ZERO GRAU
51181;EMPORIO SANTOS
51285;BENDITO CAFE
51070;VIPI SUPERMERCADOS
51190;DIST.DE BEBIDAS DO CERRADO
51161;ZERO GRAU BEBIDAS(ST.OESTE)
51183;PREMIUM CASA DE CARNE E EMPORIO
51145;PEG PAG LOPES
51242;RIOS SUPERMERCADOS
51045;COML.SAO GABRIEL
51277;DUCOCO
51016;MEGA PAIZAO
51072;SUP.MAX WS
51214;GOIANINHO BEBIDAS
51254;SUP.MOURA IV
51174;LIDER ATACAREJO
50980;54.703.443 VITAL ALVES MORAES
50982;TOP10 DISTRIBUIDORA
50986;SUP. TOCANTINIA VIEIRA
51036;COML. MATO GROSSO
51159;NEROPET
51180;PEREIRA E SOUSA EMPREENDIMENTOS
51311;SUP. DISTR. JC
51146;EMPORIO ELITE
51273;MIAU RACOES
51203;J N DISTRIBUIDORA
51268;SUPERBOX SAMPAIO
51241;FREITAS BEER
51286;SUPER NEVES SUPERMERCADO
51094;SUP. REIS (30-SANTA TEREZINHA-JATAI)
51213;SUPER COMPRAS SUPERMERCADOS
51038;A PECUARISTA
51039;MERCEARIA ALVES
51051;EMPORIO TROIA
51108;VILLE MAIS(ST.CENTRAL)
51158;LARANJINHA BEBIDAS
51222;CONVENIENCIA CAMINHO DO LAGO
46185;SUP.BRASIL(GSA-SANTA LUZIA)
51177;MERCEARIA DA ESQUINA VITORIA
51187;SUP.MAIS FAMILIA
51272;MUNDIAL SUPERMERCADOS
51004;NADIA RURAL LTDA
51033;SUPER MORADA NOVA
51269;REDE SUPER
51248;MINI BOX FAMILIAR
51259;SUP.SUPERGYN
51014;ENTRE NOS ADEGA E BAR
51054;ZERO UM DISTRIBUIDORA
51111;R A SUPERMERCADO
50714;VY DISTRIBUICAO
51149;SUP.VITRIA
51281;DAMATA SUPERMERCADO
51282;PANF.BOM GOSTO
51201;EMBALE
47025;DENISE OLIVEIRA
51031;CASA DAS FERRAMENTAS
51090;PALMAS BRASIL SUPERMERCADO
51084;DIST.DE BEBIDAS E MERCEARIA NOVO HORIZON
51148;SUP.ALVES
51165;IMPORIO DAS BEBIDAS
51287;PANIF.BOM PASTOR
51102;MERCEARIA JK
51263;SUP.MARTINS LOJA 4
51011;REDE DE FESTA(JD.DA LUZ)
51327;MERCADINHO AGM
51292;PARADA CERTA DISTRIBUIDORA
51267;COML. E CASA DE CARNE BOI GORDO
51204;SAINT LION DISTRIBUIDORA
51235;SUPER MAIS SUPERMERCADOS
51299;MERCADINHO SANTA ROSA
51042;STOP BEER
51107;VILLE MAIS(ST.BOA VISTA)
51142;ALFAMIX ATACADO DISTRIBUIDOR
46444;SUP. SUPER-AMIGOS
51328;JLG DISTRIBUIDORA
51295;SUP.ELDORADO
51021;WILMA CAROLINE OLIVEIRA CARIELI
51253;SUP.GONCALVES
51064;CONVENIENCIA BATUTINHAS
51041;LANCHONETE BOM JESUS
51325;BENDITO SABOR
51309;MERCADO SANTA LUZIA
51001;PONTO CERTO SUPERMERCADO
51138;DIST.PONTO CERTO
51297;SUP.CONFIANCA
51095;SUPER ARCO IRIS
51215;COML.JM
51216;LIMPAX
51043;ZERO63 DISTRIBUIDORA
51306;SUP. CUNHA
51040;MERCEARIA REAL
51106;VILLE MAIS(RIO VERDE)
51154;EMPORIO DU BAIRRO
51032;MIX L3
51143;CASA DAS CARNES SUPREMO CORTE
51083;MAX ATACADISTA(JD.NOVA ERA)
51047;STOUT PIZZA
51219;BIOTOC AGRO E PECUARIA
51301;EMPORIO PAGUE MENOS
51013;DIST.SANTA CLARA
51091;ESTILO COMERCIAL
51284;MINE MERCADO TOICINHO
51279;COML.TODOS BEM VINDOS
51258;SUP.DOIS IRMAOS
51193;SUP.ADRIANO
51195;PEG PAG BRASIL
51081;DISK CERVEJA FORTALEZA
51236;SUPERMERCADO FAUNA II
51076;FERRAGISTA PING PONG
51172;SUP. VITORIA II
51099;MARIA EDUARDA
51250;MERCADINHO PAGUE MENOS
51135;ROGERIO ALVES MOURA
50987;ARMAZEM TAVARES
51087;EMP.WR CARNES E BEBIDAS
51228;HOUSE BLACK DISTRIBUIDORA
51063;EMPORIO BEER AMARAL
51320;CASA DE CARNE MASTER
51025;POUSADA FLOR DE LOTUS
51205;DIST.ANJO LIMA
51233;SUPER MIX BARATAO
51097;MINI BOX CAMPOS BELO
51119;MINIBOX
51059;SAO LUIS ATACADISTA
48768;COLISEU SUPERMERCADO
51164;SUP.COMPRA CERTA
51220;NOSSA CASA SUPERMERCADO
51270;LEAO SUPERMERCADO
51171;PH BEBIDAS
51283;BEVERAGE DISTR. DE BEBIDAS LTDA
51071;CASA CLEAN RESOLVE
51249;SUPER DELLA DISTRIBUIDORA DE BEBIDAS
51298;DUDU SUPERMERCADO
51003;MIX ESTRELA
51053;LOJA DA FAMLIA
51196;SUP.PATROCINIO
51082;SELECT9
51225;SUP.PIRINEUS
51185;MEI KILO DISTRIBUIDORA FRIOS E GELADOS
51307;ROMANATO ALIMENTOS
51162;COML.CONQUISTA
51065;SUP.TOP 10
51034;AGROPECUARIA AGRO RIO VERMELHO
51044;SUPERSERVELAR
51170;NORDESTE MIX
51009;COML.PAIS & FILHOS
51093;AB GARCIA
51192;SUPER MAIS
21285;PONTUAL SUPERMERCADOS (REDE AMIGA)
51276;MASTER BEER CONVENIENCIA
51173;TORA PRECO
51271;MERCADINHO SANTA TEREZINHA
51101;DIST.E MERCEARIA BELA VISTA
50999;CASA CLEAN
51326;BENDITO SABOR (PALACIO)
51246;SUP.ABC
51239;GALO BRANCO
51166;IDEAL SUPERMERCADO
51066;M LAR - MINIMERCADO
51144;CASA DE CARNES PRIMICIAS
51212;MIL AGRO ALIMENTOS
51069;CASA DE CARNES GABRIEL
51100;SUP.SACOLAO TERRA SANTA
51238;ATAKAREJO TOCANTINS
47041;SUP. PRO BRAZILIAN (LOT. CELINA PARK)
51073;MARINGA LANCHES
50981;EMPORIO DA CARNE
50983;63.874.781 FERNANDA CRUZ SOUSA NASCIMENT
50985;ISADORA PEREIRA DA CUNHA LTDA
50989;JOSE ALVES CARVALHO 50016350120
50990;MERCADINHO DA 81
51079;VILLEFORT(CIDADE JARDIM-ANAPOLIS)
51116;SUPER PRECO BAIXO
50993;32.752.051 MARCILIO RODRIGUES MACHADO
50995;45.363.846 MARIA CELMA DE ARAUJO SOARES
50997;MARIA DA CONCEICAO GOMES 00468299114
51007;COML.SALES E SILVA
51211;COSTA ATACADAO(TRINDADE)
51122;COML.PAI & FILHO MERCADO E SACOLAO
51179;KI JOIA PANIFICADORA E LANCHONETE
51168;FRUTARIA OUVIDOR
51290;COML.ATENAS
51291;RONDAN ALVES SOBRINHO
51008;EMPORIO ESTRELA
51113;PRADO, PETISCARIA E HAMBURGUERIA
51126;TROCA DE OLEO DO PELE
51109;BEM QUERER
47578;SUP. MAIS VOCE II
51130;PORTAL DO VALE SUPERMERCADO
51275;EMPORIO SABOR DE CASA
51278;SELECTA 24H
51308;DISTR. DO REGI
51141;REGINA APARECIDA FURLAN SOARES
51229;SUNSAKI
51163;DIST.CARDOSO
51319;SUP. GUIDA
51209;SUP.DELMONDES
51230;TOP BEER
51237;DIST.AVENIDA
51317;FRUTARIA PRECO BAIXO
51132;COML.MM(RESID.CANAA)
51218;SUPER MS ATACADO E VAREJO
51323;BENDITO SABOR
51153;SUP.SERVE BEM
51332;4 PATAS PET SHOP
51194;PRECO BOM
51313;SUP. FAMILIA
51245;JARAGUA EMBALAGENS
51133;COML.MM(VL.BAYLAO)
51289;GELADAO
51294;SUPERDESCONTAO SUPERMERCADOS
51300;SUP.ARAUJO
50991;REVEST
50992;PEDRO HENRIQUE LIMA SILVA 07375171157
50994;SUP. CARVALHO
50996;MINI BOX MUTUM
50998;COML. MARTINS
49556;COML.SURUBIM
51223;MERCEARIA E BEBIDAS GELADA WM
51046;SUP.LEBLON
51052;PH DIST. DE BEBIDAS E CONVENIENCIA
51134;EMPORIO MM(ST.SOLAR MONTE SIAO)
51137;PANIFICADORA L.A
51020;FORNERIA ORIGINAL ANAPOLIS
51304;QUALY FRIOS
51152;COML.FAMILIA
51314;BEER HAUSE BEBIDA GELADA
42642;SUP.AGAPE
51191;EMPORIO DO BELO
51156;RS MERCEARIA
51157;PALOMA ASSIS MAIA
51088;SUP. LAR FELIZ
51169;DANIEL ALTO CENTER
51321;SUP. 65
51005;BEM BARATO ATACADISTA
51029;MERCADO MOREIRA
51312;AGROPECUARIA, ELETR. E HIDRA. FELIPE
51117;BAR RODOVIARIA
51129;PANIF.OPCAO
51224;SHOP DA LIMPEZA
51296;SUP.MILAO
51120;SUP.DONA GI
51199;MERCEARIA DO RESOLVE
51200;SUP.DO VALENTE
51310;MADE IN ROCA
51026;SALERNO MERCEARIA E HORTIFRUTI
51112;MERCADAO DA ECONOMIA(RIO VERDE)
51316;TOP BRASIL BEBIDAS
51086;DIST.PONTO CERTO
51329;PEG PAG ANDRELINA
51128;SUPER RIGONATO
51167;SUPER HANEI
51000;GRUPO MAX
51139;O VENDAO
50355;SUP.OFERTAO
51184;MERCEARIA DO VIZINHO
51330;SUP. CAPITAL
51115;W M
51049;SUP.RODRIGUES 04
51182;GOIAS VERDURAS SUPERMERCADO 3
51089;SUPER FELICIO
50427;ZERO DISTRIBUIDORA
51160;MERCANTIL
51125;SUP.SANTANA
51189;VERDURAO DA FAMILIA
46186;SUP.BRASIL(NIQUELANDIA)
51056;VENDINHA
51030;SUP.MERCABOX
51197;COML.AEROPORTO
50978;DUBAIRRO SUPERMERCADO
51121;CASANOVA UTILIDADES E PRESENTES ON-LINE
51188;DIST.CRISTO PAI
