CODPROD;DESCRICAO;EMBALAGEM
3439;SAPEKA ABS UNICA C/ABAS S.MOD.L24 P16 ;4X1X24UN
3443;PVM-FRUITTELLA MAST.MOR/IOG. NAT.STICK  ;16X10UN
294;TOSCANO-VINAGRE DE MACA;12X750ML
339;TOSCANO-VINAGRE DE ALCOOL C/LIMAO;12X750ML
1513;GEO SABAO BARRA BLUE REF.25;12X5X200GR
3551;BAUDUCCO-BISC.LEVISSIMO AGUA E SAL ;PCT 200GR
3552;BAUDUCCO-BISC.RECH.GULOSOS BRIGADEIRO;56X140GR
3553;BAUDUCCO-BISC.RECH.GULOSOS CHOCOLATE;56X140GR
3554;BAUDUCCO-BISC.RECH.GULOSOS MORANGO;56X140GR
3555;BAUDUCCO-BISC.RECH.GULOSOS CHOC.MARSH.;56X140GR
3349;GINA PALITO EMBALADO SM REF. 190;20X1X50UN
3363;FINI MARSHMALLOW PT TORCAO FLOW PACK ;PT 1X30UN
2341;VITTAMAX-RACAO GATOS PEIXE ;10X1KG
3434;BUNGE-AZEITE ANDORINHA PURO VD PORT.;VD 500ML
1519;GEO SAB.BARRA RALADO GLIC.NEUTRO CTO R47;18X1KG
1520;GEO SAB.BARRA RALADO GLIC.BLUE CTO R48 ;18X1KG
1521;GEO-SABAO PO 100% COCO R.FINAS 250G;12X250GR
1522;GEO-SABAO PO 100% COCO R.INFANTIS 250G;12X250GR
1526;BICICLETA ARO 26 18 M. FEMININA;1
3556;BAUDUCCO-BISC.RECH.GULOSOS DUPLO CHOC.;56X140GR
3557;BAUDUCCO-BISC.RECH.MP GUL.DUPLO CHOC.;20X360GR
3558;BAUDUCCO-BISC.RECH.MP GUL.CHOC.C/MORANGO;20X360GR
3559;BAUDUCCO-BISC.RECH.MP GULOSOS FLOCOS;20X360GR
3419;D.BENTA-MIST.BOLO SALGADO R.7819;12X260GR
1505;GEO-SABAO EM PASTA 500G;18X500GR
2383;COLORAU M.BRASILIA;6X100GR
2384;PIMENTA DO REINO MOIDA M.BRASILIA;6X100GR
42;GINA PALITO REF.101;25X100
3928;DISCO RIGIDO DE 1T 7K NLSAS, 3G, 3.5 POL;UN
3929;ALADDIN-G.T.ROLHA CLASSIC LISA SORT.;1LT
3930;ALADDIN-G.T.ROLHA CLASSIC FLORAL SORT.;1LT
3931;ALADDIN-G.T.ROLHA CLASSIC COFFEE SORT.;1LT
3337;ALADDIN-G.T.ROLHA MADRID SORT. R.3264 ;1LT
3338;ALADDIN-G.T.ROLHA LISA SORT. R.3298 ;1LT
533;V.FERTIL-AMEIXA EM CALDA;LT 400GR
308;B.VISTA-WAFER CHOC.CEREJA (F.NEGRA);30X160GR
3339;ALADDIN-G.T.ROLHA PREMIER SORT.R.3315 ;1LT
3340;ALADDIN-G.T.ROLHA COFFEE LINE R.3327 ;1LT
3341;ALADDIN-G.T.ROLHA METALIZADA R.3369;1LT
2810;SAPEKA FRALDA DESC.C/BAR. SEG 6X1;PCT 
2811;SAPEKA FRALDA PCT ECON C/ BAR. SEG 16X1 ;PCT
3728;ALADDIN-G.T.ROLHA VIENA SORT. R.3189 ;1LT
2812;SAPEKA FRALDA MEGA PCT C/BAR. P 48X1 ;PCT
1408;DAFRUTA NECTAR CAJU ;1LT
1409;DAFRUTA NECTAR LARANJA;1LT
1410;DAFRUTA NECTAR MANGA ;1LT
1498;BRASLIXO SACO P/ LIXO ROLL 15 LT;10X100UN
121;B.VISTA-WAFER CHOCOLATE ;30X160GR
3685;SPEED-UP ENERGETICO RED FRUITS;6X260ML
3686;SPEED-UP ENERGETICO TRAD. ;6X473ML
3342;FINI BALA GELATINA TIRAS AMORAS ;10X1X25GR
3343;FINI BALA GELATINA TIRAS BEIJOS MORANGO;10X1X25GR
3344;FINI BALA GELATINA TIRAS DENTADURAS;10X1X25GR
3345;FINI BALA GELATINA TIRAS URSINHOS;10X1X25GR
228;B.VISTA-WAFER DOCE DE LEITE ;30X160GR
203561;BAUDUCCO-BISC.WAFER CHOCOLATE;PCT 165GR
3684;SPEED-UP ENERGETICO TRAD. ;6X260ML
465;FONTANA-SBTE INF ROSA 1 2 3 BABY;12X80GR
467;V.FERTIL-CEBOLINHAS CRISTAL ;PT 120GR
1436;V.FERTIL-AZEITONA VERDE VD;12X500GR
9144;RUVOLO-TC SOBREMESA BARCELONA 278 ML;1X278ML
1425;VITAMAX-AMOSTRA GRATIS GATO PEIXE;100GR
1420;VITAMAX-AMOSTRA GRATIS FILHOTE;100GR
1421;VITAMAX-AMOSTRA GRATIS CLASSIC;100GR
1423;VITAMAX-AMOSTRA GRATIS PREMIUM;100GR
3405;FLORESTAL PIRULITO FLOPITO PE DE MOLEQUE;1X700GR
302;BRASLIXO SACO P/ LIXO 50 LT ;25X10UN
3406;FLORESTAL CHICLE CLISS HORTELA;100X280GR
3407;FLORESTAL CHICLE CLISS MENTA;100X280GR
3408;FLORESTAL CHICLE CLISS TUTTI-FRUTTI;100X280GR
315;CANJICA BRANCA M.BRASILIA;20X500GR
269;FARINHA DE MILHO M.BRASILIA;20X500GR
288;M.BRASILIA FARINHA DE ROSCA ;12X500GR
9134;DUNORTE-POTE UVA PASSA ESCURA S/SEMENTE;1X150GR
277;FARINHA MAND.TORRADA M. BRASILIA;20X500GR
3560;BAUDUCCO-BISC.RECH.MP GULOSOS BRIGADEIRO;20X360GR
3561;BAUDUCCO-BISC.WAFER CHOCOLATE;42X165GR
3562;BAUDUCCO-BISC.WAFER MORANGO;42X165GR
3563;BAUDUCCO-BISC.WAFER CHOCOLATE C/AVELA;42X165GR
1516;GEO SAB.BARRA RALADO GLIC.NEUTRO CTO R39;24X500GR
1517;GEO SAB.BARRA RALADO GLIC.BLUE CTO REF41;24X500GR
29;FUBA MIMOSO M.BRASILIA;20X1KG
1518;GEO-SABAO BARRA 100% COCO PCT 450G;24X3X150GR
31;POLVILHO DOCE M.BRASILIA;20X1KG
3427;FINI BALA GELATINA PT AMORAS ;1X125UN
28;FONTANA-DESODORIZANT SANIT. FONT MISTO;12X35GR
3428;FINI BALA GELATINA PT MINHOCAS CITRICAS;1X125UN
3429;FINI CHICLE PT SALADA DE FRUTAS ;1X125UN
3435;SAPEKA ABS UNICA C/ABAS SUAVE INTENSO;12X1X8UN
3436;SAPEKA ABS UNICA C/ABAS SUAVE MODERADO ;12X1X8UN
3437;SAPEKA ABS UNICA S/ABAS SUAVE MODERADO ;12X1X8UN
3549;BAUDUCCO-BISC.LEVISSIMO CREAM CRACKER;PCT 200GR
3550;BAUDUCCO-BISC.APERITIVO SALSALITO ;PCT 120GR
3438;SAPEKA ABS UNICA C/ABAS S.PROM.MOD+INT ;6X1X16UN
448;V.FERTIL-AMEIXA EM CALDA ;LT 200GR
2387;MOLHO CEBOLA C/PIM. ERV.FINAS M.BRASILIA;12X150ML
3653;TRICICLO VERMELHO;1UN
3708;GEO DESINFETANTE EUCALIPTO REF.504;12X500ML
1514;GEO SABAO BARRA GLICERINADO LIMAO REF.26;12X5X200GR
1515;GEO SABAO BARRA 100% COCO REF.27;12X5X200GR
304;FONTANA-SABONETE IARA 2 CORES;24X4X90GR
2285;ESTABILIZADOR ELETRONICO DE TENSAO ;1X1
3654;TRICICLO AZUL;1UN
2471;NEUG.-BOMBOM AMOR CARIOCA ;PCT 500GR
2472;NEUG.-BOMBOM NOITE DE GALA ;185GR
2473;NEUG.-BOMBOM NOITE DE GALA ;PCT 925GR
3351;ACENDEDOR P/FOGAO LUME SORTIDO;CX 1X24UN
1509;GEO-SAB.BARRA.GLIC.RALADO AZUL SACHE 1KG;12X1KG
3352;ACENDEDOR P/FOGAO LUME SORTIDO;PCT 6UN
1512;GEO SABAO BARRA GLIC. NEUTRO REF.24;12X5X200GR
3353;NAXOS-MOSTRUARIO ACENDEDOR P/FOGAO LUME ;PCT 
3354;NAXOS-EXPOSITOR ILHA P/ACENDEDOR LUME;PC
3370;TV COLOR SHARP 29L FG1BZ;1UN
3415;D.BENTA SITIO-MIST.BOLO CHUVA BANANA ;12X260GR
3416;D.BENTA SITIO-MIST.BOLO CHUVA LARANJA;12X260GR
3417;D.BENTA SITIO-MIST.BOLO CHUVA TRADICIONA;12X260GR
3418;D.BENTA-FERMENTO INST. FERMIX R.151;500GR
1499;BRASLIXO SACO P/ LIXO ROLL 30 LT;10X1X50UN
1500;BRASLIXO SACO P/ LIXO ROLL 50 LT;10X1X50UN
1501;BRASLIXO SACO P/ LIXO ROLL 100 LT;10X1X25UN
3400;V.FERTIL-AZ.BALDE PRETA PREMIUM AZAPA ;2,0KG
3401;V.FERTIL-AZ.VDE M.REINA LA REINA;12X500GR
4153;BUNGE-AZEITE ANDORINHA E.V. VD PORT. ;12X250ML
524;V.FERTIL-AZEITONA VERDE S/CAROCO ;VD 280GR
3670;CILINDRO MESTRE;1PC
354;V.FERTIL-AZEITONA VERDE VD;12X360GR
3325;BUNGE-DISPLAY CHAO MAIONESE PRIMOR;1UN
3402;PVM-FRUITTELLA MAST. MORANGO NAT.STICK;16X10UN
3403;PVM-FRUITTELLA SM MAST. MORANGO NATURAL;BAG C/3UN
3659;LEITOR LASER OPR 3201 TECLADO;1UN
3707;GEO LIMPA VIDROS REF.521;12X500ML
683;B.VISTA-BISC.TUCS TRAD. DIN CRACKER ;30X100GR
3664;ROUPEIRO ACO C/20 PORTAS COR CINZA;1UN
3350;SUCO UVA ROSE INTEGRAL ALIANCA ;2LT
3379;BUNGE-MARG.DELICIA MILA C/SAL R.114537;12X500GR
3380;BUNGE-MARG.PRIMOR C/SAL R.114634 ;12X500GR
634;TOSCANO-VINAGRE DE ALCOOL CLARO FR;12X750ML
2956;SUCO UVA BRANCO INTEGRAL ALIANCA ;6X1,5LT
2958;PVM-MENTOS P.FRESH BLAST RED EMB.INDIVID;120GR
686;B.VISTA-BISC.TUCS SALAMINHO DIN CRACKER ;30X100GR
2399;DAFRUTA TP NECTAR INF.GOIABA ;15X200ML
631;V.FERTIL-AZEITONA VERDE FATIADA ;VD 180GR
522;V.FERTIL-AZEITONA VERDE PREMIUM GORDAL ;VD 360GR
569;V.FERTIL-AZEITONA VERDE LIGHT ;VD 200GR
536;V.FERTIL-AZ.BALDE VERDE MEDIA ;2,0KG
553;V.FERTIL-AZ.BALDE VERDE MIUDA ;2,0KG
3395;V.STA COLINA ESTILO TANNAT TTO SECO;6X750ML
3423;B.VISTA-WAFER CHOC.CEREJA (F.NEGRA);40X140GR
3424;B.VISTA-WAFER FLOCOS;40X140GR
3425;B.VISTA-WAFER DOCE DE LEITE;40X140GR
3360;TV COLOR SEMP 14  1452AV;1UN
507;TOSCANO-VINAGRE DE ARROZ;12X750ML
724;PAN-DRAGEADOS CONHAQ BOMBONS R.1112;12X50GR
726;PAN-DRAGEADOS PASSAS COB.CHOC. R.8812;12X50GR
728;PAN-CHOC. DIET C/AVELA DISPLAY R.8121;12X30GR
729;PAN-CHOC. DIET C/ CAJU DISPLAY R.8120;12X30GR
1417;DAFRUTA LIGHT NECTAR PESSEGO;1LT
1418;DAFRUTA LIGHT NECTAR MANGA ;1LT
2388;LINHACA EM GRAOS M. BRASILIA;12X200GR
2389;FARINHA DE LINHACA M. BRASILIA;12X150GR
3366;PVM-MENTOS KIT COPO BLAST ASSORTED;KIT 1X1UN
1507;GEO-SAB.BARRA.GLIC.RALADO NEUTRO SAC 1KG;12X1KG
3367;PVM-MENTOS KIT COPO POCKET BOTTLE;KIT 1X2UN
2393;DAFRUTA TP NECTAR INF.CAJU;15X200ML
2394;DAFRUTA TP NECTAR INF.LARANJA;15X200ML
2395;DAFRUTA TP NECTAR INF.MANGA ;15X200ML
2396;DAFRUTA TP NECTAR INF.MARACUJA ;15X200ML
2397;DAFRUTA TP NECTAR INF.UVA ;15X200ML
2398;DAFRUTA TP NECTAR INF.PESSEGO ;15X200ML
3368;PVM-MENTOS KIT COPO PURE FRESH F.TOP ;36X1X3UN
3369;PVM-MENTOS KIT COPO STICK ;KIT 1X5UN
3374;LEITOR METROL. ECLIPSE TECL. PRETO MK  ;1UN
3394;V.STA COLINA ESTILO MERLOT TTO SECO;6X750ML
3421;B.VISTA-WAFER CHOCOLATE ;40X140GR
3422;B.VISTA-WAFER MORANGO;40X140GR
3355;NEUG.-BARRINHAS CHOC. PRETO E BRANCO ;20X22GR
3356;NEUG.-BARRINHAS CHOC. BRANCO ;20X22GR
3357;NEUG.-BARRINHAS CHOC. AO LEITE;20X22GR
3358;NEUG.-BARRINHAS CHOC. MEIO AMARGO;20X22GR
535;V.FERTIL-AZ.BALDE VERDE GRAUDA;2,0KG
758;PAN-MOEDAS DE CHOC. DISP.C/830GR R.1350;830GR
3944;DAFRUTA SUCO CONC.MARACUJA PET;12X500ML
1060;V.FERTIL-AZEITE OLIVA ARG.EXTRA VIRGEM ;VD 500ML
3346;FINI BALA GELATINA CARROS ;12X90GR
3347;FINI BALA GELATINA MICKEY;12X90GR
3348;FINI BALA GELATINA MINIE;12X90GR
1399;DAFRUTA SUCO CONC.ACEROLA ;12X500ML
1400;DAFRUTA SUCO CONC.PESSEGO ;12X500ML
284;GINA PALITO REF.191;96X100
282;GINA PALITO REF.193;54X200
519;V.FERTIL-AZEITONA PRETA ;VD 200GR
3945;DAFRUTA SUCO CONC.UVA PET;12X500ML
468;V.FERTIL-PICLES EM CONSERVA ;PT 120GR
529;V.FERTIL-PEPINO INTEIRO EM CONSERVA ;VD 300GR
9171;BENEVIA-OVO CREME BOB ESPONJA C/SURPRESA;8X18GR
572;GINA PALITO EMBALADO REF. 189;DS 2000X1
385;GINA PRENDEDOR ROUPA SM REF.1935;20X50X1
32;ALADDIN-GARRAFAO TERMICO R.1403 ;5LT
1393;DAFRUTA SUCO CONC.GOIABA ;12X500ML
1394;DAFRUTA SUCO CONC.MANGA  ;12X500ML
3382;EMPILHADEIRA ELETRICA JUNIOR PATOLADA;1UN
3458;SAPEKA FRALDA DESC.C/BAR. PEQ 10X1;PCT
3459;SAPEKA FRALDA DESC.C/BAR. MED 8X1;PCT
3474;V.FERTIL-AZ.VDE SACHE DOY PACK ;12X150GR
3475;V.FERTIL-AZ.VDE SACHE FATIADA DOY PACK;12X120GR
3476;V.FERTIL-AZ.VDE SACHE LIGHT DOY PACK ;12X150GR
3375;FINI TUBINHO PT CITRICO MORANGO ;1X200UN
3376;FINI TUBINHO PT DOCE MORANGO ;PT 1X40UN
3460;SAPEKA FRALDA DESC.C/BAR. GDE 7X1 ;PCT
341;TOSCANO-VINAGRE DE ALCOOL C/ALHO;12X750ML
3461;SAPEKA FRALDA DESC.C/BAR. EG 7X1;PCT
3462;SAPEKA FRALDA DESC.C/BAR. SEG 6X1;PCT
3463;SAPEKA FRALDA PCT ECON C/ BAR. P 30X1 ;PCT
3464;SAPEKA FRALDA PCT ECON C/ BAR. M 24X1 ;PCT
3465;SAPEKA FRALDA PCT ECON C/ BAR. G 20X1 ;PCT
3466;SAPEKA FRALDA PCT ECON C/ BAR. EG 20X1 ;PCT
464;FONTANA-SBTE INF AZUL 1 2 3 BABY;12X80GR
3467;SAPEKA FRALDA PCT ECON C/ BAR. SEG 16X1 ;PCT
733;PAN-CHOC.GRANULADO P/COBERT R.3703;20X80GR
9205;LIQUIDIFICADOR MUNDIAL EASY POWER L550 ;1UN
142;GINA ESPETO P/CHURRASCO MADEIRA R.1502;PCT 100X1
3676;ALADDIN-G.T.CONTINENTAL PLUS SORT. R.995;1LT
3677;ALADDIN-G.T.CONTINENTAL PLUS SORT. R.996;750ML
3679;ALADDIN-BALDE DE GELO SORT. R.8121;1,3LT
3680;ALADDIN-G.T.METALIZADA PRESSAO R.3705;1,8LT
3978;BUNGE-MAIONESE SALADA SACHE R.154586;24X200GR
67;B.VISTA-BISC.PAO DE MEL ;PCT 100GR
816;V.FERTIL-ALCAPARRAS ;VD 60GR
747;PAN-GOMA EM TUBO BALILA DISPLAY R.2519;30X1
735;PAN-CHOC.GRANULADO P/COBERT R.3706;10X500GR
3979;V.FERTIL-AZEITE OLIVA EXTRA VIRGEM SACHE;240X13ML
2257;M.BRASILIA MOLHO SHOYU ;6X900ML
2258;MOLHO ALHO M.BRASILIA;6X900ML
303;BRASLIXO SACO P/ LIXO 100 LT ;25X5UN
230;BICICLETA 26 ASERNAL 18 M. MASC. ;1
2755;FONTANA-SBTE SVE SENSUS EXT.GUARANA/MEL ;12X150GR
1377;B.VISTA-BISC.TUCS QUEIJO DIN CRACKER ;30X100GR
300;BRASLIXO SACO P/ LIXO 15 LT;25X20UN
3946;IMPRESSORA HP LASEJET P2035;1 UN
3947;CABO USB 2.0 1.8M P/IMPRESSORA;1 UN
3948;TONER HP CE505A;1 UN
3974;BUNGE-MAIONESE SALADA PET R.154589;24X250GR
632;TOSCANO-VINAGRE DE ALCOOL ESCURO;12X750ML
794;FONTANA-SABAO FONT COCO ECONOMICO ;10X5X200GR
9206;JG TACAS CERV RUVOLO BERLIN 330ML 6PCS;1UN
3307;V.FERTIL-AZ.VDE SACHE LIGHT DOY PACK;24X150GR
3308;PVM-FRUITTELLA F.TOP JELLY DINO;9X40GR
3312;SAPEKA FRALDA DESC.CORES VERAO M 4X1;KIT
3313;SAPEKA FRALDA DESC.CORES VERAO G 4X1;KIT
3314;SAPEKA FRALDA DESC.CORES VERAO EG 4X1;KIT
301;BRASLIXO SACO P/ LIXO 30 LT ;25X10UN
716;PAN-BOMBONS AO LICOR MORANGO R.3215;3X200GR
102;B.VISTA-BISC.RECH.CHOCOLATE ;30X140GR
104;B.VISTA-BISC.RECH.BANANA;30X140GR
3975;BUNGE-MAIONESE SALADA LIGHT PET R.154590;24X250GR
3976;BUNGE-MAIONESE SALADA PET R.154587;12X500GR
3977;BUNGE-MAIONESE SALADA LIGHT PET R.154588;12X500GR
3381;PVM-MENTOS STICK RAINBOW ;16X14UN
1411;DAFRUTA NECTAR MARACUJA;1LT
1412;DAFRUTA NECTAR UVA;1LT
1413;DAFRUTA NECTAR PESSEGO ;1LT
1415;DAFRUTA NECTAR GOIABA;1LT
543;FONTANA-SABAO FONT COCO;36X200GR
227;B.VISTA-WAFER MORANGO;30X160GR
3955;DAFRUTA SUCO CONC.TAMARINDO PET;12X500ML
3956;V.FERTIL-MOLHO P/SALADA HISPANO SACHE;240X12ML
107;B.VISTA-BISC.RECH.CHOCOLATE BRANCO ;30X140GR
685;B.VISTA-BISC.TUCS PIZZA DIN CRACKER;30X100GR
1194;V.FERTIL-AZ.VDE PREMIUM M.REINA;12X500GR
967;VITTAMAX-RACAO CAES CLASSIC ;25KG
2268;FONTANA-SABONETE IARA DYNAMIC;12X90GR
3411;SAPEKA LENCO UMEDECIDO EMB. PRATICA;PCT 30UN
1599;GEO SABAO BARRA COMUM AMARELO REF.28;12X5X200GR
1601;PAO DE MEL COB.CHOC PAN R .3409;20X100GR
954;V.FERTIL-AZEITONA VERDE PREMIUM ARAUCO;12X360GR
3600;BAUDUCCO-TORRADA MP INTEGRAL;PCT 320GR
3601;BAUDUCCO-BARRINHAS MAXI GOIABINHA ;20X30GR
3602;BAUDUCCO-BARRINHAS MAXI CHOCOLATE;20X25GR
3603;BAUDUCCO-MAXI COOKIES TRADICIONAL;14X38GR
3604;BAUDUCCO-COOKIES CHOCOLATE;PCT 110GR
3412;SAPEKA LENCO UMEDECIDO REFIL EMB. ECON.;PCT 80UN
3413;SAPEKA LENCO UMEDECIDO POTE;PT 80UN
3414;SAPEKA LENCO UMEDECIDO BALDE ;450UN
3470;PVM-MENTOS AQUA KISS TROPICAL;10X18UN
1297;ALADDIN-JARRA VIDRO PICHORRA R.3822;6X1,7L
1397;DAFRUTA SUCO CONC.UVA ;12X500ML
1564;COOLER SAN THIAGO TRAD.UVA GFAO ;2LT
1565;COOLER SAN THIAGO PESSEGO GFAO;2LT
1566;COOLER SAN THIAGO MORANGO GFAO;2LT
1567;COOLER GFAO SAN THIAGO TRAD. UVA;4,5LT
1568;COOLER GFAO SAN THIAGO PESSEGO ;4,5LT
1569;COOLER GFAO SAN THIAGO MORANGO ;4,5LT
1570;SUCO UVA TINTO ADOCADO ALIANCA ;12X500ML
1571;SUCO UVA TINTO INTEGRAL ALIANCA ;12X500ML
1572;SUCO UVA TINTO ADOCADO ALIANCA ;2LT
3513;FINI BALA GELATINA AMORAS ;500GR
3517;SAPEKA FRALDA DESC NOTURNA EG 7X1;PCT
3518;SAPEKA FRALDA DESC NOTURNA G 7X1;PCT
1573;SUCO UVA TINTO INTEGRAL ALIANCA ;2LT
1574;SUCO UVA BRANCO INTEGRAL ALIANCA ;2LT
1576;VITTAMAX-RACAO CAES FILHOTE ;6X2,3KG
1577;VITTAMAX-RACAO CAES PREMIUM ;6X2,3KG
3515;PVM-EXIBIDOR CARROSSEL QUADRADO;1UN
3516;PVM-EXIBIDOR FAMILIA 4 BANDEJAS;1UN
3970;AP 3G NOKIA 3120 GRAFITE;1UN
3971;AP 3G SAMSUNG B7300 PTO;1UN
521;V.FERTIL-AZEITONA VERDE RECH.PIMENTAO ;VD 360GR
1289;MULTIDRINK VODKA RAIZOV RED R.10018;6X900ML
974;ALCOOL GEL ITAJA ;12X500GR
979;B.VISTA-WAFER FLOCOS ;30X160GR
2263;FONTANA-SABONETE IARA AFFECTION;12X90GR
2264;FONTANA-SABONETE IARA GLAMOUR ;12X90GR
3965;V.FERTIL-AZEITE OLIVA PET 5,1LT;5,1 LT
3972;AP GSM NOKIA 1616 PTO;1UN
3973;AP 3G APPLE IPHONE PTO 8GB 3GS;1UN
2265;FONTANA-SABONETE IARA RELAX;12X90GR
3492;NEUG.-BARRA CHOC. 1891 20GR;20X20GR
3493;NEUG.-BOMBOM DELIRIO ;30X29GR
3494;NEUG.-BOMBOM BONETTO;16X25GR
3495;NEUG.-BIB'S PRETO E BRANCO;18X40GR
1661;CARTUCHO P/ 1 GFA COLLINA DEL SOLE;1X1
1662;CARTUCHO P/ 2 GFAS COLLINA DEL SOLE;1X1
539;V.FERTIL-AZ.BALDE VERDE FATIADA;1,8KG
750;PAN-PASTILHA MIRIN R.9709;20X50GR
769;PAN-CHOCOLAPIS CHOC. AO LEITE SM R.1362;CX 20X2
3646;FINI-PAPEL FORRACAO ;1UN
1495;V.FERTIL-AZEITONA VERDE CP;24X100GR
285;M.BRASILIA TRIGO P/QUIBE ;12X500GR
3505;GEO-SAB.BARRA GLIC.RALADO AZUL CART.1KG;12X1KG
3506;GEO-SAB.BARRA GLIC.RALADO NEUTR CART.1KG;12X1KG
3507;GEO SABAO BARRA EXTRUZADO AZUL PERF.R.25;10X5X200GR
3508;GEO SABAO BARRA ECONOMICO REF.28;10X5X200GR
3509;GEO-SABAO BARRA GLICERINADO NEUTRO 1KG;10X5X200GR
3469;TV PLASMA 42 POLEGADAS;1UN
3519;SAPEKA FRALDA DESC NOTURNA M 8X1;PCT
9129;BAZOOKA-PIR.SPRING POP LOL DP;25X14GR
3510;GEO SABAO BARRA GLICERINADO LIMAO REF.26;10X5X200GR
3528;CARTUCHO P/ 1 GFA ESTILO;1UN
3529;CARTUCHO P/ 1 GFA SANTA COLINA ;1UN
3530;CART.MALETA P/2 GFAS FILTRADO DEL SOLE ;1UN
3620;FINI BALA GELATINA MICKEY E AMIGOS;8X40GR
684;B.VISTA-BISC.TUCS CHURRASQ. DIN CRACKER ;30X100GR
106;B.VISTA-BISC.RECH.DOCE DE LEITE ;30X140GR
73;GINA PALITO REF.102;20X200
743;PAN-BALA GOTA DE MEL R.2308;24X140GR
3621;FINI BALA GELATINA PT BEIJINHO;1X125UN
3622;BAUDUCCO-BISC.WAFER CROCANTE;42X150GR
3623;BAUDUCCO-ROCAMBOLE TOP TRIPLO ;230GR
3624;BAUDUCCO-BISC.AMANT.MP MANTEIGA;24X335GR
3636;LAVADORA LIBELL PREMIUM ;1UN
1906;TEMPERO COMPLETO SC M.BRASILIA;12X1KG
1916;CARROCERIA FURGAO CARGA SECA  M FACCHINI;1PF
1917;VEIC. MARCA VW MOD.15.180 /2005 BRANCO;1UN
1918;VEIC. MARCA VW MOD. 8.150 /2005 BRANCO;1UN
1556;VINHO GFAO COLLINA TINTO SUAVE;4,5LT
2497;CESTO ARAMADO PARA FRALDAS;1UN
2335;VITTAMAX-RACAO CAES PREMIUM;15KG
1558;VINHO GFAO COLLINA BRANCO SUAVE;4,5LT
2505;FLORESTAL PIRULITO CORAÇÃO VERMELHO ;1X600GR
3628;BAUDUCCO-PANETTONE FRUTAS;500GR
3629;BAUDUCCO-PANETTONE CHOCOTTONE;500GR
3630;BAUDUCCO-PANETTONE TOMMY FRUTAS;400GR
3631;BAUDUCCO-PANETTONE TOMMY GOTAS CHOCOLATE;400GR
2506;FLORESTAL PIRULITO CORAÇÃO COLORIDO ;1X600GR
2509;AR CONDICIONADO KO S 12 FC;1UN
2510;CATCHUP PICANTE M.BRASILIA ;12X400GR
9111;FLORESTAL SM BALA BRAZILLIAN COFFEE;1X108GR
3954;DAFRUTA SUCO CONC.PESSEGO PET;12X500ML
36;B.VISTA-BISC.CREAM CRACKER ;PCT 200GR
903;RACAO GATOS VITTAMAX PEIXE ;8KG
905;VITTAMAX-RACAO CAES CLASSIC ;15KG
3501;SUCO UVA ALIANCA TERRA BRANCO INTEGRAL;6X1LT
3532;CONJ. PORTA PALETE CA/CA;1UN
3640;VINHO PERSONALIZADO TTO SUAVE COLLINA;12X750ML
2964;PVM-MENTOS SM P.FRESH F.TOP WINTERGREEN ;2X20GR
271;FARINHA MAND.BRANCA FINA M.BRASILIA;20X500GR
40;GINA PALITO REF.107;5000X1UN
914;V.FERTIL-CEREJAS MARRASQUINO ;PT 110GR
103;B.VISTA-BISC.RECH.MORANGO ;30X140GR
279;MILHO PIPOCA NACIONAL M.BRASILIA;20X500GR
3377;TV COLOR SAMSUNG 29 Z50MQT;1UN
2347;VITTAMAX-RACAO CAES CLASSIC ;6X2,3KG
3950;DAFRUTA SUCO CONC.ACEROLA PET;12X500ML
3951;DAFRUTA SUCO CONC.CUPUACU PET;12X500ML
3952;DAFRUTA SUCO CONC.GOIABA PET;12X500ML
554;V.FERTIL-AZEITE OLIVA ARGENTINO ;LT 200ML
64;B.VISTA-BISC.MAIZENA ;PCT 200GR
532;V.FERTIL-AZEITE OLIVA ARGENTINO ;LT 500ML
523;V.FERTIL-AZEITONA PRETA PREMIUM AZAPA ;VD 360GR
3634;BAUDUCCO-MINI PANETTONE FRUTAS;80GR
3635;BAUDUCCO-MINI PANETTONE CHOCOTTONE;80GR
734;PAN-CHOC.GRANULADO P/COBERT R.3709;20X150GR
736;PAN-CHOC.GRANULADO P/COBERT R.3717;1KG
744;PAN-GOMA MORANGO R.2517;20X200GR
745;PAN-GOMA PICOLINO SORTIDA R.2512;20X200GR
3673;V.FERTIL-AZ.BALDE VERDE 24/28 M;2,0KG
3953;DAFRUTA SUCO CONC.LARANJA PET;12X500ML
2959;PVM-MENTOS MINI PT P.FRESH MINT/WINTERGR;1X170UN
2960;PVM-MENTOS P.FRESH F.MINT/WINT.EMB.INDIV;120GR
3941;DAFRUTA SUCO CONC.ABACAXI PET;12X500ML
3942;DAFRUTA SUCO CONC.CAJU PET;12X500ML
3943;DAFRUTA SUCO CONC.MANGA PET;12X500ML
3966;MULTIDRINK VODKA RAIZOV MACA;6X900ML
2961;PVM-MENTOS P.FRESH F.TOP BLAST RED F.LIM;12X5UN
2962;PVM-MENTOS SM P.FRESH F.TOP FRESH MINT;2X20GR
1805;COOLER GFA SANTHIAGO TRAD. UVA;12X870ML
3336;FINI MARSHMALLOW CORACAO;500GR
2224;V.FERTIL-AZ.VDE C/CAROCO DOY PACK 100G;24X100GR
2225;V.FERTIL-AZEITONA VERDE SACHE;24X200GR
9100;FESTTONE-PANETTONE MINI FRUTAS 80G;1X80GR
1812;B.VISTA-BISC.AGUA E SAL ;PCT 200GR
1813;DAFRUTA LIGHT NECTAR UVA ;1LT
2223;SWITCH 4200 26-PORT;1 UN
1818;V.FERTIL-AZEITE OLIVA ARG.EXTRA VIRGEM ;250ML
1750;B.VISTA-BISC.AGUA E SAL ;20X400GR
1751;B.VISTA-BISC.MAIZENA ;20X400GR
9115;MARI COCO-AGUA DE COCO TP 1LT;6X1LT
3364;V.STA COLINA ESTILO C.SAUVIGNON TTO SECO;6X750ML
3365;V.STA COLINA ESTILO CHARDONAY BCO SECO;6X750ML
1759;V.FERTIL-AZ.BALDE VERDE S/CAROCO ;1,8KG
1760;V.FERTIL-AZ.BALDE VERDE RECH. PIM.;2,0KG
1778;B.VISTA-WAFER GOIABA ;30X160GR
3390;IMPRESSORA JATO DE TINTA IP4600- CANON;1UN
1819;V.FERTIL-AZEITE OLIVA PET ;5,0 LT
3409;FLORESTAL PETISKATO AMENDOIM SALGADO;24X70GR
3410;FLORESTAL PETISKATO AMENDOIM TP JAPONES;24X70GR
3440;PVM-FRUITTELLA SWIRL MENTA/CREME LEITE;15X10UN
3441;PVM-MENTOS SLIM BOX FRUTAS TROP. F.TOP ;12X14UN
3442;PVM-MENTOS AQUA KISS MINT;10X18UN
1831;LAVA ROUPAS PO GEO LAV REF.51;18X1KG
1833;LAVA ROUPAS PO LAVEJA REF.53;18X1KG
1834;GEO-AMACIANTE LAVANDA (AZUL) 2LT;6X2LT
1836;GEO-AMACIANTE FLORAL (ROSA) 2LT;6X2LT
1837;GEO-AMACIANTE FLORES DO CAMPO (AMAR.) 2L;6X2LT
1839;M.BRASILIA ERVILHA ;12X500GR
9101;FESTTONE-PANETTONE MINI GOTAS CHOC. 80G;1X80GR
1840;FARINHA MAND.CASEIRA M.BRASILIA;20X500GR
1841;FARINHA MAND.TORRADA FINA M. BRASILIA;20X500GR
1633;VITTAMAX-RACAO CAES PREMIUM;10X1KG
1844;FARINHA DE SOJA M.BRASILIA;12X450GR
1845;FAROFA PRONTA M.BRASILIA;12X500GR
1846;M.BRASILIA FEIJAO BRANCO ;12X500GR
9116;MARI COCO-AGUA DE COCO TP 200ML;27X200ML
1151;TOSCANO-VINAGRE DE VINHO TINTO;12X750ML
2267;FONTANA-SABONETE IARA HAPPY;12X90GR
1145;V.FERTIL-AZEITONA PRETA VD;12X500GR
3430;BUNGE-AZEITE ANDORINHA E.V. VD PORT.  ;VD 250ML
3431;BUNGE-AZEITE OLIVA E.V. COCINERO PET ARG;PET 250ML
3432;BUNGE-AZEITE DELICIA E.V. VD ESPANHOL;VD 250ML
386;GINA PRENDEDOR ROUPA REF.1901;50X12X1
722;PAN-CHOCOLAPIS CHOC.LEITE DISP.R1360;20X6X16GR
732;PAN-CHOC. DIET AO LEITE DISPLAY R.1299;12X30GR
759;PAN-MOEDAS DE CHOCOLATE R.1352;20X40GR
86;FONTANA-SABAO 2000 AZUL;50X200GR
3445;D.BENTA-MIST.BOLO COCO L.450G P.400G;12X450GR
3447;D.BENTA-MIST.BOLO LARANJA L.450G P.400G;12X450GR
3449;D.BENTA-MIST.BOLO BAUNILHA L.450G P.400G;12X450GR
3451;SOL MIST.BOLO LARANJA L.450G P.400G;12X450GR
3453;SOL MIST.BOLO BAUNILHA L.450G P.400G;12X450GR
3455;SOL MIST.BOLO COCO L.450G P.400G;12X450GR
3625;BAUDUCCO-ROCAMBOLE MORANGO;190GR
9102;FESTTONE-PANETTONE TRUF.CHOCOLATE 500G ;1X500GR
3328;FINI MARSHMALLOW RECHEADO MORANGO;500GR
263;FUBA MIMOSO M.BRASILIA;20X500GR
1889;VITAMAX-AMOSTRA GRATIS GATO MIX;100GR
1892;MOLHO PIMENTA CUMARI M. BRASILIA;12X150ML
1893;M.BRASILIA MOLHO PIMENTA VERMELHA;12X150ML
3371;PVM-MENTOS JUICE BLAST F.TOP EXOTIC MIX;12X5UN
3500;PALETEIRA;1UN
1894;MOLHO PIMENTA VERMELHA M.BRASILIA;6X900ML
1895;MOLHO INGLES M. BRASILIA;12X150ML
1896;M.BRASILIA MOLHO PIM.CUMARI FOGUIM ;12X50ML
1897;M.BRASILIA MOLHO PIM.MALAGUETA FOGUIM ;12X50ML
1898;MOLHO SHOYU M.BRASILIA;12X150ML
1899;MOSTARDA M.BRASILIA;12X200GR
1900;M.BRASILIA PIMENTA CUMARI ;12X30GR
1901;M.BRASILIA PIMENTA DE CHEIRO ;12X30GR
1902;M.BRASILIA PIMENTA MALAGUETA ;12X30GR
3372;PVM-MENTOS JUICE BLAST F.TOP MELANCIA;12X5UN
3373;PVM-MENTOS JUICE BLAST POCKET UVA;10X12UN
3404;PVM-MENTOS PURE WHITE GFA ;6X28UN
3627;OSEL-EXPOSITOR PILHA 3 LINHAS 5 COLUNAS;1UN
1176;V.FERTIL-PICLES EM CONSERVA ;VD 300GR
1542;VINHO GFA COLLINA TINTO SECO ;12X750ML
1543;VINHO GFA COLLINA TINTO SUAVE ;12X750ML
1544;VINHO GFA COLLINA BRANCO SECO ;12X750ML
1545;VINHO GFA COLLINA BRANCO SUAVE ;12X750ML
1546;VINHO GFA COLLINA NIAGARA SUAVE ;12X750ML
1547;VINHO GFA COLLINA ROSE SUAVE ;12X750ML
1548;COOLER COLLINA TRAD. DOCE GFA UVA;12X750ML
1549;VINHO COLLINA TINTO SECO GFAO;2LT
1550;VINHO COLLINA TINTO SUAVE GFAO;2LT
1552;VINHO COLLINA BRANCO SUAVE GFAO;2LT
1555;VINHO GFAO COLLINA TINTO SECO;4,5LT
1171;V.FERTIL-AZ.VDE BRASILEIRINHA VD ;12X100GR
1172;V.FERTIL-AZ.VERDE EXPORT.RECH. PIM. VD;12X80GR
1173;V.FERTIL-AZ.VERDE EXPORT.S/CAROCO VD  ;12X80GR
1174;V.FERTIL-AZ.VERDE EXPORT.FATIADA VD;12X80GR
3468;V.FERTIL-AZEITONA VERDE AGROLIVA SACHE;24X100GR
3472;IMPRESSORA HP P 2015;1UN
1678;ALADDIN-G.T.ROLHA GEOMETRICA R.3239 ;4X1LT
1679;ALADDIN-G.T.ROLHA CLASSICA SORT.R.3188 ;4X1LT
1682;ALADDIN-G.T.ROLHA COFFE LINE R.3327 ;4X1LT
3487;FLORESTAL CHICLE LIXX CART.CANELA ;12X163GR
3488;FLORESTAL CHICLE LIXX CART.MENTA ;12X163GR
3489;FLORESTAL CHICLE LIXX CART.HORTELA ;12X163GR
3490;FLORESTAL CHICLE LIXX CART.TUTTI FRUTTI ;12X163GR
3491;FLORESTAL CHICLE OKI DRAGEADO 9GR;45X400GR
3967;FINI BALA GELATINA TIJOLINHO MORANGO;12X90GR
3331;FINI MARSHMALLOW BOLAS DE GOLF;400GR
3332;ALADDIN-G.T.FUTURA SORT. R.3021 ;750ML
1803;FONTANA-SBTE MINI IARA BRASIL BRANCO ;108X15GR
3333;ALADDIN-G.T.CONTINENTAL SORT. R.3027 ;1LT
3334;ALADDIN-G.T.ROLHA CLASSICA SORT.R.3188 ;1LT
3335;ALADDIN-G.T.ROLHA BELIZE R.3189;1LT
3618;BAUDUCCO-RECHEADINHOS CHOCOLATE;40X130GR
3619;BAUDUCCO-RECHEADINHOS BRIGADEIRO;40X130GR
1390;DAFRUTA SUCO CONC.ABACAXI;12X500ML
1391;DAFRUTA SUCO CONC.CAJU ;12X500ML
1392;DAFRUTA SUCO CONC.MARACUJA ;12X500ML
715;PAN-BOMBONS AO LICOR CEREJA R.3207;3X200GR
718;PAN-BOMBONS FINOS CORACAO R.3227;3X200GR
3609;BAUDUCCO-MAXICHOCO GOIABINHA;20X24GR
3610;BAUDUCCO-MAXICHOCO CHOCOLATE;20X24GR
3611;BAUDUCCO-MINI WAFER CHOCOLATE INF.;20X40GR
3384;KIT PADARIA PVM;1UN
1090;ALCOOL ETILICO HID. ITAJA 46 INPM 1000ML;12X1
772;PAO DE MEL COB.CHOC. PAN SM CJ2 R.8410;CX 50X2
3612;BAUDUCCO-MINI WAFER MORANGO INF.;20X40GR
3613;BAUDUCCO-BISC.CHAMPANHE C/AC.CRISTAL;PCT 180GR
3614;BAUDUCCO-BISKUIT SNACK TOMATE SECO;PCT 65GR
3615;BAUDUCCO-BISKUIT SNACK PIZZA;PCT 65GR
3616;BAUDUCCO-CREAM COOKIES;PCT 125GR
3617;BAUDUCCO-RECHEADINHOS GOIABINHA;40X140GR
1188;V.FERTIL-TOMATE SECO EM AZEITE OLIVA ;PT 100GR
3326;FINI MARSHMALLOW ALVORADA ;500GR
3327;FINI MARSHMALLOW BOB ESPONJA ;500GR
1791;AR CONDICIONADO KO S 24 FC;1UN
3329;FINI MARSHMALLOW LISTRADO MORANGO;500GR
3330;FINI MARSHMALLOW MAX BANANA;500GR
3605;BAUDUCCO-COOKIES ORIGINAL;PCT 110GR
3606;BAUDUCCO-BOLINHO BRIGADEIRO INF.;14X40GR
3607;BAUDUCCO-BOLINHO BAUN.C/RECH.CHOC. INF.;14X40GR
3608;BAUDUCCO-BOLINHO BAUN.C/RECH.MOR.INF.;14X40GR
1395;DAFRUTA SUCO CONC.TAMARINDO ;12X500ML
3361;FINI MARSHMALLOW SORTIDOS;400GR
1388;CARRINHO DE BEBE BERÇO REF 2135;1X1UN
1389;CARRINHO DE BEBE PASSEIO ;1UN
1952;IMPRESSORA HP LASERJET 1020;1 UN
1735;ALADDIN-G.T.INOX PRESSAO PRETO R.3373 ;1LT
9173;F-MARSH.FOFS TUBE COLORIDO BAUNILHA;1X220G
1749;B.VISTA-BISC.CREAM CRACKER ;20X400GR
1932;RACAO GATOS VITTAMAX MIX;8KG
1934;TRICICLO TURBO ;1UN
3426;TV COLOR CINERAL 21P CIN-0405 T.;1UN
2151;V.STA COLINA CABERNET SAUV TTO SECO;6X750ML
2152;V.STA COLINA CABERNET SAUV TTO DEMI SEC;6X750ML
9092;FESTTONE-PANETTONE FRUTAS SACHE 400G;1X400GR
3589;BAUDUCCO-BOLO SABOR MESCLADO;PCT 250GR
3683;CALCULADORA OLIVETTI ;1UN
2139;PVM-MENTOS STICK FRUTAS;16X14UN
2145;COOLER GFA SANTHIAGO PESSEGO;12X870ML
2146;COOLER GFA SANTHIAGO MORANGO;12X870ML
3964;FONTANA-SBTE SUAVE SENSUS CHAMP/PESSEGO;12X150GR
3378;TV COLOR LG 14  14RP-14CB25A;1UN
469;V.FERTIL-CHAMPIGNON ;PT 120GR
2153;V.STA COLINA MERLOT TTO SECO;6X750ML
2154;V.STA COLINA PINOT NOIR TTO SECO;6X750ML
2156;V.STA COLINA CHARDONNAY BCO SECO;6X750ML
2159;V.STA COLINA BAG IN BOX CAB.SAUVIGNON;3X5LT
3398;B.VISTA-WAFER TEMPOBOM CHOCOLATE ;12X52GR
3399;B.VISTA-WAFER TEMPOBOM MORANGO;12X52GR
2020;PAN-BOMBOM BAU TRUFFLES R.3137;4X300GR
2021;PAN-BOMBOM BAU GIANDUIA R.3177;4X300GR
3565;BAUDUCCO-BISC.WAFER BRIGADEIRO;42X150GR
3566;BAUDUCCO-BISC.WAFER NOZES;42X165GR
9198;PANELA PRESSAO PANELUX ANTI 4,5L;1UN
3567;BAUDUCCO-BISC.WAFER TRUFAS;42X140GR
3568;BAUDUCCO-BISC.WAFER LIGHT CHOCOLATE;42X140GR
3569;BAUDUCCO-BISC.LEVISSIMO MAIZENA;PCT 200GR
3570;BAUDUCCO-BISC.AMANT.CHOCOLATE;PCT 152GR
3571;BAUDUCCO-BISC.AMANT.MILHO;PCT 152GR
3957;FONTANA-SBTE SENSUS SUAVE PROT.LEITE/UVA;12X90GR
9093;FESTTONE-PANETTONE GOTAS CHOC.SACHE 400G;1X400GR
2022;PAN-BOMBOM BIG BEN R.1116;1KG
2023;PAN-BOMBOM CHOCOTOFE R.2145;24X140GR
2024;PAN-BOMBOM POMONA R.1146;24X140GR
2025;PAN-BOMBOM NANA R.1156;24X140GR
2026;PAN-MOEDAS DE CHOC.BAU R.8354;6X150GR
3473;JOGO DE MESA C/CADEIRA;1CJ
2404;RITTER-MINI GELEIAS SORTIDAS ;140X15GR
2406;RITTER-MINI MEL ;140X15GR
2407;RITTER-CEREAL BANANA LIGHT ;24X25GR
2408;RITTER-CEREAL CASTANHA/UVA PASSA E MEL ;24X25GR
2409;RITTER-CEREAL COCO C/COB. CHOC. LIGHT ;24X25GR
2410;RITTER-CEREAL BRIGADEIRO ;24X22GR
2032;TOSCANO-VINAGRE VINHO BRANCO GOLD ;12X400ML
2182;MONITOR LCD 15 L1552;1UN
720;PAN-BOMBONS FINOS ROSAS VERANEIO R.3225;3X200GR
1144;V.FERTIL-AZEITONA PRETA VD;12X360GR
1615;VINHO GFA COLLINA TINTO DEMI-SEC;12X750ML
1621;V.FERTIL-AZEITONA VERDE VD;24X200GR
3572;BAUDUCCO-BISC.AMANT.LEITE;PCT 152GR
3573;BAUDUCCO-BISC.AMANT.COCO;PCT 152GR
3574;BAUDUCCO-BISC.AMANT.BANANA C/CANELA;PCT 152GR
3575;BAUDUCCO-BISC.AMANT.LEITE C/GTS CHOC.;PCT 152GR
3576;BAUDUCCO-BISC.AMANT.MP LEITE C/GTS CHOC.;24X335GR
3577;BAUDUCCO-BISC.AMANT.MP CHOCOLATE;24X335GR
9094;FESTTONE-PANETTONE FRUTAS 400G;1X400GR
9095;FESTTONE-PANETTONE GOTAS CHOCOLATE 400G;1X400GR
2090;ALADDIN-G.T.ROLHA LISA SORT. R.3299 ;4X500ML
2091;ALADDIN-G.T.ROLHA MADRID SORT. R.3266 ;4X500ML
2093;ALADDIN-G.T.ROLHA LISA SORT. R.3298 ;4X1LT
3498;VITTAMAX-RACAO GATOS PEIXE ;10,1KG
3322;NOBREAK 1.4 KVA;1UN
3391;NEUG.-BOMBOM CHOCO DOIDOS MORANGO;360GR
3392;NEUG.-BOMBOM CHOCO DOIDOS BRIGADEIRO;360GR
3393;NEUG.-BOMBOM CHOCO DOIDOS L.CONDENSADO;360GR
545;FONTANA-SABAO FONT GLICERINA;36X200GR
3958;FONTANA-SBTE SENSUS SUAVE FLOR IRIS/FRUT;12X90GR
3959;FONTANA-SBTE SENSUS SUAVE CHA VERDE;12X90GR
3960;FONTANA-SBTE SENSUS SUAVE CHAMP/PESSEGO;12X90GR
3961;FONTANA-SBTE SUAVE SENSUS PROT.LEITE/UVA;12X150GR
3962;FONTANA-SBTE SUAVE SENSUS FLOR IRIS/FRUT;12X150GR
3963;FONTANA-SBTE SUAVE SENSUS CHA VERDE;12X150GR
2501;GRANOLA TRAD. M. BRASILIA;6X300GR
2504;GRANOLA DIET LIGHT M. BRASILIA;6X300GR
2199;SAPEKA FRALDA DESC.C/BAR. EG 7X1;PCT
2814;SAPEKA FRALDA HIPER PCT C/BAR. SEG 56X1 ;PCT
9199;CJ ASSADEIRAS NADIR SEMPRE 1,8 E 3L 2PC ;1UN
2815;NEUG.-BARRA CHOCOLATE NAPOLITANO ;30X16GR
2816;FINI MARSHMALLOW ALVORADA ;12X60GR
2400;PAN-BOMBONS FINOS BALERINA I R.3255;3X200GR
2402;PAN-BOMBONS FINOS BALERINA II R.3263;3X200GR
2403;PAN-BOMBONS FINOS BALERINA III R.3267;3X200GR
2423;VITTAMAX-RACAO CAES FILHOTE ;15KG
9096;FESTTONE-PANETTONE DUPLO CHOCOLATE 400G;1X400GR
3578;BAUDUCCO-BISC.AMANT.MP LEITE;24X335GR
3579;BAUDUCCO-BISC.AMANT.MP COCO;24X335GR
3580;BAUDUCCO-BISC.AMANT.MP BANANA C/CANELA;24X335GR
3581;BAUDUCCO-BOLO RECH.CHOC.C/CHOCOLATE;PCT 280GR
3582;BAUDUCCO-BOLO RECH.CHOC.C/CREME AVELA;PCT 280GR
1700;ALADDIN-G.T.ROLHA COFFE LINE R.3328 ;4X500ML
9140;FLORESTAL CARRINHO DE CHURRASCO;1UN
2424;VITTAMAX-RACAO GATOS MIX;25KG
2470;NEUG.-BOMBOM AMOR CARIOCA ;LT 240GR
2474;NEUG.-BARRINHAS CHOC. BRANCO ;15X25GR
2334;PVM-MENTOS POWER GUM MENTA FORTE F.TOP;12X35UN
2317;SERVIDOR DELL POWEREDGE 2950  4MB/2GHZ;1UN
1708;ALADDIN-G.T.CROMADA ROLHA PRETO R.3369;1LT
1688;ALADDIN-G.T.ROLHA PREMIER SORT.R.3315 ;4X1LT
3583;BAUDUCCO-BOLO SABOR FUBA;PCT 250GR
3584;BAUDUCCO-BOLO RECH.C/GOTAS DE CHOCOLATE;PCT 280GR
3585;BAUDUCCO-BOLO RECH.CENOURA C/CHOCOLATE;PCT 280GR
3586;BAUDUCCO-BOLO SABOR COCO;PCT 250GR
3587;BAUDUCCO-BOLO SABOR LARANJA;PCT 250GR
9200;PANELA ARROZ BRITANIA PRIME 400W 5X BCO;1UN
3588;BAUDUCCO-BOLO SABOR CHOCOLATE;PCT 250GR
3483;FLORESTAL BALA BRAZILIAN MILK;1X700GR
3484;FLORESTAL BALA STARFIT ZERO ACUCAR MENTA;12X21GR
3485;FLORESTAL BALA STARFIT ZERO ACUCAR MORAN;12X21GR
3486;FLORESTAL BALA STARFIT ZERO ACUCAR EUCAL;12X21GR
3969;FLORESTAL-EXPOSIT METAL SLIM 10 GANCHOS;1UN
9097;FESTTONE-PANETTONE FRUTAS LATA 400G;1X400GR
2094;ALADDIN-G.T.ROLHA MADRID SORT. R.3264 ;4X1LT
1947;SAPEKA ABSORVENTE C/ABAS LEVE;12X1X8UN
1948;SAPEKA ABSORVENTE S/ABAS LEVE;12X1X8UN
3324;FINI BALA GELATINA GOMOS DE TANGERINA;12X90GR
2266;FONTANA-SABONETE IARA SPORT;12X90GR
1293;MULTIDRINK VODKA RAIZOV LEMON R.10019;6X900ML
3359;V.FERTIL-AZ.BALDE PRETA CHILENINHA;2KG
2813;SAPEKA FRALDA MEGA PCT C/BAR. SEG 28X1 ;PCT
2033;TOSCANO-VINAGRE VINHO TINTO GOLD ;12X400ML
2034;TOSCANO-VINAGRE DE ALCOOL;12X750ML
3480;FLORESTAL PIRULITO CORACAO TENTACAO ;1X700GR
3481;FLORESTAL PIRULITO ARREPIUS;1X400GR
3512;FINI CHICLE SALADA DE FRUTAS ;500GR
2053;SUCO UVA BRANCO INTEGRAL ALIANCA ;12X500ML
2055;VITTAFRESH-CAES FILHOTE;LT 340GR
2057;VITTAFRESH-GATO CARNE;LT 340GR
2066;B.VISTA-BISC.MER. RECH CHOC.FAZENDINHA;40X160GR
2067;FONTANA-SBTE SENSUS SUAVE LEITE AVEIA ;12X90GR
9201;BATEDEIRA ULTRA B11 150W 3 VELOC PRETO ;1UN
2068;FONTANA-SBTE SENSUS SVE EXT.GUARANA/MEL;12X90GR
2069;FONTANA-SBTE SENSUS SUAVE EXT.ROSAS ;12X90GR
2070;FONTANA-SBTE SENSUS SUAVE EXT.ERVA DOCE;12X90GR
2071;FONTANA-SBTE INF 1 2 3 BABY HIDRATANTE;6X75GR
2072;FONTANA-SBTE INF 1 2 3 BABY GLICERINA;6X90GR
2077;MARCADOR DE PNEUS MOD. N 50 DE 22;1UN
9098;FESTTONE-PANETTONE MINI FRUTAS SACHE 80G;1X80GR
3482;FLORESTAL PIRULITO SAPOLE MACA VERDE;1X700GR
1790;AR CONDICIONADO KO S 18 FC;1UN
1848;M.BRASILIA GRAO DE BICO ;12X500GR
1849;M.BRASILIA LENTILHA ;12X500GR
1850;LEITE DE SOJA M.BRASILIA ;12X450GR
1851;MILHO PIPOCA IMPORTADO M. BRASILIA;20X500GR
3320;PVM-MENTOS POWER KISS ORANGE MINT;12X35UN
1854;POLVILHO DOCE CASEIRO M.BRASILIA;20X1KG
3321;PVM-MENTOS POWER KISS EXTRA MINT;12X35UN
3755;FLORESTAL BALA TOFFEE R.704;1X700GR
2606;PVM-MENTOS PURE FRESH GFA WINTERGREEN ;6X28UN
2607;D.BENTA-LASANHA SEMOLA R.207;20X500GR
2608;PETYBON G.DURO SPAGHETTI R.407;24X500GR
2609;PVM-MENTOS FLIP TOP DOUBLE SORTIDO;12X16UN
2610;PETYBON G.DURO PENNE R.343;18X500GR
2364;PVM-FRUITTELLA MAST. UVA STICK;16X10UN
2618;PETYBON G.DURO CAPELLI D'ANGELO R.034;18X500GR
2619;PETYBON G.DURO SPAGHETTINI R.409;24X500GR
9202;FRUTEIRA SALADEIRA GOURMET RUVOLO INCOL;1UN
2833;VITTAMAX-RACAO CAES MEDIAS GDES RACAS;15KG
2834;VITTAMAX-RACAO CAES MEDIAS GDES RACAS;6X2,3KG
2112;VITTAMAX-RACAO CAES FILHOTE;10X1KG
2113;VITTAMAX-RACAO GATOS MIX ;10X1KG
2117;ALADDIN-G.T.FUTURA SORT. R.3021 ;4X750ML
2365;PVM-FRUITTELLA SWIRL MORANGO/CREME LEITE;15X10UN
2454;NEUG.-BARRA DUPY CHOC. AO LEITE;12X150GR
2455;NEUG.-BARRA DUPY CHOC. BRANCO;12X150GR
2456;NEUG.-BARRA DUPY CHOC. MEIO AMARGO;12X150GR
2457;NEUG.-BARRA DUPY CHOC. PRETO E BRANCO;12X150GR
2458;NEUG.-BARRA CHOCOLATE PRETO/BRANCO;10X100GR
2785;NEUG.-BARRA CHOC. 1891;10X90GR
2459;NEUG.-BARRA CHOCOLATE NAPOLITANO ;10X100GR
3626;BAUDUCCO-MAXI COOKIES CHOCOLATE;14X38GR
3632;PAN-CHOC.GRANULADO P/COBERT R.3724;24X150GR
3633;PAN-CHOC.GRANULADO P/COBERT R.3726;1KG
3674;V.FERTIL-AZ.BALDE VERDE 28/32 MI;2,0KG
2495;NEUG.-BARRA CHOC.BRANCO AGORA ;20X27GR
2484;PVM-FRUITTELLA SWIRL CEREJA/CREME LEITE;15X10UN
2429;PVM-FRUITTELLA SWIRL BAUNILHA LEITE COND;15X10UN
2418;RITTER-CEREAL GOIABADA LIGHT ;24X25GR
2425;PVM-FRUITTELLA MAST. MISTO UVA+MOR.STICK;20X10UN
2434;PVM-MENTOS POWER GUM MENTA MORANGO F.TOP;12X35UN
3457;D.BENTA-FERMENTO INST. FERMIX L.3 P.2;60X1X10GR
9203;CJ XICARAS CAFE LYOP FLORAL 6PC AZUL/BRO;1UN
3318;SAPEKA-REGATA CORES DO VERAO TAM.1;UN
3319;SAPEKA-BALDE CORES DO VERAO;UN
2312;"MONITOR 17""";1UN
2195;SAPEKA FRALDA DESC.C/BAR. PEQ 10X1;PCT 
2196;SAPEKA FRALDA DESC.C/BAR. MED 8X1 ;PCT
2197;SAPEKA FRALDA DESC.C/BAR. GDE 7X1 ;PCT 
2089;ALADDIN-G.T.ROLHA KID LINE SORT. R.3323 ;4X500ML
1873;VINHO COLLINA TINTO DEMI-SEC GFAO;2LT
2688;COCO VALE-COCO RALADO DES.PARC.DESENG.;48X50GR
2689;COCO VALE-COCO RALADO UMIDO E ADOÇADO ;48X50GR
2696;BRANDINI-MAC.INST.GALINHA CAIPIRA R.7111;10X85GR
2828;PVM-MENTOS SLIM BOX FRUIT FLIP TOP ;15X14UN
2829;PVM-MENTOS SLIM BOX MINT FLIP TOP ;15X14UN
2830;PVM-MENTOS SLIM BOX ICE APPLE FLIP TOP;15X14UN
2831;VITTAMAX-RACAO CAES PREMIUM ;10,1KG
2832;VITTAMAX-RACAO CAES PEQUENAS RACAS;6X2,3KG
2361;PVM-MENTOS TEENS FLIP TOP ;12X35GR
2362;PVM-FRUITTELLA MAST. MORANGO STICK;16X10UN
2697;BRANDINI-MAC.INST.CARNE R.7109;10X85GR
2601;D.BENTA-MAC.SEMOLA NINHO R.310;16X500GR
2602;D.BENTA-MAC.SEMOLA ESPAGUETE R.063;24X500GR
2603;D.BENTA-MAC.SEMOLA PENA R.337;24X500GR
2604;PVM-MENTOS PURE FRESH GFA FRESH MINT ;6X28UN
2605;D.BENTA-MAC.SEMOLA AVE MARIA R.005;24X500GR
2413;RITTER-CEREAL AMENDOIM C/COB. CHOC.LIGHT;24X25GR
9204;CJ REFRESCO RUVOLO ATHENAS 7PC INCOLOR;1UN
2415;RITTER-CEREAL MORANGO C/COB CHOC. LIGHT ;24X25GR
2416;RITTER-CEREAL ACAI/GUARANA LIGHT;24X25GR
3504;PVM-MENTOS STICK GUARANA E LARANJA;16X14UN
3514;FINI TUBINHO CITRICO MORANGO TIRAS;10X1X20GR
3531;FINI MARSHMALLOW FLORES;12X60GR
3533;OSEL-PILHA ALC.SM PALITO LR03 AAA-BL/02 ;BL 1X2UN
9099;FESTTONE-PANETTONE MINI GOTAS CHO SC 80G;1X80GR
3534;OSEL-PILHA ALC.SM PEQUENA LR6 AA-BL C/02;BL 1X2UN
2167;V.FERTIL-AZ.PRETA SACHE DOY PACK ;12X150GR
1863;M.BRASILIA CATCHUP ;12X400GR
2417;RITTER-CEREAL AVELA/CASTANHA/CHOC.LIGHT ;24X25GR
2337;PVM-FRUITTELLA SWIRL CAFE/CREME LEITE;15X10UN
2339;PVM-MENTOS STICK CANELA ;16X14UN
2137;PROTEINA DE SOJA CARNE BRANCA M.BRASILIA;12X300GR
2138;SOJA EM GRAOS M.BRASILIA;12X500GR
1981;FANTE-VODKA RAJSKA POCKET;6X200ML
2262;B.VISTA-BISC.MER. RECH MORANGO FAZENDINH;40X160GR
1960;FANTE-WHISKY COCKLAND GOLD;6X1000ML
1961;FANTE-VODKA RAJSKA;6X1000ML
2342;PVM-MENTOS STICK MINT ;16X14UN
1872;COOLER COLLINA PESSEGO GFA;12X750ML
2343;PVM-MENTOS STICK ICE MINT;16X14UN
2344;PVM-MENTOS STICK FRUTAS VERMELHAS;16X14UN
2345;PVM-MENTOS STICK MORANGO E YORGUTE;16X14UN
2346;PVM-MENTOS STICK EXTREME SORTIDO;12X11UN
1870;MOLHO ALHO C/PIMENTA ERV.FINAS M. BRASIL;12X150ML
1871;MOLHO ALHO M. BRASILIA;12X150ML
2548;D.BENTA-MAC. CASEIRO TALHARIM N.2 R.417;20X500GR
3535;OSEL-PILHA ALC.SM MEDIA LR14 C-BL C/2UN;BL 1X2UN
3536;OSEL-PILHA ALC.SM GRANDE LR20 D-BL C/2UN;BL 1X2UN
3537;OSEL-BATERIA ALC SM 6LR61 9V-BL C/1UN;BL 1X1UN
2612;PETYBON G.DURO GNOCCHETTI R.198;18X500GR
2613;PETYBON G.DURO PENNE TRICOLORI R.345;18X500GR
2614;PETYBON G.DURO FETTUCCINE R.158;24X500GR
2698;BRANDINI-MAC.INST.GALINHA R.7110;10X85GR
2699;BRANDINI-MAC.INST.CREMOSO4QUEIJOS R.7108;10X88GR
2700;D.BENTA-MAC. CAS.TORTELINI TRICOL R.419;20X500GR
2702;PRANCHA PARA CABELO;1UN
2703;MEDIDOR DE PRESSAO;1UN
2704;MEDIDOR GLICOSE;1UN
2705;JUMP BALL SPIDERMAN;1UN
3595;BAUDUCCO-TORRADA INTEGRAL;PCT 160GR
3596;BAUDUCCO-TORRADA LIGHT INTEGRAL;PCT 160GR
3597;BAUDUCCO-TORRADA LIGHT ;PCT 160GR
3598;BAUDUCCO-TORRADINHA LEVEMENTE SALGADA;PCT 110GR
3599;BAUDUCCO-TORRADA MP LEV.SALGADA;PCT 320GR
2820;BERCO;1UN
2822;FINI MARSHMALLOW CORACAO ;12X60GR
2823;PVM-MENTOS SLIM BOX ICE GRAPE FLIP TOP ;15X14UN
3590;BAUDUCCO-BOLINHOS TIPO BRIGADEIRO ;PCT 160GR
3591;BAUDUCCO-BOLINHOS BAUN.C/RECH.MORANGO;PCT 160GR
3592;BAUDUCCO-BOLINHOS BAUN.C/RECH.CHOCOLATE;PCT 160GR
3593;BAUDUCCO-BOLINHOS CHOC.C/RECH.CHOC.;PCT 160GR
2168;MONITOR LCD 17 LG L1752;1UN
2460;NEUG.-CHOCOLATE REFEICAO PRETO ;50X9GR
2461;NEUG.-BIB'S BANANA ;18X50GR
2462;NEUG.-CHOCOLATE REFEICAO BRANCO ;50X9GR
3496;SUCO UVA ALIANCA TERRA TINTO INTEGRAL ;12X300ML
3497;SUCO UVA ALIANCA TERRA TINTO INTEGRAL;6X1LT
2378;PVM-FRUITTELLA SM MAST. MORANGO ;BAG C/3UN
2256;M.BRASILIA MOLHO INGLES ;6X900ML
2850;FINI MARSHMALLOW MISTURA ;12X60GR
2852;FINI MARSHMALLOW PATRICK ;12X60GR
2463;NEUG.-BOMBOM STIKADINHO MORANGO;50X12,3GR
2464;NEUG.-BARRINHAS CHOC. PRETO E BRANCO ;15X25GR
2465;NEUG.-BOMBOM AMOR CARIOCA ;300GR
2446;PVM-MENTOS STICK CEREJA E YOGURTE;16X14UN
2468;NEUG.-BOMBOM AMOR CARIOCA ;PCT 1KG
2469;NEUG.-BARRINHAS CHOC. AO LEITE;15X25GR
2818;FINI MARSHMALLOW BOB ESPONJA ;12X60GR
2259;M.BRASILIA MOSTARDA;6X950ML
3594;BAUDUCCO-TORRADA LEVEMENTE SALGADA;PCT 160GR
2549;FAR.TRIGO D.BENTA PAPEL TRAD. T.1 R.127;10X1KG
2550;BRANDINI-MAC.INST.LEGUMES R.7680;10X85GR
3385;B.VISTA-CACHORRO PELUCIA SHERLOCH MEDIO ;1UN
3386;B.VISTA-MOCHILA TRANS.PERSON. MERENDINHA;1UN
3387;B.VISTA-URNA PEQUENA;1UN
3388;B.VISTA-CUPOM SORTEIO PCT 1X200UN;1UN
2135;ACUCAR MASCAVO M.BRASILIA;12X500GR
3389;B.VISTA-CARTAZ DE SORTEIO;1UN
2779;FONTANA-SBTE SENSUS LUXO LEITE AVEIA ;12X90GR
2780;FONTANA-SBTE SENSUS LUXO EXT.GUARANA/MEL;12X90GR
3547;OSEL-PILHA ALC.SM PEQUENA LR6 AA-BL C/04;BL 1X4UN
3548;OSEL-PILHA SUPER TUBO PEQ. AA-TB C/60UN;TB 1X60UN
3564;BAUDUCCO-BISC.WAFER TRIPLO CHOCOLATE;42X165GR
2836;VITTAMAX-RACAO CAES PEQUENAS RACAS;10,1KG
2838;VITTAMAX-RACAO CAES PEQUENAS RACAS;15KG
3949;PALLET PBR;1UN
2552;BRANDINI-MAC.INST.INF.GALINHA SUAVE;10X85GR
2553;FAR.TRIGO C/FERMENTO D.BENTA PLAST R.100;10X1KG
2554;D.BENTA-FERMENTO INST. FERMIX R.152;12X1X125G
2678;SOL GELATINA DE UVA R.190;36X85GR
2680;SOL GELATINA DE TUTTI-FRUTTI R.189;36X85GR
2555;D.BENTA-FERMENTO INST. FERMIX R.153;60X1X10GR
2517;V.FERTIL-AZ.VDE C/CAROCO DOY PACK 150G;24X150GR
2839;VITTAMAX-RACAO CAES MEDIAS GDES RACAS;25KG
2572;D.BENTA-MIST.BOLO FESTA R.270;12X450GR
2573;MADREMASSAS-MAC.SEMOLA ESPAGUETE R.067;24X500GR
2574;D.BENTA-MIST.BOLO BAUNILHA R.7248;12X450GR
2575;MADREMASSAS-MAC.SEMOLA FURADINHO R.166;24X500GR
2576;D.BENTA-MIST.BOLO MILHO VERDE R.292;12X450GR
2577;D.BENTA-MIST.BOLO MORANGO R.295;12X450GR
2667;SOL PUDIM DE BAUNILHA R.354;24X85GR
2637;COCO VALE-LEITE DE COCO LIGHT ;24X200ML
2639;FLORESTAL PIRULITO MEU CORACAO MORANGO;1X400GR
2643;PETYBON MASSA P/LASAGNA DIR.FORNO R.201;12X1X200G
1959;FANTE-RASJKA ICE;12X300ML
2592;MADREMASSAS-MAC.SEMOLA PENA R.338;18X500GR
2593;PVM-MENTOS PURE FRESH F.TOP FRESH MINT ;12X5UN
2594;D.BENTA-MAC.OVOS AVE MARIA R.002;24X500GR
2668;SOL FLAN DE CHOCOLATE R.346;24X85GR
2671;SOL FLAN DE MORANGO R.348;24X85GR
2672;SOL GELATINA DE MORANGO R.183;36X85GR
2841;M.BRASILIA CREME DE PIMENTA ;12X50ML
2842;VITTAMAX-RACAO CAES MEDIAS GDES RACAS;10,1KG
3647;FINI TUBINHO PT DOCE MORANGO ;1X200UN
2844;RITTER-CEREAL SM BANANA LIGHT ;3X1X25GR
2847;REFRESQUEIRA COMPACT;1UN
2681;SOL GELATINA DE ABACAXI R.172;36X85GR
2826;PVM-MENTOS SLIM BOX ICE CHERRY FLIP TOP ;15X14UN
2827;NEUG.-PALITOS CHOCOLATE ;40X75GR
2523;FLORESTAL PIRULITO LOURO JOSE ;1X600GR
2524;FLORESTAL PIRULITO FLOPITO FRUTAS ;1X800GR
2525;FLORESTAL PIRULITO FLOPITO FRUTAS ;1X400GR
2526;FLORESTAL PIRULITO BRIGADEIRO ;1X600GR
2527;FLORESTAL PIRULITO BEIJINHO ;1X600GR
2848;MOSTARDA PICANTE M.BRASILIA;12X200GR
2860;FONTANA-SBTE INF.T.CH.BENTO GLICERINADO;6X90GR
2861;FONTANA-SBTE INF.T.CH.BENTO HIDRATANTE;6X75GR
2862;FONTANA-SBTE INF.CHICO BENTO CREMOSO ;12X80GR
2863;FONTANA-SBTE INF.ROSINHA CREMOSO ;12X80GR
2864;PVM-MENTOS STICK MELANCIA;16X14UN
2865;D.BENTA-FERMENTO PO QUIM. TRAD R.157;6X1X100GR
3525;D.BENTA SITIO-MAC.INST.TOMATE R.569;50X74GR
3383;MESA P/ESCRITORIO;1UN
2596;D.BENTA-LASANHA C/OVOS R.205;20X500GR
2598;D.BENTA-MAC.SEMOLA PARAFUSO R.329;24X500GR
2599;PVM-MENTOS PURE FRESH F.TOP WINTERGREEN ;12X5UN
2600;D.BENTA-MAC.SEMOLA ESPAGUETE R.062;12X1KG
2684;SOL GELATINA DE FRAMBOESA  R.176;36X85GR
2854;ALADDIN-G.T.PRESSAO COFFE LINE R.3330 ;500ML
2855;QUADYNET;1UN
2795;COCO VALE-REFRESCO PO FRUIT LARANJA ;15X35GR
1982;FANTE-WHISKY COCKLAND GOLD POCKET;6X200ML
2529;FLORESTAL PIRULITO SM CORAÇÃO VERMELHO;32X120GR
2532;FLORESTAL BALA MASTIGAVEL CANELA ;1X600GR
2535;FLORESTAL PIRULITO SM FLOPITO MINI COLOR;40X60GR
2537;FLORESTAL PIRULITO SM FLOPITO FRUTAS;32X80GR
2538;FLORESTAL BALA SM DURA MENTA R.1890 ;40X100GR
2539;FLORESTAL BALA SM DURA BOLINHA CANELA ;40X100GR
2856;SAPEKA-URNA;1UN
2857;SAPEKA-CUPOM ;1 UN
2430;V.FERTIL-AZEITONA VERDE RECH.PIMENTAO ;VD 200GR
2431;V.FERTIL-AZEITONA VERDE S/CAROCO ;VD 160GR
2432;V.FERTIL-AZEITONA PRETA PREMIUM AZAPA ;VD 200GR
3542;OSEL-PILHA SUPER GRANDE D-BANDEJA C/24UN;BJ 1X24UN
3543;OSEL-LANTERNA AZUL C/3 PILHAS ALC.AAA   ;BL 1UN
3544;OSEL-LANTERNA VERM.C/3 PILHAS ALC.AAA   ;BL 1UN
2540;FLORESTAL BALA SM DURA FRUTAS RECHEADAS ;40X100GR
1983;FANTE-COQUETEL COCOBLANC POCKET;6X200ML
2300;BREAKLESS AABB XYZ=BREAKLESS 1675AICE;1UN
3538;OSEL-PILHA SUPER SM PEQUENA AA-BL C/4UN;BL 1X4UN
3539;OSEL-PILHA SUPER SM MEDIA C-BL C/2UN;BL 1X2UN
3540;OSEL-PILHA SUPER SM GRANDE D-BL C/2UN;BL 1X2UN
3541;OSEL-PILHA SUPER MEDIA C-BANDEJA C/24UN;BJ 1X24UN
1989;FANTE-CACHACA BRAZUKA POCKET;6X200ML
3545;OSEL-LANTERNA PRAT.C/3 PILHAS ALC.AAA   ;BL 1UN
3546;OSEL-PILHA ALC.SM PALITO LR03 AAA-BL/04;BL 1X4UN
2781;FONTANA-SBTE SENSUS LUXO EXT.ROSAS;12X90GR
2782;FONTANA-SBTE SENSUS LUXO EXT. ERVA DOCE;12X90GR
2803;ESPUMANTE MOSCATEL SANTA COLINA;6X750ML
2804;ESPUMANTE DEMI-SEC SANTA COLINA;6X750ML
2805;ESPUMANTE BRUT SANTA COLINA;6X750ML
1990;FANTE-STEINHAEGER KOSTEN;6X980ML
1993;CARRINHO PASSEIO SIMPLES;1X1UN
2541;FLORESTAL BALA SM DURA SACHE FRUTAS ;40X100GR
2542;FLORESTAL BALA SM DURA FRUTAS PREMIUM ;40X100GR
2620;PETYBON MAC.OVOS ESPAGUETE R.052;24X500GR
2624;COCO VALE-LEITE COCO RED.TEOR GORDURA ;24X200ML
2625;PETYBON MAC.OVOS PENA R.335;18X500GR
3729;MULTIDRINK VODKA VASKA BLUE;6X1LT
2646;FAR.TRIGO SOL PAPEL TRAD. T.1 R.134;10X1KG
2647;VITTAMAX-RACAO CAES CLASSIC ;10,1KG
2648;FAR.TRIGO LILI PAPEL TRAD. T.2 R.140;10X1KG
2557;BRANDINI-MAC.INST.INF.CARNE SUAVE R.7682;10X85GR
2558;D.BENTA-FERMENTO PO QUIM.BAUNILHA R.155;LT 100GR
2559;D.BENTA-M.BOLO CHOCOLATISSIMO BROWNIE;12X450GR
2560;D.BENTA-M.BOLO CHOCOLATISSIMO CREMOSO   ;12X450GR
2626;PETYBON MAC.OVOS PADRE NOSSO R.315;18X500GR
2627;PETYBON MAC.OVOS CARACOLINHO R.035;18X500GR
2628;PETYBON MAC.OVOS LINGUINE R.209;24X500GR
2629;PETYBON MAC.OVOS NINHO R.308;24X500GR
2630;D.BENTA-MAC. CASEIRO GRAVATA R.199;20X500GR
3420;VITTAMAX-RACAO GATOS MIX;10,1KG
3713;PVM-MENTOS JUICE BLAST GFA BRASIL;6X28UN
2799;COCO VALE-REFRESCO PO FRUIT UVA;15X35GR
2561;D.BENTA-M.BOLO CHOCOLATISSIMO T.SUICO   ;12X450GR
2562;D.BENTA-MIST.BOLO AIPIM R.235;12X450GR
2563;D.BENTA-MIST.BOLO CENOURA R.248;12X450GR
2331;PVM-HAPPYDENT WHITE ICE CHERRY ;12X10UN
2710;BICARBONATO SODIO M.BRASILIA;6X150GR
2615;PETYBON G.DURO FUSILLI R.168;18X500GR
2616;PETYBON G.DURO FUSILLI TRICOLORI R.170;18X500GR
2800;COCO VALE-REFRESCO PO FRUIT MARACUJA;15X35GR
2742;SAPEKA FRALDA PCT ECON C/ BAR. G 20X1 ;PCT
2743;SAPEKA FRALDA PCT ECON C/ BAR. M 24X1 ;PCT
2744;SAPEKA FRALDA PCT ECON C/ BAR. P 30X1 ;PCT
2120;ALADDIN-G.T.CONTINENTAL SORT. R.3027 ;4X1LT
2126;MOLHO PIMENTA CALABREZA M.BRASILIA;12X150ML
2632;PETYBON MAC.OVOS FURADINHO R.162;24X500GR
2634;COCO VALE-LEITE COCO RED.TEOR GORDURA ;12X500ML
2332;PVM-HAPPYDENT WHITE MENTA ;12X10UN
3323;PVM-MENTOS JUICE BLAST POCKET EXOTIC MIX;10X12UN
2370;PVM-MENTOS SM STICK FRUTAS ;BAG C/3UN
2371;PVM-MENTOS SM STICK MINT;BAG C/3UN
2372;PVM-MENTOS SM STICK ICE MINT ;BAG C/3UN
2373;PVM-MENTOS SM STICK FRUTAS VERMELHAS;BAG C/3UN
2374;PVM-MENTOS SM STICK CANELA ;BAG C/3UN
2757;FONTANA-SBTE SUAVE SENSUS EXT.ERVA DOCE;12X150GR
2543;FLORESTAL BALA SM DURA AMENDOIM CROCANTE;40X100GR
2544;SAPEKA FRALDA HIPER PCT C/BAR. P 96X1 ;PCT
2545;SAPEKA FRALDA HIPER PCT C/BAR. M 80X1 ;PCT
2546;SAPEKA FRALDA HIPER PCT C/BAR. G 72X1 ;PCT
2547;SAPEKA FRALDA HIPER PCT C/BAR. EG 64X1 ;PCT
2551;FAR.TRIGO D.BENTA PLAST.TRAD.T.1 R.128;10X1KG
9112;FLORESTAL SM BALA ZOLLE FRAMBOESA;1X125GR
3940;B.VISTA-BISC.CRACKER GERGELINI;30X200GR
2591;D.BENTA-MAC.OVOS ESPAGUETE R.50;24X500GR
3397;MODEN ;1UN
2764;FONTANA-LAVA ROUPAS PO SACHE ;18X1KG
2904;FLORESTAL BALA FLOPI S/ACUCAR FRUIT MIX ;12X40GR
2905;F-LATA BALA FLOPI S/ACUCAR SORTIDA;12X40GR
2907;FLORESTAL CHICLE BUG MORANGO;100X350GR
2908;FLORESTAL CHICLE BUG TUTTI-FRUTTI ;100X350GR
2947;POP-PAN PIPOCA C/CHOC. PAN REF. 8315;24X80GR
2584;MADREMASSAS-MAC.SEMOLA PADRE NOSS R.317;18X500GR
2664;SOL PUDIM DE CHOCOLATE R.356;24X85GR
3477;V.FERTIL-AZ.VDE SACHE RECH.PIM. DOY PACK;12X150GR
3478;V.FERTIL-AZ.VDE SACHE S/CAROCO DOY PACK;12X120GR
3479;PETYBON G.DURO PENNE 2X500G + MOUSSE 70G;6X1070GR
3698;GEO-DETERGENTE LIQ. NEUTRO 500ML;24X500ML
3699;GEO-DETERGENTE LIQ. CLEAR 500ML;24X500ML
2909;FLORESTAL CHICLE BUG HORTELA ;100X350GR
2910;FLORESTAL CHICLE BUG UVA ;100X350GR
2911;FLORESTAL CHICLE LOURO JOSE HORTELA;50X175GR
2912;FLORESTAL PIRULITO CHICLE TUTTI-FRUTTI;1X600GR
2913;FLORESTAL PIRULITO SM CHICLE T.FRUTTI;26X120GR
2914;FLORESTAL PIRULITO CHICLE Q'PINTA;1X600GR
3637;GEO ALVEJANTE LAVANDA REF.515;12X1LT
2916;FLORESTAL PIRULITO CHICLE CEREJA ;1X600GR
9113;FLORESTAL SM BALA ZOLLE MAST.IOGURTE;1X125GR
3046;VITTAFRESH-CAES PEQUENAS RACAS;LT 340GR
2948;PAO DE MEL COB.CHOC PAN R .8722;20X200GR
2939;ANDADOR MUSICAL;1UN
3058;MOLHO PEQUI M.BRASILIA;6X180GR
3059;MOLHO PEQUI C/PIMENTA M.BRASILIA;6X180GR
3047;VITTAFRESH-CAES MEDIAS GDES RACAS;LT 340GR
3023;FINI BALA GELATINA DENTADURAS ;12X100GR
3025;FINI BALA GELATINA DENTADURAS COLORIDAS ;12X100GR
3638;GEO ALVEJANTE FLORAL REF.516;12X1LT
2806;FILTRADO DOCE BRANCO COLLINA DEL SOLE;12X660ML
2807;FILTRADO DOCE ROSADO COLLINA DEL SOLE;12X660ML
2808;SUCO UVA TINTO ADOCADO ALIANCA ;6X1,5LT
2809;SUCO UVA TINTO INTEGRAL ALIANCA ;6X1,5LT
2745;MOLHO PIMENTA CALABREZINHA M. BRASILIA;12X50ML
2917;FLORESTAL PIRULITO SM CHICLE CEREJA;26X120GR
2918;FLORESTAL PIRULITO OKI ;50X750GR
3080;SUCO UVA ORGANICO TINTO INTEGRAL ALIANCA;6X1LT
3091;FINI CHICLE MORANGO ;12X100GR
3002;FINI MARSHMALLOW TORCAO ;12X60GR
3006;FINI CHICLE MARACUJA ;12X100GR
3027;FINI BALA GELATINA FINIBURGUERS ;12X100GR
3028;FINI BALA GELATINA FRUTAS SORTIDAS ;12X100GR
3031;FINI BALA GELATINA MICKEY ;12X100GR
2919;FLORESTAL BALA CHICLE Q'PINTA ;1X500GR
2920;FLORESTAL BALA SM CHICLE Q'PINTA R.5198;30X100GR
2877;FLORESTAL PIRULITO PAPAI NOEL ;1X750GR
2879;FLORESTAL BALA DURA MENTA ;1X500GR
2880;FLORESTAL BALA DURA BOLINHA CANELA ;1X700GR
2881;FLORESTAL BALA DURA FRUTAS RECHEADAS;1X700GR
2883;FLORESTAL BALA DURA AMENDOIM CROCANTE ;1X500GR
3526;D.BENTA SITIO-MAC.INST.CARNE R.568;50X74GR
3527;D.BENTA SITIO-MAC.INST.GALINHA R.567;50X74GR
3639;GEO-SABAO BARRA 100% COCO PCT 1KG;10X5X200GR
2675;SOL GELATINA DE CEREJA R.174;36X85GR
2677;SOL GELATINA DE LIMAO R.178;36X85GR
2475;NEUG.-BOMBOM NOITE DE GALA ;LT 220GR
2476;NEUG.-BOMBOM SORTIDOS LEMBRANCAS ;310GR
2720;AGUIA-BISC. CREAM CRACKER R.013;20X400GR
2721;AGUIA-BISC. AGUA E SAL R.011;20X400GR
2722;AGUIA-BISC. MARIA R.015;20X400GR
2723;AGUIA-BISC. MAIZENA R.014;20X400GR
2724;FAR.TRIGO LILI PLASTICO TRAD. T.2 R.141;10X1KG
2726;AGUIA-BISC. RECH. CHOC. C/COCO R.025;30X140GR
2727;AGUIA-BISC. RECH. MORANGO R.026;30X140GR
2884;FLORESTAL BALA BRAZILIAN COFFEE ;1X700GR
2477;NEUG.-BOMBOM SORTIDOS EMOCOES;205GR
2479;NEUG.-BIB'S CHOCOLATE BRANCO ;18X40GR
2480;NEUG.-BIB'S CROCANTE ;18X50GR
2481;NEUG.-BIB'S CHOCOLATE AO LEITE ;18X40GR
2867;ALADDIN-G.T.PRESSAO COFFEE LINE R.3329 ;1LT
2868;ALADDIN-G.T.LISA S/BICO SORT. R.3197 ;250ML
2869;PVM-HAPPYDENT SM WHITE ICE CHERRY ;2X27GR
2870;PVM-HAPPYDENT SM WHITE MENTA;2X27GR
2885;FLORESTAL BALA SM BRAZILIAN COFFEE;30X100GR
2886;FLORESTAL BALINHA DO CORACAO MORANGO;1X700GR
2887;FLORESTAL BALINHA SM DO CORACAO MORANGO;30X100GR
2888;FLORESTAL BALINHA DO CORACAO CEREJA ;1X700GR
2889;FLORESTAL BALINHA SM DO CORACAO CEREJA ;30X100GR
2890;FLORESTAL BALINHA SM CORACAO NAPOLITANO;30X100GR
2652;COCO VALE-COCO RALADO UMIDO E ADOÇADO ;24X100GR
2871;PVM-MENTOS SLIM BOX IOGURTE FLIP TOP ;15X14UN
2873;PVM-MENTOS SLIM BOX VITAMINA C FLIP TOP ;15X14UN
2891;FLORESTAL BALINHA DO CORACAO NAPOLITANO ;1X700GR
2921;FLORESTAL BALA CHICLE TUTTI-FRUTTI ;1X500GR
2922;FLORESTAL BALA SM CHICLE TUTTI-FRUTTI;30X100GR
2923;FLORESTAL BALA CHICLE CEREJA ;1X500GR
2924;FLORESTAL BALA SM CHICLE CEREJA R.6929;30X100GR
2653;SOL+ MIST.BOLO FORMIGUEIRO R.272;12X445GR
2654;SOL MIST.BOLO FUBA R.277;12X450GR
2655;SOL MIST.BOLO BAUNILHA R.244;12X450GR
2656;COCO VALE-COCO RALADO EM FLOCOS DES.INT.;24X100GR
2657;SOL MIST.BOLO FESTA R.271;12X450GR
2659;SOL MIST.BOLO AIPIM R.236;12X450GR
2660;SOL MIST.BOLO MILHO CREMOSO R.289;12X450GR
2661;SOL MIST.BOLO COCO R.266;12X450GR
2728;AGUIA-BISC. RECH. CHOCOLATE R.024;30X140GR
2729;AGUIA-BISC. SALT CRACKER R.031;30X180GR
2730;AGUIA-BISC. SALT CRACKER R.030;20X360GR
2733;SAPEKA FRALDA MAXFRAL MATUR. G 8X1;PCT
2931;COCO VALE-MOLHO COCO PEIXES E FRUTOS MAR;250ML
2932;COCO VALE-MOLHO COCO DOCES E SOBREMESAS;250ML
2933;COCO VALE-MOLHO COCO AVES/CARNES;250ML
2935;COCO VALE-CHOCOLATE EM PO 32% ;20X200GR
2579;D.BENTA-MIST.BOLO MARACUJA R.294;12X450GR
2580;D.BENTA-MIST.BOLO FUBA R.276;12X450GR
2581;D.BENTA-MIST.BOLO LIMAO R.287;12X450GR
2926;FLORESTAL BALA SM CHICLE HORTELA R.5868;30X100GR
2927;FLORESTAL CHICLE LIXX TUTTI-FRUTTI;18X153GR
2928;FLORESTAL CHICLE LIXX MENTA;18X153GR
2929;FLORESTAL CHICLE LIXX HORTELA ;18X153GR
2482;NEUG.-BIB'S AMENDOIM ;18X50GR
2483;NEUG.-BIB'S PASSAS ;18X50GR
3362;FINI MARSHMALLOW RECHEADO MORANGO;12X60GR
2438;ALADDIN-G.T.CONTINENTAL SORT. R.3028;500ML
2892;FLORESTAL BALA MOLE MAST.SORTIDAS ;1X700GR
2893;FLORESTAL BALA SM MOLE SORTIDAS R.1886;40X100GR
2894;FLORESTAL BALA TOFFEE;1X600GR
2930;FLORESTAL CHICLE LIXX CANELA;18X153GR
3727;ALADDIN-G.T.ROLHA DOMINO SORT. R.3188 ;1LT
3471;PVM-MENTOS MINI RAINBOW;1X40UN
2571;MADREMASSAS-MAC.SEMOLA ESPAGUETE R.066;12X1KG
2623;PETYBON MAC.OVOS PARAFUSO R.324;18X500GR
2754;FONTANA-SBTE SUAVE SENSUS LEITE AVEIA ;12X150GR
2756;FONTANA-SBTE SUAVE SENSUS EXT.ROSAS ;12X150GR
2751;PVM-FRUITTELLA MAST. MOR./IOGURTE STICK;16X10UN
2895;FLORESTAL BALA SM TOFFEE R.1885;40X100GR
2896;FLORESTAL BALA IOGURTE ;1X700GR
3641;BAUDUCCO-COOKIES LATA REDONDA;200GR
3648;NEUG.-BARRA DUPY CHOC. AO LEITE;12X130GR
2897;FLORESTAL BALA SM IOGURTE R.1884 ;40X100GR
2898;FLORESTAL BALA MINT HORTELA ;1X700GR
2899;FLORESTAL BALA SM MINT HORTELA R.1887 ;40X100GR
2900;FLORESTAL BALA MIL BALAS ;PCT 1X2KG
2835;VITTAMAX-RACAO CAES PEQUENAS RACAS;10X1KG
3759;FAR.TRIGO ARAGUAIA PAPEL ;10X1KG
2940;PVM-MENTOS STICK BERRY MIX SORTIDOS;16X14UN
2941;PVM-FRUITTELLA MAST. CARAMELO NAT.STICK;16X10UN
2942;PVM-MENTOS TEENS BERRIES SORT.FLIP TOP;12X35GR
2944;PVM-MENTOS MINI PT FRUIT MIX SORTIDO;1X120UN
2945;PVM-MENTOS MINI ROLL FRUIT MIX;C/60UN
2902;FLORESTAL BALA CARAMELO MILKEN ;1X700GR
2903;FLORESTAL BALA SM CARAMELO MILKEN R.7376;40X100GR
2436;BANHEIRA;1X1UN
3396;CPU COMPLETA;1UN
2587;D.BENTA-MAC.OVOS PENA R.334;24X500GR
2588;D.BENTA-MAC.OVOS NINHO R.307;16X500GR
2589;D.BENTA-MAC.OVOS PARAFUSO R.321;24X500GR
2590;MADREMASSAS-MAC.SEMOLA PARAFUSO R.331;18X500GR
2997;BUNGE-OLEO SOJA SOYA PET R.101621;20X900ML
2998;BUNGE-OLEO SOJA PRIMOR PET R.803677;20X900ML
3007;FINI CHICLE MELANCIA ;12X100GR
3008;FINI CHICLE OVO DINOSSAURO ;12X100GR
3009;FINI CHICLE SALADA FRUTAS ;12X100GR
3010;FINI TUBINHO CITRICO MORANGO ;12X80GR
3011;FINI BALA GELATINA AMORAS DP;14X1X30GR
3076;V.STA COLINA PREMIUM C.SAUVIGNON TTO SEC;6X750ML
3020;FINI BALA GELATINA CARROS ;12X100GR
3021;FINI BALA GELATINA CAVEIRAS C/RECHEIO ;12X100GR
3022;FINI BALA GELATINA CROCODILOS ;12X100GR
2777;PVM-FRUITTELLA LIGHT SWIRL BAUN L.COND. ;1X280GR
2778;PVM-FRUITTELLA LIGHT SWIRL MORANGO/CREME;1X280GR
2731;AGUIA-BISC. SALT CRACKER INTEGRAL R.032;20X360GR
2748;VITTAMAX-RACAO CAES FILHOTE ;10,1KG
3077;V.STA COLINA PREMIUM TANNAT TTO SECO;6X750ML
3078;V.STA COLINA PREMIUM CHARDONNAY BCO SECO;6X750ML
3433;NOTEBOOK MKT;1UN
3079;V.STA COLINA PREMIUM SAUVIGNON BLANC SEC;6X750ML
3088;GUARANA EM PO M.BRASILIA;3X70GR
3114;B.VISTA-BISC.MER. TEMPOBOM FLOCOS;40X160GR
3115;B.VISTA-BISC.MER. TEMPOBOM CHOC.BRANCO;40X160GR
3696;GEO DESINFETANTE OCEAN REF.503;6X2LT
3697;GEO-DETERGENTE LIQ. MACA 500ML;24X500ML
3198;DAFRUTA SUCO CONC.ACAI C/GUARANA ;6X500ML
3199;DAFRUTA NECTAR MIX CAJU/LARANJA;1LT
3200;DAFRUTA NECTAR MIX ACEROLA/LARANJA ;1LT
3201;DAFRUTA SUCO PRONTO TROP. ACAI/BANANA ;1LT
3117;B.BRASIL-BANANA PASSA R.60026 ;200GR
3700;GEO-DETERGENTE LIQ. LARANJA 500ML;24X500ML
3116;B.VISTA-BISC.MER. TEMPOBOM L.CONDENSAD;40X160GR
3174;FANTE-APERITIVO MALT WHISKY BLACK STONE;6X1000ML
3195;DAFRUTA LIGHT NECTAR GOIABA ;1LT
3202;B.BRASIL-SUPINO LIFE SM PROT. E COLAGENO;3X26GR
3203;B.BRASIL-SUPINO LIFE SM VITAM D E CALCIO;3X27GR
3204;B.BRASIL-SUPINO LIFE SM ANTIOXID.CHA VDE;3X27GR
3205;B.BRASIL-SUPINO LIFE PROTEINA E COLAGENO;24X26GR
3206;B.BRASIL-SUPINO LIFE VITAMINA D E CALCIO;24X27GR
3701;GEO-DETERGENTE LIQ. OCEAN 500ML;24X500ML
3237;RITTER-CEREAL FRUTAS VERM. C/CHOC LIGHT ;24X25GR
3238;RITTER-CEREAL AMEIXA C/CHOC. LIGHT ;24X25GR
3239;RITTER-CEREAL SM COCO C/CHOC. LIGHT;3X1X25GR
3240;RITTER-CEREAL SM MORANGO C/CHOC. LIGHT;3X1X25GR
3244;FINI-DISPLAY CHAO 7X5;1UN
3245;FINI-KIT URNA;1UN
3252;FLORESTAL BALA LIXX ZERO CEREJA FRESH;10X20GR
3175;V.COLLINA TINTO SUAVE BAG IN BOX ;4X3LT
3176;V.COLLINA BRANCO SUAVE BAG IN BOX ;4X3LT
3207;B.BRASIL-SUPINO LIFE ANTIOXID.CHA VERDE;24X27GR
3208;FINI BALA GELATINA PRINCESAS ;12X90GR
3215;FLORESTAL PIRULITO BOMBI;1X12UN
3217;PVM-MENTOS MONOPECA SORTIDO;100UN
3118;B.BRASIL-BANANA PASSA R.60262 ;400GR
3119;B.BRASIL-BANANA PASSA EXPORT. R.60347 ;86GR
3032;FINI BALA GELATINA MINIE ;12X100GR
3033;FINI BALA GELATINA MINHOCAS BRILHO ;12X100GR
3034;FINI BALA GELATINA MINHOCAS CITRICAS ;12X100GR
3038;FINI BALA GELATINA TUBARAO ;12X100GR
3039;FINI BALA GELATINA URSINHOS BRILHO ;12X100GR
2965;BUNGE-MARG.DELICIA C/SAL R.114804 ;12X1KG
2966;BUNGE-MARG.DELICIA C/SAL R.114790 ;12X500GR
2967;BUNGE-MARG.DELICIA C/SAL R.114782 ;24X250GR
3120;B.BRASIL-BANANA PASSA ORGANICA R.60415 ;86GR
3121;B.BRASIL-SUPINO TRAD SM CHOC.AO LEITE ;3X27GR
3122;B.BRASIL-SUPINO TRAD SM CHOC.BRANCO ;3X27GR
3123;B.BRASIL-SUPINO TRAD CHOC.AO LEITE ;24X27GR
3124;B.BRASIL-SUPINO TRAD CHOC.BRANCO ;24X27GR
3125;B.BRASIL-SUPINO SM BAN. C/CHOC. LIGHT;3X27GR
3126;B.BRASIL-SUPINO SM BAN. C/CHOC.BCO LIGHT;3X27GR
2968;BUNGE-MARG.DELICIA S/SAL R.114820;12X500GR
2969;BUNGE-MARG.DELICIA LIGHT C/SAL R.114731;12X500GR
2972;BUNGE-GORDURA VEG. PRIMOR C/SAL R.115983;24X500GR
2973;BUNGE-CREME VEG.SOYA C/SAL R.117579;12X1KG
2974;BUNGE-CREME VEG.SOYA C/SAL R.117226;12X500GR
2975;BUNGE-CREME VEG.SOYA C/SAL R.117218;24X250GR
2976;BUNGE-MAIONESE PRIMOR PT R.115738;12X500GR
3127;B.BRASIL-SUPINO SM BAN. E AMEIXA LIGHT;3X27GR
3128;B.BRASIL-SUPINO SM BAN. AVEIA,MEL LIGHT;3X27GR
3147;SOL MIST.BOLO ZERO LARANJA R.300;12X300GR
3148;SOL MIST.BOLO ZERO CHOCOLATE R.299;12X300GR
3149;SOL+ MIST.BOLO BRIGADEIRO R.247;12X625GR
3150;SOL+ MIST.BOLO BEM CASADO R.246;12X400GR
2734;SAPEKA FRALDA MAXFRAL MATUR. M 8X1;PCT
2735;SAPEKA FRALDA PCT ECON C/ BAR. EG 20X1 ;PCT
2978;BUNGE-MAIONESE PRIMOR SACHE R.115576;24X200GR
3041;FINI BALA GELATINA PT BANANAS ;1X125UN
3042;FINI BALA GELATINA PT BEIJOS DE MORANGO;1X125UN
3043;FINI BALA GELATINA PT DENTADURAS;1X125UN
3048;V.FERTIL-AZEITE OLIVA ESP.EXTRA VIRGEM;VD 125ML
2979;BUNGE-MAIONESE SOYA VD R.803901;12X250GR
3756;FLORESTAL PIRULITO PICOLE NAPOLITANO;1X700GR
3757;FLORESTAL PIRULITO PICOLE MORANGO;1X700GR
2736;SAPEKA FRALDA DESC NOTURNA EG 7X1;PCT
2737;SAPEKA FRALDA DESC NOTURNA G 7X1 ;PCT
2738;SAPEKA FRALDA DESC NOTURNA M 8X1 ;PCT
2739;SAPEKA FRALDA MEGA PCT C/BAR. EG 32X1 ;PCT
2740;SAPEKA FRALDA MEGA PCT C/BAR. G 36X1 ;PCT
2741;SAPEKA FRALDA MEGA PCT C/BAR. M 40X1 ;PCT
2564;D.BENTA-MIST.BOLO BANANA C/CANELA R.237;12X450GR
2565;D.BENTA-MIST.BOLO ABACAXI R.234;12X450GR
3151;SOL GELATINA DE MARACUJA  R.180;36X85GR
3152;SOL GELATINA ZERO LIMAO R.193;36X12GR
3153;SOL GELATINA ZERO MORANGO R.194;36X12GR
3154;SOL GELATINA ZERO UVA R.195;36X12GR
3155;SOL GELATINA ZERO ABACAXI R.192;36X12GR
3156;SOL+ MANJAR DE COCO;18X200GR
3157;SOL+ PUDIM DE LEITE R.358;18X170GR
2566;D.BENTA-MIST.BOLO CHOCOLATE R.253;12X450GR
3100;FARINHA DE AVEIA M.BRASILIA;12X300GR
3104;PVM-MENTOS MINI PT YOGURT MIX SORTIDO;1X120UN
3089;FANTE-VINHO TTO SUAVE QUINTA DO MORGADO;250ML
3093;FINI-DISPLAY CHAO 100GR 6X4;1UN
3094;FINI-DISPLAY BALCAO 100GR 2X2 ;1UN
3095;FINI-DISPLAY CHAO 100GR DUPLA FACE;1UN
3693;GEO DESINFETANTE EUCALIPTO REF.500;6X2LT
3158;SOL MOUSSE DE CHOCOLATE R.353;18X70GR
3129;B.BRASIL-SUPINO SM BAN. E CAFE LIGHT ;3X27GR
3130;B.BRASIL-SUPINO SM BAN. E DAMASCO LIGHT;3X27GR
2980;BUNGE-MAIONESE SOYA PT R.803910;12X500GR
2981;BUNGE-AZEITE DELICIA E.V. VD ESPANHOL;VD 500ML
2983;BUNGE-AZEITE DELICIA PURO LT ESPANHOL;LT 200ML
2985;BUNGE-AZEITE ANDORINHA PURO LT PORT.;LT 200ML
2986;BUNGE-AZEITE ANDORINHA E.V. VD PORT.    ;VD 500ML
3694;GEO DESINFETANTE PINHO REF.501;6X2LT
3695;GEO DESINFETANTE LAVANDA REF.502;6X2LT
2567;BRANDINI-MAC.INST.INF.TOMATE R.7683;10X85GR
2568;D.BENTA-MIST.BOLO COCO R.7242;12X450GR
2570;D.BENTA-MIST.BOLO LARANJA  R.7240;12X450GR
2859;RITTER-CEREAL SM BRIGADEIRO ;3X1X22GR
2649;SOL MIST.BOLO CHOCOLATE R.255;12X450GR
2987;BUNGE-AZEITE OLIVA E.V. COCINERO PET ARG;PET 500ML
2988;BUNGE-OLEO COMP. SALADA LT R.807893;500ML
2989;BUNGE-OLEO COMP. SALADA LT R.807907;200ML
3681;ALADDIN-CANTIL TERMICO AZUL R.487;500ML
3682;ALADDIN-G.T.PRESSAO LISA SORT. R.3307;500ML
2992;BUNGE-OLEO MILHO SALADA PET R.111937;20X900ML
3018;FINI BALA GELATINA BANANAS ;12X100GR
3060;ALADDIN-G.T.PRESSAO MADRI SORT. R.3268 ;1LT
2650;COCO VALE-COCO RALADO DES.PARC.DESENG.;24X100GR
2651;SOL MIST.BOLO LARANJA  R.285;12X450GR
3096;CARRINHO DE ROLEMA;1UN
3097;V.FERTIL-DISPLAY PARA SACHES;1UN
3015;FINI BALA GELATINA RATATOUILLE ;12X90GR
3016;FINI BALA GELATINA AMORAS ;12X100GR
3017;FINI BALA GELATINA AROS DE MORANGO ;12X100GR
3019;FINI BALA GELATINA BEIJOS DE MORANGO ;12X100GR
3061;PVM-FRUITTELLA SWIRL UVA/CREME LEITE;15X10UN
3065;ALADDIN-G.T.PRESSAO LISA SORT. R.3306 ;1LT
3066;ALADDIN-G.T.PRESSAO PREMIER SORT.R.3317 ;1LT
3068;ALADDIN-G.T.CROMADA PRESSAO PRETO R.3370;1LT
2993;BUNGE-OLEO GIRASSOL SALADA PET R.111910;20X900ML
2995;BUNGE-OLEO MILHO COCINERO PET R.784800;15X900ML
2996;BUNGE-OLEO GIRASSOL COCINERO R.784796;15X900ML
3796;FINI BALA GELATINA CINEMA MIX;12X90GR
3797;FINI BALA GELATINA FUTGOGOS;12X50GR
3798;FINI BALA GELATINA TIJOLINHO NATA;12X90GR
3799;FINI BALA GELATINA DP DENTADURAS;12X25GR
3800;FINI BALA GELATINA DP BEIJOS;12X25GR
3858;B.VISTA-BISC.RECH.SUPER CHOCOLATE ;40X140GR
3859;B.VISTA-BISC.RECH.SUPER MORANGO;40X140GR
3860;B.VISTA-BISC.RECH.SUPER BANANA;40X140GR
3243;DVD SONY DVP-NS508;1UN
3262;V.COLLINA TINTO SECO BAG IN BOX ;4X3LT
3263;V.COLLINA BRANCO SECO BAG IN BOX ;4X3LT
3273;V.FERTIL-AZ.VDE S/CAROCO DOY PACK;24X120GR
3317;BUNGE-MAIONESE SOYA SACHE R.609994;24X200GR
3316;FINI BALA GELATINA BRIGADEIRO;12X90GR
3315;SAPEKA FRALDA DESC.CORES VERAO SEG 4X1;KIT
3309;BUNGE-OLEO CANOLA SALADA PET ;3X900ML
3642;PVM-MENTOS SLIM BOX ICE GRAPE FLIP TOP ;12X14UN
3643;PVM-MENTOS SLIM BOX IOGURTE FLIP TOP ;12X14UN
3644;PVM-MENTOS SLIM BOX ICE APPLE FLIP TOP;12X14UN
3645;PVM-FRUITTELLA MAST. MELANCIA NAT.STICK;16X10UN
3875;PLASVALE-TABUA P/CORTE REF.648;1X6UN
3876;PLASVALE-BALDE 16LT REF.162;6X16LT
3877;PLASVALE-LIXEIRA C/PEDAL 13LT REF.182;6X13LT
3878;PLASVALE-LIXEIRA C/PEDAL 8LT REF.183;6X8LT
3310;BUNGE-OLEO GIRASSOL SALADA PET ;3X900ML
3311;BUNGE-OLEO MILHO SALADA PET ;3X900ML
3660;PVM-MENTOS SLIM BOX FRUIT FLIP TOP ;12X14UN
3661;PVM-MENTOS SLIM BOX ICE CHERRY FLIP TOP ;12X14UN
3662;PVM-MENTOS SLIM BOX MINT FLIP TOP ;12X14UN
3663;PVM-MENTOS SLIM BOX VITAMINA C FLIP TOP ;12X14UN
3502;SUCO UVA ALIANCA TERRA ROSE INTEGRAL;6X1LT
3848;TOSCANO-AZEITONA VERDE C/CAROCO ;12X100GR
3849;TOSCANO-AZEITONA VERDE C/CAROCO ;12X200GR
3801;FINI BALA GELATINA DP URSINHOS ;12X25GR
3802;FINI BALA GELATINA DP AMORAS;12X25GR
3803;TV  CCE HPS-2991FS T.PLANA;1UN
3861;B.VISTA-BISC.RECH.SUPER CHOC.BRANCO;40X140GR
3906;D.BENTA SITIO-MAC.OVOS LETRINHAS ;18X500GR
3503;SUCO UVA ALIANCA TERRA BRANCO INTEGRAL;12X300ML
3511;FINI CHICLE BOLAS DE TENIS;12X44GR
3131;B.BRASIL-SUPINO SM FIBRAS E BANANA LIGHT;3X24GR
3132;B.BRASIL-SUPINO SM BAN. E COCO LIGHT;3X26GR
3133;B.BRASIL-SUPINO BAN. CHOC.LEITE LIGHT;24X27GR
3134;B.BRASIL-SUPINO BAN. CHOC.BRANCO LIGHT;24X27GR
3135;B.BRASIL-SUPINO BAN. E AMEIXA LIGHT;24X27GR
3136;B.BRASIL-SUPINO BAN. AVEIA E MEL LIGHT;24X27GR
3907;D.BENTA SITIO-GELATINA MORANGO R.182;36X85GR
3908;D.BENTA SITIO-GELATINA UVA R.188;36X85GR
3667;BAUDUCCO-ROCAMBOLE CHOCOLATE;190GR
3668;BAUDUCCO-BOLINHO DUPLO CHOCOLATE INF.;14X40GR
3669;AZEITONAS VERDES ESCUDEIRO;12X500GR
3850;TOSCANO-AZEITONA VERDE C/CAROCO ;6X500GR
3851;TOSCANO-COGUMELO INTEIRO;4X100GR
3852;TOSCANO-COGUMELO INTEIRO;4X200GR
3137;B.BRASIL-SUPINO BAN. E CAFE LIGHT;24X27GR
3138;B.BRASIL-SUPINO BAN. E DAMASCO LIGHT;24X27GR
3139;B.BRASIL-SUPINO FIBRAS E BANANA LIGHT;24X24GR
3140;B.BRASIL-SUPINO BAN. E COCO LIGTH;24X26GR
3159;SOL MARIA MOLE DE COCO ;18X50GR
3184;FINI MARSHMALLOW MISTURA ;12X500GR
3101;PVM-MENTOS TEENS TRIANGULAR PT;35X7,5GR
3253;FLORESTAL BALA LIXX ZERO LIMAO FRESH;10X20GR
3264;BUNGE-MARG.DELICIA SUPREME C/SAL R112824;24X250GR
3265;BUNGE-MARG.DELICIA SUPREME C/SAL R112825;12X500GR
3227;SAPEKA FRALDA MAXFRAL MATUR.PLUS M 20X1;PCT
3688;BATERIA TSF 100-3/12;1UN
3228;SAPEKA FRALDA MAXFRAL MATUR.PLUS G 20X1;PCT
3229;PVM-FRUITTELLA F.TOP J.BERRY AMORAS;9X45GR
3102;PVM-MENTOS TEENS TRIANGULAR;40X7,5GR
3103;PVM-MENTOS MINI ROLL YOGURT MIX;C/60UN
3161;D.BENTA-MIST.BOLO INTEGRAL R.7761;12X410GR
3163;D.BENTA-MIST.PAO DE QUEIJO R.303;12X250GR
3164;D.BENTA-MIST.PAO CASEIRO R.7762;12X450GR
3165;D.BENTA-MIST.PAO CASEIRO INTEGRAL R.7818;12X450GR
3177;FANTE-VINHO TTO SECO QUINTA DO MORGADO;250ML
3106;PVM-MENTOS JUICE BLAST GFA ASSORTED;6X28UN
3230;PVM-MENTOS STICK UVA E ABACAXI;16X14UN
3231;PVM-FRUITTELLA F.TOP J.BERRY LEMON&COLA;9X45GR
3251;FLORESTAL BALA LIXX ZERO CANELA;10X20GR
3499;FLORESTAL BALA DURA BOLINHA CANELA ;PCT 1KG
3257;PVM-PIR.CHUPA CHUPS MIX FRUTAS/CREME PT;1X100UN
3258;PVM-PIR.CHUPA CHUPS MIX FRUTAS/CREME;C/50UN
3259;PVM-PIR.C.CHUPS MIX FRUTAS/CREME TORRE;96UN
3236;V.FERTIL-AZ.VDE C/CAROCO DOY PACK(I);12X300GR
3107;PVM-MENTOS J. BLAST GREEN APPLE/RASPBER;10X12UN
3108;PVM-MENTOS JUICE BLAST RED FRUIT E LIME;10X12UN
3109;PVM-MENTOS ICE BLAST SPEARMINT;10X12UN
3110;PVM-MENTOS CUBE TROPICAL;6X22UN
3111;PVM-MENTOS CUBE SPEARMINT;6X22UN
3112;PVM-MENTOS F.TOP CUBE TROPICAL;12X8UN
3113;PVM-MENTOS F.TOP CUBE SPEARMINT;12X8UN
3173;TOSCANO-VINAGRE CAQUI GOLD;12X400ML
3266;BUNGE-MARG.DELICIA SUPREME S/SAL R114714;12X500GR
3268;PVM-MENTOS STICK COLA E LIMAO;16X14UN
3269;FINI TUBINHO DOCE MORANGO ;12X80GR
3274;NEUG.-BARRA CHOC. AO LEITE ;12X160GR
3275;NEUG.-BARRA CHOC. LEITE C/AMENDOIM ;12X160GR
3295;NEUG.-BARRA CHOC. PRETO/BRANCO;12X160GR
3296;FINI-DISPLAY CARONA;1UN
3520;D.BENTA-MAC.INST.LEGUMES R.566;50X74GR
3521;D.BENTA-MAC.INST.GALINHA R.474;50X74GR
3522;D.BENTA-MAC.INST.GALINHA CAIPIRA R.466;50X74GR
3523;D.BENTA-MAC.INST.CARNE R.464;50X74GR
3524;D.BENTA-MAC.INST.4 QUEIJOS R.463;50X78GR
3144;B.BRASIL-SUP.MALHACAO BANANA;24X26GR
3145;B.BRASIL-LEVITTA SEM. GERG C/LINHAÇA;24X10GR
3302;PALLET  1,00 X 1,20 M;1UN
3218;PVM-FRUITTELLA CHOC FILLED CARAMELO;15X8UN
3219;PVM-FRUITTELLA CHOC FILLED AVELA;15X8UN
3303;CHECK STAND.C/ GANCHEIRAS E CESTO;1UN
3301;V.FERTIL-AZ.BALDE PRETA FATIADA ;1,8KG
3304;FINI-DISPLAY BALCAO 100GR 3X2;1UN
3298;BUNGE-ARROZ PRIMOR T.1 POLIDO;30X1KG
3299;COCO VALE-COCO RALADO DES.PARC.DESENG.;5 KG
3146;B.BRASIL-LEVITA SEM. GERG C/CASTANHA;24X10GR
3166;B.BRASIL-LEVITTA SM SEM.GERG C/LINHAÇA;3X10GR
3167;B.BRASIL-LEVITTA SM SEM. GERG C/CASTANHA;3X10GR
3188;FINI BALA GELATINA WALL.E ;12X90GR
3170;TOSCANO-VINAGRE DE VINHO BRANCO;12X750ML
3171;TOSCANO-VINAGRE CAQUI FR;12X750ML
3657;FINI BALA GELATINA TIJOLINHO CITR.MORANG;12X90GR
3658;BAUDUCCO-CESTA NATAL GRANDE;1UN
3234;BUNGE-ARROZ PRIMOR T.1 POLIDO;6X5KG
3300;PROTEINA DE SOJA CARNE VERM. M.BRASILIA;12X300GR
3246;FANTE-VINHO BCO SUAVE QUINTA DO MORGADO;250ML
3260;FLORESTAL CHICLE LOURO JOSE TUTTI-FRUTTI;50X175GR
3270;V.FERTIL-AZ.VDE FATIADA DOY PACK;24X120GR
3281;NEUG.-BARRA CHOC. AO LEITE C/FLOCOS ;12X160GR
3289;NEUG.-BARRA CHOC. BRANCO ;12X160GR
3294;NEUG.-BARRA CHOC. MEIO AMARGO ;12X160GR
3932;ARMARIO P/PIA C/6 PORTAS;PC
3933;ARMARIO ALTO FECHADO;PC
3934;PLASVALE-FEIRINHA 75 ITENS REF.1232;1X75UN
3935;BUNGE-MAIONESE SOYA PET R.151951;24X250GR
3936;BUNGE-MAIONESE PRIMOR PET R.151952;24X250GR
3937;FERRERO-TIC-TAC CANELA;14X16GR
3938;FINI BALA GELATINA GOGOS DENTADURA;12X50GR
3233;FAR.TRIGO JAUENSE PAPEL ESPECIAL R.7446;10X1KG
3241;FINI-CLIP STRIP;1UN
3242;BEBEDOR MASTERFRIO GARR. ICY INOX/PRATA;1UN
3249;FLORESTAL BALA COFFEE ZERO R.7705 ;10X20GR
3250;FLORESTAL BALA LIXX ZERO EUCALIPTO FRESH;10X20GR
3261;NEUG.-BOMBOM LOVE ME ;40X14GR
3271;V.FERTIL-AZ.VDE RECH.PIM. DOY PACK(I);24X150GR
3235;V.FERTIL-AZ.BALDE PRETA GRAUDA CALIFORNI;2KG
3717;FLORESTAL PIRULITO CHICLE Q'PINTA;1X600GR
3718;FLORESTAL PIRULITO CHICLE CEREJA ;1X600GR
3719;FLORESTAL PIRULITO BRIGADEIRO ;1X600GR
3720;FLORESTAL PIRULITO BEIJINHO ;1X600GR
3735;MULTIDRINK MINI DRINK WHISKY EXCELLER ;6X50ML
3736;MULTIDRINK ICE SPEEDWAY PET R.10173;12X300ML
3702;GEO AGUA SANITARIA REF.513;12X1LT
3775;ARAGUAIA-MIST.BOLO FESTA ;12X400GR
3776;ARAGUAIA-MIST.BOLO COCO;12X400GR
3777;ARAGUAIA-MIST.BOLO LARANJA;12X400GR
3778;ARAGUAIA-MIST.BOLO BAUNILHA;12X400GR
3779;ARAGUAIA-MIST.BOLO FUBA;12X400GR
3780;ARAGUAIA-MIST.BOLO LIMAO;12X400GR
3781;ARAGUAIA-MIST.BOLO ABACAXI;12X400GR
3782;ARAGUAIA-MIST.BOLO BANANA C/CANELA;12X400GR
3703;GEO AGUA SANITARIA REF.514;6X2LT
3704;GEO ALVEJANTE FLORAL REF.518;6X2LT
3804;SAPEKA FRALDA JUMBO PCT C/BAR. M 52X1 ;PCT
3898;SOL GELATINA DE CEREJA R.890;36X35GR
3899;SOL GELATINA DE FRAMBOESA R.893;36X35GR
3900;SOL GELATINA DE LIMAO R.888;36X35GR
3901;SOL GELATINA DE MORANGO R.871;36X35GR
3902;SOL GELATINA DE UVA R.884;36X35GR
3783;ARAGUAIA-MIST.BOLO CENOURA;12X400GR
3790;ALADDIN-BULE TERMICO DECORADO R.3050;750ML
3791;ALADDIN-G.T.CARIBE SORT.R.502;750ML
3792;BUNGE-OLEO CANOLA SALADA PET ;20X900ML
3731;MULTIDRINK VODKA STOKOLM ACAI R.10074;6X1LT
3732;MULTIDRINK WHISKY OLD EXCELER R.10077;6X1LT
3733;MULTIDRINK CAIPIRINHA CANA BANCANA VD;12X200ML
3734;MULTIDRINK ICE SPEEDWAY VD R.10097;12X275ML
3903;SOL GELATINA DE TUTTI-FRUTTI R.895;36X35GR
3904;SOL GELATINA DE MARACUJA R.892;36X35GR
203562;BAUDUCCO-BISC.WAFER MORANGO;PCT 165GR
203564;BAUDUCCO-BISC.WAFER TRIPLO CHOCOLATE;PCT 165GR
3705;GEO MULTIUSO ORIGINAL REF.519;12X500ML
3706;GEO MULTIUSO LARANJA REF.520;12X500ML
3721;FLORESTAL BALA CARAMELO MILKEN ;1X700GR
3785;PAN-NOBREAK PALITOS R.3460;36X60GR
3786;PAN-MEDALHAS DE CHOC.AO LEITE R.1383;CX 830GR
3784;ARAGUAIA-MIST.BOLO CHOCOLATE;12X400GR
3794;V.FERTIL-CEBOLINHAS CRISTAL ;PT 100GR
3795;V.FERTIL-CHAMPIGNON ;PT 100GR
3839;TOSCANO-MOLHO DE PIMENTA FR;6X900ML
3840;TOSCANO-MOLHO SHOYU FR;6X900ML
3841;TOSCANO-MOLHO DE ALHO FR;6X900ML
3723;FLORESTAL BALA CHICLE Q'PINTA;1X500GR
3724;FLORESTAL BALA CHICLE TUTTI-FRUTTI ;1X500GR
3725;FLORESTAL BALA CHICLE CEREJA ;1X500GR
3737;PVM-MENTOS MINI PT FRUIT E MINT;PT 1X80UN
3738;DAFRUTA SUCO PREMIUM GOIABA LT;12X335ML
3810;SAPEKA FRALDA DESC DIA E NOITE EG 20X1;PCT
3811;SAPEKA FRALDA DESC DIA E NOITE G 20X1;PCT
3812;SAPEKA FRALDA DESC DIA E NOITE M 24X1;PCT
3885;PLASVALE-ORGANIZADOR 12,5LT REF.293;4X12,5LT
3649;NEUG.-BARRA DUPY CHOC. BRANCO;12X130GR
3650;NEUG.-BARRA DUPY CHOC. PRETO E BRANCO;12X130GR
3651;NEUG.-BARRA DUPY CHOC. MEIO AMARGO;12X130GR
3652;NEUG.-BARRA DUPY CHOC. AMENDOIM;12X130GR
3671;IMPRESSORA LASERJET HP-P1005;1UN
3672;V.FERTIL-AZ.BALDE VERDE 20/24 G;2,0KG
3813;GEO-AMACIANTE CAMPOS PROVENCE (LILAS)2LT;6X2LT
3748;BAUDUCCO-COLOMBA PASCAL ED.ESPECIAL;580GR
3749;BAUDUCCO-COLOMBA PASCAL MINI FRUTAS;24X100GR
3793;CADEIRA PARA ESCRITORIO;1UN
3818;SAPEKA LENCO UMEDECIDO REFIL EMB. ECON.;PCT 70UN
3819;SAPEKA LENCO UMEDECIDO POTE;PT 70UN
3879;PLASVALE-BACIA REDONDA 5,5LT REF.126;12X5,5LT
3739;DAFRUTA SUCO PREMIUM MANGA LT;12X335ML
3814;ALADDIN-KIT BULE TERMICO C/4 XICARAS ;750ML
3665;BAUDUCCO-BISC.CREAM CRACKER LIGHT;PCT 200GR
3666;BAUDUCCO-BISC.CREAM CRACKER INTEGRAL;PCT 200GR
3892;FINI TUBES CITRICO MARACUJA BOX;1X180UN
3893;FINI TUBES CITRICO MACA VERDE BOX;1X180UN
3894;FINI TUBES CITRICO PESSEGO BOX;1X180UN
3895;FINI TUBES MORANGO BOX;1X180UN
3740;DAFRUTA SUCO PREMIUM MARACUJA LT;12X335ML
3741;FINI-DISPLAY CHAO 100G CESTO 24 FRENTE;1UN
3742;DAFRUTA SUCO PREMIUM PESSEGO LT;12X335ML
3743;DAFRUTA SUCO PREMIUM UVA LT;12X335ML
3689;TOSCANO-VINAGRE DE ALCOOL ESCURO;12X500ML
3690;TOSCANO-VINAGRE DE ALCOOL CLARO FR;12X500ML
3691;TOSCANO-VINAGRE DE ALCOOL;12X500ML
3692;TOSCANO-VINAGRE DE MACA;12X500ML
3896;FINI TUBES BANANA BOX;1X180UN
3909;D.BENTA SITIO-GELATINA LIMAO R.187;36X85GR
3655;D.BENTA-MAC.OVOS ESPAGUETE 3X500GR+SAZON;8X1540GR
3656;D.BENTA-MAC.SEM. ESPAGUETE 3X500GR+SAZON;8X1540GR
3886;PLASVALE-CJ.MANT.5PTS FREZ/MICRO. REF340;6X1X5UN
3887;FERRERO-TIC-TAC CEREJA E MARACUJA;14X16GR
3805;SAPEKA FRALDA JUMBO PCT C/BAR. G 48X1 ;PCT
3806;SAPEKA FRALDA JUMBO PCT C/BAR. EG 42X1 ;PCT
3750;PVM-FRUITTELLA FRUIT E CHOCO MORANGO;12X10UN
3751;PVM-FRUITTELLA FRUIT E CHOCO LARANJA;12X10UN
3752;PVM-FRUITTELLA FRUIT E CHOCO CEREJA;12X10UN
3753;PVM-FRUITTELLA MAST.MANG/TANG. NAT.STICK;16X10UN
3754;PVM-MENTOS MINI ROLL FRUIT E MINT SORT.;1X600GR
3758;ALADDIN-G.T.CONTINENTAL PLUS SORT. R.997;500ML
3831;MULTIDRINK WHISKY OLD EXCELER BLACK;6X1LT
3832;MULTIDRINK VODKA RAIZOV MARACUJA;6X900ML
3807;SAPEKA FRALDA GIGA BOX M- L.128 P.120;CX
3808;SAPEKA FRALDA GIGA BOX G- L.115 P.108;CX
3809;SAPEKA FRALDA GIGA BOX EG- L.103 P.96;CX
3815;FINI BALA GELATINA TOY STORY;12X90GR
3816;SAPEKA FRALDA MAXFRAL MATUR.HIPER G 40X1;PCT
3817;SAPEKA FRALDA MAXFRAL MATUR.HIPER M 40X1;PCT
3730;MULTIDRINK VODKA STOKOLM ORIG.CITRUS  ;6X1LT
3744;BAUDUCCO-COLOMBA PASCAL FRUTAS;500GR
3833;MULTIDRINK VODKA STOKOLM ORIGINAL;6X1LT
3865;V.FERTIL-AZEITE OLIVA PASSIONE E.VIRGEM;VD 250ML
3866;PLASVALE-SABONETEIRA P/VIAGEM REF.531;1X12UN
3867;PLASVALE-FEIRINHA 90 ITENS REF.425;1X90UN
3868;PLASVALE-CAIXA RETANGULAR 6,5LT REF.122;6X6,5LT
3769;ARAGUAIA-MAC.COMUM PARAFUSO;24X500GR
3770;ARAGUAIA-MAC.COMUM ESPAGUETE;12X1KG
3745;BAUDUCCO-COLOMBA PASCAL FRUTAS LT;LT 500GR
3746;BAUDUCCO-COLOMBA PASCAL GOTAS LT;LT 500GR
3747;BAUDUCCO-COLOMBA PASCAL MOUSSE;500GR
3888;FERRERO-TIC-TAC MENTA;14X16GR
3889;FERRERO-TIC-TAC LARANJA;14X16GR
3890;FERRERO-TIC-TAC EXTRA FORTE;14X16GR
3891;FERRERO-TIC-TAC ARVORE;84X16GR
3771;ARAGUAIA-MAC.COMUM ESPAGUETE;24X500GR
3772;ARAGUAIA-MAC.COMUM FURADINHO;24X500GR
3788;ALADDIN-G.T.CONTINENTAL PLUS C/BICO R975;1LT
3789;ALADDIN-G.T.CONTINENTAL PLUS DEC. R.3267;500ML
3880;PLASVALE-CESTO RECYCLE 55LT REF.517LP;6X55LT
3881;PLASVALE-BACIA CANELADA 13,5LT REF.354LP;12X13,5LT
3882;PLASVALE-LIXEIRA RECYCLE 35LT REF.375LP;4X35LT
3883;PLASVALE-LIXEIRA RECYCLE 64LT REF.377LP;4X64LT
3897;SOL GELATINA DE ABACAXI R.886;36X35GR
3675;B.VISTA-BISC.PAO DE MEL ;PCT 70GR
3722;FLORESTAL BALA DURA AMENDOIM CROCANTE;1X500GR
3760;FAR.TRIGO ARAGUAIA PLASTICO;10X1KG
3761;ARAGUAIA-MAC.SEMOLA CARAMUJO;24X500GR
3762;ARAGUAIA-MAC.SEMOLA PARAFUSO;24X500GR
3763;ARAGUAIA-MAC.SEMOLA PADRE NOSSO;24X500GR
3764;ARAGUAIA-MAC.SEMOLA ESPAGUETE;12X1KG
3884;PLASVALE-CESTO RECYCLE 9LT REF.173LP;12X9LT
9107;FLORESTAL SM BALA CORACAO MORANGO;1X108GR
3687;BUNGE-AZEITE SOLEADA E.V. VD ESPANHOL  ;VD 500ML
3905;D.BENTA SITIO-MAC.OVOS BICHINHOS ;18X500GR
3910;D.BENTA SITIO-GELATINA ABACAXI R.185;36X85GR
3911;D.BENTA SITIO-GELATINA FRAMBOESA R.186;36X85GR
3773;ARAGUAIA-MAC.COMUM PADRE NOSSO;24X500GR
3774;ARAGUAIA-MAC.COMUM NINHO;24X500GR
3765;ARAGUAIA-MAC.SEMOLA ESPAGUETE;24X500GR
3766;ARAGUAIA-MAC.SEMOLA FURADINHO;24X500GR
3767;ARAGUAIA-MAC.SEMOLA NINHO;24X500GR
3768;ARAGUAIA-MAC.SEMOLA LASANHA;20X500GR
3678;ALADDIN-G.T.INOX PRESSAO R.3359;1,8LT
3714;FINI TUBINHO CITRICO MARACUJA;12X80GR
3715;FLORESTAL PIRULITO MEU CORACAO MORANGO;1X400GR
3716;FLORESTAL PIRULITO CHICLE TUTTI-FRUTTI;1X600GR
3838;TOSCANO-MOLHO INGLES FR;24X150ML
3856;TOSCANO-MOLHO P/SALADA ITALIANO FR;6X240ML
3857;TOSCANO-MOLHO P/SALADA PARMESSAO FR;6X240ML
3862;V.FERTIL-TOMATE SECO BALDE EM AZEITE ;1,6KG
3863;V.FERTIL-AZ.BALDE VERDE GORDAL 70/80;2KG
3864;V.FERTIL-AZEITE OLIVA PASSIONE E.VIRGEM;VD 500ML
3939;SUCO UVA BAG ALIANCA BRANCO INTEGRAL;10LT
4111;PURITY-ALIM.SOJA CAPPUCCINO TRADICIONAL;12X1LT
4074;OSRAM-REATOR ELE.EZ-A PLUS 2X40 127-220V;1UN
4075;OSRAM-REATOR ELE.EZ-A PLUS 2X32 127-220V;1UN
4076;FINI BALA GELATINA THOR;12X90GR
4077;FLORESTAL PIRULITO DI CORACAO C/50UN;1X500GR
4078;FLORESTAL PIR.PATATI PATATA T.FRUTI C/50;1X500GR
4079;FLORESTAL PIR.PATATI PATATA MORANGO C/40;1X320GR
4080;FLORESTAL BALA MACIA ZOLLE FRAMBOESA 140;1X700GR
3980;TOSCANO-MOLHO DE PIMENTA FR;12X900ML
3981;TOSCANO-MOLHO INGLES FR;12X900ML
3982;TOSCANO-MOLHO SHOYU FR;12X900ML
3983;TOSCANO-MOLHO DE ALHO FR;12X900ML
3984;B.VISTA-BISC.MER. LEITE FAZENDINHA;40X133GR
3985;B.VISTA-BISC.MER. RECH FLOCOS FAZENDINHA;40X160GR
3986;FINI MARSHMALLOW VULCOES RECH.MORANGO;12X50GR
3987;FINI BALA GELATINA C/PRINCESAS COLECAO;5X3X25GR
4081;FLORESTAL BALA MACIA ZOLLE M.VERDE C/140;1X700GR
4061;OSRAM-LAMP.INC.BOLINHA/LUSTRE 220V 40W;1X5UN
4062;OSRAM-LAMP.FLUOR ENERGY SAVER T8 32W;1X25UN
4063;OSRAM-LAMP.FLUOR T10 20W LDE;1X25UN
4064;OSRAM-LAMP.FLUOR T10 40W LDE;1X25UN
4065;OSRAM-LAMP.ELET.DULUX VALUE 220-240V 19W;1X10UN
4066;OSRAM-LAMP.ELET.DULUXSTAR 220 10W  ;1UN
4067;OSRAM-LAMP.ELET.DULUXSTAR 220 15W;1UN
3989;FINI BALA GELATINA MICKEY CITRICO;12X90GR
3990;DAFRUTA NECTAR CAJU ;12X1LT
3991;DAFRUTA NECTAR LARANJA;12X1LT
3992;DAFRUTA NECTAR MANGA ;12X1LT
3993;DAFRUTA NECTAR MARACUJA;12X1LT
3994;DAFRUTA NECTAR UVA;12X1LT
3995;DAFRUTA NECTAR PESSEGO ;12X1LT
4068;OSRAM-LAMP.ELET.DULUXSTAR 220-240V 20W;1X6UN
4045;V.FERTIL-ALCAPARRAS VD;12X60GR
4046;V.FERTIL-CEBOLINHAS CRISTAL PT;12X100GR
4047;V.FERTIL-CHAMPIGNON PT;12X100GR
4048;V.FERTIL-PEPINO INTEIRO EM CONSERVA VD;15X300GR
4049;V.FERTIL-TOMATE SECO EM AZEITE OLIVA PT;12X100GR
4071;OSRAM-LAMP.EL. DULUXSTAR MTWIST 220V 18W;1UN
3996;DAFRUTA NECTAR GOIABA;12X1LT
3997;DAFRUTA LIGHT NECTAR PESSEGO;12X1LT
3999;DAFRUTA LIGHT NECTAR UVA ;12X1LT
4000;DAFRUTA LIGHT NECTAR GOIABA ;12X1LT
4001;DAFRUTA NECTAR MIX CAJU/LARANJA;12X1LT
4002;DAFRUTA NECTAR MIX ACEROLA/LARANJA ;12X1LT
4003;BUNGE-AZEITE OLIVA E.V. COCINERO PET ARG;12X250ML
3998;DAFRUTA LIGHT NECTAR MANGA ;12X1LT
3842;TOSCANO-MOLHO INGLES FR;6X900ML
3843;TOSCANO-KETCHUP FR;24X400GR
3844;TOSCANO-MOSTARDA FR;24X180GR
3845;TOSCANO-PALMITO INTEIRO ;24X180GR
3787;PAN-MEDALHAS DE CHOC.AO LEITE R.1398;20X80GR
3709;GEO DESINFETANTE PINHO REF.505;12X500ML
3710;GEO DESINFETANTE LAVANDA REF.506;12X500ML
4004;D.BENTA-FERMENTO PO QUIM. TRAD R.792;36X100GR
4010;RELOGIO PONTO ORION 6B S/GUILHO;1UN
4019;BUNGE-MARG.PRIMOR C/SAL R.114626;24X250GR
4020;KIT V.ESTILO SC CABERNET SAUV.1GFA C/1TC;4X750ML
4021;KIT V.ESTILO SC CABERNET SAUV.1GFA C/2TC;4X750ML
4022;KIT V.ESTILO SC CHARDONNAY 1GFA C/1TACA;4X750ML
4023;KIT ESPUMANTE SC MOSCATEL BCO 1GFA C/2TC;4X750ML
4033;B.VISTA-BISC.PAO DE MEL;36X70GR
3711;GEO DESINFETANTE OCEAN REF.507;12X500ML
3726;FLORESTAL PIRULITO FLOPITO FRUTAS ;1X400GR
3869;PLASVALE-CAIXA RETANGULAR 11LT REF.123;6X11LT
3870;PLASVALE-GARRAFA 2LT REF.618;12X2LT
3871;PLASVALE-JARRA 3LT C/TAMPA REF.654;6X3LT
3872;PLASVALE-JARRA 2LT REF.203;12X2LT
3873;PLASVALE-CAIXA P/ALIMENTOS 7LT REF.522;12X7LT
3874;PLASVALE-PORTA TALHERES C/TAMPA REF.645;1X6UN
4012;FINI BALA GELATINA AMORAS ;12X500GR
4013;FINI BALA GELATINA AROS DE MORANGO;12X500GR
4014;FINI BALA GELATINA BANANAS;12X500GR
4015;FINI BALA GELATINA BEIJOS DE MORANGO;12X500GR
4016;FINI BALA GELATINA DENTADURAS;12X500GR
4017;EVAPORADORA MSM-12CR SPLIT 1200BTUS;1UN
4018;CONDENSADORA MSM-12CR SPLIT 1200 BTUS;1UN
3712;GEO ALVEJANTE LAVANDA REF.517;6X2LT
3846;TOSCANO-PALMITO INTEIRO ;15X300GR
3847;TOSCANO-AZEITE DE OLIVA LT;5X500ML
3912;LIQ 2VEL MONDIAL ULTRA L25 BR 220V;1UN
3913;MINI SAND/GRILL CADANCE SAN204/214 PR;1UN
3914;BATEDEIRA 3VEL MALLORY GIROMAX BR 220V;1UN
3915;DISPLAY DE CHAO REF.11;1UN
3916;REFRIGERADOR EXPOSITOR SC40B 40LT;1UN
4005;ALADDIN-G.T.ROLHA TRADICAO SORT R.3100;1LT
4006;ALADDIN-G.T.ROLHA TRADICAO C/BICO R.3102;1LT
4007;ALADDIN-G.T.ROLHA LINEA LISA SORT R.4200;750ML
4008;ALADDIN-G.T.ROLHA LINEA DECORADA R.4210;750ML
4009;ALADDIN-GARRAFAO TERMICO SORTIDO R.1402;5LT
4025;OSRAM-REATOR ELE.EZ-A PLUS 2X16 127-220V;1UN
4026;OSRAM-LAMP.FLUOR T8 16W LUMILUX;1UN
4027;DISPENSADORA DE SUCO;1UN
3917;FLORESTAL PIRULITO MILKINO;1X400GR
3918;FLORESTAL BALA XAVECO LIMAO REF.291;1X700GR
3919;FLORESTAL BALA XAVECO EUCALIPTO REF.292;1X700GR
3920;FLORESTAL BALA XAVECO CEREJA REF.293;1X700GR
3921;FLORESTAL PIRULITO GOLACO CEREJA;50X600GR
3922;FLORESTAL PIRULITO CHICLE XAVECO;1X600GR
3923;FLORESTAL PIRULITO CHICLE PIT PET;1X600GR
4028;SUCO UVA BAG ALIANCA ROSE INTEGRAL;10LT
4029;SUCO UVA BAG ALIANCA TINTO INTEGRAL;10LT
4030;OSRAM-REATOR ELE.QTP-M 2X26 32W 230-240V;1UN
4031;OSRAM-LAMP.ELET.DULUX D/E 26W;1UN
4011;SUCO UVA BAG PREMIER TINTO INTEGRAL;4X3LT
4024;VITTAMAX-RACAO GATOS CARNE;25KG
4032;FONTANA-SABONETE IARA CONJUNTO;24X4X90GR
3988;FINI BALA GELATINA TWIST;12X90GR
3924;FLORESTAL CHICLE CLISS CART.MENTA;12X16,8GR
3925;FLORESTAL CHICLE CLISS CART.TUTTI-FRUTTI;12X16,8GR
3926;FLORESTAL CHICLE CLISS CART.HORTELA;12X16,8GR
3927;FLORESTAL AMENDOIM CONFEITADO SPIK'S;50X30GR
3968;V.FERTIL-AZ.BALDE PTA CALIFORNIANA14/16G;2KG
3820;SAPEKA LENCO UMEDECIDO BALDE ;400UN
3827;DAFRUTA SUCO CONC.LARANJA;12X500ML
3828;DAFRUTA SUCO CONC.CUPUACU;12X500ML
4104;B.VISTA-WAFER FAZENDINHA FLOCOS;40X115GR
4105;B.VISTA-WAFER FAZENDINHA MORANGO;40X115GR
4106;B.VISTA-WAFER FAZENDINHA CHOCOLATE;40X115GR
4107;B.VISTA-WAFER FAZENDINHA LIMAO;40X115GR
4108;B.VISTA-BISC.AGUA E SAL;40X200GR
4109;B.VISTA-BISC.CREAM CRACKER ;40X200GR
4110;B.VISTA-BISC.MAIZENA ;40X200GR
4095;OSRAM-LAMP.FLUOR T5 28W LUMILUX;1UN
3821;DAFRUTA SUCO PREMIUM MANGA LIGHT LT;12X335ML
3822;DAFRUTA SUCO PREMIUM MARACUJA LIGHT LT;12X335ML
3823;DAFRUTA SUCO PREMIUM PESSEGO LIGHT LT;12X335ML
3824;DAFRUTA SUCO PREMIUM UVA LIGHT LT;12X335ML
3825;DAFRUTA SUCO PREMIUM CAJU LT;12X335ML
3826;DAFRUTA SUCO PREMIUM MORANGO LT;12X335ML
3829;PVM-MENTOS SM SORT.CARZY MIX ;BAG 100GR
4096;OSRAM-LAMP.FLUOR T8 32W LUMILUX;1UN
4097;OSRAM-LAMP.POWERSTAR HQI E 250W D E40 ;1UN
4100;BUNGE-AZEITE ANDORINHA PURO LT PORT.;LT 200ML
4102;V.FERTIL-AZEITE OLIVA ARGENTINO LT;12X500ML
4103;V.FERTIL-AZEITE OLIVA ARGENTINO LT;12X200ML
4119;PLASVALE-CONJ.2 FORMAS P/GELO REF.658;1X12UN
4051;VITTAMAX-RACAO GATOS CARNE;8KG
3830;CONG BCO CHA22CBBNA CONSUL;1 UN
3834;MULTIDRINK VODKA RAIZOV RED PET;6X900ML
3853;FINI MINI TUBES MIX MARACUJA E MORANGO ;12X90GR
3854;TV SEMP TOSHIBA 2934SL ULTRA SLIM;1UN
3855;TOSCANO-MOLHO P/SALADA ROSE FR;6X240ML
3835;TOSCANO-MOLHO DE PIMENTA FR;24X150ML
3836;TOSCANO-MOLHO SHOYU FR;24X150ML
3837;TOSCANO-MOLHO DE ALHO FR;24X150ML
4173;FIAT/UNO MILLE FIRE 2005/2005;1UN
4127;PLASVALE-QUEIJEIRA REF.652;1X8UN
4128;PLASVALE-BACIA CANELADA VERDE REF.352;12X4,6LT
4129;PLASVALE-BACIA CANELADA VERDE REF.353;12X8LT
4130;PLASVALE-BACIA CANELADA VERDE REF.355;4X34LT
4131;PLASVALE-INF.SQUEEZE BIKE BOTTLE R.479DK;30X0,28LT
4132;PLASVALE-INF.CANECA DECORADO REF.214DB;12X0,3LT
4133;PLASVALE-INF.COPO C/CANUDO R.211DB;12X0,23LT
4134;PLASVALE-INF.CONJ.P/LANCHE R.205DB;1X6UN
4174;VITTAMAX-COMEDOURO DUPLO REF.770;1UN
4175;VITTAMAX-COMEDOURO PEQUENO REF.771;1UN
4176;VITTAMAX-CESTO C/TAMPA 64LT  REF.377LP;1UN
4177;PLASVALE-COMEDOURO PEQUENO REF.771;12X0,5LT
4178;FLORESTAL CHICLE BUG TUTTI-FRUTTI C/100;100X300GR
4179;FLORESTAL CHICLE BUG MORANGO C/100;100X300GR
4180;FLORESTAL CHICLE BUG HORTELA C/100;100X300GR
4181;FLORESTAL CHICLE BUG UVA C/100;100X300GR
4135;PLASVALE-INF.SABONETEIRA R.531DB;1X12UN
4136;PLASVALE-INF.BAU DECORADO R.225;3X38LT
4137;PLASVALE-INF.URINOL REF.215DB;1X6UN
4138;PLASVALE-INF.BANHEIRA CONFORTO REF.500;1X6UN
4139;PLASVALE-COMEDOURO DUPLO REF.770;12X0,8LT
4091;VITTAMAX-TIRINHAS NHAC CARNE ;1X20UN
4092;VITTAMAX-TIRINHAS NHAC FRANGO;1X20UN
4182;FLORESTAL PIR.PATATI PATATA T.FRUTI C/40;1X320GR
4183;FLORESTAL BALA MAST.PATATI PATATA C/140;1X700GR
4185;OSRAM-LAMP.POWERSTAR HQI E 150W NDL E27;1UN
4186;OSRAM-REATOR ELE.POWERTRONIC 150/220-240;1UN
4187;FLORESTAL CHICLE IMINT BLUE S/ACUCAR;18X8,5GR
4188;FLORESTAL CHICLE IMINT GREEN S/ACUCAR;18X8,5GR
4189;FLORESTAL CHICLE IMINT RED S/ACUCAR;18X8,5GR
4093;VITTAMAX-TIRINHAS NHAC LINGUICA;1X20UN
4094;PALLET CHEP AZUL;1UN
4141;FERRERO-TIC-TAC ARVORE T24;24X16GR
4142;FERRERO-TIC-TAC HORTELA;14X16GR
4143;PLASVALE-EXPOSITOR HEXAGONAL DE METAL;1UN
4144;TOSCANO-MOLHO DE ALHO FR;12X1010ML
4145;TOSCANO-MOLHO DE PIMENTA FR;12X1010ML
4146;TOSCANO-MOLHO INGLES FR;12X1010ML
4184;FIAT/UNO MILLE FIRE 2004/2005;1UN
4190;FIAT/UNO MILLE FIRE 2005/2006;1UN
4147;TOSCANO-MOLHO SHOYU FR;12X1010ML
4148;FLORESTAL BALA FLOPI LUAN SANTANA SORT.;12X40GR
4149;B.VISTA-PALITOS COBERT. CHOC. DOUCITOS;30X78GR
4098;OSRAM-LAMP.FLUOR T5 14W LUMILUX;1UN
4099;OSRAM-LAMP.V SODIO NAVSON-E 250W E40 SIL;1UN
4101;FLORESTAL BALA DURA MENTA;1X700GR
4150;BEBE CONFORTO;1UN
4151;BUNGE-OLEO COMP. SALADA LT R.807907;20X200ML
4072;OSRAM-LAMP.EL. DULUXSTAR MTWIST 220V 23W;1UN
4073;OSRAM-REATOR ELET. RTA  2X20 127-220V;1UN
4052;OSRAM-LAMP.INC.CLASSIC 220V 150W E27;1X10UN
4053;OSRAM-LAMP.INC.CLASSIC 220V 200W E27;1X10UN
4054;OSRAM-LAMP.INC.CLASSIC 220V 40W E27;1X10UN
4055;OSRAM-LAMP.INC.CLASSIC 220V 60W E27;1X10UN
4056;OSRAM-LAMP.INC.CLASSIC 220V 100W E27;1X10UN
4057;OSRAM-LAMP.INC.BELLALUX 220V 40W E27;1X10UN
4112;OSRAM-LAMP.POWERSTAR HQI T 1000W D E40 ;1UN
4113;OSRAM-LAMP.POWERSTAR HQI T 2000W N E40 ;1UN
4154;FAR.TRIGO D.BENTA VACUO RESERVA ESPECIAL;10X1KG
4155;FAR.TRIGO D.BENTA VACUO INTEGRAL;10X1KG
4157;V.FERTIL-AZ.VDE PREMIUM M.REINA S/CAROCO;12X280GR
4158;V.FERTIL-AZ.VDE PREMIUM M.REINA RECH.PIM;12X300GR
4156;FANTE-APERITIVO MALT WHISKY BLACK STONE;12X1000ML
4058;OSRAM-LAMP.INC.BELLALUX 220V 60W E27;1X10UN
4059;OSRAM-LAMP.INC.BELLALUX 220V 100W E27;1X10UN
4060;OSRAM-LAMP.INC.CLASSIC 220V 25W E27;1X10UN
4038;MONITOR SAMSUNG LCD;1UN
4039;V.FERTIL-AZEITONA VERDE FATIADA VD;24X180GR
4040;V.FERTIL-AZEITONA VERDE RECH.PIMENTAO VD;12X360GR
4041;V.FERTIL-AZEITONA VERDE RECH.PIMENTAO VD;24X200GR
4042;V.FERTIL-AZEITONA VERDE S/CAROCO VD;12X280GR
4152;OSRAM-LAMP.ELET.DULUX VALUE 220-240V 15W;1UN
4159;LEITOR LASER OPR 3201 USB;1UN
4043;V.FERTIL-AZEITONA VERDE S/CAROCO VD;24X160GR
4044;TRANSPALETE HIDR. 2200KG;1UN
4069;OSRAM-LAMP.ELET.DULUXSTAR 220-240V 23W;1X6UN
4070;OSRAM-LAMP.EL. DULUXSTAR MTWIST 220V 13W;1UN
4034;FINI MARSHMALLOW ALVORADA ;12X500GR
4035;FINI MARSHMALLOW LISTRADO MORANGO;12X500GR
4036;FINI MARSHMALLOW CORACAO;12X500GR
4161;OSRAM-LAMP.LED PARATHOM CLA40 8W100-240V;1UN
4162;MULTIDRINK VODKA RAIZOV BLACK TRICK;6X950ML
4163;MULTIDRINK VODKA RAIZOV RED FRUIT;6X950ML
4164;FLORESTAL BALA SM MINT HORTELA ;30X100GR
4165;MULTIDRINK VODKA RAIZOV PINA COLADA;6X950ML
4166;MULTIDRINK VODKA RAIZOV KIWI;6X950ML
4167;MULTIDRINK VODKA RAIZOV ORANGE;6X950ML
4168;MULTIDRINK VODKA RAIZOV VANILLA;6X950ML
4037;FINI CHICLE SALADA FRUTAS ;12X500GR
4050;PAN-MOEDAS DE CHOCOLATE R.1349;20X80GR
4090;BUNGE-AZEITE SOLEADA PURO LT ESPANHOL  ;LT 200ML
9103;FESTTONE-PANETTONE TRUF.DOCE LEITE 500G;1X500GR
4140;PLASVALE-COMEDOURO MEDIO REF.772;12X1LT
4118;PLASVALE-LAVADOR DE ARROZ R.519;1X6UN
4083;OSRAM-LAMP.ELET.DULUXSTAR 220-240V 15W;1X6UN
4084;OSRAM-LAMP.EL.DULUXSTAR MTWIST 220V 13W;1X6UN
4085;OSRAM-LAMP.EL.DULUXSTAR MTWIST 220V 18W;1X6UN
4169;MULTIDRINK VODKA RAIZOV MACA;6X950ML
4170;MULTIDRINK VODKA RAIZOV MARACUJA;6X950ML
4171;MULTIDRINK VODKA RAIZOV ORIGINAL;6X950ML
4172;MULTIDRINK VODKA RAIZOV LEMON;6X950ML
4086;OSRAM-LAMP.EL.DULUXSTAR MTWIST 220V 23W;1X6UN
4088;FLORESTAL PIRULITO PICOLE MORANGO C/50UN;1X600GR
4089;FLORESTAL PIRULITO PICOLE NAPOLIT C/50UN;1X600GR
4120;PLASVALE-JARRA 1LT REF.202;12X1LT
4121;PLASVALE-ATTUALE JARRA VERDE REF.676;4X1,8LT
4122;PLASVALE-ATTUALE COPO VERDE  REF.677;6X0,4LT
4123;PLASVALE-ATTUALE BANDEJA VERDE REF.690;1X4UN
4082;OSRAM-LAMP.ELET.DULUXSTAR 220-240V 10W  ;1X6UN
4160;VINICOLA COPOS DESC. 250 ML;1X2000UN
4124;PLASVALE-ATTUALE CANECA VERDE REF.678;6X0,4LT
4125;PLASVALE-ATTUALE CREMEIRA VERDE REF.681;6X0,35LT
4114;SAPEKA FRALDA FLUFFY JUMBO P 80X1 ;PCT
4115;SAPEKA FRALDA FLUFFY JUMBO M 72X1 ;PCT
4116;SAPEKA FRALDA FLUFFY JUMBO G 60X1 ;PCT
4117;SAPEKA FRALDA FLUFFY JUMBO EG 50X1 ;PCT
9104;FESTTONE-PANETTONE TRUF.BRIGADEIRO 500G ;1X500GR
4126;PLASVALE-POTE RET.C/3 DIVISOES REF.1183;12X1,4LT
4191;FLORESTAL PIRULITO SM CORACAO VERMELHO;26X120GR
4192;FLORESTAL PIRULITO SM FLOPITO FRUTAS;30X80GR
4193;FLORESTAL BALA SM MACIA IOGURTE;30X100GR
4194;PNEU R.275/80 R.22,5 X MULTIWAY XZE;1UN
4210;FINI CHICLE PT MELANCIA;1X125UN
4196;FLORESTAL PIRULITO SM PICOLE NAPOLITANO;30X80GR
4197;FLORESTAL PIRULITO SM PICOLE DI CORACAO;30X80GR
4198;FLORESTAL PIR.SM PATATI PATATA T.FRUTTI;30X80GR
4211;B.VISTA-BISC.MER. RECH MORANGO FAZENDINH;40X140GR
4212;MULTIDRINK ICE RAIZOV MARACUJA VD;12X275ML
4213;MULTIDRINK ICE RAIZOV LEMON VD;12X275ML
4195;FLORESTAL PIRULITO SM CORACAO COLORIDO;26X120GR
4206;GEO LIMP.PERF.FLORES DA PRIMAVERA R.522;12X1LT
4207;GEO LIMP.PERF.ORVALHO DA MANHA REF.523;12X1LT
4208;GEO LIMP.PERF.CAMPOS DE LAVANDA REF.525;12X1LT
4209;GEO LIMP.PERF.BRISAS DO MAR REF.524;12X1LT
4204;FLORESTAL BALA BRAZILIAN COFFEE DP;1X500GR
4205;FLORESTAL BALA SM MACIA ZOLLE FRAMBOEZA ;30X100GR
4199;FLORESTAL BALA SM MOLE SORTIDAS ;30X100GR
4200;FLORESTAL BALA SM CARAMELO MILKEN;40X80GR
4201;FLORESTAL BALA SM DURA BOLINHA CANELA;30X100GR
4202;FLORESTAL BALA SM DURA FRUTAS PREMIUM;30X100GR
4203;FLORESTAL BALA SM DURA MENTA ;30X100GR
9105;FESTTONE-PANETTONE PETIT GATEAU 500G;1X500GR
4219;PURITY-NECTAR TP LARANJA C/ACEROLA;12X1LT
4227;PURITY-NECTAR TP UVA;12X1LT
4228;PURITY-NECTAR TP MARACUJA;12X1LT
4229;PURITY-NECTAR LIGHT MANGA;12X1LT
4230;PURITY-NECTAR LIGHT GOIABA;12X1LT
4231;PURITY-NECTAR LIGHT UVA;12X1LT
4232;PURITY-NECTAR LIGHT PESSEGO;12X1LT
4262;SUAVIT-MAIONESE PET PT;12X500GR
4263;SUAVIT-MAIONESE LIGHT PET PT;12X500GR
4264;SUAVIT-MAIONESE STAND UP POUCH;12X500GR
4265;SUAVIT-MAIONESE STAND UP POUCH;24X200GR
4267;SUAVIT-CATCHUP;24X400GR
4268;SUAVIT-CATCHUP PICANTE;24X400GR
4269;SUAVIT-MOSTARDA;24X190GR
4252;FLORESTAL BALA SM CHOCOLATE MILKEN ;40X100GR
4273;PURITY-ALIM.SOJA LIGHT PESSEGO;12X1LT
4274;PURITY-ALIM.SOJA LIGHT UVA;12X1LT
4275;V.FERTIL-AZEITONA VERDE LIGHT VD;24X200GR
4277;PNEU R.275/80 R.22,5 XZE2 +149L;1UN
4278;PNEU R.900 R20 XZ\E2 140K;1UN
4279;CAMARA 20 M;1UN
4280;PROTETOR 200-20 L;1UN
4253;PURITY-ALIM.SOJA TP ABACAXI;12X1LT
4254;PURITY-ALIM.SOJA MAMAO C/BANANA;12X1LT
9106;FESTTONE-PANETTONE BRIGADEIRO PREM. 600G;1X600GR
4255;PURITY-ALIM.SOJA MORANGO;12X1LT
4256;PURITY-ALIM.SOJA FRAPE DE COCO;12X1LT
4257;PURITY-ALIM.SOJA CEREAIS C/MEL;12X1LT
4258;PURITY-ALIM.SOJA INF. MACA TP;27X200ML
4259;PURITY-ALIM.SOJA INF. LARANJA TP;27X200ML
4233;PURITY-NECTAR INF. GUARANA C/ACAI TP;27X200ML
4234;PURITY-NECTAR INF. LARANJA TP;27X200ML
4235;PURITY-NECTAR INF. PESSEGO TP;27X200ML
4236;PURITY-NECTAR INF. UVA TP;27X200ML
4237;PURITY-NECTAR INF. FRUTAS CITRICAS TP;27X200ML
4238;PURITY-NECTAR LTA UVA ;12X335ML
4239;PURITY-NECTAR LTA PESSEGO ;12X335ML
4240;PURITY-NECTAR LTA MANGA ;12X335ML
4214;SUAVIT-OLEO DE CANOLA PET;20X900ML
4215;SUAVIT-OLEO DE GIRASSOL PET;20X900ML
4216;SUAVIT-OLEO DE MILHO PET;20X900ML
4217;SUAVIT-OLEO COMPOSTO DE SOJA E OLIVA LT;24X200ML
4218;SUAVIT-OLEO COMPOSTO DE SOJA E OLIVA LT;24X500ML
4241;PURITY-NECTAR LTA LIGHT UVA ;12X335ML
4242;PURITY-NECTAR LTA LIGHT GOIABA ;12X335ML
4243;PURITY-ALIM.SOJA ORIGINAL C/CALCIO;12X1LT
4244;PURITY-ALIM.SOJA TP LARANJA C/ACEROLA;12X1LT
4245;PURITY-ALIM.SOJA TP MANGA;12X1LT
4246;PURITY-ALIM.SOJA TP MARACUJA;12X1LT
4247;PURITY-ALIM.SOJA TP LARANJA;12X1LT
4248;PURITY-ALIM.SOJA TP PESSEGO;12X1LT
4249;PURITY-ALIM.SOJA TP UVA;12X1LT
4250;PURITY-ALIM.SOJA TP GOIABA;12X1LT
4251;PURITY-ALIM.SOJA TP LIMAO C/HORTELA;12X1LT
4260;PURITY-ALIM.SOJA INF. PESSEGO TP;27X200ML
4261;PURITY-ALIM.SOJA INF. UVA TP;27X200ML
4266;SUAVIT-MAIONESE LIMAO PET PT;12X500GR
4270;OSRAM-LAMP.ELET.DULUXSTAR220-240 20W OCN;1X6UN
4271;PURITY-ALIM.SOJA TP MACA;12X1LT
4272;PURITY-ALIM.SOJA LIGHT LARANJA;12X1LT
4220;PURITY-NECTAR TP UVA BRANCA;12X1LT
4221;PURITY-NECTAR TP GUARANA C/ACAI;12X1LT
4222;PURITY-NECTAR TP FRUTAS CITRICAS;12X1LT
4223;PURITY-NECTAR TP GOIABA;12X1LT
4224;PURITY-NECTAR TP LARANJA;12X1LT
4225;PURITY-NECTAR TP MANGA;12X1LT
4226;PURITY-NECTAR TP PESSEGO;12X1LT
4292;PLASVALE-CAIXA P/ALIMENTOS 17LT R.523;6X17LT
4293;PLASVALE-POTE C/TAMPA E ROSCA 1LT R.1217;12X1LT
4294;PLASVALE-POTE FREEZER/MICRO 2,1LT R.333;6X2,1LT
4295;PLASVALE-POTE FREEZER/MICRO 2,2LT R.334;6X2,2LT
4296;PLASVALE-POTE FREEZER/MICRO 3,7LT R.335;6X3,7LT
4297;PLASVALE-CONJ.5 POTES QUADRADOS REF.400;1X6UN
4298;PLASVALE-POTE HERMETICO 3LT REF.243;12X3LT
4314;PURITY-ALIM.SOJA C/CAFE;12X1LT
4291;PLASVALE-PORTA GARRAFAS REF.239;1X6UN
4299;PLASVALE-POTE HERMETICO 4,75LT R.244;6X4,75LT
4300;PLASVALE-POTE HERMETICO 7,5LT REF.245;6X7,5LT
4301;PLASVALE-CAIXA P/ALIMENTOS 2,2LT REF.521;12X2,2LT
4302;PLASVALE-CAIXA PLASVALE REF.649;1X3UN
4303;PLASVALE-BALDE REFORCADO 11LT REF.767;6X11LT
4304;PLASVALE-CESTO ORGANIZADOR GRANDE R.1222;1X12UN
4305;PLASVALE-ORGANIZADOR TRAVA E ALCA R.1227;12X8LT
4306;PLASVALE-JARRA C/TAMPA E COPO 2,5L R.653;6X2,5LT
4307;MODEM USB 3G HUAWEI E173 DUALBAND;1UN
4308;REATOR V METAL.1000W X 220V AFP EXT-INTR;1UN
4309;AP 3G NOKIA C2 01 PTO;1UN
4310;SC BLISTER RED 6NP CO 128KB AAC001 MICRO;1UN
4311;SC BOPP 6NP CO 128KB AAC003;1UN
4286;B.VISTA-BICICLETA 12 ARCO IRIS;1UN
4287;B.VISTA-KID CROSS ROSA;1UN
4281;MULTIDRINK ESPUMANTE CRISTAL BRANCO;12X660ML
4282;OSRAM-LUMINARIA LEDSTIXX;1UN
4283;PURITY-ALIM.SOJA CAPPUCCINO C/CANELA;12X1LT
4284;FLORESTAL BALA SM TOFFEE;30X100GR
4285;PLASVALE-FEIRINHA 51 ITENS REF.425LP;1X51UN
4288;PLASVALE-BACIA REDONDA 19,5LT REF.128;6X19,5LT
4289;PLASVALE-LIXEIRA BASCULANTE P/PIA R.170;1X6UN
4290;PLASVALE-JARRA C/ESPREMEDOR  REF 200.1;8X1,75LT
4312;MAGUARY-AGUA DE COCO PURO COCO TP;12X1LT
4313;MAGUARY-AGUA DE COCO PURO COCO TP;12X330ML
4315;SUCO UVA BAG BEIJA-FLOR TINTO INTEGRAL;3X5LT
4318;SERIGY-LEITE DE COCO RTG;24X200ML
4319;SERIGY-LEITE DE COCO RTG;12X500ML
4320;SERIGY-LEITE DE COCO INTEGRAL;24X200ML
4321;SERIGY-LEITE DE COCO INTEGRAL;12X500ML
4322;SERIGY-COCO RALADO EXTRA UMIDO;5X1,0KG
4323;SERIGY-COCO RALADO EXTRA UMIDO;50X50GR
4324;SERIGY-COCO RALADO EXTRA UMIDO;24X100GR
4325;SERIGY-COCO RALADO PURO;50X50GR
4326;SERIGY-COCO RALADO PURO;24X100GR
4327;SERIGY-SUCO CONC.CAJU;12X500ML
4328;SERIGY-SUCO CONC.MARACUJA;12X500ML
4329;SERIGY-SUCO CONC.MANGA;12X500ML
4330;SERIGY-SUCO CONC.UVA;12X500ML
4331;SERIGY-SUCO CONC.GOIABA;12X500ML
4333;MULTIDRINK ICE RAIZOV ORANGE VD;12X275ML
4334;MULTIDRINK ICE RAIZOV KIWI VD;12X275ML
4335;MULTIDRINK ICE RAIZOV RED FRUT VD;12X275ML
4336;MULTIDRINK ICE RAIZOV VANILLA VD;12X275ML
4337;MULTIDRINK ICE RAIZOV MACA VERDE VD;12X275ML
4332;SERIGY-SUCO CONC.ABACAXI;12X500ML
4339;COMPUTADOR COMPLETO;1UN
4340;V.FERTIL-AZEITONA PRETA;24X200GR
4341;KIT CEBOLINHA ECH7198;1PC
4342;KIT CALCO 3529902040CX12;1JG
4343;KIT BRONZINA RBC275JSTD;1JG
4344;KIT BUCHA RBG017U;1PC
4345;KIT BUCHA REC034J051 SEMI;1JG
4346;KIT ENGRENAGEM E-603;1PC
4347;KIT GUIA 043020R;1PC
4348;KIT GUIA 265020R;1PC
4349;KIT JUNTA 48809ORSC;1JG
4350;KIT PISTA 620;1PC
4351;KIT PISTAO RS48300STD;1PC
4352;KIT REPARO UR1313RL;1PC
4353;KIT SELO SELO 60.30;1PC
4338;V.FERTIL-AZEITE OLIVA ARG.EXT.VIRGEM VD;12X500ML
4354;KIT TUCHO 041020R;1PC
4355;KIT VALVULA 4069.71;1PC
4356;KIT ROLAMENTO ROL6204;1PC
4357;KIT COMPRESSOR 1953-4;1PC
4358;KIT TINTA VERDE DUCO;1LT
4359;FINI TUBINHO CITRICO MUPPETS;12X80GR
4376;TOSCANO-COGUMELO INTEIRO;24X100GR
4377;TOSCANO-MOLHO P/SALADA ITALIANO FR;12X240ML
4378;TOSCANO-MOLHO P/SALADA PARMESSAO FR;12X240ML
4379;TOSCANO-MOLHO P/SALADA ROSE FR;12X240ML
4387;PAN-PAO DE MEL COB.CHOC. R.3409;20X100GR
4388;PAN-PAO DE MEL COB.CHOC. R.8722;20X200GR
4436;MONT-PICK NICK FLOCOS DE MILHO C/CHOC.;18X30GR
4437;MV-PICK NICK BANANA PASSA C/CHOC. DP;18X40GR
4438;MONT-PICK NICK PIPOCA C/CHOCOLATE R.3329;18X25GR
4439;MV-PICK NICK AMENDOIM C/CHOCOLATE DP;18X40GR
4440;MONT-TOCATA AMENDOAS CONF.CHOC.AO LEITE;24X80GR
4441;MONT-TOCATA UVA PASSA COB.CHOC.AO LEITE;24X80GR
4394;FLORESTAL CHICLE LOURO JOSE HORTELA;50X150GR
4462;FLORESTAL PIRULITO COELHINHO MORANGO;1X750GR
4386;FINI MARSHMALLOW MORANGO;12X60GR
4442;MONT-TOCATA BANANA PASSA COB.CHOC.LEITE;24X80GR
4443;MONT-TOCATA AMENDOIM COB.CHOC.AO LEITE;24X80GR
4444;MONT-TUB-IN C/RECHEIO DE TRUFAS R.4612;24X54GR
4445;MONT-TUB-IN C/RECHEIO DE AVELA R.4622;24X54GR
4446;MONT-TUB-IN C/RECHEIO DE LEITE R.4632;24X54GR
4447;MONT-TUB-IN C/RECHEIO DE CHOCOLATE;24X54GR
4448;MONT-B.CEREAIS CORPO&SABOR SM CEREJA ;24X3X25GR
4415;MV-TORRONE C/CASTANHA DE CAJU DP ;12X45GR
4416;MV-TORRONE C/AMENDOIM DP R.1638;12X45GR
4417;MV-TORRONE C/AMENDOIM CACAU E MEL SUPER3;3X90GR
4418;MV-TORRONE C/CASTANHA DE CAJU SUPER3 ;3X90GR
4419;MV-TORRONE C/AMENDOIM SUPER3 270GR;3X90GR
4384;DISPENSADORA DE SUCO 5LT;1UN
4398;PLASVALE-JARRA GRADUADA 1LT REF.216;6X1LT
4399;PLASVALE-RALADOR 4 FACES REF.234;1X4UN
4400;PLASVALE-PA PARA LIXO REF.528;1X12UN
4401;PLASVALE-FARINHEIRA/ACUCAREIRO REF.538;12X0,9LT
4402;PLASVALE-SQUEEZER BIKE BOTTLE REF.558;12X0,75LT
4403;PLASVALE-GARRAFA 1LT REF.617;12X1LT
4404;PLASVALE-ESCORREDOR P/MASSAS REF.619;1X6UN
4405;PLASVALE-PENEIRA PEQUENA REF.641;1X12UN
4406;PLASVALE-PENEIRA MEDIA REF.642;1X12UN
4407;PLASVALE-PENEIRA GRANDE REF.643;1X12UN
4408;PLASVALE-SALEIRO 1LT REF.646;12X1LT
4409;PLASVALE-GARRAFA 1,6LT REF.1186;12X1,6LT
4410;PLASVALE-FUNIL MEDIO REF.1219;1X24UN
4411;PLASVALE-BALDE RECYCLE 8LT REF.160LP;12X8LT
4395;VITTAMAX-RACAO CAES FILHOTE PEQ.RACAS;10X1KG
4396;VITTAMAX-RACAO CAES FILHOTE PEQ.RACAS;6X2,3KG
4397;VITTAMAX-RACAO CAES FILHOTE PEQ.RACAS;10,1KG
4365;PAN-PAO DE MEL COB.CHOC. SM CJ2 R.8410;CX 50X2
4366;ARAGUAIA-FARINHA TRIGO PAPEL ;10X1KG
4369;FINI B.GELATINA JELLY SOUR MIX POTE;8X170GR
4370;FINI POTE SLEEVER CINEMA MIX;8X170GR
4371;FINI B.GELATINA JELLY MIX POTE;8X170GR
4372;FINI BALA GELATINA CAPITAO AMERICA;12X90GR
4449;MONT-B.CEREAIS CORPO&SABOR SM BANANA ;24X3X25GR
9122;FLORESTAL PASTILHA LAR/CHOC.KIDS VIT C;1X105GR
4389;BICICLETA 26 18 M. MASC.F.V. BREKE;1
4412;FINI-DISPLAY BALCAO 4 FRENTES;1UN
4413;FINI-DISPLAY BALCAO 6 FRENTES;1UN
4414;FINI-DISPLAY BALCAO 9 FRENTES;1UN
4450;MONT-B.CEREAIS CORPO&SABOR SM CAST.PARA ;24X3X25GR
4451;MONT-B.CEREAIS CORPO&SB SM MACA U.PASSA;24X3X25GR
4452;MONT-B.CEREAIS CORPO&SABOR CEREJA R.6018;24X25GR
4453;MONT-B.CEREAIS CORPO&SABOR BANANA R.6118;24X25GR
4454;MONT-B.CEREAIS CORPO&SABOR CASTANHA PARA;24X25GR
4381;FINI TUBINHO BANANA;12X80GR
4382;FINI TUBINHO CITRICO MACA VERDE;12X80GR
4383;FINI TUBINHO CITRICO PESSEGO;12X80GR
4385;SERIGY-AGUA DE COCO BOM COCO PET;24X200ML
4420;MONT-TORRONE SM PREM.C/AMENDOAS E MEL;24X3X70GR
4421;MONT-TORRONE SM PREM.CAST.PARA E PASSAS;24X3X70GR
4422;MONT-BOMBOM AO LEITE C/RECH.AVELA R.2375;12X185GR
4380;FINI MARSHMALLOW MICKEY;12X50GR
4455;MONT-B.CEREAIS CORPO&SABOR MACA U.PASSA;24X25GR
4456;MONT-B.FRUTA SM BAN.PASSA AVEIA COB.CHOC;24X3X28GR
4457;MONT-B.FRUTA SM LIGHT BAN.LINHACA C.CAJU;24X3X25GR
4458;MONT-B.FRUTA LIGHT BANANA LINHACA C.CAJU;24X25GR
4459;MONT-B.FRUTA BANANA PASSA AVEIA COB.CHOC;24X28GR
4460;MONT-GRANOLA TRAD.MACA UVA PASSA R.6515;12X250GR
4461;MONT-GRANOLA LIGHT MACA UVA PASSA BANANA;12X250GR
9123;FLORESTAL PASTILHA LAR/CHOC.ADULTO VIT C;1X105GR
4360;FINI BALA GELATINA STAND BEIJOS MORANGO ;12X270GR
4361;FINI BALA GELATINA STAND CINEMA MIX ;12X270GR
4362;FINI BALA GELATINA STAND DENTADURAS ;12X270GR
4363;FINI BALA GELATINA STAND MINE TUBES MIX ;12X270GR
4364;FINI BALA GELATINA STAND MINHOCA BRILHO;12X270GR
4367;MAGUARY NECTAR PESSEGO ;12X1LT
4368;FINI MARSHMALLOW CAPITAO AMERICA;12X50GR
4373;FINI TIJOLINHO NATA;12X90GR
4374;FINI TIJOLINHO MORANGO;12X90GR
4375;FINI TIJOLINHO CITRICO MORANGO;12X90GR
4463;FLORESTAL CHICLE CLISS CART.CANELA;12X16,8GR
4464;FLORESTAL BALA BRAZILIAN FRUIT MELANCIA;1X700GR
4465;FLORESTAL BALA BRAZILIAN FRUIT MORANGO;1X700GR
4466;FLORESTAL BALA BRAZILIAN FRUIT UVA;1X700GR
4391;V.FERTIL-AZEITONA PRETA PREMIUM AZAPA VD;12X360GR
4392;V.FERTIL-AZEITONA VERDE PREMIUM GORDAL ;12X360GR
4393;V.FERTIL-CEREJAS MARRASQUINO PT;12X110GR
4423;MONT-BOMBOM DE CEREJA AO LICOR REF.2005;12X195GR
4424;MONT-BOMBOM DE CEREJA AO LICOR REF.2003;24X94GR
4425;MONT-BOMBOM C/LICOR E CEREJAS PICADAS;12X100GR
4426;MONT-BOMBOM CORACAO AVELA CAIXA PRESENTE;12X100GR
4427;MONT-BOMBOM C/RECH. DE MARACUJA R.2663;12X100GR
4428;MONT-BOMBOM C/RECH. DE TRUFAS R.2763;12X100GR
4429;MONT-BOMBOM C/RECH. SABOR BRIGADEIRO;12X100GR
9124;FLORESTAL PASTILHA MENTA/CHOC.KIDS VIT D;1X105GR
4430;MONT-BOMBOM C/RECH. DE AMENDOIM R.2963;12X100GR
4431;MONT-MENTINHA CHOC.AO LEITE SABOR MENTA;12X70GR
4432;MONT-MENTINHA CHOC.AO LEITE SABOR MENTA;PT 200GR
4433;KIT MICRO SLIMTEK I5-2400/4GB;1UN
4434;MONT-PAO DE MEL MATINAL R.4005;16X3X52GR
4435;MV-PICK NICK UVA PASSA C/CHOCOLATE DP;18X40GR
4390;IMPRESSORA MULTIFUNC.HP DESKJET 2050 JTO;1 UN
4477;MONT-OVO PASCOA COELHINHO E COELHINHA;24X40GR
4478;MONT-OVO PASCOA CESTINHO DO COELHO;24X40GR
4481;"MONITOR LED 15,6 """;1UN
4482;DESKTOP HD 512 TECLADO/MOUSE;1UN
4483;FLORESTAL BALA SM CHOCOLATE MILKEN ;30X100GR
4511;EMEGE-MAC.C/OVOS NINHO;24X500GR
4512;EMEGE-MAC.C/OVOS PADRE NOSSO;24X500GR
4513;EMEGE-MAC.C/OVOS PARAFUSO;24X500GR
4514;EMEGE-MAC.C/OVOS PENNE;24X500GR
4515;EMEGE-LASANHA C/OVOS;20X500GR
4516;EMEGE-ACHOCOLATADO EM PO;12X400GR
4517;EMEGE-MIST.BOLO BANANA C/CANELA;12X450GR
4518;EMEGE-MIST.BOLO BAUNILHA;12X450GR
4519;EMEGE-MIST.BOLO CENOURA;12X450GR
4520;EMEGE-MIST.BOLO ABACAXI;12X450GR
4521;EMEGE-MIST.BOLO CHOCOLATE;12X450GR
4522;EMEGE-MIST.BOLO CHOCOLATE C/COCO;12X450GR
9125;FLORESTAL PASTILHA MENT/CHOC.ADULT VIT D;1X105GR
4523;EMEGE-MIST.BOLO CHOCOLATE C/MORANGO;12X450GR
4524;EMEGE-MIST.BOLO COCO;12X450GR
4525;EMEGE-MIST.BOLO FUBA;12X450GR
4526;EMEGE-MIST.BOLO LARANJA;12X450GR
4467;FLORESTAL BALINHA DO CORACAO FRAMBOEZA;1X700GR
4468;FLORESTAL BALINHA DO CORACAO MORANGO DP;1X500GR
4469;FLORESTAL BALINHA DO CORACAO MORANGO LT;10X1X40GR
4470;FLORESTAL PIRULITO PIMBOLAO FRAMBOESA ;1X528GR
4471;FINI-DISPLAY BALCAO 2 FRENTES;1UN
4472;FINI-DISPLAY CHECK OUT 2 FRENTES;1UN
4473;FINI-DISPLAY CHAO 500GR;1UN
4474;PLASVALE-EXPOSITOR RETANGULAR;1UN
4475;PLASVALE-EXPOSITOR CAIXA DECORADA;1UN
4476;SAPEKA-CESTO ARMADO;1UN
4479;MONT-OVO PASCOA C/3 BOMBONS CEREJA;12X250GR
4480;MONT-OVO PASCOA C/CEREJAS NA CASCA;6X450GR
4487;MONT-TORRONE C/CASTANHA DE CAJU R.1312;150X45GR
4488;MONT-TORRONE C/CASTANHA DE CAJU MINI ;8X500GR
4489;FINI-DISPLAY CHAO 29 FRENTES;1UN
4490;D.BENTA-FERMENTO PO QUIM. TRAD R.157;36X100GR
4491;ARAGUAIA-FARINHA TRIGO PLASTICO;10X1KG
4495;EMEGE-MAC.SEMOLA CARAMUJO;24X500GR
4496;EMEGE-MAC.SEMOLA ESPAGUETE;24X500GR
4497;EMEGE-MAC.SEMOLA ESPIRAL;24X500GR
4498;EMEGE-MAC.SEMOLA FURADINHO;24X500GR
4499;EMEGE-MAC.SEMOLA NINHO;24X500GR
4500;EMEGE-MAC.SEMOLA PADRE NOSSO;24X500GR
4484;PLASVALE-KIT BANHEIRO 4 PECAS REF.1237;1X12UN
4485;PLASVALE-LIXAO C/ RODAS REF.164RO;1X97LT
4486;CESTA PLASTICA PROG TOP VAREJO;1UN
9139;FLORESTAL SM BALA MOLE SORTIDAS ;1X125GR
4492;EMEGE-MAC.SEMOLA AVE MARIA ;24X500GR
4493;EMEGE-MAC.SEMOLA CABELO DE ANJO;24X500GR
4494;EMEGE-LASANHA SEMOLA;20X500GR
4501;EMEGE-MAC.SEMOLA PARAFUSO;24X500GR
4502;EMEGE-MAC.SEMOLA PARAFUSO 3 COLORI;24X500GR
4503;EMEGE-MAC.SEMOLA PENNE;24X500GR
4504;EMEGE-MAC.SEMOLA RIGATONE;24X500GR
4505;EMEGE-MAC.SEMOLA ESPAGUETE;12X1KG
4506;EMEGE-MAC.SEMOLA FURADINHO;12X1KG
4507;EMEGE-MAC.C/OVOS AVE MARIA ;24X500GR
4508;EMEGE-MAC.C/OVOS CABELO DE ANJO;24X500GR
4509;EMEGE-MAC.C/OVOS ESPAGUETE;24X500GR
4510;EMEGE-MAC.C/OVOS FURADINHO;24X500GR
4527;EMEGE-MIST.BOLO LIMAO;12X450GR
4528;EMEGE-MIST.BOLO MANE PELADO;12X450GR
4529;EMEGE-MIST.BOLO CHOCOLATE C/AVELA;12X450GR
4530;EMEGE-MIST.BOLO CHOC.BRANCO C/CEREJA    ;12X450GR
4531;EMEGE-MIST.BOLO FESTA;12X450GR
4532;EMEGE-PRE-MIST.BOLO BAUNILHA;1X5KG
4533;EMEGE-PRE-MIST.BOLO CENOURA;1X5KG
4534;EMEGE-PRE-MIST.BOLO CHOCOLATE;1X5KG
4577;PLASVALE-KIT 4 CABIDES ADULTO REF.309;60X1X4UN
4578;PLASVALE-POTE 0,6LT REF.336;12X0,6LT
4579;PLASVALE-POTE 1LT REF.337;12X1LT
4580;PLASVALE-POTE 1,5LT REF.338;12X1,5LT
4581;PLASVALE-BALDE 2 BICOS 8LT REF.360;12X8LT
4582;PLASVALE-KIT 3 BISNAGAS REF.385;30X1X3UN
4583;PLASVALE-TABUA RET.P/CORTE REF.386;1X6UN
4563;MV-TORRONE C/AMENDOIM CACAU MEL DP;12X90GR
4564;MV-TORRONE C/CASTANHA CAJU DP  R.1339;12X90GR
4565;MV-TORRONE C/AMENDOIM R.1639;12X90GR
4606;PLASVALE-ATTUALE ESC.P/LOUCAS R.688;1X4UN
4607;PLASVALE-ATTUALE PETISQUEIRA REF.685;1X4UN
4608;PLASVALE-PORTA SABAO R.651;1X6UN
4609;PLASVALE-PORTA PRODUTO DE LIMPEZA R.534;1X6UN
4655;FOSFORO;CX
4614;TOSCANO-COGUMELO INTEIRO SACHE;24X100GR
4625;CLIPS Nº 4/0;500 GR
4626;BORRACHA;UN
4627;LAPIS ;1 UN
4628;PASTA L;1 UN
4629;FORMULARIO CONTINUO 1 VIA;CX
4633;BOBINA P/CALCULADORA;UN
4535;EMEGE-PRE-MIST.BOLO COCO;1X5KG
4536;EMEGE-PRE-MIST.BOLO FUBA;1X5KG
4537;EMEGE-PRE-MIST.BOLO LARANJA;1X5KG
4538;B.VISTA-BISC.MER. RECH CHOC.FAZENDINHA;40X140GR
4539;EMEGE-FARINHA TRIGO PAPEL;10X1KG
4540;EMEGE-FARINHA TRIGO PLASTICO;10X1KG
4541;EMEGE-FARINHA TRIGO C/FERMENTO PLAST.;10X1KG
4542;EMEGE-FARINHA TRIGO C/FERMENTO PAPEL;10X1KG
4662;PANO DE PRATO;UN
4663;BOM AR 360 ML;UN
4664;SAL 1KG;KG
4665;FINI BALA GELATINA BANANAS;500GR
4666;FINI MINI TUBES MORANGO CITRICO;12X500GR
4667;FITA EPSON LQ/FX2170/2180;UN
4668;DUREX 12X30;UN
4669;GRAMPEADOR PEQUENO;UN
4584;PLASVALE-PORTA BOLO REF.529;1X4UN
4585;PLASVALE-POTE FREEZER/MICRO 1,4LT R.542;12X1,4LT
4586;PLASVALE-POTE FREEZER/MICRO 2,3LT R.543;6X2,3LT
4587;PLASVALE-POTE FREEZER/MICRO 4,1LT R.544;6X4,1LT
4588;PLASVALE-POTE FREEZER/MICRO 7,3LT R.545;6X7,3LT
4589;PLASVALE-ATTUALE ACUCAREIRO MULT.REF.679;1X6UN
4590;PLASVALE-PORTA GUARDANAPOS REF.687;1X4UN
4591;PLASVALE-ATTUALE CONJ.TALHERES REF.693;1X6UN
4630;TONER COLORIDO MAGENTA (COMERCIAL);UN
4636;ARROZ PACOTE 5KG;UN
4638;FLANELA ;UN
4640;ERVILHA LATA ;UN
4642;CHÁ DE ERVAS DIVERSOS;UN
4644;SACO PARA LIXO 50LT´S;PCT
4646;SACO PARA LIXO 100LT´S;PCT
4648;FITA TRANSPARENTE;UN
4592;PLASVALE-CESTO P/ROUPAS 50LT REF.756;3X50LT
4593;PLASVALE-LIXEIRA BASCULANTE 50LT REF.757;3X50LT
4594;PLASVALE-KIT 2 POTES QUAD. 0,48LT R.1188;12X1X2UN
4595;PLASVALE-KIT 3 POTES QUAD. REF.1190;12X1X3UN
4596;FINI BALA GELATINA VINGADORES;12X90GR
4597;FINI BALA GELATINA GOGOS DENTE T MONICA;12X50GR
4610;EMEGE-FARINHA TRIGO PANIFICACAO;25KG
4566;PLASVALE-ATTUALE PRATO REF.1248;1X6UN
4567;PLASVALE-PORTA TUDO MEDIO REF.1251;1X6UN
4568;PLASVALE-PORTA TUDO GRANDE REF.1252;1X6UN
4569;PLASVALE-BACIA CAPACETE 2,5LT REF.150;6X2,5LT
4570;PLASVALE-BACIA CAPACETE 7LT REF.152;6X7LT
4571;PLASVALE-BACIA CAPACETE 5LT REF.153;6X5LT
4572;PLASVALE-POTE HERMETICO 0,5LT REF.191;12X0,5LT
4550;ARAGUAIA-MAC.PREMIUM ESPAGUETE;24X500GR
4551;ARAGUAIA-MAC.PREMIUM ESPAGUETE;12X1KG
4552;ARAGUAIA-MAC.PREMIUM FURADINHO;24X500GR
4611;EMEGE-FARINHA TRIGO PANIFICACAO;50KG
4612;TOSCANO-AZEITONA SACHE;24X150GR
143;PAPEL A4;UN
144;CAIXA GRAMPO 26/06;UN
4573;PLASVALE-POTE HERMETICO 0,8LT REF.192;12X0,8LT
4574;PLASVALE-POTE HERMETICO 1,4LT REF.193;12X1,4LT
4575;PLASVALE-COPO LISO 0,3LT REF.210;12X0,3LT
4576;PLASVALE-LAVA TUDO REF.235;1X6UN
4598;FINI BALA GELATINA MINHOCAS CITRICAS;12X500GR
4599;FINI BALA GELATINA TWIST;12X500GR
4600;FINI BALA GELATINA TUBAROES;12X500GR
145;FITA EXTRA LIFE PRETO;UN
146;CORRETIVO ;UN
147;CALCULADORA;UN
148;ACUCAR 5K;UN
149;CAFE 500GR;UN
150;ALCOOL EM GEL 500GR;UN
151;DESINFETANTE 02 LITROS;UN
152;TONER COLORIDO AZUL (COMERCIAL);UN
153;SAPOLIO 500 ML;UN
4543;EMEGE-FARINHA TRIGO PASTEIS/SALG./PIZZA;6X5KG
4544;EMEGE-MASSA CASEIRA LASANHA;10X200GR
4545;EMEGE-MASSA CASEIRA GRAVATA;10X500GR
4546;EMEGE-MASSA CASEIRA TALHARIM N.1;10X500GR
4553;ARAGUAIA-MAC.PREMIUM PADRE NOSSO;24X500GR
4554;ARAGUAIA-MAC.PREMIUM PARAFUSO;24X500GR
4556;MULTIDRINK ICE RAIZOV MACA VERDE VD;6X275ML
4555;FINI MARSHMALLOW MUPPETS;12X50GR
154;LIMPA VIDRO 500 ML;UN
155;LIMPEZA PESADA VEJA 500 ML;UN
156;SABÃO EM BARRA 200GR;UN
157;ESPONJA DE ACO;UN
158;BOBINA P/ FAX;UN
159;BOBINA PARA PONTO;UN
160;PAPEL ROLO HIGIENICO BANHEIRO;UN
161;PAPEL ROLO TOALHA MÃO;UN
162;COPO P/ AGUA 200 ML;UN
4547;EMEGE-MASSA CASEIRA TALHARIM N.3;10X500GR
4548;ARAGUAIA-FARINHA TRIGO C/FERM.PLASTICO;10X1KG
4557;MULTIDRINK ICE RAIZOV VANILLA VD;6X275ML
4558;MULTIDRINK ICE RAIZOV RED FRUT VD;6X275ML
4559;MULTIDRINK ICE RAIZOV KIWI VD;6X275ML
4560;MULTIDRINK ICE RAIZOV ORANGE VD;6X275ML
4561;MULTIDRINK ICE RAIZOV LEMON VD;6X275ML
163;COPO P/ CAFE;UN
164;ENVELOPE A4 DIVERSOS;UN
165;ENVELOPE P/CORREPONDÊNCIA SORTIDO;UN
166;MARCA TEXTO;UN
167;TONER 53A;UN
168;TONER 12A;UN
169;TONER 05A;UN
170;TONER 35A;UN
4562;MULTIDRINK ICE RAIZOV MARACUJA VD;6X275ML
4601;FINI TIJOLINHO MORANGO;12X500GR
4602;FINI TUBINHO CITRICO MACA VERDE;12X500GR
4603;FINI TUBINHO CITRICO MARACUJA;12X500GR
4604;FINI MARSHMALLOW MORANGO;12X500GR
4605;FINI MARSHMALLOW TORCAO;12X500GR
4616;FINI BALA GELATINA CARROS C/BRINDE;10X50GR
4622;COLA 1KG;1 KG
171;CARTUCHO TINTA 92A;UN
4615;AJAX 500ML;UN
4623;MOUSE OPTICO;UN
4634;V.FERTIL-AZ.VDE C/CAROCO DOY PACK(I);12X500GR
4656;GRAMPO TRILHO ;CX
4658;LIGUINHA PACOTE(500GR);UN
4659;ETIQUETA LAZER FOLHA;UN
4660;ESPONJA DUPLA FACE P/PIA;UN
4549;FLORESTAL CHICLE LOURO JOSE TUTTI-FRUTTI;50X150GR
4650;CERA INCOLOR 2LT;UN
4651;GUARDANAPO DIVERSO;UN
4652;TONER SAMSUNG;UN
4653;LUVA GRANDE;UN
4654;PRATO DESCARTAVEL C/10 UN;UN
4719;PC-FUSIVEL LAMINA 20AMP;UN
4720;PC-FUSIVEL LAMINA 30AMP;UN
4721;PC-FUSIVEL LAMINA 15AMP;UN
4722;PC-FUSIVEL LAMINA 10AMP;UN
4723;PC-LAMPADA TORPEDO;UN
4724;PC-LAMPADA 12V W16W;UN
4730;B.VISTA-BISC.RECH.SUPER BANANA;40X130GR
4732;FLORESTAL PIRULITO CORACAO FRAMB. C/50;1X500GR
4746;CAPRICHO-FRALDA MATURI CARE REG G ;PCT 8X1
4747;CAPRICHO-FRALDA MATURI CARE ECON M ;PCT 30X1
4748;CAPRICHO-FRALDA MATURI CARE ECON G ;PCT 30X1
4749;CAPRICHO-FRALDA REI LEAO PRAT P;PCT  32X1
4755;CAPRICHO-FRALDA REI LEAO JUMBO G ;PCT 34X1
4756;CAPRICHO-FRALDA REI LEAO JUMBO EG;PCT  28X1
4757;CAPRICHO-FRALDA REI LEAO HIPER M ;PCT 70X1
4758;CAPRICHO-FRALDA REI LEAO HIPER G ;PCT 60X1
4725;FITA CALCULADORA OLIVETTI-SUMMA 33;UN
4726;ROLETE ENTINTADOR 644 DIVISUMMA 613;UN
4727;ENVELOPE OFICIO 24X34 AMARELO;UN
4733;FLORESTAL PIRULITO PICOLE CHOC. C/50UN;1X600GR
4741;DVD - R 4.7 GB;1 UN
4709;PC-LAMPADA 24V T4W;UN
4710;PC-LAMPADA 24V W5W;UN
4711;PC-LAMPADA 24V P21/5W;UN
4712;PC-LAMPADA 12V P21W;UN
4713;PC-LAMPADA 12V P21/5W;UN
4714;PC-LAMPADA 24V P21W;UN
4715;PC-LAMPADA 24V P21/5W;UN
4716;PC-LAMPADA 12V H1;UN
4781;VINHO COLLINA TINTO SUAVE MINI;12X375ML
4784;BRASFORTE SACO P/ LIXO REF.PRETO 15 LT;25X20UN
4785;BRASFORTE SACO P/ LIXO REF.PRETO 30 LT ;25X10UN
4786;BRASFORTE SACO P/ LIXO REF.PRETO 50 LT ;25X10UN
4717;PC-LAMPADA 12V H4;UN
4718;PC-FUSIVEL LAMINA 25AMP;UN
4759;CAPRICHO-FRALDA REI LEAO HIPER EG ;PCT 50X1
4760;CAPRICHO-FRALDA GARFIELD BABY PRAT P ;PCT 30X1
4761;CAPRICHO-FRALDA GARFIELD BABY PRAT M ;PCT 24X1
4762;CAPRICHO-FRALDA GARFIELD BABY PRAT G ;PCT 20X1
4773;CAPRICHO-TOALHINHA UMEDECIDO REI LEAO ;PCT 50UN
4774;CAPRICHO-LENCO UMED.GARFIELD BABY REFIL;PCT 75UN
4691;FLORESTAL PIR FLOPITO CORACAO COLORIDO;1X500GR
4734;FLORESTAL PIRULITO PICOLE FLOCOS C/50UN;1X600GR
4735;FLORESTAL PIRULITO PICOLE UVA C/50UN;1X600GR
4737;FLORESTAL BALA DURA BOLINHA COLA C/154;1X700GR
4738;FLORESTAL BALA FLOPI  TEA S/ACUCAR SORT.;12X40GR
4671;ARAGUAIA-MAC.ESPECIAL PARAFUSO;24X500GR
4672;ARAGUAIA-MAC.ESPECIAL ESPAGUETE;12X1KG
4673;ARAGUAIA-MAC.ESPECIAL ESPAGUETE;24X500GR
4674;ARAGUAIA-MAC.ESPECIAL PADRE NOSSO;24X500GR
4775;EMEGE-MAC.INSTANTANEO GALINHA;50X85GR
4776;EMEGE-MAC.INSTANTANEO CARNE;50X85GR
4777;EMEGE-MAC.INSTANTANEO GALINHA CAIPIRA;50X85GR
4686;BATEDEIRA PHILIPS PRETO 110V;1UN
4687;PLASVALE-CAIXA RETANGULAR 3,5LT REF.121;6X3,5LT
4688;GRIL REDONDO SMART GRILL 110V;1UN
4689;LIQUIDIFICADOR WALITA 400W 2L BR 110V;1UN
4690;FINI-CUPOM PROMOCIONAL PCT 50 UN;PCT
4694;AC-ACIONAMENTO VIDRO(MAQUINA) 2RO837502A;UN
4695;PC-CABO DO ACELERADOR (2RR7215550M);UN
4787;BRASFORTE SACO P/ LIXO REF.PRETO 100 LT ;25X5UN
4790;TINTA PARA CARIMBO;1 UN
4675;DAFRUTA SUCO CONC CAJU PET;6X1LT
4676;DAFRUTA SUCO CONC GOIABA PET;6X1LT
4677;DAFRUTA SUCO CONC MANGA PET;6X1LT
4678;DAFRUTA SUCO CONC MARACUJA PET;6X1LT
4679;DAFRUTA BARBIE/HOTWHELLS MORANGO;27X200ML
4696;PC-CANALETA PARA VIDRO;UN
4697;PC-ISOLAMENTO CABINE (TAC867385);UN
9117;F-MARSH.FLORESTAL ZERO ACUCAR MORANGO;1X70GR
4698;PC-LONA DE FREIO DIANTEIRA (2SO698075OM);UN
4740;PLASTICO PARA PASTA OFICIO;CX
4763;CAPRICHO-FRALDA GARFIELD BABY PRAT EG ;PCT 20X1
4764;CAPRICHO-FRALDA GARFIELD BABY REG P ;PCT 10X1
4765;CAPRICHO-FRALDA GARFIELD BABY REG M ;PCT 8X1
4766;CAPRICHO-FRALDA GARFIELD BABY REG G ;PCT 7X1
4767;CAPRICHO-FRALDA GARFIELD BABY REG EG ;PCT 7X1
4768;CAPRICHO-FRALDA GARFIELD SUPER JUMBO P ;PCT 100X1
4699;PC-JUNTA DO CUBO DE RODA DIANTEIRO 13180;UN
4700;PC-PECAS DE REMANUFATURA DO SERVO MESTRE;UN
4701;PC-FLEXIVEL DA RODA DIANTEIRA MB 1113;UN
4702;PC-SOLENOIDE DA BOMBA DE COMBUSTIVEL;UN
4703;PC-BIELETA ESTABILIZADOR DIANTEIRO HR;UN
4704;AC-FITAS REFLETIVAS PARA BAU;UN
4705;AC-FITAS REFLETIVAS PARACHOQUE;UN
4706;PC-LAMPADA 12V TW4;UN
4670;LIGUINHA PACOTE (1KG);UN
4736;FLORESTAL PIRULITO FLOPITO COLA  C/100;1X800GR
4769;CAPRICHO-FRALDA GARFIELD SUPER JUMBO M ;PCT 90X1
4770;CAPRICHO-FRALDA GARFIELD SUPER JUMBO G ;PCT 80X1
4771;CAPRICHO-FRALDA GARFIELD SUPER JUMBO EG ;PCT 70X1
4772;CAPRICHO-LENCO UMEDECIDO REI LEAO REFIL ;PCT 75UN
4683;FINI CHICLE KLETS HORTELA;12X45GR
4684;FINI CHICLE KLETS MORANGO;12X45GR
4685;FINI CHICLE KLETS MENTA;12X45GR
4707;PC-LAMPADA 12V R5W;UN
9118;FLORESTAL DROPS GENGIBRE E MENTOL VIT C;1X108GR
4708;PC-LAMPADA 24V R5W;UN
4739;SACO DE ALGODAO CRU;UN
4782;FINI-DISPLAY CHAO 19 FRENTES;1UN
4783;FINI-DISPLAY REDONDO;1UN
4731;B.VISTA-BISC.RECH.SUPER CHOC.BRANCO;40X130GR
4692;FLORESTAL PIR FLOPITO CORACAO VERMELHO;1X500GR
4693;FINI-DISPLAY CHAO 35 FRENTES;1UN
4750;CAPRICHO-FRALDA REI LEAO PRAT M ;PCT 24X1
4751;CAPRICHO-FRALDA REI LEAO PRAT G ;PCT 20X1
4752;CAPRICHO-FRALDA REI LEAO PRAT EG;PCT  20X1
4753;CAPRICHO-FRALDA REI LEAO JUMBO P ;PCT 42X1
4754;CAPRICHO-FRALDA REI LEAO JUMBO M ;PCT 40X1
4728;B.VISTA-BISC.RECH.SUPER CHOCOLATE ;40X130GR
4729;B.VISTA-BISC.RECH.SUPER MORANGO;40X130GR
4680;DAFRUTA BARBIE/HOTWHELLS UVA;27X200ML
4681;DAFRUTA BARBIE/HOTWHELLS FRUTAS CITRICAS;27X200ML
4682;DAFRUTA BARBIE/HOTWHELLS ABACAXI;27X200ML
4742;PILHA ALCALINA AA;UN
4743;CLIPS Nº 8/0;500GR
4744;PINCEL ATOMICO;UND
4745;CAPRICHO-FRALDA MATURI CARE REG M ;PCT 10X1
4792;FLORESTAL CHICLE BUG ABACAXI C/100;100X300GR
4815;PAN-CHOC.DIET C/AVELA  SM R.9121;CX 24X2
4816;PAN-CHOC.DIET C/CAJU SM R.9120;CX 24X2
4817;PAN-CHOC.DIET AO LEITE SM R.1604;CX 24X2
4818;CAPRICHO-DISPLAY CHAO CESTAO GARFIELD;1UN
4819;CAPRICHO-DISPLAY CHAO CESTAO REI LEAO;1UN
4812;CADERNO ATA 100FL;1 UN
4820;CAPRICHO-BABY CAR;UN
4821;CAPRICHO-MOTOCA SPEED;UN
4822;FERRERO-TIC-TAC ARVORE LAR.MEN.C&M.CAN.;84X16GR
4823;FINI BALA GELATINA MELANCIAS EM FATIAS;12X90GR
4824;FINI MARSHMALLOW PIOUUU MORANGO;12X48GR
4825;FINI MARSHMALLOW PIOUUU BAUNILHA;12X48GR
4826;GLOBALBEV-MONSTER ENERGETICO LO-CARB;6X500ML
4795;FINI BALA GELATINA SPIDER MAN;12X90GR
4796;LA TRATTORIA BATATA CEBOLA SALSA;24X100GR
4797;LA TRATTORIA BATATA ORIGINAL;24X100GR
4798;LA TRATTORIA BATATA CEBOLA SALSA;12X40GR
4799;LA TRATTORIA BATATA ORIGINAL;12X40GR
4800;INSPIRE CHIPS SOJA CEBOLA E SALSA;24X80GR
4801;INSPIRE CHIPS SOJA PROVOLONE OLIVA;24X80GR
4793;FERRERO-TIC-TAC MORANGO;14X16GR
4794;FINI MARSHMALLOW FLORES;12X500GR
4802;INSPIRE CHIPS SOJA CEBOLA E SALSA;12X40GR
4803;INSPIRE CHIPS SOJA PROVOLONE OLIVA;12X40GR
4804;INSPIRE CLUST.AMENDOA CAJU AMENDOIM;12X100GR
4805;INSPIRE CLUST.AMENDOA CASTANHA C/BANANA;12X100GR
4806;INSPIRE PREMIUM MIX C/COCO RALADO;12X100GR
4807;INSPIRE PREMIUM MIX C/GERGELIM;12X100GR
4808;INSPIRE SNACK MULTICEREAL TOMATE ERVAS;24X80GR
4809;INSPIRE SNACK MULTICEREAL ORIGINAL;24X80GR
4810;INSPIRE SNACK MULTICEREAL TOMATE ERVAS;12X40GR
4811;INSPIRE SNACK MULTICEREAL ORIGINAL;12X40GR
4813;PAN-PASTILHA MIRIN SM R.5150;20X150GR
4814;PAN-PASSAS COBERTAS 50GR SM R.3812;CX 20X2
4832;B.VISTA-BISC.MER. RECH FLOCOS FAZENDINHA;40X140GR
4833;B.VISTA-BISC.MER. LEITE FAZENDINHA;40X123GR
4874;TROPICANAS SAND.CONFORT REF.21102 37/38;1 PAR
4875;TROPICANAS SAND.CONFORT REF.21102 39/40;1 PAR
4876;TROPICANAS SAND.CONFORT REF.21102 41/42;1 PAR
4877;TROPICANAS SAND.CONFORT REF.21102 43/44;1 PAR
4878;TROPICANAS SAND.CONFORT REF.21108 33/34;1 PAR
4835;ACOBOM-ESPONJA DE LA DE ACO;12X8 UN
4836;ACOBOM-ESPONJA DE LA DE ACO BEM BRASIL;12X4 UN
4837;ACOBOM-PALHA DE ACO Nº 0 (FINA);20X1 UN
4838;ACOBOM-PALHA DE ACO N? 1 (MEDIA);20X1 UN
4839;ACOBOM-PALHA DE ACO Nº 2 (GROSSA);20X1 UN
4842;FINI-URNA PROMOCIONAL;1UN
4843;FINI-CARTAZ PROMOCAO;1UN
4844;FINI-BICICLETA;1
4845;FINI-KIT CHURRASCO;1
4846;FINI-HELICOP.LIGHTING 3 CANAIS;1
4879;TROPICANAS SAND.CONFORT REF.21108 35/36;1 PAR
4880;TROPICANAS SAND.CONFORT REF.21108 37/38;1 PAR
4881;TROPICANAS SAND.CONFORT REF.21108 39/40;1 PAR
4882;TROPICANAS SAND.CONFORT REF.21108 41/42;1 PAR
4883;TROPICANAS SAND.CONFORT REF.21108 43/44;1 PAR
4884;TROPICANAS SAND.CONFORT REF.21194 33/34;1 PAR
4885;TROPICANAS SAND.CONFORT REF.21194 35/36;1 PAR
4886;TROPICANAS SAND.CONFORT REF.21194 37/38;1 PAR
4887;TROPICANAS SAND.CONFORT REF.21194 39/40;1 PAR
4888;TROPICANAS SAND.CONFORT REF.21194 41/42;1 PAR
4889;TROPICANAS SAND.CONFORT REF.21194 43/44;1 PAR
4890;TROPICANAS CONFORT REF.20120 GRADE PR/PR;12X1
4891;TROPICANAS CONFORT REF.20210 GRADE MF/MF;12X1
4892;TROPICANAS CONFORT REF.21122 GRADE PR/VD;12X1
4893;TROPICANAS CONFORT REF.21235 GRADE AM/VD;12X1
4894;TROPICANAS CONFORT REF.21102 GRADE BR/RS;12X1
4895;TROPICANAS CONFORT REF.21108 GRADE BR/AZ;12X1
4847;FINI TUBINHO SPIDER MAN;12X80GR
4827;GLOBALBEV-MONSTER ENERGETICO TRAD.GREEN;6X500ML
4828;GLOBALBEV-MONSTER ENERGETICO KHAOS;6X500ML
4834;FINI-DISPLAY HIBRIDO KLETS AZUL;1UN
4848;TROPICANAS SAND.CONFORT REF.20120 33/34;1 PAR
4849;TROPICANAS SAND.CONFORT REF.20120 35/36;1 PAR
4850;TROPICANAS SAND.CONFORT REF.20120 37/38;1 PAR
4851;TROPICANAS SAND.CONFORT REF.20120 39/40;1 PAR
4852;TROPICANAS SAND.CONFORT REF.20120 41/42;1 PAR
4853;TROPICANAS SAND.CONFORT REF.20120 43/44;1 PAR
4854;TROPICANAS SAND.CONFORT REF.20210 33/34;1 PAR
4829;FINI BALA GELATINA MUPPETS;12X90GR
4830;DAFRUTA-DISPLAY PISO ARAMADO;1UN
4831;DAFRUTA-DISPLAY PISO VACUM;1UN
4855;TROPICANAS SAND.CONFORT REF.20210 35/36;1 PAR
4856;TROPICANAS SAND.CONFORT REF.20210 37/38;1 PAR
4857;TROPICANAS SAND.CONFORT REF.20210 39/40;1 PAR
4858;TROPICANAS SAND.CONFORT REF.20210 41/42;1 PAR
4859;TROPICANAS SAND.CONFORT REF.20210 43/44;1 PAR
4860;TROPICANAS SAND.CONFORT REF.21122 33/34;1 PAR
4861;TROPICANAS SAND.CONFORT REF.21122 35/36;1 PAR
4862;TROPICANAS SAND.CONFORT REF.21122 37/38;1 PAR
4863;TROPICANAS SAND.CONFORT REF.21122 39/40;1 PAR
4864;TROPICANAS SAND.CONFORT REF.21122 41/42;1 PAR
4865;TROPICANAS SAND.CONFORT REF.21122 43/44;1 PAR
4866;TROPICANAS SAND.CONFORT REF.21235 33/34;1 PAR
4867;TROPICANAS SAND.CONFORT REF.21235 35/36;1 PAR
4840;LA TRATTORIA-DISPLAY DE CHÃO 5 CESTOS;1UN
4841;INSPIRE - DISPLAY DE CHÃO 5 CESTOS;1UN
4868;TROPICANAS SAND.CONFORT REF.21235 37/38;1 PAR
4869;TROPICANAS SAND.CONFORT REF.21235 39/40;1 PAR
4870;TROPICANAS SAND.CONFORT REF.21235 41/42;1 PAR
4871;TROPICANAS SAND.CONFORT REF.21235 43/44;1 PAR
4872;TROPICANAS SAND.CONFORT REF.21102 33/34;1 PAR
4873;TROPICANAS SAND.CONFORT REF.21102 35/36;1 PAR
5408;FINI TUBES ANGRY BIRDS;12X80GR
5409;FINI-DISPLAY CHAO REGALIZ/BEANS;1UN
5530;DAFRUTA REFRESH LTA NECTAR MEXERICA;12X335ML
5402;CAPRICHO-FRALDA GARFIELD SUPER JUMBOXXG ;PCT 56X1
5524;IMPRESSORA ZEBRA COD.BARRA;1 UN
5526;DAFRUTA REFRESH LTA NECTAR GOIABA;12X335ML
5527;DAFRUTA REFRESH LTA NECTAR LARANJA;12X335ML
5403;CAPRICHO-FRALDA ENXUTITA REG XXG;16X6UN
5404;CAPRICHO-FRALDA REI LEAO PRAT XXG;PCT  14X1
4979;TROPICANAS SAND.INF.ROSAS R.52107 25/26;1 PAR
4980;TROPICANAS SAND.INF.ROSAS R.52107 27/28;1 PAR
4981;TROPICANAS SAND.INF.ROSAS R.52107 29/30;1 PAR
4982;TROPICANAS SAND.INF.ROSAS R.52107 31/32;1 PAR
4983;TROP.INF.ROSAS R.52107 GRADE BR/VM;12X1
4984;TROPICANAS SAND.INF.ROSAS R.52241 23/24;1 PAR
5528;DAFRUTA REFRESH LTA NECTAR MANGA;12X335ML
5529;DAFRUTA REFRESH LTA NECTAR UVA;12X335ML
4998;TROPICANAS SD.FEM.NATUREZA R.30107 37/38;1 PAR
4999;TROPICANAS SD.FEM.NATUREZA R.30107 39/40;1 PAR
5000;TROP.FEM.NATUREZA R.30107 GRADE BR/VM;12X1
5001;TROPICANAS SD.FEM.NATUREZA R.30233 33/34;1 PAR
5002;TROPICANAS SD.FEM.NATUREZA R.30233 35/36;1 PAR
5003;TROPICANAS SD.FEM.NATUREZA R.30233 37/38;1 PAR
5441;GLOBALBEV-BATATA PRINGLES BARBECUE;139GR
4925;TROPICANAS SAND.CROSS REF.10126 33/34;1 PAR
4926;TROPICANAS SAND.CROSS REF.10126 35/36;1 PAR
4927;TROPICANAS SAND.CROSS REF.10126 37/38;1 PAR
4928;TROPICANAS SAND.CROSS REF.10126 39/40;1 PAR
4929;TROPICANAS SAND.CROSS REF.10126 41/42;1 PAR
4930;TROPICANAS SAND.CROSS REF.10126 43/44;1 PAR
4931;TROPICANAS SAND.CROSS REF.10127 33/34;1 PAR
5052;TROPICANAS SD.INF.NATUREZA R.50210 25/26;1 PAR
5053;TROPICANAS SD.INF.NATUREZA R.50210 27/28;1 PAR
4963;TROPICANAS SAND.FEM.ROSAS R.34240 33/34;1 PAR
4964;TROPICANAS SAND.FEM.ROSAS R.34240 35/36;1 PAR
4965;TROPICANAS SAND.FEM.ROSAS R.34240 37/38;1 PAR
4966;TROPICANAS SAND.FEM.ROSAS R.34240 39/40;1 PAR
4967;TROP.FEM.ROSAS R.34240 GRADE VM/VM;12X1
4968;TROPICANAS SAND.FEM.ROSAS R.34110 33/34;1 PAR
5420;TELEFONE INTELBRAS C/HEADSET;1 UN
5421;TELEFONE INTELBRAS PLENO;1 UN
5442;GLOBALBEV-BATATA PRINGLES CREME E CEBOLA;139GR
4901;TROPICANAS EXPOSITOR 10 GANCHOS;1UN
4902;TROPICANAS EXPOSITOR 16 GANCHOS;1UN
4932;TROPICANAS SAND.CROSS REF.10127 35/36;1 PAR
4933;TROPICANAS SAND.CROSS REF.10127 37/38;1 PAR
4934;TROPICANAS SAND.CROSS REF.10127 39/40;1 PAR
4935;TROPICANAS SAND.CROSS REF.10127 41/42;1 PAR
4936;TROPICANAS SAND.CROSS REF.10127 43/44;1 PAR
4937;TROPICANAS SAND.CROSS REF.10120 41/42;1 PAR
4985;TROPICANAS SAND.INF.ROSAS R.52241 25/26;1 PAR
4986;TROPICANAS SAND.INF.ROSAS R.52241 27/28;1 PAR
5004;TROPICANAS SD.FEM.NATUREZA R.30233 39/40;1 PAR
5005;TROP.FEM.NATUREZA R.30233 GRADE AM/VD;12X1
5006;TROPICANAS SD.FEM.NATUREZA R.30201 33/34;1 PAR
5007;TROPICANAS SD.FEM.NATUREZA R.30201 35/36;1 PAR
5008;TROPICANAS SD.FEM.NATUREZA R.30201 37/38;1 PAR
5009;TROPICANAS SD.FEM.NATUREZA R.30201 39/40;1 PAR
5010;TROP.FEM.NATUREZA R.30201 GRADE VD/BR;12X1
5444;GLOBALBEV-BATATA PRINGLES QUEIJO;14X139GR
5446;MAGUARY TP LIGHT NECTAR INF.LARANJA;27X200ML
4897;TROPICANAS CONFORT REF.21194 GRADE VD/PT;12X1
4903;TROPICANAS SAND.CROSS REF.10120 33/34;1 PAR
4904;TROPICANAS SAND.CROSS REF.10120 35/36;1 PAR
4905;TROPICANAS SAND.CROSS REF.10120 37/38;1 PAR
4906;TROPICANAS SAND.CROSS REF.10120 39/40;1 PAR
4907;TROPICANAS SAND.CROSS REF.10120 43/44;1 PAR
4908;TROPICANAS SAND.CROSS REF.10121 35/36;1 PAR
5054;TROPICANAS SD.INF.NATUREZA R.50210 29/30;1 PAR
5055;TROPICANAS SD.INF.NATUREZA R.50210 31/32;1 PAR
4969;TROPICANAS SAND.FEM.ROSAS R.34110 35/36;1 PAR
4970;TROPICANAS SAND.FEM.ROSAS R.34110 37/38;1 PAR
4971;TROPICANAS SAND.FEM.ROSAS R.34110 39/40;1 PAR
4972;TROP.FEM.ROSAS R.34110 GRADE BR/RS;12X1
4973;TROPICANAS SAND.FEM.ROSAS R.34144 33/34;1 PAR
4974;TROPICANAS SAND.FEM.ROSAS R.34144 35/36;1 PAR
5443;GLOBALBEV-BATATA PRINGLES ORIGINAL;140GR
4909;TROPICANAS SAND.CROSS REF.10121 37/38;1 PAR
4910;TROPICANAS SAND.CROSS REF.10121 39/40;1 PAR
4911;TROPICANAS SAND.CROSS REF.10121 41/42;1 PAR
4912;TROPICANAS SAND.CROSS REF.10121 43/44;1 PAR
4913;TROPICANAS SAND.CROSS REF.10122 33/34;1 PAR
4914;TROPICANAS SAND.CROSS REF.10122 35/36;1 PAR
4938;TROPICANAS SAND.CROSS REF.10121 33/34;1 PAR
4987;TROPICANAS SAND.INF.ROSAS R.52241 29/30;1 PAR
4988;TROPICANAS SAND.INF.ROSAS R.52241 31/32;1 PAR
5011;TROPICANAS FEM.ESTRELA REG.R.90214 33/34;1 PAR
5012;TROPICANAS FEM.ESTRELA REG.R.90214 35/36;1 PAR
5039;TROPICANAS SD.FEM.ESTRELA R.80102 39/40;1 PAR
5040;TROP.FEM.ESTRELA R.80102 GRADE BR/RS;12X1
5041;TROPICANAS SD.FEM.ESTRELA R.80142 33/34;1 PAR
5042;TROPICANAS SD.FEM.ESTRELA R.80142 35/36;1 PAR
5447;MAGUARY TP LIGHT NECTAR INF.PESSEGO;27X200ML
5448;MAGUARY TP LIGHT NECTAR INF.UVA;27X200ML
4939;TROPICANAS CROSS REF.10120 GRADE PR/PR;12X1
4940;TROPICANAS CROSS REF.10121 GRADE PR/PT;12X1
4941;TROPICANAS CROSS REF.10122 GRADE PR/VD;12X1
4942;TROPICANAS CROSS REF.10123 GRADE PR/AZ;12X1
4943;TROPICANAS CROSS REF.10126 GRADE PR/RS;12X1
4944;TROPICANAS CROSS REF.10127 GRADE PR/MF;12X1
4945;TROPICANAS EXPOSITOR P/SAND.12 GANCHOS;1UN
4946;TROPICANAS EXPOSITOR P/SAND.16 GANCHOS;1UN
5056;TROP.INF.NATUREZA R.50210 GRADE MF/MF;12X1
5057;TROPICANAS SD.INF.NATUREZA R.50110 23/24;1 PAR
5058;TROPICANAS SD.INF.NATUREZA R.50110 25/26;1 PAR
4975;TROPICANAS SAND.FEM.ROSAS R.34144 37/38;1 PAR
4976;TROPICANAS SAND.FEM.ROSAS R.34144 39/40;1 PAR
4977;TROP.FEM.ROSAS R.34144 GRADE RS/RS;12X1
4978;TROPICANAS SAND.INF.ROSAS R.52107 23/24;1 PAR
5060;TROPICANAS SD.INF.NATUREZA R.50110 29/30;1 PAR
5061;TROPICANAS SD.INF.NATUREZA R.50110 31/32;1 PAR
5062;TROP.INF.NATUREZA R.50110 GRADE BR/RS;12X1
5449;MAGUARY TP NECTAR INF.LARANJA;27X200ML
4947;FLORESTAL PIR.PIMBOLAO MELANCIA C/24;1X528GR
4948;FLORESTAL BALA BRAZILIAN COFFEE LT;10X1X40GR
4949;FINI-DISPLAY CHAO ILHA (LASA);1UN
4950;FINI-DISPLAY CESTO CARONA KLETS;1UN
4951;FINI BALA GELATINA STAND HALLOWEEN;12X270GR
4952;FINI BALA GELATINA TANGERINAS;12X90GR
4953;GLOBALBEV-EXTRA POWER ENERGETICO PET;6X1 LT
4989;TROP.INF.ROSAS R.52241 GRADE VM/BR;12X1
4990;TROPICANAS SAND.INF.ROSAS R.52200 23/24;1 PAR
4991;TROPICANAS SAND.INF.ROSAS R.52200 25/26;1 PAR
5043;TROPICANAS SD.FEM.ESTRELA R.80142 37/38;1 PAR
5044;TROPICANAS SD.FEM.ESTRELA R.80142 39/40;1 PAR
5045;TROP.FEM.ESTRELA R.80142 GRADE RS/BR;12X1
5046;TROPICANAS SD.FEM.ESTRELA R.80233 33/34;1 PAR
5047;TROPICANAS SD.FEM.ESTRELA R.80233 35/36;1 PAR
5048;TROPICANAS SD.FEM.ESTRELA R.80233 37/38;1 PAR
5049;TROPICANAS SD.FEM.ESTRELA R.80233 39/40;1 PAR
5450;MAGUARY TP NECTAR INF.MACA;27X200ML
5451;MAGUARY TP NECTAR INF.MARACUJA;27X200ML
5059;TROPICANAS SD.INF.NATUREZA R.50110 27/28;1 PAR
5064;TROPICANAS SAND.KIDS CAR R.110120 27/28;1 PAR
5065;TROPICANAS SAND.KIDS CAR R.110120 29/30;1 PAR
5066;TROPICANAS SAND.KIDS CAR R.110120 31/32;1 PAR
5067;TROPICANAS SAND.KIDS CAR R.110190 25/26;1 PAR
5068;TROPICANAS SAND.KIDS CAR R.110190 27/28;1 PAR
5063;TROPICANAS SAND.KIDS CAR R.110120 25/26;1 PAR
5069;TROPICANAS SAND.KIDS CAR R.110190 29/30;1 PAR
5070;TROPICANAS SAND.KIDS CAR R.110190 31/32;1 PAR
5071;TROPICANAS SAND.KIDS CAR R.110260 25/26;1 PAR
5072;TROPICANAS SAND.KIDS CAR R.110260 27/28;1 PAR
5073;TROPICANAS SAND.KIDS CAR R.110260 29/30;1 PAR
4992;TROPICANAS SAND.INF.ROSAS R.52200 27/28;1 PAR
4993;TROPICANAS SAND.INF.ROSAS R.52200 29/30;1 PAR
4994;TROPICANAS SAND.INF.ROSAS R.52200 31/32;1 PAR
4995;TROP.INF.ROSAS R.52200 GRADE VD/VD;12X1
4996;TROPICANAS SD.FEM.NATUREZA R.30107 33/34;1 PAR
4997;TROPICANAS SD.FEM.NATUREZA R.30107 35/36;1 PAR
5440;GLOBALBEV-EXTRA POWER ENERGETICO PET;6X1,250 ML
4896;MAGUARY-AGUA DE COCO PURO COCO TP;27X200ML
4898;ARAGUAIA-MAC.INSTANTANEO GALINHA;50X63GR
4899;ARAGUAIA-MAC.INSTANTANEO GALINHA CAIPIRA;50X63GR
4900;ARAGUAIA-MAC.INSTANTANEO CARNE;50X63GR
4915;TROPICANAS SAND.CROSS REF.10122 37/38;1 PAR
4916;TROPICANAS SAND.CROSS REF.10122 39/40;1 PAR
4917;TROPICANAS SAND.CROSS REF.10122 41/42;1 PAR
5050;TROP.FEM.ESTRELA R.80233 GRADE AM/VD;12X1
5051;TROPICANAS SD.INF.NATUREZA R.50210 23/24;1 PAR
5074;TROPICANAS SAND.KIDS CAR R.110260 31/32;1 PAR
5075;TROPICANAS KIDS CAR R.110120 GRADE PT;12X1
5076;TROPICANAS KIDS CAR R.110190 GRADE VD.A;12X1
5077;TROPICANAS KIDS CAR R.110260 GRADE LJ;12X1
5080;DAFRUTA INF.BARBIE FRUTAS CITRICAS;27X200ML
5081;DAFRUTA INF.BARBIE ABACAXI;27X200ML
5082;DAFRUTA INF.HOT WHEELS  ABACAXI;27X200ML
4918;TROPICANAS SAND.CROSS REF.10122 43/44;1 PAR
4919;TROPICANAS SAND.CROSS REF.10123 33/34;1 PAR
4920;TROPICANAS SAND.CROSS REF.10123 35/36;1 PAR
4921;TROPICANAS SAND.CROSS REF.10123 37/38;1 PAR
4922;TROPICANAS SAND.CROSS REF.10123 39/40;1 PAR
4923;TROPICANAS SAND.CROSS REF.10123 41/42;1 PAR
4924;TROPICANAS SAND.CROSS REF.10123 43/44;1 PAR
5078;DAFRUTA INF.BARBIE MORANGO;27X200ML
5079;DAFRUTA INF.BARBIE UVA;27X200ML
4954;V.FERTIL-PEPINO INTEIRO EM CONSERVA VD;12X360GR
4955;V.FERTIL-AZEITONA PRETA PREMIUM AZAPA VD;24X200GR
4956;V.FERTIL-AZEITE OLIVA ARG.EXT.VIRGEM;24X250ML
4957;CAPRICHO-FRALDA GARFIELD BABY MEGA P ;PCT 56X1
4958;CAPRICHO-FRALDA GARFIELD BABY MEGA M;PCT 50X1
4959;CAPRICHO-FRALDA GARFIELD BABY MEGA G;PCT 46X1
4960;CAPRICHO-FRALDA GARFIELD BABY MEGA EG;PCT 40X1
5038;TROPICANAS SD.FEM.ESTRELA R.80102 37/38;1 PAR
5560;FINI BALA GELATINA LOONEY TUNES;12X90GR
5405;CAPRICHO-FRALDA REI LEAO HIPER XXG ;PCT 40X1
5480;MAGUARY SUCO SEG. BRASIL CUPUACU;12X500ML
5481;MAGUARY SUCO SEG. BRASIL PITANGA;12X500ML
5487;TOSCANO-TEMPERO P/FEIJAO EM PO;48X50GR
5488;TOSCANO-TEMPERO P/AVES EM PO;48X50GR
5414;FINI CHICLE KLETS HORTELA;8X45GR
5415;FINI CHICLE KLETS MORANGO;8X45GR
5416;FINI CHICLE KLETS MENTA;8X45GR
5462;DAFRUTA REFRESH NECTAR GOIABA;12X1LT
5463;DAFRUTA REFRESH NECTAR LARANJA;12X1LT
5532;GLOBALBEV-BATATA PRINGLES ORIGINAL;14X140GR
5423;MULTID-TEQUILA MULT.PLATA C/COQUETELEIRA;1X700ML
5024;TROPICANAS FEM.ESTRELA REG.R.90103 39/40;1 PAR
5025;TROP.FEM.ESTRELA REG.R.90103 GRADE BR/PT;12X1
5026;TROPICANAS FEM.ESTRELA REG.R.90233 33/34;1 PAR
5027;TROPICANAS FEM.ESTRELA REG.R.90233 35/36;1 PAR
5028;TROPICANAS FEM.ESTRELA REG.R.90233 37/38;1 PAR
5029;TROPICANAS FEM.ESTRELA REG.R.90233 39/40;1 PAR
5030;TROP.FEM.ESTRELA REG.R.90233 GRADE AM/VD;12X1
9091;ROMA-PANETTONE TRUFADO COB. PREMIUM 700G;1X700GR
9119;FLORESTAL GOMA SUPLEMENTO LARANJA VIT C ;1X75GR
5485;TOSCANO-TEMPERO P/SALADA EM PO;48X50GR
5486;TOSCANO-TEMPERO P/LEGUMES EM PO;48X50GR
5464;DAFRUTA REFRESH NECTAR MANGA;12X1LT
5465;DAFRUTA REFRESH NECTAR UVA;12X1LT
5466;DAFRUTA REFRESH NECTAR MEXERICA;12X1LT
5467;DAFRUTA REFRESH NECTAR LIMAO;12X1LT
5031;TROPICANAS SD.FEM.ESTRELA R.80210 33/34;1 PAR
5032;TROPICANAS SD.FEM.ESTRELA R.80210 35/36;1 PAR
5033;TROPICANAS SD.FEM.ESTRELA R.80210 37/38;1 PAR
5034;TROPICANAS SD.FEM.ESTRELA R.80210 39/40;1 PAR
5035;TROP.FEM.ESTRELA R.80210 GRADE MF/MF;12X1
5036;TROPICANAS SD.FEM.ESTRELA R.80102 33/34;1 PAR
5037;TROPICANAS SD.FEM.ESTRELA R.80102 35/36;1 PAR
5424;MULTIDRINK WHISKY OLD EXCELLER GOLD;6X1LT
5425;MULTIDRINK VODKA PREMIUM DRINK ACAI;6X1LT
5431;MULTIDRINK CONHAQUE GOLD;6X900ML
5432;MULTIDRINK CONHAQUE BLACK;6X900ML
5433;MULTIDRINK CATUABA PIRATINHA;6X900ML
5434;MULTIDRINK JURUBEBA DO LEAO;6X900ML
5013;TROPICANAS FEM.ESTRELA REG.R.90214 37/38;1 PAR
5014;TROPICANAS FEM.ESTRELA REG.R.90214 39/40;1 PAR
5015;TROP.FEM.ESTRELA REG.R.90214 GRADE MF/AZ;12X1
5016;TROPICANAS FEM.ESTRELA REG.R.90144 33/34;1 PAR
5017;TROPICANAS FEM.ESTRELA REG.R.90144 35/36;1 PAR
9120;FLORESTAL GOMA SUPLEMENTO MOR.KIDS VIT C;1X75GR
5018;TROPICANAS FEM.ESTRELA REG.R.90144 37/38;1 PAR
5019;TROPICANAS FEM.ESTRELA REG.R.90144 39/40;1 PAR
5489;TOSCANO-CREME DE CEBOLA;24X70GR
5417;FINI CHICLE KLETS EXTRA FORTE;8X45GR
5418;FINI CHICLE KLETS MELANCIA;8X45GR
5419;FINI BALA GELATINA AVIOES;12X90GR
5435;MULTIDRINK RAIZ AMARGA;6X900ML
5436;MULTIDRINK LICOR AMARULA MULTIRULA;6X900ML
5437;MULTIDRINK MINARI C/COPO;6X1LT
5438;TOSCANO-ACETO BALSAMICO DI MODENA;12X500ML
5439;TOSCANO-AZEITE DE OLIVA PORTUGUES VD;12X500ML
5452;MAGUARY TP NECTAR INF.PESSEGO;27X200ML
5468;GINA ESPETO P/CHURRASCO MADEIRA R.1502;50X100X1
5470;MAGUARY TP VITAKIDS PRINCESAS MARACUJA;27X200ML
5471;MAGUARY TP VITAKIDS PRINCESAS PESSEGO;27X200ML
5472;MAGUARY TP VITAKIDS PRINCESAS UVA;27X200ML
5473;MAGUARY TP VITAKIDS PRINCESAS MORANGO;27X200ML
5474;MAGUARY TP VITAKIDS CARROS LARANJA;27X200ML
5426;MULTIDRINK VODKA PREMIUM DRINK MARACUJA;6X1LT
5427;MULTIDRINK VODKA PREMIUM DRINK APPLE;6X1LT
5428;MULTIDRINK VODKA PREMIUM DRINK RED FRUIT;6X1LT
5429;MULTID-KIT RAIZOV ORIG.+FUZZY +BATIDA;950 ML
5430;MULTID-KIT WHISKY OLD EXCELLER + FUZZY;1LT
5453;MAGUARY TP NECTAR INF.TANGERINA;27X200ML
9121;FLORESTAL PIR.FLOPI KIDS 6 VITAM.MORANGO;1X50GR
5454;MAGUARY TP NECTAR INF.UVA;27X200ML
5455;MONT- DOCE DE LEITE CHUP CHUP R.7139;50X30GR
5456;MONT- FONDANT DE LEITE POTE REF.7109;50X10GR
5457;VITTAMAX-FRESH CACHORRO FILHOTE;12X280GR
5475;MAGUARY TP VITAKIDS CARROS MARACUJA;27X200ML
5476;MAGUARY TP VITAKIDS CARROS PESSEGO;27X200ML
5477;MAGUARY TP VITAKIDS CARROS UVA;27X200ML
5458;VITTAMAX-FRESH CAES MEDIAS GDES RACAS;12X280GR
5459;VITTAMAX-FRESH CAES PEQUENAS RACAS;12X280GR
5460;VITTAMAX-FRESH GATOS;12X280GR
5461;VITTAMAX-FRESH CAES ADULTOS;12X280GR
4961;FINI BALA GELATINA MINHOCAS BRILHO;12X500GR
4962;FINI TUBINHO NATAL;12X80GR
5020;TROP.FEM.ESTRELA REG.R.90144 GRADE RS/RS;12X1
5021;TROPICANAS FEM.ESTRELA REG.R.90103 33/34;1 PAR
5022;TROPICANAS FEM.ESTRELA REG.R.90103 35/36;1 PAR
5023;TROPICANAS FEM.ESTRELA REG.R.90103 37/38;1 PAR
5478;MAGUARY TP VITAKIDS CARROS MORANGO;27X200ML
5112;GLOBALBEV-EXTRA POWER ENERGETICO PET;6X2 LT
5113;GLOBALBEV-EXTRA POWER ENERGETICO BIG LTA;4X473 ML
5114;GLOBALBEV-EXTRA POWER ENERGETICO LTA;4X270 ML
5145;CADERNO 48 FOLHAS;UN
5146;FORMULARIO CONTINUO 2 VIA;CX
5155;MONT-BOMBOM C/CEREJAS PICADAS S/ALCOOL;12X100GR
5156;MONT-TUB-IN C/RECHEIO DE MORANGO;24X54GR
5531;DAFRUTA REFRESH LTA NECTAR LIMAO;12X335ML
5148;CADERNO 10 MATERIAS;1 UN
5179;MAGUARY LIGHT NECTAR CAJU;12X1LT
5180;MAGUARY LIGHT NECTAR GOIABA;12X1LT
5181;MAGUARY LIGHT NECTAR LARANJA;12X1LT
5182;MAGUARY LIGHT NECTAR MANGA;12X1LT
5183;MAGUARY LIGHT NECTAR MARACUJA;12X1LT
5184;MAGUARY LIGHT NECTAR PESSEGO;12X1LT
5091;TOSCANO-KETCHUP FR;12X400GR
5122;GLOBALBEV-AMAZOO KIDS ACAI C/BANANA TP;27X200 ML
5157;MONT-TUB-IN C/RECHEIO DE BEIJINHO;24X54GR
5160;MAGUARY SUCO CONC.CAJU PET;12X500ML
5161;MAGUARY SUCO CONC.GOIABA PET;12X500ML
5162;MAGUARY SUCO CONC.LARANJA PET;12X500ML
5163;MAGUARY SUCO CONC.MANGA PET;12X500ML
5127;PEN DRIVE 4 GB;UN
5128;ESTILETE;UN
5129;CADERNO PROTOCOLO;UN
9083;ROMA-PANETTONE FRUTAS 500G;1X500GR
5130;REGUA;UN
5131;VALE S/ CANHOTO 50X1;UN
5132;PRANCHA;UN
5134;FINI-DISPLAY BALCAO KLETS 9 FRENTES;1UN
5098;V.FERTIL-AZ.VDE PREMIUM M.REINA VD;12X300GR
5099;V.FERTIL-AZEITONA PRETA PREMIUM AZAPA VD;12X500GR
5101;TOSCANO-MOSTARDA FR;12X180GR
5164;MAGUARY SUCO CONC.MARACUJA PET;12X500ML
5165;MAGUARY SUCO CONC.PESSEGO PET;12X500ML
5203;GLOBALBEV-BATATA PRINGLES ORIGINAL;40GR
5135;FINI-DISPLAY CHECK OUT KLETS 3 FRENTES;1UN
5136;FINI-DISPLAY PAPA F.KLETS 3 FRENTES LASA;1UN
5147;IMPRESSORA MULTIFUNC.HP M113;1 UN
5158;MONT-BISC.CHAMPANHE REF.4205;24X180GR
5185;MAGUARY LIGHT NECTAR UVA;12X1LT
5186;MAGUARY TP NECTAR INF.LARANJA;15X200ML
5198;PILHA ALCALINA AAA;UN
5204;TOSCANO-MOLHO P/SALADA LIMAO FR;12X240ML
5205;TOSCANO-MOLHO P/SALADA CASEIRO FR;12X240ML
5108;PAN-NOBREAK BALLS PATATI PATATA;24X60GR
5109;PAN-PIPOCA PATATI PATATA;24X40GR
5124;DVD SONY SR320 MP3/CD/JPEG/CR;1UN
5125;BAT.3VEL MONDIAL ULTRA BLACK B11 PR 220V;1UN
5126;"TV 32""HBUSTER LCD HBTV32D05 HD/DTV/USB";1UN
5142;CAIXA ARQUIVO MORTO;CX
5143;CADERNO DE PONTO;UN
5115;GLOBALBEV-AMAZOO TP ACAI C/BANANA;1 LT
5116;GLOBALBEV-AMAZOO TP ACAI C/MORANGO;1 LT
5117;GLOBALBEV-AMAZOO TP ACAI C/GUARANA TRAD.;1 LT
5118;GLOBALBEV-AMAZOO ACAI C/BANANA TP;12X250 ML
5119;GLOBALBEV-AMAZOO ACAI C/MORANGO TP;12X250 ML
5120;GLOBALBEV-AMAZOO LTA ACAI C/GUARANA TRAD;6X250 ML
5207;TONER 85A;UN
5154;GLOBALBEV-AMAZOO ACAI C/GUARANA TRAD. TP;12X250 ML
5196;B.VISTA-BISC.RECHEADOS MORANGO;40X130GR
5197;B.VISTA-BISC.RECHEADOS CHOCOLATE ;40X130GR
5208;TOSCANO-VINAGRE DE VINHO BRANCO;12X750ML
5209;B.VISTA-BISC.PAO DE MEL;40X70GR
5210;CANETA AZUL;UN
5211;EXTRATOR DE GRAMPO;UN
5133;DAFRUTA SUCO CONC UVA PET;6X1LT
5212;FOLHA CARBONO;UN
5213;B.VISTA-BISC.CRACKER GERGELIM;40X200GR
5214;GLOBALBEV-EXTRA POWER ENERGETICO LTA ;6X710 ML
5215;GLOBALBEV-AMAZOO ACAI C/BANANA TP;12X750 ML
5216;GLOBALBEV-AMAZOO ACAI C/MORANGO TP;12X750 ML
5217;GLOBALBEV-AMAZOO ACAI C/GUARANA TRAD. TP;12X750 ML
5083;DAFRUTA INF.HOT WHEELS FRUTAS CITRICAS;27X200ML
5084;DAFRUTA INF.HOT WHEELS MORANGO;27X200ML
5085;DAFRUTA INF.HOT WHEELS UVA;27X200ML
9084;ROMA-PANETTONE GOTAS CHOCOLATE 500G;1X500GR
5096;TOSCANO-VINAGRE DE ALCOOL COLORIDO;12X500ML
5097;TOSCANO-VINAGRE DE ALCOOL COLORIDO;12X750ML
5219;CAPRICHO-FRALDA ENXUTITA REG P;16X10UN
5220;CAPRICHO-FRALDA ENXUTITA REG M;16X8UN
5422;MULTID-TEQUILA MULT.ORO C/COQUETELEIRA;1X700ML
5206;TOSCANO-MOLHO P/SALADA BALSAMICO FR;12X250ML
5218;CAPRICHO-FRALDA MATURI CARE REG EG ;PCT 7X1
5221;CAPRICHO-FRALDA ENXUTITA REG G;16X7UN
5222;CAPRICHO-FRALDA ENXUTITA REG EG;16X7UN
5223;CAPRICHO-FRALDA ENXUTITA PRAT P;8X30UN
5224;CAPRICHO-FRALDA ENXUTITA PRAT M;8X24UN
5225;CAPRICHO-FRALDA ENXUTITA PRAT G;8X20UN
5226;CAPRICHO-FRALDA ENXUTITA PRAT EG;8X16UN
5123;GLOBALBEV-AMAZOO KIDS ACAI C/MORANGO TP;27X200 ML
5166;MAGUARY SUCO CONC.UVA PET;12X500ML
5167;MAGUARY NECTAR CAJU ;12X1LT
5168;MAGUARY NECTAR GOIABA;12X1LT
5169;MAGUARY NECTAR LARANJA;12X1LT
5170;MAGUARY NECTAR MANGA;12X1LT
5171;MAGUARY NECTAR MARACUJA;12X1LT
5087;FLORESTAL BALA ITS TIME HORTELA C/16;16X1X32GR
5088;FLORESTAL BALA ITS TIME MARACUJA C/16;16X1X32GR
5089;FLORESTAL BALA ITS TIME MORANGO C/16;16X1X32GR
5090;FLORESTAL BALA ITS TIME FRAMBOESA C/16;16X1X32GR
9085;ROMA-PANETTONE FRUTAS 1KG;1X1KG
5159;MAGUARY SUCO CONC.ABACAXI PET;12X500ML
5187;MAGUARY TP NECTAR INF.MARACUJA;15X200ML
5188;MAGUARY TP NECTAR INF.PESSEGO;15X200ML
5482;MAGUARY SUCO SEG. BRASIL GRAVIOLA;12X500ML
5172;MAGUARY NECTAR UVA;12X1LT
5173;MAGUARY NECTAR TANGERINA;12X1LT
5174;MAGUARY NECTAR MACA;12X1LT
5175;MAGUARY SUPER FRUTA TOMATE;12X1LT
5176;MAGUARY SUPER FRUTA  CRANBERRY;12X1LT
5177;MAGUARY SUPER FRUTA  FRAMBOESA;12X1LT
5178;MAGUARY SUPER FRUTA  ACAI E BANANA;12X1LT
5149;MONTEIRO-PALHA ITALIANA TRADICIONAL;22X50 GR
5150;MONTEIRO-PALHA ITALIANA LIGHT;22X50 GR
5151;MONTEIRO-PALHA ITALIANA TRADICIONAL;6X50 GR
5152;MONTEIRO-PALHA ITALIANA LIGHT;6X50 GR
5189;MAGUARY TP NECTAR INF.UVA;15X200ML
5190;MAGUARY TP NECTAR INF.TANGERINA;15X200ML
5191;MAGUARY TP LIGHT NECTAR INF.LARANJA;15X200ML
5479;MAGUARY SUCO SEG. BRASIL ACEROLA;12X500ML
5484;TOSCANO-TEMPERO P/CARNE EM PO;48X50GR
5092;FLORESTAL BONECO PATATI PATATA;1 UN
5093;FLORESTAL BARRACA IGLU PATATI PATATA;1 UN
5094;FLORESTAL MOCHILA PATATI PATATA;1 UN
5095;FLORESTAL BICICLETA PATATI PATATA;1
5100;FLORESTAL LAMINA DE PRODUTOS;1UN
5102;PAN-MOEDAS DE CHOC.PATATI PATATA 830GR;830GR
5103;PAN-MOEDAS DE CHOCOLATE PATATI PATATA SM;20X40GR
5086;FLORESTAL BALA ITS TIME MACA VERDE C/16;16X1X32GR
5137;TROPICANAS SD.FEM.NATUREZA R.30142 33/34;1 PAR
5138;TROPICANAS SD.FEM.NATUREZA R.30142 35/36;1 PAR
5139;TROPICANAS SD.FEM.NATUREZA R.30142 37/38;1 PAR
5140;TROPICANAS SD.FEM.NATUREZA R.30142 39/40;1 PAR
5141;TROP.FEM.NATUREZA R.30142 GRADE RS/BR;12X1
5192;MAGUARY TP LIGHT NECTAR INF.PESSEGO;15X200ML
5483;MAGUARY SUCO SEG. BRASIL TAMARINDO;12X500ML
5104;PAN-CHOCOLAPIS CHOC.LEITE P.PATATA SM;CX 20X2
5105;PAN-CHOCOLAPIS CHOC.DISP.LEITE P.PATATA ;20X6X16GR
5106;PAN-PAO DE MEL COB.CHOC.PATATI PATATA;20X200GR
5107;PAN-PAO DE MEL COB.CHOC PATATI PATATA;24X100GR
5110;PAN-CREME DE AMENDOIM;12X200GR
5121;GLOBALBEV-AMAZOO KIDS ACAI C/GUA.TRAD.TP;27X200 ML
5153;REFRESQUEIRA BBS INOX 220 IBBL;1UN
5193;MAGUARY TP LIGHT NECTAR INF.UVA;15X200ML
5194;MAGUARY TP NECTAR INF.MACA;15X200ML
5195;CHECK STANDER MODELO ESPECIAL;1UN
5199;B.VISTA-BISC.RECHEADOS CHOC.BRANCO;40X130GR
5200;B.VISTA-BISC.RECHEADOS BANANA;40X130GR
5201;GLOBALBEV-BATATA PRINGLES CREME E CEBOLA;40GR
5202;GLOBALBEV-BATATA PRINGLES QUEIJO;40GR
9086;ROMA-PANETTONE GOTAS CHOCOLATE 1KG;1X1KG
5265;MOLHA DEDO;UN
5317;CPU CCE;1UN
5324;M-LINE RACAO CAES ADULTOS;10,1KG
5325;M-LINE RACAO CAES ADULTOS;20KG
5315;SACO PARA LIXO 60LT´S;PCT
5326;M-LINE RACAO CAES FILHOTES;10X1KG
5327;M-LINE RACAO CAES FILHOTES;6X2,5KG
5235;FLORESTAL DROPS IMINT EUCALIPTO;12X35GR
5236;FLORESTAL DROPS IMINT FRAMBOESA;12X35GR
5237;FLORESTAL DROPS IMINT EXTRA FORTE;12X35GR
5250;RODO 60CM;UN
5251;VASSOURA DE PALHA;UN
5239;FLORESTAL DROPS IMINT MENTA;12X35GR
5240;FLORESTAL DROPS IMINT CEREJA;12X35GR
5241;FLORESTAL DROPS IMINT MELANCIA;12X35GR
5242;FLORESTAL DROPS IMINT EUCALIPTO;21X35GR
5243;FLORESTAL DROPS IMINT FRAMBOESA;21X35GR
5244;FLORESTAL DROPS IMINT EXTRA FORTE;21X35GR
5245;FLORESTAL DROPS IMINT MENTA;21X35GR
5263;ACOBOM-ESPONJA DE LA DE ACO BEM BRASIL;14X4 UN
5246;FLORESTAL DROPS IMINT CEREJA;21X35GR
5247;FLORESTAL DROPS IMINT MELANCIA;21X35GR
5248;FLORESTAL BALA MAST.LILICA RIPILIC C/140;1X700GR
5249;FLORESTAL BALA MAST.TIGOR C/140;1X700GR
5259;AP 3G SAMSUNG S5830 PTO;1UN
5260;AP 3G SAMSUNG S5360 CZA;1UN
9087;ROMA-PANETTONE ZERO ADICAO ACUCAR FRUTAS;1X400GR
5262;FINI BALA GELATINA DENTADURAS COELHO;12X90GR
5238;CAPRICHO-FRALDA MATURI CARE ECON EG+2GTS;PCT 24X1
5287;MAGUARY LTA NECTAR PESSEGO;12X335ML
5288;MAGUARY LTA NECTAR TANGERINA;12X335ML
5270;DAFRUTA TP NECTAR INF.CAJU;27X200ML
5271;DAFRUTA TP NECTAR INF.GOIABA;27X200ML
5272;DAFRUTA TP NECTAR INF.LARANJA;27X200ML
5273;DAFRUTA TP NECTAR INF.MANGA;27X200ML
5274;DAFRUTA TP NECTAR INF.MARACUJA;27X200ML
5275;DAFRUTA TP NECTAR INF.PESSEGO;27X200ML
5276;DAFRUTA TP NECTAR INF.UVA;27X200ML
5253;B.VISTA-BISC.AMANTEIGADO LEITE;20X305GR
5254;B.VISTA-BISC.AMANTEIGADO CHOCOLATE;20X305GR
5255;B.VISTA-BISC.AMANTEIGADO COCO;20X305GR
5256;B.VISTA-BISC.AMANTEIGADO BANANA E CANELA;20X305GR
5257;B.VISTA-COOKIES BAUNILHA;40X100GR
5281;MAGUARY LTA NECTAR MACA;12X335ML
5282;MAGUARY LTA NECTAR MANGA;12X335ML
5283;MAGUARY LTA NECTAR MARACUJA;12X335ML
5295;MULTIDRINK CONHAQ.B.STA ALCATRAO C/COPO;6X900ML
5296;MULTIDRINK CONHAQ.B.STA GENGIBRE C/COPO;6X900ML
5297;MULTIDRINK WHISKY OLD EXCELLER C/COPO;6X1LT
5258;B.VISTA-COOKIES CHOCOLATE;40X100GR
5261;B.VISTA-BISC.MARIA;20X400GR
9088;ROMA-PANETTONE ZERO AD.ACUCAR GOTAS CHOC;1X400GR
5277;FINI REGALIZ ROLLER MORANGO;24X20GR
5278;FINI REGALIZ ROLLER FANTASIA;24X20GR
5279;FINI CHICLE KLETS MELANCIA;12X45GR
5298;MULTIDRINK RUM FLAVOR APPLE;6X1LT
5299;MULTIDRINK TEQUILA MULT.ORO C/COQUET.;6X700ML
5300;MULTIDRINK TEQUILA MULT.PLATA C/COQUET.;6X700ML
5301;MULTIDRINK ICE MIDNIGHT ROOSTER VD;6X275ML
5302;MULTIDRINK ICE RAIZOV ACAI VD;6X275ML
5303;MULTIDRINK ICE RAIZOV BLACK TRICK VD;6X275ML
5316;PLASVALE-FEIRINHA 100 ITENS REF.1284;1X100UN
5264;MAGUARY LIMONADA TRADICIONAL TP;12X1LT
5280;FINI CHICLE KLETS EXTRA FORTE;12X45GR
5289;MAGUARY LTA NECTAR UVA;12X335ML
5290;MAGUARY LTA NECTAR MARACUJA;12X255ML
5291;MAGUARY LTA NECTAR UVA;12X255ML
5266;MAGUARY NECTAR ABACAXI;12X1LT
5267;MAGUARY NECTAR MORANGO;12X1LT
5268;MAGUARY LIGHT NECTAR MACA;12X1LT
5269;MAGUARY LIGHT NECTAR TANGERINA;12X1LT
5318;COLA;UN
5227;CAPRICHO-FRALDA ENXUTITA SUPER JUMBO P;3X96UN
5228;CAPRICHO-FRALDA ENXUTITA SUPER JUMBO M;3X80UN
5229;CAPRICHO-FRALDA ENXUTITA SUPER JUMBO G;3X72UN
5230;CAPRICHO-FRALDA ENXUTITA SUPER JUMBO EG;3X64UN
9089;ROMA-PANETTONE TRUFADO CHOCOLATE 500G;1X500GR
5231;FLORESTAL PIRULITO LILICA RIPILICA C/50;1X500GR
5232;FLORESTAL PIRULITO TIGOR C/50;1X500GR
5233;FLORESTAL PIR.LILICA RIPILICA MORAN C/40;1X320GR
5234;FLORESTAL PIR.TIGOR TUTTI-FRUTTI C/40;1X320GR
5292;MAGUARY LTA LIGHT NECTAR MANGA;12X255ML
5293;MAGUARY LTA LIGHT NECTAR PESSEGO;12X255ML
5319;BLOCO NOTA PROMISSORIA;UN
5320;PASTA CLASSIFICADOR PLASTICA;UN
5321;BLOCO RECIBO;UN
5322;FINI BALA GELATINA HOMEM DE FERRO;12X90GR
5323;M-LINE RACAO CAES ADULTOS;6X2,5KG
5294;MAGUARY LTA LIGHT NECTAR UVA;12X255ML
5305;MULTIDRINK VODKA RAIZOV CITRUS;6X950ML
5306;MULTIDRINK VODKA RAIZOV ACAI;6X950ML
5307;MULTIDRINK VODKA RAIZOV GREEN FRUIT;6X950ML
5308;MULTIDRINK VODKA RAIZOV MANGA;6X950ML
5309;MULTIDRINK VODKA RAIZOV PESSEGO;6X950ML
5252;PASTA NOVAONDA 55MM AZUL;1 UN
5284;ROLETE OLIVETTI ELGIN MR 6123/6125;UN
5285;LAMINA PARA ESTILETE;UN
5286;COADOR DE CAFE;UN
5304;MULTIDRINK ICE RAIZOV COLA VD;6X275ML
5310;PASTA OFICIO C/ ELASTICO;1 UN
5311;CANETA VERMELHA;UN
5312;CANETA PRETA;UN
5313;PASTA SANFONADA DUPLICATA 31 DIVISORIAS;1 UN
9090;ROMA-PANETTONE TRUFADO DOCE LEITE 500G;1X500GR
5314;PASTA SANFONADA A4 12 DIVISORIAS;1 UN
5350;VASSOURA DE TETO;1 UN
5353;PASTA CATALAGO;1 UN
5354;ESPANADOR;1 UN
5355;ALMOFODA P/CARIMBO;1 UN
5356;CAPRICHO-FRALDA ENXUTITA PRAT XXG;8X14UN
5357;CAPRICHO-FRALDA ENXUTITA SUPER JUMBO XXG;3X56UN
5358;CAPRICHO-LENCO UMED.ENXUTITA REFIL;PCT 75UN
5346;FLORESTAL GOMA  FLOPINHO SM;30X100GR
5347;FLORESTAL GOMA  FLOPINHO SM;36X250GR
5348;FLORESTAL GOMA  FLOPINHO;10X1KG
5360;V.FERTIL-AZEITE OLIVA EXT.VIRGEM PREMIUM;500ML
5361;CAPRICHO-FRALDA REI LEAO PRAT P;PCT  30X1
5362;CAPRICHO-FRALDA REI LEAO PRAT EG;PCT  16X1
5363;CAPRICHO-FRALDA GARFIELD BABY PRAT XXG;PCT 14X1
5340;INDICE TELEFONICO PROFISSIONAL;1 UN
5341;REFIL P/ INDICE TELEFONICO;1 UN
5351;LIMPA ALUMINIO TRAD.;UN
5352;FACA DE COZINHA;1 UN
5469;MAGUARY TP VITAKIDS PRINCESAS LARANJA;27X200ML
5558;SERVIDOR DELL POWEREDGE R420;1UN
5349;FLORESTAL GOMA  FLOPINHO TUBO DP;30X1X40GR
5364;V.FERTIL-PALMITO ACAI TOLETE VD;15X300GR
5387;TROP.FEM.ROSAS R.34144 GRADE RS/RS;6X1
5388;TROP.FEM.ROSAS R.34110 GRADE BR/RS;6X1
5389;TROP.FEM.NATUREZA R.30233 GRADE AM/VD;6X1
5390;TROP.FEM.NATUREZA R.30201 GRADE VD/BR;6X1
5391;TROP.FEM.NATUREZA R.30142 GRADE RS/BR;6X1
5328;M-LINE RACAO CAES FILHOTES;10,1KG
5329;M-LINE RACAO CAES ADULTOS PEQ.RACAS;10X1KG
5330;M-LINE RACAO CAES ADULTOS PEQ.RACAS;6X2,5KG
5331;M-LINE RACAO CAES ADULTOS PEQ.RACAS;10,1KG
5332;M-LINE RACAO CAES FILHOTES PEQ.RACAS;10X1KG
5333;M-LINE RACAO CAES FILHOTES PEQ.RACAS;6X2,5KG
5334;M-LINE RACAO CAES FILHOTES PEQ.RACAS;10,1KG
5367;PLASVALE-EXPOSITOR TORRE;1UN
5335;M-LINE RACAO GATO ADULTO;10X1KG
5336;M-LINE RACAO GATO ADULTO;10,1KG
9114;FLORESTAL BALA MAST ZOLLE IORGUTE C/120;1X600GR
5337;M-LINE RACAO GATO FILHOTE;10X1KG
5338;M-LINE RACAO GATO FILHOTE;10,1KG
5392;TROP.FEM.NATUREZA R.30107 GRADE BR/VM;6X1
5393;TROP.FEM.ESTRELA REG.R.90233 GRADE AM/VD;6X1
5339;FLORESTAL DROPS BRAZILIAN COFFE;21X35GR
5394;TROP.FEM.ESTRELA REG.R.90214 GRADE MF/AZ;6X1
5395;TROP.FEM.ESTRELA REG.R.90144 GRADE RS/RS;6X1
5396;TROP.FEM.ESTRELA REG.R.90103 GRADE BR/PT;6X1
5397;TROP.FEM.ESTRELA R.80233 GRADE AM/VD;6X1
5398;TROP.FEM.ESTRELA R.80210 GRADE MF/MF;6X1
5399;TROP.FEM.ESTRELA R.80142 GRADE RS/BR;6X1
5400;TROP.FEM.ESTRELA R.80102 GRADE BR/RS;6X1
5368;TROPICANAS CROSS REF.10127 GRADE PR/MF;6X1
5369;TROPICANAS CROSS REF.10126 GRADE PR/RS;6X1
5370;TROPICANAS CROSS REF.10123 GRADE PR/AZ;6X1
5371;TROPICANAS CROSS REF.10122 GRADE PR/VD;6X1
5401;FINI-DISPLAY CHAO LANÇAMENTOS;1UN
5372;TROPICANAS CROSS REF.10121 GRADE PR/PT;6X1
5373;TROPICANAS CROSS REF.10120 GRADE PR/PR;6X1
5374;TROPICANAS CONFORT REF.21235 GRADE AM/VD;6X1
5375;TROPICANAS CONFORT REF.21194 GRADE VD/PT;6X1
5376;TROPICANAS CONFORT REF.21122 GRADE PR/VD;6X1
5377;TROPICANAS CONFORT REF.21108 GRADE BR/AZ;6X1
5378;TROPICANAS CONFORT REF.21102 GRADE BR/RS;6X1
5365;GLOBALBEV-BEB.MARLEYS MELLOW MOOD BERRY;6X310 ML
5342;FINI MARSHMALLOW TORCAO FRAMBOESA;12X60GR
5343;FINI MARSHMALLOW TORCAO UVA;12X60GR
5344;FINI BALA GELATINA BRASIL;12X90GR
5345;FINI BALA GELATINA UNIVERSIDADE MONSTROS;12X90GR
5379;TROPICANAS CONFORT REF.20210 GRADE MF/MF;6X1
5380;TROPICANAS CONFORT REF.20120 GRADE PR/PR;6X1
5359;V.FERTIL-AZEITONA VERDE RECH.ANCHOVAS LT;12X120GR
5366;GLOBALBEV-BEB.MARLEYS MELLOW MOOD CITRUS;6X310 ML
5381;TROP.INF.ROSAS R.52241 GRADE VM/BR;6X1
5382;TROP.INF.ROSAS R.52200 GRADE VD/VD;6X1
5383;TROP.INF.ROSAS R.52107 GRADE BR/VM;6X1
5384;TROP.INF.NATUREZA R.50210 GRADE MF/MF;6X1
5385;TROP.INF.NATUREZA R.50110 GRADE BR/RS;6X1
5386;TROP.FEM.ROSAS R.34240 GRADE VM/VM;6X1
5410;FINI BALA BEANS FRUTAS VERMELHAS;12X80GR
5411;FINI BALA BEANS FRUTAS TROPICAIS;12X80GR
5412;FINI BALA BEANS SABORES CLASSICOS;12X80GR
5413;FINI BALA BEANS SABORES DA INFANCIA;12X80GR
5406;TROPICANAS EXPOSITOR 15 GANCHOS;1UN
5407;TROPICANAS EXPOSITOR 20 GANCHOS;1UN
5546;FINI GRIL GEORGE FOREMAN 110V;1UN
5496;KIT ESPUMANTE SC BRUT 1GFA C/2 TACA;4X750ML
5497;KIT V.ESTILO SC MERLOT 1GFA C/1 TACA;4X750ML
5498;ESPUMANTE MOSCATEL BCO SANTA COLINA;6X750ML
5499;VINHO COLLINA TINTO SECO GFAO;4X2LT
5500;VINHO COLLINA TINTO SUAVE GFAO;4X2LT
5501;VINHO COLLINA BRANCO SUAVE GFAO;4X2LT
5502;COOLER SAN THIAGO TRAD.UVA GFAO ;6X2LT
5503;COOLER SAN THIAGO PESSEGO GFAO;6X2LT
5504;COOLER SAN THIAGO MORANGO GFAO;6X2LT
5540;V.FERTIL-OLEO COMP.GIRASSOL E OLIVA PET;12X900ML
5505;VINHO GFAO COLLINA TINTO SUAVE;2X4,5LT
5506;VINHO GFAO COLLINA BRANCO SUAVE;2X4,5LT
5507;VINHO GFAO COLLINA TINTO SECO;2X4,5LT
5508;TROPICANAS KIDS CAR R.110230 GRADE AM;12X1
5509;TROPICANAS SAND.KIDS CAR R.110230 25/26;1 PAR
5510;TROPICANAS SAND.KIDS CAR R.110230 27/28;1 PAR
5511;TROPICANAS SAND.KIDS CAR R.110230 29/30;1 PAR
5544;TOSCANO-ASPARGOS VD;12X200GR
5512;TROPICANAS SAND.KIDS CAR R.110230 31/32;1 PAR
5518;SUCO UVA BRANCO INTEGRAL ALIANCA ;6X2LT
5519;SUCO UVA ROSE INTEGRAL ALIANCA ;6X2LT
5520;SUCO UVA TINTO ADOCADO ALIANCA ;6X2LT
5521;SUCO UVA TINTO INTEGRAL ALIANCA ;6X2LT
5561;FINI BALA GELATINA PATATI PATATA;12X90GR
5533;GLOBALBEV-BATATA PRINGLES BARBECUE;14X139GR
5534;GLOBALBEV-BATATA PRINGLES CREME E CEBOLA;14X139GR
5535;G.BEV-BATATA PRINGLES CREME E CEBOLA;12X40GR
5536;GLOBALBEV-BATATA PRINGLES ORIGINAL;12X40GR
5537;G.BEV-BATATA PRINGLES QUEIJO;12X40GR
5515;CARTUCHO P/ 2 GFA COLLINA;1X1
5516;FINI-PLASMACAR;1UN
5517;FINI-SKATENET;1UN
5490;SUCO UVA ORGANICO BORDO INTEGRAL ALIANCA;6X1LT
5491;SUCO UVA ORGANICO TINTO INTEGRAL ALIANCA;12X300ML
5492;SUCO UVA ALIANCA TINTO INTEGRAL;6X1LT
5493;V.STA COLINA TANNAT TTO SECO;6X750ML
5494;V.STA COLINA CABERNET SAUV TTO SUAVE;6X750ML
5495;ESPUMANTE MOSCATEL ROSE SANTA COLINA;6X750ML
5539;CHECK STANDER 1;1UN
5523;V.FERTIL-AZ.PRETA PORTUGUESA SACHE;24X100GR
5545;FINI GRIL  110V;1UN
5548;MAGUARY SUCO CONC CAJU PET;6X1LT
5549;MAGUARY SUCO CONC UVA PET;6X1LT
5550;MAGUARY SUCO CONC MANGA PET;6X1LT
5551;MAGUARY SUCO CONC GOIABA PET;6X1LT
5552;MAGUARY SUCO CONC ABACAXI PET;6X1LT
5562;FONTANA-SABONETE IARA CONJUNTO DUO ;24X4X90GR
5513;VALE FERTIL-DISPLAY SNACK 12 GANCHOS;1UN
5547;DAFRUTA-DISP. DE CHAO PRINCESAS E CARROS;1UN
5553;MAGUARY SUCO CONC MARACUJA PET;6X1LT
5554;MAGUARY TP NECTAR UVA;6X2LT
5555;MAGUARY TP NECTAR TANGERINA;6X2LT
5556;MAGUARY TP NECTAR PESSEGO;6X2LT
5557;MAGUARY TP NECTAR MARACUJA;6X2LT
5514;VINICOLA BALCAO P/DEGUSTACAO;1UN
5541;V.FERTIL-AZEITE OLIVA EXT.VIRGEM PREMIUM;12X500ML
5559;DELL TRILHOS DESLIZANTES COM BRACO DE GR;1UN
5542;FINI TUBES LOONEY TUNES;12X80GR
5543;FINI BALA GELATINA FROZEN;12X90GR
5522;CAPRICHO-FRALDA GARFIELD BABY PRAT EG ;PCT 16X1
5525;FINI TUBES TUTTI FRUTTI;12X80GR
5583;FINI MARSHMALLOW BEN 10;12X50GR
5584;SUFRESH T.DA MONICA NECTAR UVA;27X200ML
5585;SUFRESH T.DA MONICA NECTAR PESSEGO;27X200ML
5586;SUFRESH T.DA MONICA NECTAR MORANGO;27X200ML
5668;FLORESTAL PIRULITO BABY CORACAO MORANGO ;1X400GR
5672;VITTAMAX-FRESH CAES ADULTO FRANGO;12X280GR
5692;SUFRESH NECTAR CAJU;12X1LT
5916;DETERGENTE 500ML;UN
5590;AGUA SANITARIA DE 5LT;UN
5673;FINI LAMINA DE PRODUTOS;1UN
5765;MULTIDRINK COQUETEL RAIZOV MACA;6X950ML
5766;MULTIDRINK COQUETEL RAIZOV MARACUJA;6X950ML
5767;MULTIDRINK COQUETEL RAIZOV ORIGINAL;6X950ML
5768;MULTIDRINK COQUETEL RAIZOV LEMON;6X950ML
5769;MULTIDRINK COQUETEL RAIZOV CITRUS;6X950ML
5918;B.VISTA-BISC.COCO;20X400GR
5735;MR.GREEN  LTA CHA PRETO C/PESSEGO;6X330ML
5736;SUFRESH LTA  AGUA DE COCO VERDE AKOKO;6X330ML
5737;CAPPUCCINO CAFERAZZI CAFE C/LEITE TP ;18X190ML
5738;FEEL GOOD LTA CHA VERDE C/ LIMAO;6X330ML
5739;FEEL GOOD LTA CHA VERDE LARANJA C/GENGIB;6X330ML
5740;FEEL GOOD LTA CHA BRANCO;6X330ML
5741;FEEL GOOD LTA CHA BRANCO C/LICHIA;6X330ML
6144;LEAO-CHA MATTE NATURAL GRANEL;1X250G
5727;SUFRESH LIGHT NECTAR UVA;12X1LT
5728;SUFRESH LIGHT TP NECTAR INF.UVA;27X200ML
5729;SUFRESH LIGHT TP NECTAR INF.PESSEGO;27X200ML
5742;FEEL GOOD LTA CHA VERDE C/CRANBERRY;6X330ML
5743;FEEL GOOD LTA CHA VERMELHO C/AMORA;6X330ML
5744;FEEL GOOD TP CHA VERDE C/ LIMAO;12X1LT
5745;FEEL GOOD TP CHA VERDE LARANJA C/GENGIB ;12X1LT
6117;FLORESTAL CHICLE BUG MORANGO C/93;93X280GR
5565;HP 12600 COLOR AZUL;1 UN
5566;HP 12600 COLOR AMARELO;1 UN
5664;ROTEADOR 4G ZTE MF253 BCO IMP;1UN
5801;LAMP.FLUOR 40W 220V T-10-GOLDEN;UN
5802;RELE FOTOELETRICO 220 V 1000W RFE 2FS;1UN
5803;BASE PARA RELE FOTOELETRICO;1UN
5804;BUCHA NYLON S-08;1JG
6119;FLORESTAL CHICLE SMILINGUIDO MORANGO;47X140GR
6120;MOTO HONDA CG 150 FAN ES START/ PQD-3966;1UN
5649;FLORESTAL BALA SM BRAZILIAN COFFEE;36X80GR
5650;FLORESTAL BALA SM DURA FRUTAS PREMIUM;36X80GR
5651;FLORESTAL BALA SM DURA MENTA ;36X80GR
5652;FLORESTAL BALINHA SM CORACAO NAPOLITANO;36X80GR
5653;FLORESTAL BALINHA SM DO CORACAO CEREJA ;36X80GR
5654;FLORESTAL BALINHA SM DO CORACAO MORANGO;36X80GR
6145;LEAO-CHA MATTE NATURAL ORGANICO GRANEL;1X100G
6146;LEAO-CHA MATTE COM LIMAO GRANEL;1X100G
5746;FEEL GOOD TP CHA BRANCO;12X1LT
5747;FEEL GOOD TP CHA BRANCO C/LICHIA;12X1LT
5748;FEEL GOOD TP CHA VERDE C/CRANBERRY ;12X1LT
5749;FEEL GOOD TP CHA VERMELHO C/ AMORA ;12X1LT
5774;M.DRINK APERITIVO MALT OLD EXCELER BLACK;6X900ML
5775;M.DRINK APERITVO MALT OLD EXCELLER C/CP;6X900ML
6118;FLORESTAL CHICLE BUG UVA C/93;93X280GR
5669;B.VISTA-BISC.PAO DE MEL;56X53GR
5670;FLORESTAL PIRULITO BABY CORACAO COLORID ;1X400GR
5671;FLORESTAL PIRULITO BOLA SMILINGUIDO ;1X528GR
5750;SUFRESH ACAI E GUARANA CREMOSO ;12X1LT
5751;SUFRESH 100% SO SUCO DE UVA;12X1LT
5752;SUFRESH 100% SO SUCO DE LARANJA  ;12X1LT
5594;FLORESTAL BALA SM CHICLE TUTTI-FRUTTI;36X80GR
5629;FLORESTAL PIRULITO CORACAO BRASIL;1X500GR
5630;FLORESTAL PIRULITO CORACAO SMILINGUIDO;1X500GR
5631;FLORESTAL CHICLE SMILINGUIDO HORTELA;50X150GR
5632;FLORESTAL CHICLE SMILINGUIDO MORANGO;50X150GR
5633;FLORESTAL CHICLE TODATEEN T.FRUTTI S/ACU;18X8,5GR
6098;SOQUETE FLUOR. HO ANTI-VIBRAT.MOVEL;1PCT
5588;ETIQUETA ADESIVA REF. A4348;CX
5776;DAFRUTA-DISPLAY DAF FDK;1UN
5777;DAFRUTA-PAPEL FORRACAO ;1UN
5778;DAFRUTA-FAIXA DE GONDOLA;1UN
5779;PALLET PBR;1UN
5780;FLORESTAL PIR.PIMBOLAO MELANCIA C/24;1X480GR
6100;TRANSF DICROICA 220/12V 50W ELET-PHILIPS;1 PCT
6101;TOMADA TIPO REGUA QUADRUPLA 2P+T - CZ;1 PCT
5589;TONER COLORIDO PRETO (COMERCIAL);UN
6121;MOTO HONDA CG 150 FAN ES START/ PQD-3976;1UN
6122;MOTO HONDA CG 150 FAN ES START/ PQD-3936;1UN
6123;MOTO HONDA CG 150 FAN ES START/ PQD-3916;1UN
6124;MOTO HONDA CG 150 FAN ES START/ PQD-3886;1UN
6125;MOTO HONDA CG 150 FAN ES START/ PQD-3956;1UN
6135;SCARLIM PET-ELIMINADOR ODORES MARINE;6X2LT
6239;TOSCANO-MAIONESE TRADICIONAL;12X500G
6241;MARLBORO BLUE ICE MENTHOL KS RCB - BOX;1 PCT
5634;FLORESTAL CHICLE TODATEEN MENTA S/ACUCAR;18X8,5GR
5636;FLORESTAL CHICLE TODATEEN AMORA S/ACUCAR;18X8,5GR
5637;FLORESTAL MARSH. FOFS PT BIGMALLOW  ;30X18GR
5638;FLORESTAL MARSH. FOFS C/RECHEIO MORANGO;30X18GR
5710;SUFRESH SOJA SOYOS PESSEGO;12X1LT
5711;SUFRESH SOJA SOYOS UVA;12X1LT
5712;SUFRESH SOJA SOYOS MACA;12X1LT
5924;FLORESTAL MARSH. BANZE HALLOWEEN;1X250GR
5781;FLORESTAL PIR.PIMBOLAO FRAMBOESA C/24;1X480GR
5782;B.VISTA-WAFER FLORESTA NEGRA;30X115GR
5783;B.VISTA-WAFER CHOCOLATE;30X115GR
5784;B.VISTA-WAFER FLOCOS;30X115GR
5785;B.VISTA-WAFER MORANGO;30X115GR
5786;FINI TIRAS HORA DE AVENTURA;12X80GR
6102;LAMPADA HAL DIC.50W 12V ENSETIAL-PHILIPS;1 PCT
5569;GRAMPEADOR GRANDE;UN
5571;PORTA LAPIS;UN
5572;APAGADOR QUADRO;UN
5574;PINCEL P/ QUADRO BRANCO;UN
5578;CADERNO CAPA DURA 96 FLS;UN
5713;SUFRESH SOJA SOYOS MAMAO/ACEROLA;12X1LT
5714;SUFRESH SOJA SOYOS ABACAXI/LIMAO;12X1LT
5715;SUFRESH SOJA SOYOS MARACUJA;12X1LT
5716;SUFRESH SOJA SOYOS LARANJA;12X1LT
5717;SUFRESH SOJA SOYOS LARANJA/CENOURA;12X1LT
5718;SUFRESH TP SOJA SOYOS MAMAO/ACEROLA;27X200ML
5719;SUFRESH TP SOJA SOYOS MARACUJA;27X200ML
6099;REATOR ELETRONICO 2X110W HO 220V AFP-R;1 PCT
5665;SC BOPP  6NP CO 128KB AAC005 MICRO;1UN
5666;AP TAB 4G SAMSUNG N8020 GALAXY NOTE CZA;1UN
5756;SUFRESH T.DA MONICA NECTAR LARANJA;27X200ML
5757;SUFRESH T.DA MONICA NECTAR MACA;27X200ML
5787;FINI BALA GELATINA HORA DE AVENTURA;12X90GR
5788;VITTAMAX-FRESH CAES ADULTO CARNE;12X280GR
6103;ABRACADEIRA AÇO LAMP.FLUOR. T-10/T-12;1 UN
6104;CABO FLEXIVEL 750V 4MM2 AM;1 M
6136;SCARLIM PET-ELIMINADOR ODORES SILVESTRE ;6X2LT
6139;FLORESTAL CHICLE BUG TUTTI-FRUTTI C/93;93X280GR
6140;FLORESTAL CHICLE BUG ABACAXI C/93;93X280GR
6141;FLORESTAL CHICLE CLISS CART.MARACUJA;12X16,8GR
6240;FLORESTAL CHICLE SMILINGUIDO HORTELA;47X140GR
5720;SUFRESH TP SOJA SOYOS MORANGO;27X200ML
5721;SUFRESH TP SOJA SOYOS MACA;27X200ML
5722;SUFRESH TP SOJA SOYOS PESSEGO;27X200ML
5723;SUFRESH TP SOJA SOYOS UVA;27X200ML
5724;SUFRESH LIGHT LTA NECTAR  UVA;6X330ML
5725;SUFRESH LIGHT LTA NECTAR PESSEGO;6X330ML
5726;SUFRESH LIGHT NECTAR PESSEGO;12X1LT
6005;QUADRO BR MAGNETICO 090X120;UN
5660;CANETA BRASIL;UN
5661;BONE BRASIL;UN
5662;CAMISETA BRASIL;UN
5789;VITTAMAX-FRESH GATO CARNE;12X280GR
5790;VITTAMAX-FRESH GATO PEIXE;12X280GR
5791;VITTAMAX-FRESH CAES FILHOTE FRANGO;12X280GR
5792;FLORESTAL BALA MOLE MAST.SORTIDAS C/120;1X600GR
6105;CABO FLEXIVEL 750V 4MM2 VM;1 M
5598;FINI TUBES DP TUTTI FRUTTI;12X20GR
5599;FINI TUBES DP MORANGO;12X20GR
5600;FINI TUBES DP CITRICO MORANGO;12X20GR
5602;FINI TUBES DP ANGRY BIRDS;12X20GR
5604;REFRIGERADOR VERT.F.FREE VB 40WB 406L;1UN
5605;FINI MARSHMALLOW VULCOES RECH.MORANGO;12X60GR
5606;FINI TUBES CITRICO TANGERINA ;12X80GR
6021;NECTAR NEC ALIANCA LARANJA TP;12X1LT
5591;FINI REGALIZ PORTA LAPIS ;15X80GR
5592;FINI TUBES BRASIL;12X80GR
5593;FINI BALA GELATINA COPATOON C/BRINDE;12X50GR
5675;SUFRESH LTA NECTAR UVA;6X330ML
5676;SUFRESH LTA NECTAR PESSEGO;6X330ML
5677;SUFRESH LTA NECTAR MORANGO;6X330ML
5904;AP TAB 4 3G SAMSUNG SM-T531 10.1 BCO;1UN
6027;BABY SOFT-AMAC.CONC.VELUDO AZUL;12X500ML
5706;SUFRESH TURMA MONICA SOJA SOYOS UVA;27X200ML
5793;FLORESTAL BALA MAST.TOFFEE C/120;1X600GR
5794;FLORESTAL BALA MAST.IOGURTE C/120;1X600GR
5795;FLORESTAL BALA MAST ZOLLE M.VERDE C/120;1X600GR
5796;FLORESTAL BALA MACIA ZOLLE FRAMBOESA 120;1X600GR
5797;FLORESTAL BALA MAST.MINT HORTELA ;1X600GR
5798;FINI LATA HALLOWEEN;12X134GR
6106;CABO FLEXIVEL 750V 4MM2 AZ;1 M
6107;SOQUETE C/ RABICHO LAMP. FLUOR. T-8/10;1 PCT
5607;FINI BALA GELATINA ANGRY BIRD;12X90GR
5608;GINA PALITO BAMBU EMBALADO REF.7223;2000X1UN
5644;DETERGENTE 5LT;UN
5645;SABONETE 5LT;UN
5646;DESINFETANTE 5LT;UN
5647;BATERIA 12V;UN
5648;ISQUEIRO;UN
6022;NECTAR NEC ALIANCA UVA TP;12X1LT
6023;N.NEC BLEND ALIANCA LIM/MACA/UVA BCA TP;12X1LT
5678;SUFRESH LTA NECTAR MANGA;6X330ML
5679;SUFRESH LTA NECTAR GOIABA;6X330ML
5680;SUFRESH LTA NECTAR CAJU;6X330ML
5681;SUFRESH LTA NECTAR MARACUJA;6X330ML
5682;SUFRESH LTA NECTAR LARANJA;6X330ML
5683;SUFRESH LTA NECTAR ABACAXI;6X330ML
5684;SUFRESH LTA NECTAR MACA;6X330ML
5907;FINI-DISPLAY CHAO TIRAS 10 FRENTES;1UN
5659;CAFETEIRA CAF133 CADENCE;1UN
5799;LAMP.V MET 1000W 220V E-40 TUB-GOLDEN;UN
5800;REATOR ELETRONICO 2X 40 W 110/220V;1UN
5805;ELETRODUTO PVC 1 PT;1JG
5806;PARAFUSO P/BUCHA S08 4,8X45 C/PANELA;UN
5807;DISJ.TRIP 50A C 5SX1 350-7-SIEMENS;UN
5808;CABO 0,6/1K V 2X 10MM PRETO FLEX 90;UN
6108;FITA ISOLANTE 20MTS SCOTCH 33+ 19MMX20M;1 PCT
6109;SOQUETE PORC. PARA PLAFON E27-DECORLUX;1 PCT
5658;V.FERTIL-AZEITE OLIVA EXT.VIRG.MALAGUENA;12X500ML
5667;TURMA DO BEBE-FRALDA MEGA PCT P;1X4X56UN
5674;FINI MARSHMALLOW BEN 10;12X250GR
5693;SUFRESH NECTAR MARACUJA;12X1LT
5694;SUFRESH NECTAR LARANJA;12X1LT
5695;SUFRESH NECTAR ABACAXI;12X1LT
5696;SUFRESH NECTAR MACA;12X1LT
6024;N.NEC BLEND ALIANCA ROMA/MACA/UVA TTA TP;12X1LT
5685;SUFRESH NECTAR UVA;12X1LT
5686;SUFRESH NECTAR PESSEGO;12X1LT
5687;SUFRESH NECTAR PERA;12X1LT
5688;SUFRESH NECTAR MORANGO;12X1LT
5689;SUFRESH NECTAR MANGA;12X1LT
5690;SUFRESH NECTAR GOIABA;12X1LT
5691;SUFRESH NECTAR FRUTAS TROPICAIS;12X1LT
5917;B.VISTA-BISC.LEITE;20X400GR
5567;TURMA DO BEBE-FRALDA HIPER PCT M;1X4X96UN
5568;TURMA DO BEBE-FRALDA HIPER PCT G;1X4X88UN
5570;TURMA DO BEBE-FRALDA HIPER PCT EG;1X4X80UN
5573;FRALDA GERIATRICA GERAFRAL MEGA PCT M;1X4X15UN
5575;FRALDA GERIATRICA GERAFRAL MEGA PCT G;1X4X15UN
5576;FRALDA GERIATRICA GERAFRAL HIPER PCT M;1X4X30UN
5577;FRALDA GERIATRICA GERAFRAL HIPER PCT G;1X4X30UN
5809;VITTAMAX-RACAO CAES NATURAL;6X2,3KG
5628;FLORESTAL GOMA  FLOPINHO TUBO DP;30X1X32GR
5697;SUFRESH TP NECTAR UVA;27X200ML
5698;SUFRESH TP NECTAR PESSEGO;27X200ML
5699;SUFRESH TP NECTAR MANGA;27X200ML
5700;SUFRESH TP NECTAR MARACUJA;27X200ML
5701;SUFRESH TP NECTAR CAJU;27X200ML
5702;SUFRESH TP NECTAR MACA;27X200ML
5998;IMPRESSORA HP LASEJET P1102W;1 UN
5595;PLASVALE-BACIA CANELADA REF.355LP;4X34LT
5609;TURMA DO BEBE-FRALDA MEGA PCT M;1X4X48UN
5610;TURMA DO BEBE-FRALDA MEGA PCT G;1X4X44UN
5611;TURMA DO BEBE-FRALDA MEGA PCT EG;1X4X40UN
5612;CAPRICHO-FRALDA GARFIELD BABY PRAT EG ;8X16UN
5613;CAPRICHO-FRALDA GARFIELD BABY PRAT G;8X20UN
5614;CAPRICHO-FRALDA GARFIELD BABY PRAT M;8X24UN
6028;BABY SOFT-AMAC.CONC.MUNDO DOS SONHOS;12X500ML
5579;FINI BALA GELATINA BEN 10;12X90GR
5580;FLORESTAL GOMA SMILINGUIDO DP;30X1X20GR
5581;FINI TUBES BEN 10;12X80GR
5582;FLORESTAL GOMA SMILINGUIDO TIRAS;30X5X200GR
5587;TECLADO MULTILASER;UN
5640;ROTEADOR 3G ZTE MF25A PTO IMP;1UN
5810;VITTAMAX-RACAO CAES NATURAL;15KG
5812;ENERGETICO ON DIESEL PET;12X270ML
5703;SUFRESH TP NECTAR LARANJA;27X200ML
5705;SUFRESH TURMA MONICA SOJA SOYOS MORANGO;27X200ML
5707;SUFRESH TURMA MONICA SOJA SOYOS MACA;27X200ML
5708;SUFRESH TURMA MONICA SOJA SOYOS PESSEGO;27X200ML
5709;SUFRESH SOJA SOYOS MORANGO;12X1LT
5753;SUFRESH EQUILIBRIO & SABOR CRANBERRY  ;12X1LT
5754;SUFRESH EQUILIBRIO & SABOR AM/BAN/FIB.  ;12X1LT
5923;FLORESTAL MARSH. BANZE BIG TWIST;1X250GR
5596;B.VISTA-BISC.MER. CHOC.S/RECH FAZENDINHA;40X123GR
5597;B.VISTA-BISC.MER. RECH CHOCOCHOCO FAZEND;40X140GR
5615;CAPRICHO-FRALDA GARFIELD BABY PRAT P;8X30UN
5616;CAPRICHO-FRALDA GARFIELD BABY PRAT XXG;8X14UN
5617;CAPRICHO-FRALDA GARFIELD SUPER JUMBO EG ;3X70UN
5618;CAPRICHO-FRALDA GARFIELD SUPER JUMBO G ;3X80UN
6025;NECTAR NEC INF. ALIANCA LARANJA TP;24X200ML
5811;ENERGETICO ON DIESEL PET;6X500ML
5813;ENERGETICO ON DIESEL PET;6X1LT
5814;ENERGETICO ON DIESEL PET;6X2LT
5815;SC BOPP  6NP CO 128KB AAC005 NANO;1UN
5816;AP 4G APPLE IPHONE 5S DOURADO 16GB IMP;1UN
5817;SC BOPP  6NP CO 128KB AAC005 FLEX;1UN
6110;PASSA FIO NYLON C/ALMA DE ACO 15M;1 PCT
6111;REATOR ELETRONICO 2 X 40W AFP 110/220V;1 PCT
5639;VINICOLA BALCAO MOVEL TIPO GONDOLA;1UN
5663;TV 32 LED CCE LN 32G PRETO;1UN
5755;B.VISTA-COOKIES FAZENDINHA BAUN. C/CHOCO;56X50GR
5770;MULTIDRINK COQUETEL RAIZOV ACAI;6X950ML
5771;MULTIDRINK COQUETEL RAIZOV GREEN FRUIT;6X950ML
5772;MULTIDRINK COQUETEL RAIZOV MANGA;6X950ML
5773;MULTIDRINK COQUETEL RAIZOV PESSEGO;6X950ML
6142;FLORESTAL BALA FLOPI TEA S/ACUCAR GENGIB;12X40GR
5619;CAPRICHO-FRALDA GARFIELD SUPER JUMBO M ;3X90UN
5620;CAPRICHO-FRALDA GARFIELD SUPER JUMBO P;3X100UN
5621;TURMA DO BEBE-FRALDA HIPER PCT P;1X4X112UN
5622;CAPRICHO-FRALDA MATURI CARE ECON EG+2GTS;4X24UN
5623;CAPRICHO-FRALDA MATURI CARE ECON G;4X30UN
5624;CAPRICHO-FRALDA MATURI CARE ECON M;4X30UN
5625;CAPRICHO-FRALDA MATURI CARE REG EG ;8X7UN
6026;NECTAR NEC INF. ALIANCA UVATP;24X200ML
6029;BABY SOFT-AMAC.CONC.VIOLETA DA NOITE;12X500ML
5759;MULTIDRINK COQUETEL  RAIZOV BLACK TRICK;6X950ML
5760;MULTIDRINK COQUETEL RAIZOV RED FRUIT;6X950ML
5761;MULTIDRINK COQUETEL RAIZOV PINA COLADA;6X950ML
5762;MULTIDRINK COQUETEL RAIZOV KIWI;6X950ML
5763;MULTIDRINK COQUETEL RAIZOV ORANGE;6X950ML
5764;MULTIDRINK COQUETEL RAIZOV VANILLA;6X950ML
6112;REATOR ELETRONICO 2 X 20W AFP 110/220V;1 PCT
6113;LAMP. V MET. 1000W 220V E-40 TUB-PHILIPS;1 PCT
5563;HP 12600 COLOR PRETO;1 UN
5564;HP 12600 COLOR MAGENTA;1 UN
5730;SUFRESH PREMIUM NECTAR LARANJA;12X1LT
5731;SUFRESH PREMIUM NECTAR LARANJA C/GOMINHO;12X1LT
5732;SUFRESH PREMIUM NECTAR UVA;12X1LT
5733;SUFRESH PREMIUM NECTAR TANGERINA;12X1LT
5734;MR.GREEN  LTA CHA MATE C/LIMAO;6X330ML
6143;LEAO-CHA MATTE NATURAL GRANEL;1X100G
5626;CAPRICHO-FRALDA MATURI CARE REG G;8X8UN
5627;CAPRICHO-FRALDA MATURI CARE REG M;8X10UN
5641;LACRE PARA MALOTE;PCT
5642;PERCEVEJO;CX
5643;FOLHA E.V.A;UN
5655;V.FERTIL-PEPINO INTEIRO EM CONSERVA VD;12X300GR
5657;V.FERTIL-AZEITE OLIVA EXT.VIRG.MALAGUENA;24X250ML
6115;FLORESTAL BALA SM CHOCOLATE MILKEN ;40X80GR
6116;FLORESTAL CHICLE BUG HORTELA C/93;93X280GR
5863;TAMBOR FREIO 3612;UN
5879;FLORESTAL BALINHA CORACAO MORANGO ;1X500GR
5880;FLORESTAL BALA BRAZILIAN COFFEE ;1X500GR
5892;BAYGON;UN
5893;PANO DE CHAO;UN
5965;V.FERTIL-AZ.VDE TEMP.SAB.MEDITERRANEO VD;12X145GR
5966;V.FERTIL-AZ.VDE TEMP.SABOR ANCHOVA VD;12X145GR
6042;BABY SOFT-AMAC.TQ DE CUIDADO (BRANCO)5L;2X5LT
6043;BABY SOFT-AMAC. TQ DE FRESCOR (VERDE);2X5LT
6044;BABY SOFT-AMAC. TQ DE MACIEZ (ROSA);2X5LT
6045;SCARLIM-DESINFETANTE FLORAL;6X2LT
6046;SCARLIM-DESINFETANTE FLORES DE LAVANDA;6X2LT
6047;SCARLIM-DESINFETANTE EUCALIPTO;6X2LT
6336;FLORESTAL BALINHA CORACAO MARACUJA C/175;1X700GR
6059;BABY SOFT-LAVA ROUPAS DELICADAS FLORAL;12X500ML
6060;BABY SOFT-LAVA ROUPAS DELICADAS COCO;12X1LT
6061;BABY SOFT-LAVA ROUPAS DELICADAS COCO;6X2LT
6062;BABY SOFT-LAVA ROUPAS CONCENTRADO;12X500ML
6063;BABY SOFT-LAVA ROUPAS TOTAL MAX (VERDE);12X1LT
6064;BABY SOFT-LAVA ROUPAS T.MAX TQ.AMACIANTE;12X1LT
6065;BABY SOFT-LAVA ROUPAS TOTAL MAX (VERDE);6X2LT
5967;V.FERTIL-AZ.VDE TEMP.SABOR MEXICANO VD;12X145GR
5968;V.FERTIL-AZEITE OLIVA EXTRA VIRGEM SACHE;180X7ML
5969;SUFRESH DISNEY 100% SO SUCO DE MACA/UVA;27X200ML
5970;SUFRESH DISNEY 100% SO SUCO DE MACA;27X200ML
5971;SUFRESH DISNEY 100% SO SUCO MACA/MORANGO;27X200ML
5972;SUFRESH 100% SO SUCO DE LARANJA;18X200ML
6230;GUARAMIX-SPORT DRINK GARRAFA PET 500ML;24X500ML
6231;FLORESTAL CANTONEIRA EM L ;1UN
6259;DO BEM-LIMONADA TP 1L;1X1LT
6260;DO BEM-SUCO DE MELANCIA C/LIMAO TP;1X1LT
6261;DO BEM-SUCO DE UVA INTEGRAL TP 1L;1X1LT
6262;DO BEM-SUCO TANGERINA INTEGRAL TP 1L;1X1LT
6263;DO BEM-SUCO LARANJA INT C/GOMINHOS TP 1L;1X1LT
6264;DO BEM-SUCO ABACAXI C/HORTELA TP 1L;1X1LT
6860;WHISKY BALLANTINES 21 YEARS OLD;700ML
6016;BATERIA LR44 ELGIN 2X1;UN
6017;CRACHA C/JACARE;UN
6067;BABY SOFT-FAC.PASSAR E PERF. GATILHO;12X500ML
6068;DIPOL-SABAO EM PASTA COCO TROPICAL;12X500GR
6090;CLEAN MAX-LIMPADOR PERF.LAVANDA REFRESC.;12X500ML
6091;CLEAN MAX-LIMPADOR PERF.FRESCOR IRRESIST;12X500ML
6092;CLEAN MAX-LIMPADOR PERF.FLOR IRRADIANTE;12X500ML
6337;FLORESTAL BALA B.COFFEE RASPA LARANJ 140;1X500GR
5871;C.SUICA BOLO URSINHOS DISNEY CHOC R.CHOC;18X43GR
5872;C.SUICA BOLO URSINHO DISNEY BAUN R.CHOC;18X43GR
5873;C.SUICA COOKIES BAUN.C/GOTAS CHOC;160X18GR
5874;C.SUICA COOKIES CHOC.C/GOTAS CHOC;160X18GR
5875;C.SUICA BISCOITO AMANTEIGADO ;16X140GR
5887;TV LED PANASONIC 32TC-L32A400B HD;1UN
6066;BABY SOFT-FAC.PASSAR E PERF. REFIL;12X500ML
6069;DIPOL-SABAO EM PASTA LIMAO;12X500GR
5973;SUFRESH 100% SO SUCO DE UVA;18X200ML
5974;SUFRESH GOMINHOS NECTAR LARANJA LIGHT;12X1LT
5898;B.VISTA-BISC.TUCS PIMENTA E QUEIJO ;30X100GR
5899;B.VISTA-BISC.DIN CRACKER´S ;30X100GR
5900;FINI KIT ESCOLAR;12X100GR
5901;FINI MIX ;12X145GR
5919;V.FERTIL-AZEITONA PRETA FATIADA VD;24X180GR
6265;DO BEM-SUCO ROSA INT.VEM MEU BRONZE TP1L;1X1LT
6266;DO BEM-SUCO VERDE INT.DETOX MONSTRO 1L;1X1LT
6267;DO BEM-SUCO VERDE INT.DETOX FAIXA BRANCA;1X1LT
6093;CLEAN MAX-LIMPADOR PERF.SUAVES MOMENTOS;12X500ML
6094;CLEAN MAX-LIMPA VIDROS E ACRILIC.SQUEEZE;12X500ML
6095;CLEAN MAX-LIMPA VIDROS E ACRILIC.GATILHO;12X520ML
6096;CLEAN MAX-LIMPA VIDROS E ACRILIC.REFIL;12X520ML
6097;CLEAN MAX-LIMPA VIDROS E ACRILICOS;2X5LT
6114;V.FERTIL-AZ.PRETA AZAPA SACHE DOY PACK;24X200GR
6338;FLORESTAL BALA B.COFFEE RASPA LARANJA CP;6X100GR
6339;FLORESTAL BALA BRAZ.COFFEE TRUFADO C/140;1X500GR
5888;"TABLET SAMSUNG T110N WIFI 7""CCML VPTOZF";1UN
5920;B.VISTA-BISC.AMANTEIGADO LEITE;20X310GR
6070;DIPOL-SABAO EM PASTA NEUTRO;12X500GR
6071;DIPOL-SABAO EM PASTA NEUTRO;6X1KG
6072;CLEAN MAX-LIMPEZA PESADA ORIGINAL;12X500ML
6073;CLEAN MAX-LIMPEZA PESADA AMONIACO PERFUM;12X500ML
6074;CLEAN MAX-LUSTRA MOVEIS LAVANDA;24X200ML
5995;C.SUICA BOLO T.MONICA BAUNILHA R.BAUNILH;18X40GR
5996;C.SUICA BOLO T.MONICA CHOCOLATE R.CHOC;18X40GR
5997;C.SUICA BOLO T.MONICA BAUN.GOTAS.R.CHOC;18X40GR
6232;GUARAMIX-FAST DRINK COPO 290ML;12X290ML
6006;FINI-DISPLAY CHAO 23 FRENTES;1UN
6268;DO BEM-AGUA DE COCO 100% NATURAL 1L;1X1LT
6269;DO BEM-LIMONADA TP 330ML;12X330ML
6270;DO BEM-SUCO LARANJA INTEGRAL TP 330ML;12X330ML
6271;DO BEM-SUCO TANGERINA INTEGRAL TP 330ML;12X330ML
6272;DO BEM-SUCO DE UVA INTEGRAL TP 330ML;12X330ML
6009;CADERNO DE 16X320F;UN
6010;ETIQUETADORA;UN
6126;FINI BALA GELATINA MINIONS;12X90GR
6127;LUXOR PALACE POWERED BY HARMONY - MACO;1 PCT
6128;MARLBORO RED FWD KS RSP - MACO;1 PCT
6129;MARLBORO RED FWD KS BOX;1 PCT
6130;FINI POCKET BALA GELATINA DENTADURAS;24X18GR
6340;FLORESTAL BALA BRAZ.COFFEE TRUFADO CP;6X100GR
6075;CLEAN MAX-LUSTRA MOVEIS JASMIM;24X200ML
6076;CLEAN MAX-LUSTRA MOVEIS LAVANDA;12X500ML
6077;CLEAN MAX-LUSTRA MOVEIS JASMIM;12X500ML
6078;CLEAN MAX-LIMPA TAPETES E ESTOFADOS;12X500ML
6079;BABY SOFT-TIRA MANCHAS ROUPAS BRANCAS;12X450GR
6080;BABY SOFT-TIRA MANCHAS ROUPAS COLORIDAS;12X450GR
6081;BABY SOFT-PRE LAVAGEM;12X500ML
6886;DURACELL-PILHA QUANTUM PEQUENA AA C/2UN;1X2UN
6887;DURACELL-PILHA QUANTUM  PALITO AAA L4 P3;1X4UN
6888;DURACELL-PILHA QUANTUM PEQUENA AA L4 P3;1X4UN
6889;DURACELL-PILHA ALC.CARTAO PALITO AAA 6X2;6X2UN
7833;V.FERTIL-PEPINO INT CONSERVA VD 300G NAC;1X300GR
5948;B.VISTA-BISC.AMANT. IOGURTE E MORANGO;20X310GR
5949;B.VISTA-COOKIES FAZENDINHA CHOCOLATE;14X50GR
5950;B.VISTA-COOKIES FAZENDINHA BAUNILHA;14X50GR
5951;B.VISTA-ECOO ROSQUINHA INTEGRAL COCO;24X100GR
5952;B.VISTA-ECOO ROSQ INTEGRAL CHOCOLATE   ;24X100GR
5953;B.VISTA-ECOO ROSQ INTEGRAL CEN,LAR E MEL;24X100GR
6273;DO BEM-SUCO VERDE INT.DETOX MONSTRO330ML;12X330ML
6131;FINI POCKET BALA GELATINA MINHOCAS BRILH;24X18GR
6152;LEAO-CHA MATTE C/LARANJA C/25 SQ.;1X40G
6153;LEAO-CHA MATTE C/LIMAO C/25 SQ.;1X40G
6154;LEAO-CHA MATTE NATURAL C/25 SQ.;1X40G
6155;LEAO-CHA MATTE C/PESSEGO C/25 SQ.;1X40G
6156;LEAO-CHA MATTE ABACAXI E HORTELA C/15 SQ;1X24G
6244;DO BEM-BARRINHA CX MIX NUTS MACA/CANELA ;2X30G
6082;CLEAN MAX-LIMPADOR MULTIUSO ORIGINAL;12X500ML
6083;CLEAN MAX-LIMPADOR MULTIUSO FRESH;12X500ML
6084;CLEAN MAX-LIMPADOR MULTIUSO FLORAL;12X500ML
6085;CLEAN MAX-LIMPADOR MULTIUSO LAVAN/ALCOOL;12X500ML
6086;CLEAN MAX-LIMPADOR MULTIUSO ORIGINAL;2X5LT
6087;CLEAN MAX-DESENGORDURANTE SQUEEZE;12X500ML
6286;MARLBORO GOLD KS RCB 2.0 - BOX;1 PCT
6890;DURACELL-PILHA ALC.CARTAO PEQUENA AA 6X2;6X2UN
7253;BAT 3VEL ULTRA BLACK B11 PR 220V;1PC
7254;SAND ULTRA S13 PTO 220V;1PC
7834;VINHO SAO VICTOR TINTO SECO BORDO;6X1LT
5865;C.SUICA PASCOATTONE GOTAS DE CHOC.;500GR
5866;C.SUICA PASCOATONE GOTAS CHOC C/CHOC TRU;550GR
5867;C.SUICA PASCOATONE GOTAS CHOC C/D.LEITE;550GR
5868;C.SUICA PASCOATTONE FRUTAS ZERO;400GR
5954;SUFRESH LTA LIMONADA;6X330ML
5955;SUFRESH EQUILIBRIO & SABOR ANTIOX;12X330ML
5956;SUFRESH EQUILIBRIO & SABOR IMUNOX;12X330ML
8699;VALDA DIET-TABLETE GOMA MASCAR SM;15X21GR
5832;C.SUICA BOLO COBERTO MARSHMALLOW;330GR
5833;C.SUICA BOLO COBERTO BRIGADEIRO;330GR
5834;C.SUICA BOLO INTEG.ZERO C/CAST.DO PARA ;250GR
5835;C.SUICA BOLO INTEGRAL ZERO C/NOZES;250GR
5836;C.SUICA BOLO ZERO CHOCOLATE;280GR
5837;C.SUICA BOLO ZERO C/NOZES;280GR
6134;BANDEJA ACRIL ;UN
6147;LEAO-CHA MATTE NATURAL C/15 SQ.;1X24G
5876;COOLER COLLINA PESSEGO GFA;12X740ML
5877;COOLER COLLINA TRAD. DOCE GFA UVA;12X740ML
5925;FLORESTAL MARSH. BANZE PARA ASSAR;1X250GR
5926;FLORESTAL MARSH. BANZE TUBE;1X250GR
5927;FLORESTAL MARSH. BANZE TWIST;1X250GR
5928;FINI BALA GELATINA CANDY CRUSH SORT;12X90GR
6088;CLEAN MAX-DESENGORDURANTE GATILHO;12X500ML
6089;CLEAN MAX-DESENGORDURANTE REFIL;12X500ML
5921;KIT SUCO UVA TERRA TINTO INTEGRAL C/2CP;4X1LT
5922;KIT SUCO UVA TERRA BRANCO INTEGRAL C/2CP;4X1LT
6893;HARIBO-DISPLAY BALCAO 3 GANCHOS (CARONA);1UN
7269;PIVO FIAT PAL STRADA 01/SIENA PS959;1UN
7270;BUCHA BALANCA FIAT PAL WEEK (PEQ);1UN
7271;BUCHA BALANCA FIAT PALIO 00/... PALIO WE;1UN
5895;FEEL GOOD LTA CHA BRANCO C/HIBISCO;6X330ML
5957;SUFRESH EQUILIBRIO & SABOR DETOX;12X330ML
5958;SUFRESH EQUILIBRIO & SABOR AM/BAN/FIB.  ;12X330ML
5959;SUFRESH EQUILIBRIO & SABOR CRANBERRY;12X330ML
5960;SUFRESH LIGHT NECTAR MANGA;12X1LT
5961;SUFRESH LIGHT NECTAR MARACUJA;12X1LT
6274;DO BEM-AGUA DE COCO 100% NATURAL TP330ML;12X330ML
6275;DO BEM-LIMONADA TP 200ML;18X200ML
5999;DALLAS CLASSIC BLUE KS SOF - MACO;1 PCT
6000;DALLAS CLASSIC BLUE KS BOX;1 PCT
6137;B.VISTA-WAFER LANCH.CHOCOLATE FAZENDINHA;48X34GR
6138;B.VISTA-WAFER LANCH.MORANGO FAZENDINHA  ;48X34GR
6150;LEAO-CHA MATTE CHOC. E CARAMELO C/25 SQ.;1X40G
6151;LEAO-CHA MATTE DOCE DE LEITE C/25 SQ.;1X40G
6285;MARLBORO GOLD KS RSP - MACO;1 PCT
5933;FINI-DISPLAY MODULAR;1UN
5819;FINI CHICLE COLA & HAMBURGUER ;12X90GR
5820;FINI CHICLE BOLA DE TENIS ;12X90GR
5869;BASE POWEREDGE T620 INTEL XEON E26XX V2 ;1 UN
5870;SOFTWARE MS2012 STD FI;1 UN
5946;TOSCANO-CREME DE CEBOLA;15X65GR
5947;TOSCANO-KETCHUP FR;12X380GR
6276;DO BEM-SUCO LARANJA INTEGRAL TP 200ML;18X200ML
5981;V.FERTIL-AZEITONA PRETA S/CAROCO VD;24X160GR
5982;V.FERTIL-AZEITONA VERDE FATIADA VD;12X300GR
5983;V.FERTIL-AZ.VDE ARAUCO SACHE DOY PACK ;6X1KG
5984;V.FERTIL-AZ.VDE MANZANILA SACHE DOY PACK;24X200GR
5985;V.FERTIL-AZ.PRETA SACHE DOY PACK;24X150GR
6157;LEAO-CHA MATTE NATURAL SOLUVEL;1X250G
6158;LEAO-CHA MATTE NATURAL SOLUVEL POUCH;1X25G
5838;C.SUICA BOLO SUICO NATAL NOZES COB CHOC;400GR
5839;C.SUICA BOLO SUICO NATAL CHOC. C/ NOZES;400GR
5840;C.SUICA BOLO SUICO NATAL P.MEL COB CHOC;450GR
5841;C.SUICA BOLO DE NATAL FRUTAS;350GR
5842;C.SUICA BOLO DE NATAL NOZES COB CHOC LAT;480GR
5843;C.SUICA BOLO CAFE DA MANHA GOTAS CHOCOLA;300GR
5897;FINI BALA GELAT. ANGRY BIRD ESPIRRA AGUA;12X50GR
5988;CANETA DETECTA CEDULA;UN
5989;GRAMPO 23/8;UN
6894;HARIBO-DISPLAY BALCAO 4 GANCHOS C/LATERA;1UN
6895;HARIBO-DISPLAY BALCAO 6 GANCHOS C/LATERA;1UN
5962;SUFRESH LIGHT NECTAR ABACAXI;12X1LT
5963;SUFRESH LIGHT TP NECTAR INF.MARACUJA;27X200ML
5964;SUFRESH LIGHT TP NECTAR INF.MANGA;27X200ML
6288;SHELTON 100 SLIM BOX;1 PCT
6289;SHELTON ORIGINAL KS BOX;1 PCT
6290;A SLIMS SAMPOERNA KRETEK KS SLI RED -BOX;1 PCT
6291;A SLIMS SAMPOERNA KR.MENTHOL KS SLI -BOX;1 PCT
6909;MTERRA-GRANOLA FRUTAS/MEL S/ACUCAR 250G;1X250G
5986;V.FERTIL-AZ.PRETA PORTUGUESA SACHE D.PAC;24X100GR
5987;V.FERTIL-AZ.VDE HOJIBLANCA SACHE DOY PAC;24X200GR
5990;B.VISTA-BISC.RECHEADOS MORANGO;30X130GR
5991;B.VISTA-BISC.RECHEADOS CHOCOLATE;30X130GR
5992;B.VISTA-BISC.RECHEADOS CHOC.BRANCO;30X130GR
5993;B.VISTA-BISC.RECHEADOS BANANA;30X130GR
6148;LEAO-CHA MATTE C/ LIMAO C/15 SQ.;1X24G
6149;LEAO-CHA MATTE C/CANELA C/25 SQ.;1X40G
5844;C.SUICA BOLO CAFE DA MANHA LARANJA;250GR
5845;C.SUICA BOLO CAFE DA MANHA MESCLADO;250GR
5846;C.SUICA BOLO CAFE DA MANHA CHOCOLATE;250GR
5847;C.SUICA BOLO CAFE DA MANHA FUBA;250GR
5848;C.SUICA MINI PANETTONE FRUTAS;24X80GR
5849;C.SUICA MINI PANETONE GOTAS DE CHOCOLATE;24X80GR
5850;C.SUICA PANETTONE FRUTAS 500G;18X500GR
6287;PARLIAMENT BLUE KS RCB - BOX;1 PCT
5929;FINI CHICLE CANDY CRUSH SORTIDA;12X90GR
5930;FINI MINI TIRAS MORANGO CITRICO;12X90GR
5931;FINI MINI TIRAS SALADA DE FRUTAS;12X90GR
5932;SUFRESH NECTAR MISTO LARANJA E MACA TP;8X1,5LT
6896;HARIBO-DISPLAY BALCAO 9 GANCHOS C/LATERA;1UN
6897;HARIBO-DISPLAY CHAO 12 GANCHOS;1UN
6898;HARIBO-DISPLAY CHAO 24 GANCHOS D.FACE;1UN
6292;L&M BLUE LABEL KS RCB - BOX;1 PCT
6293;L&M BLACK LABEL MNT KS RCB - BOX;1 PCT
6294;L&M COOL MNT KS RCB - BOX;1 PCT
6295;L&M RED LABEL KS RCB - BOX;1 PCT
6296;L&M SILVER BLUE LABEL KS RCB - BOX;1 PCT
6910;MTERRA-COOKIES ORG. BANANA 120G;1X120G
5942;V.FERTIL-ASPARGOS BRANCOS VD;12X205GR
5943;V.FERTIL-ASPARGOS VERDES GRELHADOS VD;12X185GR
5944;V.FERTIL-CORACOES DE ALCACHOFRA GRELH VD;12X145GR
5945;V.FERTIL-CORACOES DE ALCACHOFRA LT;12X240GR
6001;DALLAS CLASSIC RED KS SOF - MACO;1 PCT
6132;FINI POCKET BALA GELATINA MINHOCAS CITRI;24X18GR
6133;FINI POCKET BALA GELATINA URSINHOS BRILH;24X18GR
5851;C.SUICA PANETONE GOTAS DE CHOCOLATE 500G;18X500GR
5940;CONDENS. DE AR ELGIN SRF 9000 E.F. 220V;1UN
5941;EVAPOR. DE AR ELGIN SRF 9000 I.F. 220V;1UN
6297;MANGUEIRA SUPERIOR RADIADOR;1UN
6298;JG JUNTA INFERIOR MOTOR MWM X10;1UN
6299;BRONZINA MANCAL 0,25MM C/ENJ MOT MWM X10;1UN
6328;BABY SOFT-AMAC.TQ DE CARINHO (AZUL)GALAO;1X10LT
6329;BABY SOFT-AMAC.TQ DE CUIDADO (BCO)GALAO;1X10LT
6330;BABY SOFT-AMAC.TQ DE MACIEZ (ROSA)GALAO;1X10LT
6916;MTERRA-RITTO 7 CEREAIS;1X500G
6917;MTERRA-RITTO PRATO FEITO;1X500G
5824;C.SUICA BOLO SUICO GOLD AMARETTO;370GR
5825;C.SUICA BOLO SUICO TRAD.CHOCOLATE ;370GR
5826;C.SUICA BOLO SUICO TRAD.COCO;370GR
5827;C.SUICA BOLO SUICO TRAD.FRUTAS ;350GR
5828;C.SUICA BOLO SUICO TRAD.LARANJA ;370GR
5829;C.SUICA BOLO SUICO TRAD.DOCE DE LEITE ;370GR
6002;FINI TUBES HELLO KITTY TUTTI FRUTTI;12X80GR
6003;DALLAS CLASSIC RED KS BOX;1 PCT
5994;FINI-DISPLAY CHAO 50GR;1UN
5818;FINI TIRAS MORANGO CITRICO;12X80GR
5878;VINICOLA CAIXA DE PAPELAO SUCO 2LT;1UN
6331;BABY SOFT-AMAC.TQ DE CARINHO (AZUL)GALAO;1X20LT
6332;L&M BLUE LABEL KS RSP - MACO;1 PCT
6333;SHELTON ORIGINAL KS SOF - MACO;1 PCT
6334;MARLBORO BLUE ICE MENTHOL KS RSP - MACO;1 PCT
6918;MTERRA-TRATO MPB;1X200G
5830;C.SUICA BOLO SUISSE RONDE CHOCOLATE;500GR
5831;C.SUICA BOLO SUISSE RONDE LARANJA;500GR
5896;AP 4G APPLE IPHONE 5S PRETO 32GB IMP;1UN
6004;SUFRESH NECTAR MISTO UVA E MACA TP;8X1,5LT
6013;MESA MONOBLOCO BR;1UN
6014;CADEIRA BISTRO BRANCA;1UN
6015;TONER OKI DATA;UN
6048;SCARLIM-DESINFETANTE CITRUS;6X2LT
6049;SCARLIM-DESINFETANTE LAVANDA;6X2LT
6011;IMPRESSORA OKIDATA B431DN;1 UN
6018;MOTO HONDA CG 150 FAN ES START/ PQD-3896;1UN
6019;"MONITOR LED 18,5"" WIDESCREEN AOC";1UN
6020;CPU SPACE BR;1UN
6030;BABY SOFT-AMAC.CARE INF LAVANDA/AMENDOAS;12X1LT
6031;BABY SOFT-AMAC.CARE INF CAMOMI/F.ALGODAO;12X1LT
6032;BABY SOFT-LAVA ROUPAS INF.CARE LAV/AMEND;12X1LT
6335;FLORESTAL BALA FLOPI VINTAGE S/ACUC.SORT;12X40GR
5889;AP TAB 3 3G SAMSUNG P5200 10.1 BCO;1UN
5894;FEEL GOOD TP CHA BRANCO C/HIBISCO;12X1LT
6050;SCARLIM-DESINFETANTE ROSA E JASMIM;6X2LT
6051;SCARLIM-DESINFETANTE FLORAL;2X5LT
5975;SUFRESH GOMINHOS NECTAR TANGERINA;12X1LT
5976;FEEL GOOD PET CHA VERDE C/ LIMAO;12X450ML
5977;FEEL GOOD PET CHA VERDE LARANJA C/GENGIB;12X450ML
5978;FEEL GOOD PET CHA BRANCO C/LICHIA;12X450ML
5979;CAPPUCCINO CAFERAZZI CAFE C/LEITE TP ;18X200ML
6012;TONER OKI DATA B431 / MB491DN;1 UN
6858;VODKA ABSOLUT REGULAR 50ML;50ML
5881;V.FERTIL-AZ.VDS.RECH.C/ANCHOVAS VD;12X130GR
5882;V.FERTIL-AZ.VDS.RECH.C/PIMENTAO VD;12X130GR
5883;V.FERTIL-AZ.VDS.RECH.C/LIMAO VD;12X130GR
5884;V.FERTIL-AZ.VDS.RECH.PRESUNTO IBERICO VD;12X130GR
5885;V.FERTIL-AZ.VDS.RECH. C/SALMAO VD;12X130GR
5886;V.FERTIL-AZ.VDS.RECH.C/QUEIJO AZUL VD;12X130GR
6033;BABY SOFT-AMAC. TQ DE ALEGRIA (AMARELO);6X2LT
6034;BABY SOFT-AMAC. TQ DE CARINHO (AZUL) 2L;6X2LT
5864;TAMBOR FREIO 3618;UN
5908;REGUA;UN
5909;TESOURA;UN
5910;VALE S/CANHOTO;UN
6007;FINI-DISPLAY BALCAO 100GR 6 FRENTES;1UN
6052;SCARLIM-DESINFETANTE EUCALIPTO;2X5LT
6053;SCARLIM-DESINFETANTE LAVANDA;2X5LT
5980;V.FERTIL-MOLHO P/SALADA TIPO HISPANO SAC;180X7ML
6233;REFRESCO LALITA GARRAFA PET 450ML;12X450ML
6234;REFRESCO LALITA COPO 290ML;12X290ML
6235;REFRESCO LALITA GARRAFA PET 1L;6X1LT
6236;REFRESCO LALITA GARRAFA PET 2L;6X2LT
6256;DO BEM-CHA VERDE NATURAL MATCHA TP 1L;1X1LT
6257;DO BEM-CHA VERDE C/LIMAO MATCHA TP 1L;1X1LT
6859;WHISKY CHIVAS REGAL 12 YEARS OLD 50ML;50ML
5934;FINI KIT TESTEIRAS ROUPAGEM INJETADA;1UN
5935;FINI KIT LATERAIS ROUPAGEM INJETADA;1UN
5936;B.VISTA-BISC.AMANTEIGADO CHOCOLATE;20X310GR
5937;B.VISTA-BISC.AMANTEIGADO COCO;20X310GR
5938;B.VISTA-BISC.AMANTEIGADO BANANA E CANELA;20X310GR
5939;PLASVALE-FEIRINHA DEC. 80 ITENS REF.1385;1X80UN
6035;BABY SOFT-AMAC. TQ DE CUIDADO (BRANCO)2L;6X2LT
6008;SUFRESH GOMINHOS NECTAR LARANJA;12X1LT
6054;BABY SOFT-AMAC. TQ DE CARINHO (AZUL);24X500ML
6055;BABY SOFT-AMAC. TQ DE CUIDADO (BRANCO);24X500ML
6056;BABY SOFT-AMAC. TQ DE MACIEZ (ROSA);24X500ML
6284;CILINDRO OKI DATA ;UN
5821;C.SUICA BOLO SUICO GOLD AVELA;370GR
5822;C.SUICA BOLO SUICO GOLD AVELA CH.TIROLES;370GR
5823;C.SUICA BOLO SUICO GOLD NOZES;370GR
5852;C.SUICA PANETTONE FRUTAS 1KG;12X1KG
5853;C.SUICA PANETONE GOTAS DE CHOCOLATE 750G;12X750GR
5854;C.SUICA PANETTONE FRUTAS 1KG LATA;6X1KG
5855;C.SUICA PANETONE GOTAS DE CHOCOLATE LATA;6X750GR
5856;C.SUICA PANETTONE PREMIUM LA VENEZIANA ;8X900GR
5857;C.SUICA PANET.GOTAS CHOC.C/REC.DOCE LEIT;18X550GR
5858;C.SUICA PANET.TRUFADO G.CHOC C/RECH.CHOC;18X550GR
6258;DO BEM-SUCO LARANJA INTEGRAL TP 1L;1X1LT
6036;BABY SOFT-AMAC. TQ DE FRESCOR (VERDE);6X2LT
6037;BABY SOFT-AMAC. TQ DE MACIEZ (ROSA)2L;6X2LT
6038;BABY SOFT-AMAC. TQ SUAVE (LILAS);6X2LT
6039;BABY SOFT-AMAC. TQ DE TERNURA (SALMAO);6X2LT
6040;BABY SOFT-AMAC. TQ DE ALEGRIA (AMARELO);2X5LT
6041;BABY SOFT-AMAC.TQ DE CARINHO (AZUL)5L;2X5LT
6242;MARLBORO FILTER PLUS KS SRP - BOX;1 PCT
5903;B.VISTA-BISC.LANCH.RECH MORANGO FAZENDIN;30X210GR
5905;BICARBONATO DE SODIO;UN
5911;BAYGON;UN
5912;BICARBONATO DE SODIO;UN
5913;ESPONJA;UN
5914;PANO DE CHÃO;UN
5915;DETERGENTE 500ML;UN
6057;BABY SOFT-AMAC.CONC.VELUDO AZUL;6X2LT
6058;BABY SOFT-LAVA ROUPAS DELICADAS COCO;12X500ML
5902;B.VISTA-BISC.LANCH.RECH CHOC. FAZENDINHA;30X210GR
5859;C.SUICA PANETONE FRUTAS ZERO ADICAO ACUC;18X400GR
5860;C.SUICA PANETONE GOTAS ZERO ADICAO ACUCA;18X400GR
5861;C.SUICA PANETONE INTEGRAL ZERO C/QUINOA ;18X400GR
5862;C.SUICA PASCOATTONE FRUTAS;500GR
5890;TOSCANO-M.DE PIMENTA HABANERO EXTRA FORT;12X60ML
5891;FITA PARA IMPRESSORA CASS ELEBRA;UN
6341;TOSCANO-VINAGRE DE ERVAS FINAS;12X750ML
6342;TOSCANO-VINAGRE VINHO TINTO GOURMET VD;6X500ML
6343;TOSCANO-VINAGRE VINHO BRANCO GOURMET VD;6X500ML
6344;TOSCANO-VINAGRE BALSAMICO GOURMET VD;6X500ML
6345;TOSCANO-TEMPERO P/ASSADO S.LIMAO/OREGANO;15X25GR
7199;LIV-SUCO TP INTEGRAL LARANJA 200ML;3X200ML
7696;MV-BOMBOM AO LEITE RECH.AVELA R.2375;1X185GR
7827;HARIBO-BALA GELATINA SWEET BANANA;12X100G
6954;FLORESTAL PIRULITO PICOLE COCO C/50UN;1X550GR
7394;F-LATA BALINHA DO CORACAO MORANGO;10X1X40GR
7570;FLORESTAL PIRULITO SM BABY CORACAO MOR.;12X120GR
6357;G.BEV-B.PRINGLES TORTILHA CREME E CEBOLA;180GR
6358;G.BEV-B.PRINGLES TORTILHA PIMENTA PICANT;180GR
6359;G.BEV-B.PRINGLES TORTILHA ORIGINAL;180GR
6360;G.BEV-B.PRINGLES NATAL ORIGINAL;146GR
6361;G.BEV-B.PRINGLES NATAL QUEIJO;155GR
6362;G.BEV-B.PRINGLES NATAL CREME E CEBOLA;155GR
7584;SUCO UVA 100% ALIANCA TINTO TP 200ML;24X200ML
6375;G.BEV-BATATA PRINGLES PEQ CREME E CEBOLA;40GR
6376;G.BEV-BATATA PRINGLES PEQ QUEIJO;40GR
6377;GLOBALBEV-AMAZOO TP ACAI TRADICIONAL;1 LT
6446;AR COND SPLIT CBVCBY12DBB 12000BTUS 220V;1UN
6447;AR COND SPLIT CBVCBY18DBBNA 18000BT 220V;1UN
6448;ASS. ENC. EXECUTIVA SOFT COM LAMINA;1CJ
7411;B.VISTA-BISC.AGUA E SAL 200GR;1X200GR
7412;B.VISTA-BISC.AGUA E SAL 400GR;1X400GR
7295;OSRAM-LAMP.LED SS CLA40 100-240V 7W/850;1UN
7697;MV-TORRONE C/ AMENDOIM CACAU E MEL DP;12X45GR
7698;MV-BOMBOM DE CEREJA AO LICOR REF.2003;1X94GR
7699;MV-BOMBOM C/LICOR E CEREJAS PICADAS;1X100GR
7700;MV-BOMBOM CEREJAS PICADAS S/ALCOOL 100;1X100GR
7313;FLORESTAL PIRULITO PICOLE UVA C/50UN;1X550GR
7407;HARIBO-MARSH. BARBEC D.LEITE P/ASSAR 250;12X250G
7571;FLORESTAL PIRULITO SM FLOPITO FRUTAS;12X136GR
6212;PIVO FIAT UNO PREM ELB 147 FIOR PS826;PC
6213;BUCHA BALANCA FIAT UNO 85/MILL 0120399;PC
6214;BATENTE COL AMORTEC DT FIAT U 0210407;PC
6215;BORRACHA TIRANTE DT FIAT UNO 0110438;PC
6217;KIT AMORTEC DT FIAT UNO 93/ 10285;JG
6218;BATENTE AMORTEC TZ FIAT UNO 8 1015;PC
6220;PAST FREIO DT FIAT UNO 91/ PAL 1;JG
6221;TERM TIRANTE FIAT UNO 92/ 335085;PC
6356;G.BEV-BATATA PRINGLES PEQ ORIGINAL;37GR
6449;ASS. ENC. EXECUTIVA SOFT SEM LAMINA;1CJ
6450;ASS. ENC. DELLI;1CJ
6451;CADEIRA PRESIDENTE CALL DESIGN KIT 01;1CJ
6452;BASE LONGARINA EXECUTIVA 03 LUGARES;1PC
6453;APOIO P/ BRACO PR;1PAR
7620;GLOBALBEV-DISPLAY DE CHAO EXTRA POWER;1UN
6205;LEAO-ERVA MATE CHIMARRAO DOS PAMPAS;1X500G
7701;MV-BOMBOM CORAC AVELA CX PRESENTE 100G;1X100GR
7702;MV-BOMBOM RECH. MARACUJA 100GR;1X100GR
7703;MV-BOMBOM RECH. TRUFAS 100GR;1X100GR
7842;TOSCANO-VINAGRE MACA NATURAL VINACORPUS ;12X250ML
7121;V.FERTIL-AZ.VDE ARAUCO SACHE DOY PACK;1X1KG
7122;V.FERTIL-AZ.VDE MANZANILA SACHE DOY PACK;1X200GR
7123;V.FERTIL-AZ.PRETA DOY PACK 150G(I);1X150GR
7572;FLORESTAL PIRULITO SM CHICLE CEREJA ;12X132GR
6219;AMORTEC DT FIAT UNO 92/ 34156;PC
6222;AMORTEC TZ FIAT UNO 92/ 34259;PC
6223;BRACO SUSP FIAT UNO ELB 89/ M304;PC
6243;C. SUICA DISPLAY INSTITUC. C/TESTEIRA;1UN
6363;G.BEV-BATATA PRINGLES GDE BARBECUE;128GR
6364;G.BEV-BATATA PRINGLES GDE CREME E CEBOLA;128GR
6365;G.BEV-BATATA PRINGLES GDE ORIGINAL;121GR
6366;G.BEV-BATATA PRINGLES GDE QUEIJO;128GR
6444;MODULO INT SIMPLES 10A/250V BRAVA PLACA;1PCT
6445;AMORTEC DT FIAT UNO WAY 2007/ MP27538;PC
6460;MILI-FRALDA RECEM NASCIDO;PCT 18X1
6461;MILI-FRALDA PCT JUMBINHO P;PCT 28X1
6462;MILI-FRALDA PCT JUMBINHO M;PCT 26X1
6463;MILI-FRALDA PCT JUMBINHO G;PCT 24X1
7621;DANONE-SUSTAIN JR VITAMINAS S/ACUC.500G;1X500GR
7296;OSRAM-LAMP.LED SS CLA40 100-240V 9W/850;1UN
7704;MV-BOMBOM RECH. BRIGADEIRO 100GR;1X100GR
7705;MV-BOMBOM C/LICOR E CEREJAS PICADAS MENS;1X100GR
7706;MV-BOMBOM RECH.BRIGADEIRO 55GR;1X55GR
7573;FLORESTAL BALA SM DURA MENTA ;12X140GR
7574;FLORESTAL BALA SM DURA BOLINHA CANELA;12X140GR
6367;G.BEV-CASTANHA CAJU IRACEMA DP;18X30GR
6368;G.BEV-CASTANHA CAJU IRACEMA DP;24X50GR
6369;G.BEV-CASTANHA CAJU IRACEMA SACHE;6X100GR
6370;G.BEV-CASTANHA CAJU IRACEMA LATA;6X100GR
6371;G.BEV-CAST.CAJU GRANULADA IRACEMA SACHE;6X150GR
6372;G.BEV-CASTANHA CAJU PREMIUM IRACEMA LATA;170GR
7408;HARIBO-MARSH.BARBECUE (P/ASSAR) 80G;12X80G
7409;HARIBO-MARSH.CHAMALLOWS CABLES PINK 80G ;12X80G
6425;MARLBORO-DISPLAY KA - BLUE ICE;1UN
6426;MARLBORO-DISPLAY KA - GOLD;1UN
6427;MARLBORO-DISPLAY KA - RED / FP;1UN
6428;MARLBORO-PF SUPER SLIM - RED;1UN
6429;MARLBORO-PF SUPER SLIM - GOLD;1UN
6430;MARLBORO-PF SUPER SLIM - BLUE ICE;1UN
6431;MARLBORO-KIT 1 RED;1UN
6972;MTERRA-ACUCAR MASCAVO ORGANICO;1X400G
7592;FLORESTAL DROPS BRAZILIAN COFFE;12X35GR
7105;CHEVROLET - ONIX 1,0 LS ;1UN
7575;FLORESTAL BALA SM DURA AMENDOIM CROCANTE;12X140GR
6226;C.MAX-LIMP.MULTIUSO ORIG. LEVE 4 PAGUE 3;3X4X500ML
6227;BS-AMAC.CONC.V.AZUL LEVE 500ML PAG 450ML;12X500ML
6228;BS-AMAC.CONC.M.SONH LEVE 500ML PAG 450ML;12X500ML
6229;BS-AMAC.CONC.V.NOITE LEV 500ML PAG 450ML;12X500ML
6373;G.BEV-CASTANHA CAJU IRACEMA LATA;2X190GR
6374;G.BEV-CASTANHA CAJU IRACEMA SACHE;12X50GR
7410;HARIBO-MARSH.CHAMALLOWS CABLES BLUE 80G ;12X80G
6224;FLORESTAL PIRULITO PICOLE COCO C/50UN;1X600GR
6225;C. SUICA DISPLAY T.MONICA C/TESTEIRA;1UN
6351;TV 32P LCD LED SAM. UN32J4000;1UN
6432;MARLBORO-KIT 2 RED;1UN
6433;MARLBORO-KIT 3 RED;1UN
6434;MARLBORO-KIT 4 OU 5 RED;1UN
6973;MTERRA-ACUCAR MASCAVO;1X1KG
6974;MTERRA-FAR.TRIGO INTEGRAL ORGANICA 500G;1X500G
6857;WHISKY NATU NOBILIS 250ML;250ML
6921;MTERRA-QUINUA FLOCOS;1X150G
6922;MTERRA-SALGADINHO ORGANICO CEBOLOKO;1X45G
6923;MTERRA-CHIA FARINHA;1X100G
6924;MTERRA-CACAU EM PO S/ ACUCAR;1X100G
8717;FELTRIN-SEM.HORT.ALFACE BABA DE VERAO;25X700MG
6882;VITTAMAX-RACAO GATOS CARNE;10,1KG
6957;FLORESTAL PIRULITO PICOLE MORANGO C/50UN;1X550GR
7576;FLORESTAL BALA SM BRAZILIAN COFFEE;12X120GR
7935;BRY-CERA LIQUIDA INCOLOR 750ML;1X750ML
6378;G.BEV-B.PRINGLES DELIGHT ORIGINAL;125GR
6379;G.BEV-B.PRINGLES DELIGHT CREME E CEBOLA;131GR
6380;GLOBALBEV-AMAZOO TP ACAI C/BANANA;1 LT
6403;MILI-TOALHA DE PAPEL 2X55 FOLHAS R.202;12X2X55 FLS
6404;MILI-TOALHA DE PAPEL 200 FOLHAS R.953;20X2X100 FLS
6405;MILI-TOALHA DE PAPEL 600 FOLHAS R.782;6X6X100 FLS
6406;MILI-GUARDANAPO PEQ.21X22CM C/50UN R.12;72X1X50UN
8714;FELTRIN-SEM.HORT.ABOBRINHA MENINA PRECOC;25X2G
6435;MARLBORO-KIT 6 RED;1UN
6436;MARLBORO-KIT 7 RED;1UN
6437;MARLBORO-KIT 8 RED;1UN
6438;MARLBORO-KIT 9 RED;1UN
6439;MARLBORO-KIT 10 RED;1UN
6440;MARLBORO-KIT 11 RED;1UN
6441;MARLBORO-KIT 12 RED;1UN
6975;MTERRA-SAL MOIDO IODADO;1X500G
6976;MTERRA-REMIX CARTUCHO ACAI ;2X25G
6925;MTERRA-ARROZ INTEGRAL LONGO;1X500G
6926;HARIBO-CLIP STRIP;1UN
6927;HARIBO-CANTONEIRA;1UN
6928;HARIBO-ADESIVO AQUI TEM HARIBO P/SUPERF.;1UN
7934;BRY-CERA LIQUIDA AMARELA 750ML;1X750ML
7577;FLORESTAL BALA SM CORACAO MORANGO ;12X120GR
7578;FLORESTAL BALA SM MOLE SORTIDAS ;12X150GR
6407;MILI-GUARDANAPO PEQ.21X22CM C/100UN R859;36X1X100UN
6408;MILI-GUARDANAPO GDE 30X31CM C/50UN R.35;60X1X50UN
6409;MILI-AMACIANTE MUSK (AZUL) R.224;12X2LT
6410;MILI-AMACIANTE SPRING (ROSA) R.223;12X2LT
6411;MILI-AMACIANTE SUNFLOWER (AMARELO) R.222;12X2LT
6412;MILI-AMACIANTE MACIEZ (LILAS) R.629;12X2LT
7387;CELULAR DESBL. LENOVO VIBE B 8GB PT CAM;1UN
6442;MARLBORO-KIT 13 RED;1UN
6454;BRACO DIGITADOR BOTAO ECO PR;1PAR
6455;BRACO LEQUE CR C/ APOIO PP;1PAR
6456;BASE GIRATORIA BACK SYSTEM GAS;1PC
6457;BASE GIRATORIA DIRETOR C/ RELAX CR;1PC
6458;APOIO PARA PES PRETO;1PC
6459;CAD. POLI FIXA 04 PES PT;1PC
6476;MILI-FRALDA ULTRA SECA PCT MEGA XXG;PCT 30X1
6977;MTERRA-REMIX CARTUCHO CACAU ;2X25G
6978;MTERRA-REMIX DP CASTANHAS 25G;9X25G
6929;HARIBO-ADESIVO AQUI TEM HARIBO P/VIDRO;1UN
6930;HARIBO-CATALOGO DE PRODUTOS;1UN
6934;HARIBO-SACOLA SM 320;1UN
6979;MTERRA-REMIX DP ACAI 25G;9X25G
6980;MTERRA-REMIX DP CACAU 25G;9X25G
6981;MTERRA-REMIX DP TROPICALIA 25G;9X25G
8715;FELTRIN-SEM.HORT.ABOBORA HIROKO;25X550MG
7448;MARILAN-BISC.AMANT. TRADICIONAL 330G;1X330GR
7449;MARILAN-BISC.AMANT. LEITE 330G;1X330GR
7579;FLORESTAL BALA SM MACIA IOGURTE;12X150GR
7936;BRY-CERA LIQUIDA VERDE 750ML;1X750ML
6249;DO BEM-BARRINHA DP MIX NUTS MACA/CANELA ;24X30G
6250;DO BEM-BARRINHA DP NUTS CRANBERRY/CACAU;24X30G
6251;DO BEM-BARRINHA DP MIX NUTS C/ DAMASCO;24X30G
6252;DO BEM-BARRINHA DP MIX NUTS C/ BANANA;24X30G
6253;DO BEM-BARRINHA DP SO NUTS;24X30G
6254;DO BEM-CHA MATE NATURAL TP 1L;1X1LT
7388;TRIPLO CHIP PRE-PAGO CLARO ODA CO;1UN
6159;LEAO-CHA MATTE NATURAL SOLUVEL POUCH;1X50G
6160;LEAO-CHA FUZE BOLDO-DO-CHILE C/10 SQ.;1X10G
6161;LEAO-CHA FUZE CAMOMILA C/10 SQ.;1X10G
6162;LEAO-CHA FUZE CAPIM-CIDREIRA C/10 SQ.;1X10G
6163;LEAO-CHA FUZE CARQUEJA C/10 SQ.;1X10G
6164;LEAO-CHA FUZE ERVA-DOCE C/10 SQ.;1X20G
6165;LEAO-CHA FUZE HORTELA C/10 SQ.;1X10G
6414;SWITCH HPN HP 1620-48G;UN
6982;MTERRA-REMIX DP BERRY 25G;9X25G
6985;MTERRA-BISC. ORGAN.TRIBOS AZEITE/ERVAS;1X50G
6986;MTERRA-BISC. ORGAN.TRIBOS TOMATE/MANJER;1X50G
6987;MTERRA-BISC. ORGAN. TRIBOS ORIGINAL;1X50G
6988;MTERRA-BISC. ORGAN.TRIBOS CHILI(PIMENTA);1X50G
6245;DO BEM-BARRINHA CX NUTS CRANBERRY/CACAU;2X30G
6246;DO BEM-BARRINHA CX MIX NUTS C/DAMASCO;2X30G
6247;DO BEM-BARRINHA CX MIX NUTS C/ BANANA;2X30G
6248;DO BEM-BARRINHA CX SO NUTS;2X30G
6277;DO BEM-SUCO TANGERINA INTEGRAL TP 200ML;18X200ML
6278;DO BEM-SUCO ABACAXI C/HORTELA TP 200ML;18X200ML
6992;VITTAMAX-RACAO CAES CLASSIC;7KG
6255;DO BEM-CHA MATE C/ LIMAO TP 1L;1X1LT
6282;DO BEM-CHA MATE C/ LIMAO TP 330ML;12X330ML
6413;MILI-AMACIANTE MUSK (AZUL) R.670;4X5LT
6415;MILI-AMACIANTE MACIEZ (LILAS) R.671;4X5LT
6416;MILI-AMACIANTE CONCENTRADO MUSK (AZUL);12X500ML
6417;MILI-AMACIANTE CONCENTRADO MACIEZ(LILAS);12X500ML
6418;MILI-FRALDA VITA USO ADULTO REG P;PCT 10X1
6166;LEAO-CHA FUZE BOLDO C/15 SQ.;1X15G
6167;LEAO-CHA FUZE CAMOMILA C/15 SQ.;1X15G
6168;LEAO-CHA FUZE CAPIM-CIDREIRA C/15 SQ.;1X15G
6169;LEAO-CHA FUZE CARQUEJA C/15 SQ.;1X15G
6170;LEAO-CHA FUZE ERVA-DOCE C/15 SQ.;1X30G
6171;LEAO-CHA FUZE HORTELA C/15 SQ.;1X15G
6467;MILI-FRALDA DIA E NOITE JUMBINHO P;PCT 28X1
6468;MILI-FRALDA DIA E NOITE JUMBINHO M;PCT 26X1
6989;MTERRA-BISC. ORGAN. DP TRIBOS AZEITE/ERV;30X20G
6990;TV LED 40 FULL PANASONIC 40C400B BIV;1UN
6996;MTERRA-COOKIES ORG.4 CASTANHAS BRAS 120G;1X120G
6997;MTERRA-SALGADINHO ORGANICO PITZO;1X45G
6998;MTERRA-COOKIES ORG. CACAU/CASTANHAS 120G;1X120G
7018;V.FERTIL-AZ.VDE SACHE DOY PACK;1X300GR
7695;MV-BOMBOM DE CEREJA AO LICOR REF.2005;1X195GR
6279;DO BEM-AGUA DE COCO 100% NATURAL 200ML;18X200ML
6280;DO BEM-CHA MATE C/LIMAO TP 200ML;18X200ML
6281;DO BEM-SUCO DE UVA INTEGRAL TP 200ML;18X200ML
6300;FILTRO LUBRIFICANTE 905411880013;1UN
6301;INJETOR OLEO CAMISAS MOTOR MWM X10;1UN
6302;JG JUNTA SUPERIOR MOTOR MWM X10;1UN
6993;MTERRA-MACARRAO INST. CASEIRITO ITALIANO;1X77G
6994;MTERRA-MACARRAO INST. CASEIRITO FUNGHI;1X77G
6419;MILI-FRALDA USO ADULTO VITA REG M;PCT 9X1
6420;MILI-FRALDA USO ADULTO VITA REG G;PCT 8X1
6421;MILI-FRALDA USO ADULTO VITA REG EG;PCT 7X1
6422;MILI-FRALDA USO ADULTO VITA MEGA M;PCT 27X1
6423;MILI-FRALDA USO ADULTO VITA MEGA G;PCT 24X1
6424;MILI-FRALDA USO ADULTO VITA MEGA EG;PCT 21X1
7585;SUCO PESSEGO/MACA 100% ALIANCA TP 200ML;24X200ML
6172;LEAO-CHA FUZE CAMOMILA C/25 SQ.;1X25G
6173;LEAO-CHA FUZE CAPIM-CIDREIRA C/25 SQ.;1X25G
6174;LEAO-CHA FUZE ERVA-DOCE C/25 SQ.;1X50G
6175;LEAO-CHA FUZE HORTELA C/25 SQ.;1X25G
6176;LEAO-CHA FUZE VERDE NATURAL GRANEL;1X150G
6177;LEAO-CHA FUZE VERDE NATURAL C/10 SQ.;1X16G
6178;LEAO-CHA FUZE VERDE C/MARACUJA C/10 SQ.;1X16G
6477;MILI-FRALDA PCT MEGA M;PCT 54X1
7127;V.FERTIL-AZ.PRETA FATIADA VD 160GR;1X160GR
7128;V.FERTIL-AZ.VERDE FATIADA VD 160GR;1X160GR
7129;V.FERTIL-AZ.VERDE FATIADA VD 280GR;1X280GR
7130;BATERIA R-4.0001.10 TSF 100-3/12;1UN
7131;DURACELL-PILHA ALC. PEQUENA AA LEV4 PAG3;1X4UN
7132;DURACELL-PILHA ALC.PALITO AAA LEV4 PAG3;1X4UN
6303;JUNTA CARTER MOTOR MWM X10 / X12;1UN
6304;MANGUEIRA INFERIOR ARREFECIMENTO;1UN
6305;PARAFUSO BIELA MOTOR MWM X10/X12 / D229;1UN
6306;BUCHA DT VIRABREQUIM MOTOR MWM X10/X12;1UN
6307;TINTA CINZA GRAFITE AUTOMOTIVA;1UN
6308;THINNER;1UN
6309;TUCHO VALVULA MOTOR MWM X10/X12 / D229;1UN
6680;MILI-FRALDA ULTRA SECA PCT JUMBINHO P;PCT 24X1
6349;VITTAMAX-RACAO GATOS PEIXE;25KG
6381;MILI-PAP.HIG.BIANCO 30M NEUTRO 243;16X4X30M
6382;MILI-PAP.HIG.BIANCO 30M PERF. 245   ;16X4X30M
6383;MILI-PAP.HIG.BIANCO 60M NEUTRO R.951;24X4X60M
6384;MILI-PAP.HIG.BIANCO 60M PERF. R.952;24X4X60M
6385;MILI-PAP.HIG.BIANCO 60M NEUTRO R.838;12X8X60M
7596;HARIBO-BALA GELATINA URSINHOS DE OURO;12X100G
6179;LEAO-CHA FUZE VERDE C/ MACA VDE C/10 SQ.;1X16G
6180;LEAO-CHA FUZE VERDE C/LIMAO C/10 SQ.;1X16G
6181;LEAO-CHA FUZE VERDE NATURAL C/15 SQ.;1X24G
6182;LEAO-CHA FUZE VERDE C/LIMAO C/15 SQ.;1X24G
6183;LEAO-CHA FUZE VERDE C/MACA VDE C/15 SQ.;1X24G
6184;LEAO-CHA FUZE VERDE C/ MARACUJA C/15 SQ.;1X24G
6185;LEAO-CHA FUZE VERDE ABACAXI/HORT C/15 SQ;1X24G
6868;FLORESTAL PIRULITO PICOLE CHOC. C/50UN;1X550GR
6869;FLORESTAL PIRULITO PICOLE NAPOLIT C/50UN;1X550GR
7133;DURACELL-PILHA RECARREG PALITO AAA C/2UN;1X2UN
7134;DURACELL-PILHA RECARREG PEQUENA AA C/2UN;1X2UN
7135;GLOBALBEV-AMAZOO TP ACAI TRADIC. 200ML;200ML
6216;SODA CAUSTICA;UN
6310;VALVULA TERMOSTATICA MOTOR MWM X10/X12;1UN
6311;VALV ALIV RESFR OLEO MOTOR MWM X10/X12;1UN
6312;COLETOR ESCAPE;1UN
6313;BUCHA ENGRENAGEM INTERM MOT MWM X10/X12;1UN
6314;JG ANEIS STD MOTOR MWM X10;1UN
6315;JG ARRUELA ENCOSTO STD;1UN
6681;MILI-FRALDA ULTRA SECA PCT JUMBINHO M;PCT 22X1
6386;MILI-PAP.HIG.BIANCO L12 P11 60M NEUT.576;8X12X60M
6387;MILI-PAP.HIG.BIANCO L12 P11 60M PERF 577;8X12X60M
6388;MILI-PAP.HIG.BIANCO L16 P15 60M NEUT 605;6X16X60M
6389;MILI-PAP.HIG.BIANCO L16 P15 60M PERF 606;6X16X60M
6390;MILI-PAP.HIG.BIANCO L24 P23 60M NEUT 822;4X24X60M
6391;MILI-PAP.HIG.BIANCO 100M NEUTRO R.734;6X12X100M
6443;MILI-MATERIAL PROMOCIONAL;1CX
7255;PURIF.AGUA SOFT PLUS PRETO EVEREST 220V;1UN
6186;LEAO-CHA FUZE VERDE CIDR./LIMAO C/15 SQ.;1X24G
6187;LEAO-CHA FUZE BRANCO NATURAL C/15 SQ.;1X24G
6188;LEAO-CHA FUZE BRANCO C/PESSEGO C/15 SQ.;1X24G
6189;LEAO-CHA FUZE PRETO NATURAL C/10 SQ.;1X16G
6190;LEAO-CHA FUZE PRETO NATURAL C/15 SQ.;1X24G
6191;LEAO-CHA FUZE PRETO C/CANELA C/15 SQ.;1X24G
6350;PAN-MINI PAO DE MEL COB.CHOC. R.8473;24X80GR
6469;MILI-FRALDA DIA E NOITE JUMBINHO G;PCT 24X1
7136;GLOBALBEV-AMAZOO TP ACAI C/BANANA 200ML;200ML
7137;B.VISTA-BISC.RECH. EMOJI CHOCOLATE 100G;32X100GR
7138;B.VISTA-BISC.RECH. EMOJI MORANGO 100G;32X100GR
7139;B.VISTA-BISC.RECH. EMOJI CHOCOLATE 60G;40X60GR
7140;B.VISTA-BISC.RECH. EMOJI MORANGO 60G;40X60GR
6316;BLOC 4 CILINDROS ENCAM MOTOR MWM X10/X12;1UN
6317;BOMBA OLEO MOTOR MWM X10;1UN
6318;BRONZINA BIELA 0,25MM MOTOR MWM X10/X12;1UN
6319;BUCHA BIELA ACTION SEMI;1UN
6320;BUCHA COM VALV ACABADA MOTOR MWM X10/X12;1UN
6321;COXIM DIANT MOTOR;1UN
6322;COXIM TRAS.MOTOR C/PINO;1UN
6682;MILI-FRALDA ULTRA SECA PCT JUMBINHO G;PCT 20X1
6392;MILI-PAP.HIG.BIANCO 100M PERF. 735 ;6X12X100M
6393;MILI-PAP.HIG.30M F.DUPLA DUAL NEUT R.896;24X4X30M
6394;MILI-PAP.HIG.30M F.DUPLA DUAL PERFUM 897;24X4X30M
6395;MILI-PAP.HIG.30M F.DUPLA DUAL NEUT R.841;12X8X30M
6396;MILI-PAP.HIG.30M F.DUPLA L12P11 NEUT 588;8X12X30M
6397;MILI-PAP.HIG.30M F.DUPLA L12P11 PERF 589;8X12X30M
8713;FELTRIN-SEM.HORT.ABOBORA GOIANINHA;25X2G
6192;LEAO-CHA FUZE PRETO C/LIMAO C/15 SQ.;1X24G
6193;LEAO-CHA FUZE PRETO C/PESSEGO C/15 SQ.;1X24G
6194;LEAO-CHA PREM.MORANGO C/10 SQ.;1X20G
6195;LEAO-CHA PREM.MACA C/10 SQ.;1X20G
6196;LEAO-CHA PREM.LAR/CRAVO/CANELA C/15 SQ.;1X24G
6197;LEAO-CHA PREM.MACA/CANELA C/15 SQ.;1X30G
6198;LEAO-CHA PREM.MORANGO C/15 SQ.;1X30G
6464;MILI-FRALDA PCT JUMBINHO EG;PCT 20X1
6465;MILI-FRALDA PCT JUMBINHO SEG;PCT 18X1
7141;GUARDANAPO F.D.MASCOT PEQ 24X23,5CM;45X1X50UN
7142;GUARDANAPO F.D.MASCOT GDE 33X32,5;30X1X50UN
7143;GUARDANAPO F.S.MASCOT PEQ 22X22,5CM;12X50UN
7170;LIV-AGUA DE COCO TP 1LT;1X1LT
7171;LIV-AGUA DE COCO TP INF 200ML;3X200ML
7226;PALETE CHEP BR 1X1,2M;1UN
8716;FELTRIN-SEM.HORT.ALFACE GRANDES LAGOS;25X700MG
6323;ADESIVO JUNTA MOTOR;1UN
6324;LOCTITE 5699 GREY 70G;1UN
6325;CORREIA MOTOR 8120/140/12140T OUT 97/;1UN
6326;FILTRO COMB BLINDADO MOTOR MWM X10TCA;1UN
6327;BRONZINA MANC 0.25 ACTEON M. MWM X10/X12;1UN
6346;TOSCANO-TEMPERO P/ASSADO S.MOLHO MADEIRA;15X25GR
7918;HARIBO-DISPLAY 3 FRENTES PAPELAO;1UN
6206;MAIS-REFRESCO EM PO ABACAXI DP;15X25G
6207;MAIS-REFRESCO EM PO LARANJA DP;15X25G
6208;MAIS-REFRESCO EM PO UVA DP;15X25G
6209;MAIS-REFRESCO EM PO LIMAO DP;15X25G
6210;MAIS-REFRESCO EM PO MARACUJA DP;15X25G
6211;MAIS-REFRESCO EM PO MANGA DP;15X25G
6398;MILI-PAP.HIG.30M F.DUPLA SLIM L16 P15 ;4X16X30M
6399;MILI-PAP.HIG.30M F.DUPLA DUAL SLIM R.836;4X24X30M
6199;LEAO-CHA PREM.MACA/LARANJA C/15 SQ.;1X24G
6200;LEAO-CHA PREM.ROSA SILV/HIB/AM C/15 SQ.;1X24G
6201;LEAO-CHA PREM.CIDREIRA/LAR/LIM C/15 SQ.;1X24G
6202;LEAO-CHA PREM.CAMOMILA/CID/MARAC C/15 SQ;1X24G
6203;LEAO-CHA PREM.MACA C/15 SQ.;1X30G
6204;LEAO-LATA MISTA FUZE 9 SABORES C/10 UN;1X14G
6466;MILI-FRALDA DIA E NOITE RECEM NASCIDO;PCT 18X1
7172;LIV-AGUA DE COCO TP 330ML;12X330ML
7173;LIV-SUCO INTEGRAL LARANJA TP 1LT;1X1LT
7174;LIV-SUCO INT ABACAXI/HORTELA/GENG TP 1LT;1X1LT
7175;LIV-SUCO TP DETOX 330ML;12X330ML
7176;LIV-SUCO DETOX TP 1LT;1X1LT
7568;FLORESTAL PIRULITO SM PICOLE NAPOLITANO;12X132GR
6347;TOSCANO-TEMPERO P/ASSADO SABOR CASEIRO;15X25GR
6348;TOSCANO-TEMPERO P/ASSADO S.ALHO/ERVAS;15X25GR
6352;BS-L.ROUP.DELIC.COCO LEV 2 GANHE 1 AMAC.;4X3X500ML
6353;EXPOSITOR-PONTO FORTE SUPER BRANCO;1UN
6354;GLOBALBEV-AMAZOO ACAI C/BANANA;300ML
6355;GLOBALBEV-AMAZOO ACAI TRADICIONAL;300ML
6237;TOSCANO-MOLHO P/SALADA IOGURTE/HORTELA;12X240ML
6238;TOSCANO-MOLHO P/CHURRASCO;12X240ML
6283;DO BEM-SUCO DE MACA INTEGRAL TP 1L;1X1LT
6400;MILI-PAP.HIG.50M F.DUPLA DUAL R.932;20X4X50M
6401;MILI-PAP.HIG.50M F.DUPLA DUAL R.933;10X8X50M
6402;MILI-PAP.HIG.50M F.DUPLA DUAL R.934;6X12X50M
6892;MILI-BICICLETA VERMELHA ARO 12 FIRE MAN8;1UN
6908;MTERRA-GRANOLA TRADICIONAL LIGHT 250G;1X250G
6470;MILI-FRALDA DIA E NOITE JUMBINHO EG;PCT 20X1
6471;MILI-FRALDA DIA E NOITE JUMBINHO SEG;PCT 18X1
6472;MILI-FRALDA PCT JUMBO P;PCT 46X1
6473;MILI-FRALDA ULTRA SECA PCT MEGA M;PCT 48X1
6474;MILI-FRALDA ULTRA SECA PCT MEGA G;PCT 42X1
6475;MILI-FRALDA ULTRA SECA PCT MEGA XG;PCT 36X1
6919;MTERRA-TRATO MIX COMPLETO;1X200G
6920;MTERRA-TRATO FIT C/ CHIA/LINHACA/AVEIA;1X200G
7177;LIV-SUCO ANTIOX GOJIBERRY/FR.VERM.TP 1LT;1X1LT
7310;HARIBO-BICICLETA 20 MTB MASC. REBAIXADO;1UN
7311;HARIBO-BICICL. ARO 12 AVIADOR AZUL GRECG;1UN
7312;HARIBO-BIC. 26M. MASC. F.V.BREKE CICLARE;1UN
7569;FLORESTAL PIRULITO SM CORACAO VERMELHO;12X140GR
6491;MILI-ABS.AJUST C/ABAS COB.SUAVE L16 P14;PCT 16X1
6492;MILI-ABS.ALOE VERA S/ABAS COB.SUAVE C/8;PCT 8X1
6493;MILI-ABS.ALOE VERA S/ABAS COB.SECA C/8;PCT 8X1
6494;MILI-ABS.AJUST C/ABAS COB.SUAVE C/8 R767;PCT 8X1
6495;PRIVAX-PEDRA SANITARIA EUCALIPTO R.128;36X1
6496;PRIVAX-PEDRA SANITARIA FLORAL R.126;36X1
7115;V.FERTIL-CORACOES DE ALCACHOFRA GRELH VD;1X145GR
6511;MILI DOG-TAPETE HIGIENICO P/CAES C/12UN;1X12
6824;FLEISCHMAN-FERM.BIOLOG.INSTANT. SECO DP;34X10G
6826;HARIBO-BALA GELATINA HAPPY COLA;12X100G
6827;HARIBO-BALA GELATINA PESSEGOS;12X100G
6828;HARIBO-BALA GELATINA FOOTBALL MIX;12X100G
6829;HARIBO-BALA GELAT.WUMMIS (MINHOCAS);12X100G
6830;HARIBO-BALA GELAT.WUMMIS ZOUR(M.CITRICA);12X100G
7054;V.FERTIL-AZ.OLIVA UNICO LT 200ML;1X200ML
6634;OSRAM-LAMP.FLUOR T10 40W LDE;30X1UN
6635;OSRAM-LAMP. D.STAR T3 3U 220-240V 11W;1UN
6792;VODKA ORLOFF BOLD GREEN APPLE;1LT
6831;HARIBO-BALA GELATINA TROPIFRUTTI;12X100G
6832;HARIBO-BALA GELATINA UVA;12X100G
6833;HARIBO-BALA GELATINA CORACOES;12X100G
6834;HARIBO-BALA GELATINA ANIMAIS MIX;12X100G
6962;CJ TR ELETROMAGNETICA BAU PORTA 2 FOLHAS;1PC
6539;DISPLAY MARLB BCO/VERM MUN WS BCAO C/BAS;1UN
6540;DISPLAY MARLB BCO/DALLAS MUN WS BCAO C/B;1UN
6541;DISPLAY LM/DALLAS MUNIDOR WS BCAO C/BASE;1UN
6542;DISPLAY MARLB BCO/DALLAS MUN WS BCAO C/B;1UN
6621;CX METAL 11;1UN
6622;TUBO METAL;1UN
7051;VINHO REDENTOR TINTO SECO PET;6X1,5LT
7052;FLORESTAL PIRULITO SM CORACAO COLORIDO;40X60G
6598;BABY SOFT-AMAC. TQ DE ALEGRIA (AMARELO);24X500ML
6599;BABY SOFT-AMAC.CONC.VELUDO AZUL POUCH;12X500ML
6600;BABY SOFT-AMAC.CONC.PAIXAO INTENSA;12X500ML
6601;BS-L.ROUPAS T.MAX C/ AMAC.TQ DE CARINHO;12X1LT
6602;SCARLIM PET-ELIMINADOR ODORES FLORAL;6X2LT
7116;V.FERTIL-CORACOES DE ALCACHOFRA LT 240GR;1X240GR
7117;V.FERTIL-AZ.VDE TEMP.SAB.MEDITERRANEO VD;1X145GR
6543;DISPLAY COLMEIA 5F;1UN
6544;DISPLAY COLMEIA 4F;1UN
6545;M6 RED;1UN
6546;M9 RED;1UN
6547;M11 RED;1UN
6548;M18 RED;1UN
7055;V.FERTIL-AZ.VDE PREMIUM ALORENA S/CAROCO;1X280GR
7056;V.FERTIL-AZ.VDE PREMIUM M.REINA RECH.PIM;1X300GR
6835;HARIBO-BALA GELATINA URSINHOS DE OURO;12X100G
6836;FLORESTAL-EXPOSITOR CLIP STRIP;1UN
6837;HARIBO-BALA GELAT.WUMMIS (MINHOCAS)350G;12X350G
6838;HARIBO-BALA GELAT.WUMMIS ZOUR(M.CIT)350G;12X350G
6839;HARIBO-BALA GELAT. UVA 350G;12X350G
6840;FLORESTAL CAMISETA AZUL C/ LISTRAS;1UN
6963;TERMINAL TVC200;1PC
6964;CJ. TRANSCEIVER OST 1802;1PC
6966;DURACELL-CLIP STRIP;1UN
6579;CAMINHAO MAN/TGX 29.440XLX  TMV5890;1UN
6580;SEMIRREBOQUE FURGAO (BAU)C.SECA FACCHINI;1PF
6623;TETO;1UN
6624;LATERAL;1UN
6625;VITRINE COLMEIA;1UN
6626;VITRINE PARALELO;1UN
7053;V.FERTIL-AZ.OLIVA UNICO LT 500ML;1X500ML
7063;V.FERTIL-AZ.VDE SACHE DOY PACK;1X500GR
7064;V.FERTIL-AZ.PRETA PREMIUM AZAPA VD 200G;1X200GR
6603;SCARLIM PET-ELIMINADOR ODORES CITRONELA;6X2LT
6604;CLEAN MAX-LIMPADOR MULTIUSO CITRONELA;12X500ML
6605;CLEAN MAX-LIMPADOR MULTIUSO BACTERICIDA;12X500ML
6606;SCARLIM-DESINFETANTE PINHO;6X2LT
6607;SCARLIM-DESINFETANTE HERBAL;6X2LT
6608;SCARLIM-DESINFETANTE MARINE;6X2LT
7118;V.FERTIL-AZ.VDE TEMP.SABOR ANCHOVA 145GR;1X145GR
7119;V.FERTIL-AZ.VDE TEMP.SABOR MEXICANO 145G;1X145GR
6549;I6 RED;1UN
6550;I9 RED;1UN
6551;I11 RED;1UN
6552;I18 RED;1UN
6734;FLEISCHMAN-GELATINA FRAMBOESA;1X30G
6735;FLEISCHMAN-GELATINA CEREJA;1X30G
6736;FLEISCHMAN-GELATINA UVA;1X30G
7057;V.FERTIL-AZ.VERDE LIGHT VD 200GR;1X200GR
6841;HARIBO-BALA GELAT. TROPIFRUTTI 350G;12X350G
6842;FLORESTAL BONE AZUL;1UN
6843;HARIBO-BALA GELAT. URSINHOS DE OURO 350G;12X350G
6844;FLEISCHMAN-GELATINA SEM SABOR;30X1X24G
6845;HARIBO-MARSH.CHAMALLOWS CABLES(TORCIDO);12X80G
6846;HARIBO-MARSH.CHAMALLOWS TUBE;12X80G
6847;HARIBO-MARSH.CHAMALLOWS CABLES 350G;12X350G
8722;FELTRIN-SEM.HORT.COENTRO PORTUGUES PACIF;25X1,6G
6627;HL QUADRADO;1UN
6628;FRENTE CRISTAL;1UN
6652;CAMINHAO VW 15.190/ 23NDE40;1UN
6686;FLEISCHMAN-FERM.BIOLOG.INST.SECO M.SALGA;1X500G
6687;FLEISCHMAN-FERM.BIOLOG.INST.SECO M.DOCE;1X500G
6688;FLEISCHMAN-FERM.BIOLOG.INSTANT.SECO DP;68X10G
6689;FLEISCHMAN-FERM.BIOLOG.INSTANT. SECO DP;34X10G
6690;FLEISCHMAN-FERM. BIOLOGICO SECO LATA;12X100G
7124;V.FERTIL-AZ.PRETA PORTUGUESA D.PACK 100G;1X100GR
7125;V.FERTIL-AZ.VDE EXPORT.FATIADA VD 70GR;1X70GR
6737;FLEISCHMAN-GELATINA ABACAXI;1X30G
6738;FLEISCHMAN-GELATINA LIMAO;1X30G
6739;FLEISCHMAN-GELATINA MORANGO ZERO;1X12G
6740;FLEISCHMAN-GELATINA FRAMBOESA ZERO;1X12G
6741;FLEISCHMAN-GELATINA CEREJA ZERO;1X12G
6742;FLEISCHMAN-GELATINA ABACAXI ZERO;1X12G
7058;V.FERTIL-AZ.OLIVA EXT.VIRGEM ESPANHOL;1X500ML
7059;V.FERTIL-AZ.PRETA VD 200GR;1X200GR
6658;PAINEL CENTR. VISONIC PMASTER VIG101.001;1UN
6659;MODULO DE COMUN. GPRS VISONIC VIG104.001;1UN
6660;SENSOR MAGNET.PORTAS/JANELAS VISONIC ;1UN
6661;SENSOR MAGNET GIGANTE SAFE POINT;1UN
6848;HARIBO-MARSH.CHAMALLOWS TUBE 350G;12X350G
6849;HARIBO-MARSH.BARBECUE (P/ASSAR) 350G;12X350G
6967;DURACELL-EXPOSITOR PEGBOX;1UN
6653;CAMINHAO VW 10.160/ 2P5NM10;1UN
6654;CAMINHAO VW 13.190/ 232DE43;1UN
6662;CHAVEIRO VISONIC VIG105.002;1UN
6663;SENSOR DE MOV. C/CAMERA PIR-IVP-VISONIC;1UN
6664;SENSOR DE MOV. IVP-VISONIC VIG102.001;1UN
6665;CARRARA-CJ.SALA 387 VC 140X80 6CAD;1UN
7065;V.FERTIL-AZ.OLIVA EXT.VIRGEM ESP.250ML ;1X250ML
6632;PROTETOR MULTIFUNCIONAL BIVOLT;1UN
6691;FLEISCHMAN-FERM.BIOLOG.INSTANT.SECO DP;16X125G
6692;FLEISCHMAN-FERMENTO PO QUIMICO PT 250G;1X250G
6705;FLEISCHMAN-MIST.BOLO COCO 450G;1X450G
6706;FLEISCHMAN-MIST.BOLO BAUNILHA 450G;1X450G
6707;FLEISCHMAN-MIST.BOLO AIPIM 450G;1X450G
6708;FLEISCHMAN-MIST.BOLO MILHO 450G;1X450G
8720;FELTRIN-SEM.HORT.BETERRABA KATRINA;25X1,2G
6743;FLEISCHMAN-GELATINA LIMAO ZERO;1X12G
6744;FLEISCHMAN-GELATINA SEM SABOR;1X24G
6745;TWININGS-CHA PRETO LADY GREY C/10 SQ.;1X20G
6746;TWININGS-CHA PRETO EARL GREY C/10 SQ.;1X20G
6747;TWININGS-CHA PTO ENG BREAKFAST C/10 SQ;1X20G
6748;TWININGS-CHA VERDE C/10 SQ;1X20G
6749;TWININGS-CHA VERDE S.JASMIM C/10 SQ;1X20G
6968;DURACELL-DISPLAY PILHA COM QUANTUM;1UN
6969;DURACELL-DISPLAY BALCAO;1UN
6995;MTERRA-MACARRAO INST. CASEIRITO LEGUMES;1X77G
7004;V.FERTIL-AZ.VDE PREMIUM ARAUCO 360GR;1X360GR
7005;V.FERTIL-AZ.PRETA VD 360GR;1X360GR
7006;V.FERTIL-AZ.PRETA VD 500GR;1X500GR
7227;PAPEL HIG.F.S.PRIMAVERA NEUTRO 30M R.02;8X8X30M
6666;MESA MDF NOG.GEN. MED:1400MM X 600MM;1UN
6667;MESA AUX.MDF NOG.GEN. MED: 900MM X 450MM;1UN
6668;GAVETEIRO FIXO C/2 GAV. MDF NOG. GENUINO;1UN
6669;ARM.BAIXO MDF NOG.GEN.MED:1000X480X750MM;1UN
6670;MESA MDF NOG.GEN. MED:1600MM X 600MM;1UN
6671;MESA REUNIAO MDF NOG GEN M:2400MMX1000MM;1UN
6935;CENTRAL HIBRIDA DIGITAL IMPACTA 40;1UN
6936;TERMINAL INTELIGENTE;1UN
6709;FLEISCHMAN-MIST.BOLO FUBA 450G;1X450G
6710;FLEISCHMAN-MIST.BOLO LIMAO CREMOSO 450G;1X450G
6711;FLEISCHMAN-MIST.BOLO ABACAXI 450G;1X450G
6712;FLEISCHMAN-MIST.BOLO BANANA 450G;1X450G
6713;FLEISCHMAN-MIST.BOLO CHOCOLATE 450G;1X450G
6714;FLEISCHMAN-MIST.BOLO CHOCOMENTA 450G;1X450G
6861;WHISKY PASSPORT SCOTCH 1LT;1LT
6636;OSRAM-LAMP. D.STAR T3 3U 220-240V 15W;1UN
6750;TWININGS-CHA BRANCO C/10 SQ;1X15G
6751;TWININGS-CHA PTO RUSS. CARAVAN C/10 SQ;1X20G
6752;TWININGS-CHA VERDE E HORTELA C/10 SQ;1X20G
6850;HARIBO-BALLA STICKS (MORANGO REGALIZ);12X80G
6851;HARIBO-BALLA STICKS ZOUR(MORANGO CITRIC);12X80G
6852;FLEISCHMAN-CREME CHANTILLY CHOC.TP ;3X200ML
7007;V.FERTIL-AZ.VDE BRASILEIRINHA VD 100GR;1X100GR
7008;V.FERTIL-AZ.VDE EXPORT.RECH. PIM 80GR ;1X80GR
7009;V.FERTIL-AZ.VDE PREMIUM M.REINA 500G(I);1X500GR
7010;V.FERTIL-AZEITONA VERDE VD 500GR;1X500GR
6521;MILI-PAP.HIG.30M F.DUPLA DUAL NEUT R.591;8X12X30M
6522;MILI-PAP.HIG.30M F.DUPLA DUAL PERF R.592;8X12X30M
6523;MILI-PAP.HIG.30M F.DUPLA DUAL PERFUM 842;12X8X30M
6524;MILI-PAP.HIG.BIANCO 60M NEUTRO R.578;4X24X60M
6525;MILI-PAP.HIG.BIANCO 60M NEUTRO R.609;6X16X60M
6526;MILI-PAP.HIG.BIANCO 60M NEUTRO R.574;8X12X60M
7066;V.FERTIL-AZ.VDE PREMIUM ALORENA VD 300GR;1X300GR
7067;V.FERTIL-AZ.PRETA PREMIUM AZAPA VD 500G;1X500GR
6715;FLEISCHMAN-MIST.BOLO CAPPUCCINO 450G;1X450G
6716;FLEISCHMAN-MIST.BOLO CHOCOMOUSSE 450G;1X450G
6717;FLEISCHMAN-MIST.BOLO PETIT GATEAU 450G;1X450G
6718;FLEISCHMAN-MIST.BOLO CENOURA 450G;1X450G
6719;FLEISCHMAN-MIST.BOLO PAO DE MEL 450G;1X450G
6720;FLEISCHMAN-MIST.BOLO CANECA CHOCOLATE;18X55G
6721;FLEISCHMAN-MIST.BOLO CANECA CHOC/MORANGO;18X55G
6862;RUM HAVANA CLUB 7 YEARS OLD;750ML
6587;BATERIA MOURA 63H;1UN
6588;APARAS DE PALETE;1UN
6589;IMPRESSORA MULTIFUNC. BROTHER DCP1602;1UN
6590;"MONITOR 18.5"" AOC LED E970SWNL";1UN
6591;TELEFONE SEM FIO TS40 PT;1 UN
6592;ANTENA WIFI 12DBI;1 UN
6937;FLEISCHMAN-MIST.BOLO PACOCA 450G;1X450G
6629;GLOBALBEV-EXTRA POWER ENERGETICO BIG LTA;6X473 ML
6630;GLOBALBEV-EXTRA POWER ENERGETICO LTA;6X270 ML
6631;GLOBALBEV-E.POWER BLACK EDIT ENERGET LTA;6X270 ML
6853;FLEISCHMAN-CREME CHANTILLY TP 200ML;3X200ML
6854;MILI-GUARDAN. GDE 30X29,5CM C/50UN R1057;12X50UN
6855;MILI-GUARDANAPO PEQ.21X22CM C/50UN R1056;12X50UN
8718;FELTRIN-SEM.HORT.ALFACE MONICA;25X700MG
6527;MILI-PAP.HIG.BIANCO 60M PERF. R.610;6X16X60M
6528;MILI-PAP.HIG.BIANCO 60M PERF. R.839;12X8X60M
6529;MILI-PAP.HIG.BIANCO 60M PERF. R.575;8X12X60M
6530;MILI-PAP.HIG.BIANCO INSTITUCIONAL R.416;8X300M
6531;MILI-PAP.HIG.BIANCO L32 P30 60M NEUT 675;3X32X60M
6672;PAINEL EM MDF NOG.GEN.MED 1.200MM LARG;1UN
7068;V.FERTIL-OLEO COMP.GIRASSOL E OLIVA PET;1X900ML
7069;V.FERTIL-AZ.OLIVA EXT.VIRGEM PREM CHILEN;1X500ML
6568;LEAO-DISPLAY DE BANDEJA DUNA CX C/25;1UN
6569;LEAO-DISPLAY DE P.S SUCO MAIS;1UN
6570;LEAO-BOBINA DE FORRACAO SUCO MAIS;1UN
6571;LEAO-FAIXA DE GONDOLA SUCO MAIS;1UN
6722;FLEISCHMAN-MIST.BOLO CANECA CHOC/D.LEITE;18X55G
6723;FLEISCHMAN-MIST.BOLO CANECA CHOC/AVELA;18X55G
6863;GIN BEEFEATER 24 750ML;750ML
6593;VGA 1GB POINT OF VIEW NVIDIA 210 64BITS;1 UN
6594;FONTE ATX 200W;1 UN
6595;CABO P2 X P2 1,8M AUDIO;1 UN
6596;MICROCOMPUT. INTEL DUAL CORE/4GB/HD500;1 UN
6597;COMP ROT 12000 220V TECUMSEH RG191ER;1 UN
6633;OSRAM-LAMP.FLUOR T10 20W LDE;30X1UN
6753;TWININGS-CHA PTO LAPS SOUCHONG C/10 SQ;1X20G
6970;MARLBORO-TPOSM DALLAS ROSA DE OURO;1UN
6520;DISPLAY COMPACT PRINGLES VERMELHO;1UN
6572;V.FERTIL-AZ.VERDE EXPORT.FATIADA VD;12X70GR
6573;V.FERTIL-AZ.VERDE EXPORT.S/CAROCO VD  ;12X65GR
6585;FLORESTAL DROPS DRINKS SORTIDOS;16X35GR
6641;OSRAM-LAMP.VALUE TWIST T3 220-240V 20W;1UN
6891;VITTAMAX-FRESH CAES FILHOTE CARNE;12X280GR
7011;MTERRA-SALGADINHO ORGANICO SABUGUITO;1X45G
6673;ARM.MDF NOG GEN C/4PTAS MED:2000X480X750;1UN
6674;BALCAO RECP MDF NOG GEN M:1200X600X1100;1UN
6675;MESA REUNIAO MDF NOG GEN M 2200MMX1000MM;1UN
6683;MILI-FRALDA ULTRA SECA PCT JUMBINHO XG;PCT 18X1
6684;MILI-FRALDA ULTRA SECA PCT JUMBINHO XXG;PCT 16X1
6693;FLEISCHMAN-FERMENTO PO QUIMICO PT 100G;12X100G
6694;FLEISCHMAN-AMIDO DE MILHO 200G;1X200G
7070;V.FERTIL-PEPINO INTEIRO CONSERVA VD 300G;1X300GR
7071;V.FERTIL-AZ.VDE RECH.C/ANCHOVAS VD (I);1X130GR
6724;FLEISCHMAN-AROMA DE BAUNILHA 30ML DP;12X30ML
6725;FLEISCHMAN-AROMA DE COCO 30ML DP;12X30ML
6726;FLEISCHMAN-AROMA DE ABACAXI 30ML DP;12X30ML
6727;FLEISCHMAN-AROMA DE MORANGO 30ML DP;12X30ML
6728;FLEISCHMAN-CREME CHANTILLY SPRAY 240ML;1X240ML
6729;FLEISCHMAN-CREME CHANTILLY TP 200ML;1X200ML
6730;FLEISCHMAN-CREME CHANTILLY TP 1L;1LT
6864;CHAMPAGNE G.H.MUMM CORDON ROUGE ROSE;750ML
6754;TWININGS-CHA PTO F.VERMELHAS C/10 SQ;1X20G
6755;TWININGS-CHA DE HORTELA C/10 SQ;1X17,5G
6756;TWININGS-CHA MISTO CAM/MEL/BAUN C/10 S;1X15G
6757;TWININGS-CHA DE CAMOMILA C/10 SQ;1X10G
6758;TWININGS-CHA MISTO LIMAO TWIST C/10 SQ;1X15G
6759;TWININGS-CHA MISTO LIM/GENGIBRE C/10 S;1X15G
7060;V.FERTIL-AZ.PRETA PREMIUM AZAPA VD 360GR;1X360GR
6642;OSRAM-LAMP.VALUE TWIST T3 220-240V 25W;1UN
6643;OSRAM-LAMP. DVALUE 220-240V REG 4210 15W;1UN
6644;OSRAM-LAMP. TWIST 220-240V REG 4231 45W;1UN
6645;OSRAM-LAMP. TWIST 220-240V REG 4231 65W;1UN
6646;OSRAM-LAMP. HALOG CLASSIC A ECO 220V 42W;1UN
6647;OSRAM-LAMP. HALOG CLASSIC A ECO 220V 70W;1UN
6872;DURACELL-PILHA ALC.PALITO AAA C/4UN;1X4UN
6695;FLEISCHMAN-AMIDO DE MILHO 500G;1X500G
6696;FLEISCHMAN-MISTURA P/ PAO CASEIRO 450G;1X450G
6697;FLEISCHMAN-MISTURA P/ PAO INTEGRAL 450G;1X450G
6698;FLEISCHMAN-MISTURA P/ PAO DE BATATA 450G;1X450G
6699;FLEISCHMAN-MISTURA PAO AUSTRALIANO 450G;1X450G
6700;FLEISCHMAN-MISTURA P/ PAO DE QUEIJO 250G;1X250G
7072;V.FERTIL-AZ.VDE RECH.C/PIMENTAO VD 130GR;1X130GR
6574;TM02220 TRANSPALETE PALETEIRA TM 220;1UN
6575;"MONITOR 22"" LED SAMSUNG E410";1UN
6576;TELEFONE PLENO COM FIO;1 UN
6577;TECLADO E MOUSE WIRELESS;1 UN
6731;FLEISCHMAN-CREME CHANTILLY CHOC.TP 200ML;1X200ML
6732;FLEISCHMAN-CHOCOLATE EM PO SOLUVEL 200G;1X200G
6865;CACHACA SAO FRANCISCO 970ML;970ML
6760;TWININGS-CHA MISTO F.SILVESTRES C/10 S;1X20G
6761;TWININGS-CHA M. CAM/HOR/C.LIMAO C/10 S;1X14,5G
6762;TWININGS-CHA ERVA-DOCE NACIONAL C/10 S;1X20G
6763;FLEISCHMAN-OVOMALTINE CREME CROCANTE PT;1X380G
6764;FLEISCHMAN-OVOMALTINE TP 180ML;1X180ML
6765;BLUE DRAGON YAKISSOBA TRADICIONAL 300G;1X300G
6766;BLUE DRAGON YAKISSOBA GENG/TERIYAKI 300G;1X300G
7061;V.FERTIL-AZ.VDE PREMIUM GORDAL 360GR;1X360GR
7062;V.FERTIL-CEREJAS MARRASQUINO VD 110GR;1X110GR
6648;OSRAM-BT LED CL.A40 100-240V 5.5W/830;1UN
6649;OSRAM-BT LED CL.A40 100-240V 5.5W/850;1UN
6650;OSRAM-BT LED CL.A60 100-240V 9W/830;1UN
6651;OSRAM-BT LED CL.A60 100-240V 9W/850;1UN
6685;V.FERTIL-AZEITONA VERDE FATIADA VD;12X280GR
6553;LEAO-CLIP STRIP TIRA BOLSA LL;1UN
6554;LEAO-RACK DISPLAY PAPELAO LL;1UN
6555;LEAO-ILHA DE INVERNO FUZE;1UN
6556;LEAO-LAMINA MATTE COM LIMAO;1UN
6557;LEAO-SACOLA BRINDE FUZE;1UN
6558;LEAO-KIT GONDOLA TEMATICA FUZE;1UN
7073;V.FERTIL-AZ.VDE RECH.C/LIMAO VD 130G(I);1X130GR
7074;VODKA ABSOLUT 200ML;200ML
6733;FLEISCHMAN-GELATINA MORANGO;1X30G
6777;COFRE DE ACO 120X40X40;1UN
6778;LEITOR COD. BARRAS LASER BT-900;1UN
6815;ESPUMANTE MUMM CUVEE BRUT PETIT;187ML
6816;CHAMPAGNE G.H.MUMM CORDON ROUGE;750ML
6817;CHAMPAGNE PERRIER JOUET GRAND BRUT;750ML
6866;WHISKY NATU NOBILIS 1LT;1LT
6867;WHISKY WALL STREET 1LT;1LT
6767;BLUE DRAGON YAKISSOBA CHILLI/ALHO 300G;1X300G
6768;BLUE DRAGON YAKISSOBA 5 TEMPEROS 300G;1X300G
6769;BLUE DRAGON MOL XADREZ TRADICIONAL300G;1X300G
6770;BLUE DRAGON MOL XADREZ ALHO TOSTADO 300G;1X300G
6771;BLUE DRAGON MOLHO PRONTO AGRIDOCE 300G;1X300G
6772;BLUE DRAGON MOLHO TOMATE ORIENTAL 300G;1X300G
6965;DURACELL-BANDEJA CHECKOUT;1UN
6793;VODKA ORLOFF BOLD CITRUS;1LT
6794;WHISKY CHIVAS REGAL 12 YEARS OLD;1LT
6795;WHISKY CHIVAS REGAL 18 YEARS OLD;750ML
6796;WHISKY BALLANTINES FINEST;1LT
6797;WHISKY BALLANTINES 12 YEARS OLD;1LT
6798;WHISKY BALLANTINES 17 YEARS OLD;750ML
6878;DURACELL-BATERIA 9V;1X1UN
6879;DURACELL-PILHA ALCALINA MEDIA C C/2UN;1X2UN
6512;MILI-FRALDA PCT JUNIOR P;PCT 12X1
6513;MILI-FRALDA PCT JUNIOR M;PCT 10X1
6514;MILI-FRALDA PCT JUNIOR G;PCT 8X1
6515;MILI-FRALDA PCT JUNIOR EG;PCT 8X1
6559;LEAO-CHAVEIRO LEAO;1UN
6560;LEAO-CAIXA DE MADEIRA FUZE;1UN
7075;MODULO PORTA PALETE CONVENCIONAL;1UN
6578;C.SUICA PASCOATTONE GOTAS DE CHOC. ZERO;400GR
6655;CARROC.FECH. FURGAO C.SECA SERIE LEVE;1PF
6818;CHAMPAGNE PERRIER JOUET BLASON ROSE;750ML
6819;CACHACA JANEIRO 700ML;700ML
6820;FLEISCHMAN-GELATINA UVA ZERO;1X12G
6821;B.VISTA-BISC.LANCH.RECH CHOC.FAZEND DP;24X35GR
6900;MTERRA-CEREAL ORGANICO ZOORETA ORIGINAL;1X250G
6503;MILI-LENCO DE PAPEL C/ 10;6X10
6504;MILI-LENCO UMEDECIDO POTE C/ 70;1X70
6656;CARROC.FECH. FURGAO C.SECA SERIE PESADA;1PF
6657;CARROC.FECH. FURGAO C.SECA SERIE PESADA;1PF
6773;BLUE DRAGON MOLHO BARBECUE ORIENTAL175ML;1X175ML
6774;BLUE DRAGON MOLHO BARBECUE TERIYAKI175ML;1X175ML
6959;CJ CONEXAO CAVALO;1PC
6679;MILI-GUARDANAPO GDE 30X29,5CM C/50UN;48X1X50UN
6880;HARIBO-DISPLAY CHAO ATACADO 5 CESTOS;1UN
6881;HARIBO-DISPLAY CHAO 25 GANCHOS;1UN
7012;MTERRA-COOKIES ORGAN. CACAU/CAST. DP;7X25G
7013;V.FERTIL-AZEITONA VERDE CP 100GR;1X100GR
7014;V.FERTIL-AZEITONA VERDE VD 200GR;1X200GR
6561;LEAO-FAIXA DE GONDOLA FUZE LARANJA;1UN
6562;LEAO-STOPPER FUZE P/ UM CHA;1UN
6563;LEAO-WOOBLER MATTE COM LIMAO;1UN
6564;LEAO-PRECIFICADOR LEAO;1UN
6565;LEAO-AROMATIZADOR MAIS ESSENCIA AEROZOL;1UN
6566;LEAO-FAIXA DE GONDOLA MOD VERDE COM FACA;1UN
6567;LEAO-FAIXA DE GONDOLA MOD VERDE SEM FACA;1UN
7106;GLOBALBEV-FITA STRIP EXTRA POWER;1UN
7109;HARIBO-BOBINA DE PLASTICO FORRACAO 40X60;1UN
6677;OSRAM-LAMP. DULUX VALUE 2U 220-240V 15W;1UN
6678;OSRAM-LAMP. TWIST HO 220V 30W;1UN
6779;SEMIRREB FURGAO C.SECA FACCHINI 3 EIXOS;1PF
6581;MILI-FRALDA ULTRA SECA PCT HIPER G;PCT 56X1
6582;MILI-FRALDA ULTRA SECA PCT HIPER XG;PCT 48X1
6583;MILI-FRALDA ULTRA SECA PCT HIPER XXG;PCT 40X1
6584;MILI-FRALDA ULTRA SECA PCT HIPER M;PCT 64X1
6775;BLUE DRAGON MOLHO PIMENTA SWEET CHILLI ;1X175ML
6776;BLUE DRAGON MOLHO PIMENTA CHILLI 175ML;1X175ML
6960;CJ CONEXAO CARRETA;1PC
6961;CJ SENSOR PORTA DE BAU;1PC
6516;PALHETA DT VW POLO 02/08 LADO S19A;PC
6517;PALHETA DT TOYOTA COROLLA NO S16B;PC
6518;PALHETA DT MB CLASSE A FIAT UN S24B;PC
6519;DISPLAY TPOSM MLB GOLD - CICLO;1UN
6799;WHISKY JAMESON CANISTER;1LT
6800;WHISKY THE GLENLIVET FOUNDERS RESERVE;750ML
7015;V.FERTIL-AZEITONA VERDE SACHE PLANO;1X100GR
7016;V.FERTIL-AZEITONA VERDE SACHE;1X200GR
6609;C.SUICA BOLINHO ZERO INTEGRAL NOZES;15X35GR
6610;C.SUICA BOLINHO ZERO INTEGRAL CAST.PARA;15X35GR
6611;C.SUICA BOLINHO ZERO CHOCOLATE;15X35GR
6612;C.SUICA BOLINHO ZERO NOZES;15X35GR
6613;C.SUICA BOLINHO INSTIT.BAUNILHA R.BAUNIL;140X40GR
6614;C.SUICA BOLINHO INSTIT.CHOCOLATE R.CHOCO;140X40GR
7110;V.FERTIL-AZ.VDE RECH.PRESUNTO IBERICO(I);1X130GR
7111;V.FERTIL-AZ.VDE RECH.C/SALMAO VD 130G(I);1X130GR
6637;OSRAM-LAMP. D.STAR T3 3U 220-240V 20W;1UN
6638;OSRAM-LAMP. D.STAR T3 3U 220V 23W;1UN
6639;OSRAM-LAMP. D.STAR 220-240V REG 4243 20W;1UN
6640;OSRAM-LAMP.VALUE TWIST T3 220-240V 15W;1UN
6822;B.VISTA-BISC.LANCH.RECH MORANGO FAZEN DP;24X35GR
6875;DURACELL-PILHA ALC. PEQUENA AA C/2UN;1X2UN
6876;DURACELL-PILHA ALC. PEQUENA AA C/4UN;1X4UN
6780;VODKA ABSOLUT ELYX;1LT
6781;VODKA ABSOLUT CITRON;1LT
6782;VODKA ABSOLUT PEARS;1LT
6783;VODKA ABSOLUT MANGO;1LT
6784;VODKA ABSOLUT VANILLA;1LT
6785;VODKA ABSOLUT BERRI ACAI;1LT
6786;VODKA ABSOLUT APEACH;1LT
6939;TECLADO USB MULTILASER TC193 SLIM;1 UN
6801;WHISKY ROYAL SALUTE 21 YEARS OLD;700ML
6802;WHISKY PASSPORT SCOTCH 670ML;670ML
6803;WHISKY PASSPORT SCOTCH 250ML;250ML
6804;RUM MONTILLA CARTA BRANCA;1LT
6805;RUM MONTILLA CARTA CRISTAL;1LT
6806;RUM MONTILLA CARTA OURO;1LT
6807;RUM MONTILLA LIMAO;700ML
6615;C.SUICA BOLINHO INSTIT.BAUN.GOTAS.R.CHOC;140X40GR
6616;V.FERTIL-AZEITONA PRETA FATIADA VD;24X160GR
6617;V.FERTIL-AZEITONA VERDE FATIADA VD;24X160GR
6701;FLEISCHMAN-MIST.PAO DE QUEIJO LIGHT 250G;1X250G
6702;FLEISCHMAN-MELHORADOR PAO CERTO SACHE DP;32X10G
6703;FLEISCHMAN-MIST.BOLO PAO DE LO 350G;1X350G
6704;FLEISCHMAN-MIST.BOLO LARANJA 450G;1X450G
7112;V.FERTIL-AZ.VDE RECH.C/QUEIJO AZUL VD(I);1X130GR
6618;RESERVATOR;1UN
6619;TAMPA;1UN
6620;TAMPA;1UN
6823;VODKA ORLOFF PET 250ML;250ML
6825;HARIBO-BALA GELATINA HAPPY CHERRIES;12X100G
6877;DURACELL-PILHA ALC. PEQUENA AA LEV6 PAG4;1X6UN
6931;MTERRA-AVEIA EM FLOCOS;1X200G
6532;MILI-FRALDA ULTRA SECA PCT JUMBO P;PCT 36X1
6533;MILI-FRALDA ULTRA SECA PCT JUMBO M;PCT 32X1
6534;MILI-FRALDA ULTRA SECA PCT JUMBO G;PCT 28X1
6535;MILI-FRALDA ULTRA SECA PCT JUMBO XG;PCT 24X1
6536;MILI-FRALDA ULTRA SECA PCT JUMBO XXG;PCT 20X1
6537;MILI-GUARD.F.DUPLA BISTRO 30X30CM C/50UN;28X1X50UN
6940;MOUSE USB PRETO;1 UN
6808;RUM MALIBU IMPORTADO;750ML
6809;RUM HAVANA CLUB 3 YEARS OLD;750ML
6810;COQUETEL COMPOSTO DOMECQ;1LT
6811;GIN BEEFEATER 750ML;750ML
6812;ESPUMANTE MUMM CUVEE BRUT;750ML
6813;ESPUMANTE MUMM CUVEE DEMI SEC;750ML
7017;V.FERTIL-AZ.VDE SACHE DOY PACK;1X150GR
6478;MILI-FRALDA PCT MEGA G;PCT 48X1
6479;MILI-FRALDA PCT MEGA EG;PCT 42X1
6480;MILI-FRALDA PCT MEGA SEG;PCT 38X1
6481;MILI-FRALDA PCT HIPER M;PCT 108X1
6482;MILI-FRALDA PCT HIPER G;PCT 96X1
6483;MILI-FRALDA PCT HIPER EG;PCT 84X1
6484;MILI-FRALDA PCT HIPER SEG;PCT 76X1
8698;VALDA TABLETE GOMA MASCAR SM;15X24GR
6505;MILI-LENCO UMEDECIDO REFIL C/ 70;1X70
6506;MILI-LENCO UMEDECIDO BALDE AZUL C/ 450;1X450
6507;MILI-LENCO UMEDECIDO BALDE ROSA C/ 450;1X450
6508;MILI-LENCO UMEDECIDO REFIL BALDE C/ 450;1X450
6509;MILI-TOALHINHAS UMEDEC. VITA ADULTO C/40;1X40
6510;MILI-LENCOL ABSORVENTE DESCARTAV C/9UN  ;1X9
7041;PRINGLES DUAL P.DAVID LUIZ ORIG+121G ORI;2X128GR
6538;MILI-LENCO UMEDECIDO FEMININO DP 12X1;12X1X20
6676;NO BREAK SCHN. BREAKLESS AI-NEW 220/115V;1PC
6787;VODKA ABSOLUT REGULAR;1LT
6788;VODKA WYBOROWA LB;1LT
6789;VODKA WYBOROWA EXQUISITE;750ML
6790;VODKA ORLOFF;1LT
6791;VODKA ORLOFF BOLD CRANBERRY;1LT
8721;FELTRIN-SEM.HORT.CENOURA BRASILIA IRECE;25X700MG
6497;PRIVAX-PEDRA SANITARIA JASMIM R.127;36X1
6498;PRIVAX-BLOCO SANITARIO JASMIM R.914;36X1
6499;PRIVAX-BLOCO SANITARIO EUCALIPTO R.915;36X1
6500;PRIVAX-BLOCO SANITARIO FLORAL R.916;36X1
6501;MILI-HASTES FLEXIVEIS C/75;36X1X75
6502;MILI-TOALHINHAS UMEDECIDAS C/ 50;1X50
6814;ESPUMANTE MUMM CUVEE BRUT ROSE;750ML
7050;VINHO REDENTOR TINTO SUAVE PET;6X1,5LT
6485;MILI-ABS.PROT.DIARIO PREMIUM S/ABAS C/15;PCT 15X1
6486;MILI-ABS.PROT.DIARIO PREMIUM S/ABAS C/40;PCT 40X1
6487;MILI-ABS.ALOE VERA C/ABAS COB.SUAVE C/8;PCT 8X1
6488;MILI-ABS.ALOE VERA C/ABAS COB.SECA C/8;PCT 8X1
6489;MILI-ABS.MAXI C/ABAS COB.SUAVE C/8 R.768;PCT 8X1
6490;MILI-ABS.C/ABAS COB.SUAVE LEV16 PAG14 ;PCT 16X1
7113;V.FERTIL-ASPARGOS BRANCOS VD 205GR;1X205GR
7114;V.FERTIL-ASPARGOS VERDE GRELHADO VD 185G;1X185GR
6904;MTERRA-GRANOLA FRUTAS/MEL S/ACUCAR 800G;1X800G
7450;MARILAN-BISC.AMANT. COCO 330G;1X330GR
7822;FLORESTAL MARSH. POP ROSA DP;12X40GR
7825;MATSUDA MOVEL DISPENSER CINZA 5X37 L 553;1UN
8169;MV-PICK NICK BANANA PASSA C/CHOC. DP;12X40GR
7454;MARILAN-BISC.DISTRACAO CHOC/CHOC.BCO 360;1X360GR
7784;TODESC-MAC.OVOS FETTUC. NINHOS 500GR;1X500GR
7785;TODESC-MAC.OVOS SPAGHETTINI 6 500GR;1X500GR
7786;TODESC-MAC.OVOS SPAGHETTI VENEZA 5 500G;1X500GR
7223;MTERRA-FARINHA DE LINHACA DOURADA;1X150G
7224;MTERRA-SEMENTE DE LINHACA DOURADA;1X200G
8031;FLEISCHMAN-MIST.BOLO P.GATEAU OVOMALTINE;1X450G
8055;MARILAN-BISC.INTEG. LEV CAC/CEREAIS 150G;1X150GR
8056;MARILAN-BISC.MINI MAIZENA 30G DP ;10X30GR
7217;MTERRA-MIST.BOLO INT ORGAN COCO 400G;1X400G
7832;HARIBO-BALA GELAT. SWEET BANANA 250G;12X250G
8279;HEINZ-MOLHO INGLES LEA&PERRINS VD 150ML;1X150ML
8294;QUERO-SELETA DE LEGUMES TR 200G;1X200G
7602;HARIBO-BALA GELAT. HAPPY COLA 250G;12X250G
8168;FLORESTAL BALA MOLE MAST.SORTIDAS C/100;1X380GR
8172;C.OURO-SUCO UVA TINTO INTEGRAL VD 1,5LT;1X1,5LT
8173;QUINTVS-VINHO TINTO SECO 750ML;1X750ML
8057;MARILAN-COOKIE GOTAS CHOC. H.ARAN 60G DP;12X60GR
8588;DUNORTE-CASTANHA CAJU 100G DP;20X100GR
8589;DUNORTE-CASTANHA CAJU SACHE 50G;20X50GR
8295;QUERO-SELETA DE LEGUMES SACHE 200G;1X200G
8296;QUERO-ERVILHA E MILHO LT 200G;1X200G
8297;QUERO-ERVILHA E MILHO LT 2,0KG;1X2,0KG
7317;OSRAM-LAMP.LED SS CLA40 100-240V 7W/850;1UN
7603;HARIBO-BALA GELAT. URSINHOS DE OURO 250G;12X250G
7604;HARIBO-BALA GELAT. WUMMIS (MINHOCAS)250G;12X250G
7921;FLEISCHMAN-MIST.BOLO BAUNILHA FESTA 450G;1X450G
7234;MTERRA-CHA VERDE;1X50G
8174;QUINTVS-VINHO TINTO SUAVE 750ML;1X750ML
8175;QUINTVS-VINHO TINTO DEMI SEC 750ML;1X750ML
8176;QUINTVS-VINHO BRANCO SECO 750ML;1X750ML
8590;DUNORTE-CASTANHA CAJU GRANUL. SACHE 100G;20X100GR
9130;C.OURO-VINHO TINTO SUAVE 750ML;1X750ML
8084;TOSCANO-COGUMELO INTEIRO SACHE;1X100GR
8085;MV-PICK NICK AMENDOIM C/CHOCOLATE DP;12X40GR
8097;TITANIUM-ENERGETICO PET 500ML;6X500ML
7605;HARIBO-BALA GELAT.WUMMIS ZOUR(M.CIT)250G;12X250G
7606;HARIBO-BALA GELAT. UVA 250G;12X250G
7607;HARIBO-BALA GELAT. TROPIFRUTTI 250G;12X250G
7608;HARIBO-MARSH. CHAMALLOWS CABLES 250G;12X250G
8709;F-BRAZ.COFFE GRAOS CAFE TORR COB.CHOC. ;1X100GR
7120;V.FERTIL-AZ.PRETA S/CAROCO VD 160GR;1X160GR
8177;QUINTVS-VINHO BRANCO SUAVE 750ML;1X750ML
8205;SOCOCO-LEITE DE COCO TP 200ML;1X200ML
8209;UAU-LIMP.PERF.FLORES E SONHOS L1L P800ML;1X1LT
7250;MTERRA-FLOCOS DE MILHO C/ACUCAR MASCAVO;1X200G
8098;TITANIUM-ENERGETICO PET 1LT;6X1LT
8099;TITANIUM-ENERGETICO PET 2LT;6X2LT
8298;QUERO-GRAO DE BICO TR 180G;1X180G
8299;QUERO-ERVILHA E CENOURA LT 200G;1X200G
7609;HARIBO-MARSH. CHAMALLOWS CABLES BLUE 250;12X250G
7610;HARIBO-MARSH. CHAMALLOWS CABLES PINK 250;12X250G
7611;HARIBO-MARSH. CHAMALLOWS TUBE 250G;12X250G
7612;HARIBO-MARSH. BARBECUE(P/ASSAR) 250G;12X250G
8210;UAU-LIMP.PERF.REQUINTE L1L P800ML;1X1LT
8211;UAU-LIMPA PISOS ACAO CLAREADORA 750ML;1X750ML
8212;UAU-LIMPA PISOS ELIMIN. ODORES 750ML;1X750ML
7239;MTERRA-SOPA MADA ABOBORA C/ESPINAFRE DP;20X17G
8191;BAZOOKA-PIR.PUSH POP TRANSFORMERS DP;20X15GR
8285;QUERO-ERVILHA MENOS SODIO LT 200G;1X200G
8286;QUERO-ERVILHA LT 200G;1X200G
6905;MTERRA-GRANOLA TRADICIONAL 250G;1X250G
6906;CLIMATIZADOR VW R5 12V S/LUMIN. RESFRIAR;1PC
7272;BUCHA BALANCA FIAT PAL 09-00/ S/BARRA DI;1UN
8061;DFOOD-PETIT TOST  ALHO/HORTELA SACHE 45G;1X45GR
8062;DFOOD-PETIT TOST  LIMAO/PIMENT SACHE 45G;1X45GR
7318;OSRAM-LAMP.LED SS CLA40 100-240V 9W/850;1UN
7613;HARIBO-BALLA STICKS ZOURR(MORANGO C)175G;12X175G
8058;FLORESTAL-MATERIAL PROMOCIONAL;1UN
8059;FLORESTAL-EXPOSITOR METAL VAREJO 6X2 POS;1UN
8233;UAU-LIMP.PERF.BRISA E FRESCOR L1L P800ML;1X1LT
8578;TODESC-MAC.INST.LAMEN GALINHA CAIP. 85G;1X85G
8287;QUERO-ERVILHA LT 2,0KG;1X2,0KG
8288;QUERO-ERVILHA TR 200G;1X200G
8289;QUERO-ERVILHA SACHE 200G;1X200G
8063;DFOOD-PETIT TOST  PROVOLONE SACHE 45G;1X45GR
8064;DFOOD-PETIT TOST  LARANJ/AVEIA SACHE 45G;1X45GR
8065;DFOOD-PETIT TOST  CAPPUCCINO SACHE 45G;1X45GR
8066;DFOOD-PETIT TOST  ERVA CIDR. SACHE 45G;1X45GR
7614;HARIBO-BALLA STICKS(MORANGO REGALIZ)175G;12X175G
7787;TODESC-MAC.OVOS FURADINHO 3 500GR;1X500GR
7245;MTERRA-GERGELIM INTEGRAL;1X200G
7246;MTERRA-EXTRATO DE SOJA INTEGRAL 200G;1X200G
8185;QUINTVS-VINHO GFA TINTO SUAVE 1LT;1X1LT
8241;CESTO C/ TAMPA REF 6677;1UN
8710;F-CHOC.BARRA B.COFFEE C/RASPAS BALA CAFE;10X90G
7235;MTERRA-GUARANA EM PO;1X100G
7236;MTERRA-MACARRAO INTEGRAL FUSILLI;1X200G
7413;B.VISTA-BISC.AMANT.IOGURTE/MORANGO 310GR;1X310GR
7598;G.BEV-B.PRINGLES REAL MADRID CREME/CEB.;155GR
8067;DFOOD-PETIT TOST ALHO/HORTELA SACHE 60G;1X60GR
8068;DFOOD-PETIT TOST LIMAO/PIMENTA SACHE 60G;1X60GR
8069;DFOOD-PETIT TOST PROVOLONE SACHE 60G;1X60GR
7178;LIV-CHA VDE C/FIB TP LIMAO/HORTELA 330ML;12X330ML
8027;FLEISCHMAN-PACK 3 FERM.INST/1 MELH.PAO;4X10G
8028;FLEISCHMAN-PACK 1 CHOC.50%/1 FERM.QUIM.;1X300G
8213;INGLEZA-CERA LIQ.P/CALÇADOS PRETA PROMO;1X60ML
7237;MTERRA-MACARRAO INTEGRAL PENNE;1X200G
7564;G.BEV-LEITE VEG. AMENDOIM IRACEMA 1L;1LT
7565;G.BEV-LEITE VEG. CAST.CAJU IRACEMA 1L;1LT
7566;G.BEV-LEITE VEG. ARROZ IRACEMA 1L;1LT
8711;F-CHOC.BARRA BCO B.COFFEE C/RASPAS BALA ;10X90G
7240;MTERRA-SOPA MADA LEGUMES DP;20X17G
7241;MTERRA-ARROZ INTEGRAL CATETO 500G;1X500G
7599;G.BEV-B.PRINGLES REAL MADRID ORIGINAL;146GR
7641;TOSCANO-MOLHO P/CHURRASCO;1X240ML
7642;TOSCANO-MOLHO P/SALADA CASEIRO FR;1X240ML
7232;MTERRA-SEMENTE DE LINHACA INTEG. MARROM;1X200G
7824;LEAO-CESTA DE MERCADO FUZE LARANJA;1UN
8070;DFOOD-PETIT TOST LARANJA/AVEIA SACHE 60G;1X60GR
8071;DFOOD-PETIT TOST CAPPUCCINO SACHE 60G;1X60GR
8072;DFOOD-PETIT TOST ERVA CIDREIRA SACHE 60G;1X60GR
7414;B.VISTA-BISC.AMANT.BANANA E CANELA 310GR;1X310GR
8214;UAU-LIMP.MULTIUSO ROSAS E SEDUCAO 500ML;1X500ML
9108;FLORESTAL PIRULITO CORACAO LAR/LIM VIT C;1X500GR
7242;MTERRA-ARROZ INTEGRAL CATETO C/VERM 500G;1X500G
7567;G.BEV-LEITE VEG. COCO IRACEMA 1L;1LT
8199;BAZOOKA-CHOCOEGG  BLAZE DP ;12X20G
8280;QUERO-MILHO VERDE MENOS SODIO LT 200G;1X200G
8281;QUERO-MILHO VERDE TR 200G;1X200G
7247;MTERRA-PROTEINA DE SOJA GRANULADA;1X150G
7248;MTERRA-PROTEINA DE SOJA EM PEDACOS;1X100G
7643;TOSCANO-MOLHO P/SALADA IOGURTE/HORTELA;1X240ML
7305;FLORESTAL BALINHA SM DO CORACAO MORANGO;30X100GR
8073;DFOOD-PETIT TOST.ALHO/HORTELA CART.100G;1X100GR
8074;DFOOD-PETIT TOST.LIMAO/PIMENTA CART.100G;1X100GR
8075;DFOOD-PETIT TOST.PROVOLONE CART.100G;1X100GR
8708;F-CHOCO FOFS MINI DRAG. CHOC. C/MARSH;1X100GR
7209;MILI-LENCOL ABSORV. DESCART. INF C/5UN  ;1X5UN
8282;QUERO-MILHO VERDE SACHE 200G;1X200G
8283;QUERO-MILHO VERDE LT 200G;1X200G
8284;QUERO-MILHO VERDE LT 2,0KG;1X2,0KG
8579;TODESC-MAC.INST.LAMEN LEGUMES 85G;1X85G
7300;LEAO-CHA SENS.MIRTILO/AMORA/BAUN C/16 SQ;1X35G
7644;TOSCANO-MOLHO P/SALADA ITALIANO FR;1X240ML
7645;TOSCANO-MOLHO P/SALADA LIMAO FR;1X240ML
7307;VITTAMAX-RACAO CAES FILHOTE ;7KG
8076;DFOOD-PETIT TOST.LARANJA/AVEIA CART.100G;1X100GR
8077;DFOOD-PETIT TOST.CAPPUCCINO CART.100G;1X100GR
8078;DFOOD-PETIT TOST.ERVA CIDREIRA CART.100G;1X100GR
7852;DANONE-M.CEREAL INF.ARROZ/BAN/MACA (IMP);1X180GR
7853;DANONE-M.CEREAL INF.ARROZ/AV/AMEIX (IMP);1X180GR
7854;DANONE-M.CER.INF.ARROZ/BAN/MACA ZERO IMP;1X150GR
7238;MTERRA-MACARRAO INTEGRAL AVE MARIA;1X200G
8580;TODESC-MAC.INST.LAMEN CARNE 85G;1X85G
8581;GRASSI-VODKA INTENCION 900ML;1X900ML
7231;MTERRA-FARINHA DE LINHACA INTEG. MARROM;1X150G
7646;TOSCANO-MOLHO P/SALADA PARMESAO FR;1X240ML
7233;MTERRA-CHIA SEMENTE;1X100G
7778;TODESC-MAC.OVOS AVE MARIA 500GR;1X500GR
7779;TODESC-MAC.OVOS ARGOLA LISA 500GR;1X500GR
7780;TODESC-MAC.OVOS PARAFUSO 500GR;1X500GR
7218;MTERRA-MIST.PAO DE MANDIOQUINHA ORG 300G;1X300G
7219;MTERRA-PAINCO GRAOS;1X200G
7917;AZEITE OLIVA QTA B VISTA EXT VIR 5,1LT;1X5,1LT
8060;MARILAN-COOKIE GOTAS CHOC. PRINC. 60G DP;12X60GR
7346;DANONE-MILUPA 2 400G LTA (IMP);1X400GR
8582;GRASSI-COQUETEL ALC. MASTER GOLD 900ML;1X900ML
8583;GRASSI-GIN INTENCION STRAWBERRY 900ML;1X900ML
8584;GRASSI-GIN INTENCION 900ML;1X900ML
7210;MTERRA-GRANOLA BANANA/CACAU 1KG;1X1KG
7211;MTERRA-GRANOLA MACA/CANELA LIGHT 1KG;1X1KG
7647;TOSCANO-MOLHO P/SALADA ROSE FR;1X240ML
7648;TOSCANO-TEMPERO P/CARNE EM PO;1X50GR
8290;QUERO-ERVILHA E MILHO TR 200G;1X200G
7301;LEAO-CHA SENS.MARAC/LARANJA/GENG C/16 SQ;1X35G
7671;UAU-DESENGORDURANTE COZINHA LIMAO 500ML;1X500ML
7672;UAU-LIMP.PERF.LAVANDA/CONF. L 1L P 800ML;1X1LT
7673;UAU-LIMP.PERF.FLORES VERM/SED L1L P800ML;1X1LT
7347;DANONE-MILUPA 2 800G LTA (NAC);1X800GR
7939;TOSCANO-VINAGRE PREM.VINHO TINTO 250ML;1X250ML
7940;TOSCANO-VINAGRE PREM.VINHO BRANCO 250ML;1X250ML
7941;TOSCANO-VINAGRE PREM.BALSAMICO 250ML;1X250ML
7195;HARIBO-POTE 140ML;1UN
7249;MTERRA-FAR.ARROZ INTEGRAL ORGANICA 200G;1X200G
8585;GRASSI-AGUA TONICA CAPRICHO PET 1L;1X1LT
8586;VALDA C-BALA GELATINA LARANJA SACHE 24G;10X24GR
7212;MTERRA-GRANOLA BANANA/CACAU 250G;1X250G
7213;MTERRA-GRANOLA MACA/CANELA LIGHT 250G;1X250G
7649;TOSCANO-TEMPERO P/AVES EM PO;1X50GR
7302;LEAO-CHA SENS.MATE/CEREJ/HIBISCO C/16 SQ;1X35G
7303;MAIS-REFRESCO EM PO MORANGO DP;15X25G
7304;MAIS-REFRESCO EM PO TANGERINA DP;15X25G
7674;UAU-LIMP.MULTIUSO LAVANDA L500ML P450ML;1X500ML
7675;PINHO TROP-DESINF. LAVANDA L1LT P900ML;1X1LT
7220;MTERRA-TRATO TRIO DE FLOCOS;1X200G
7221;MTERRA-AVEIA PRENSADA;1X200G
7942;TOSCANO-VINAGRE PREM.ERVAS FINAS 250ML;1X250ML
8773;MATSUDA MOVEL DISPENSER LARANJA 5X40LT;1UN
7019;V.FERTIL-AZ.VDE SACHE FATIADA DOY PACK;1X120GR
7020;V.FERTIL-AZ.VDE SACHE RECH.PIM. DOY PACK;1X150GR
7021;V.FERTIL-AZ.VDE SACHE S/CAROCO DOY PACK;1X120GR
8053;MARILAN-B.INTEG.LEV GRAOS ANCEST. 170G;1X170GR
8054;MARILAN-BISC.INTEG. LEV GRANOLA/MEL 150G;1X150GR
6903;MTERRA-GRANOLA TRADICIONAL LIGHT 1KG;1X1KG
7650;TOSCANO-TEMPERO P/FEIJAO EM PO;1X50GR
8291;QUERO-ERVILHA E MILHO SACHE 200G;1X200G
8292;QUERO-SELETA DE LEGUMES LT 200G;1X200G
8293;QUERO-SELETA DE LEGUMES LT 2,0KG;1X2,0KG
7306;MTERRA-REMIX CARTUCHO CASTANHAS;2X25G
7676;TODESC-MAC.OVOS CARAMUJINHO 500GR;1X500GR
7677;PINHO TROP-DESINF.PINHO 500ML;1X500ML
7678;PINHO TROP-DESINF.LAVANDA 500ML;1X500ML
7679;PINHO TROP-DESINF.FLORES 500ML;1X500ML
7991;G.BEV-MARATHON ISOENERGY CHA VDE C/LIMAO;6X350ML
7992;G.BEV-MARATHON ISOENERGY PINK LIMONADE;6X350ML
8029;FLEISCHMAN-MIST.BOLO CHOCOLAT L450GP390G;1X450G
8774;FORNO MICROONDAS NNST35HWRUK 25L BC 220V;1UN
7022;V.FERTIL-AZ.VDE LIGHT DOY PACK 150G;1X150GR
7023;V.FERTIL-AZ.VERDE RECH.PIMENTAO VD 360GR;1X360GR
7243;MTERRA-ARROZ INTEGRAL LONGO ORGANICO;1X500G
7244;MTERRA-ACUCAR DEMERARA;1X400G
8190;BAZOOKA-PIR.PUSH POP TORRE TRANSFORMERS;30X15GR
8587;DUNORTE-CASTANHA CAJU SACHE 30G;1X30GR
7214;MTERRA-TAPIOCA ORGANICA;1X400G
7215;MTERRA-MIST.BOLO INT ORGAN CACAU 400G;1X400G
7216;MTERRA-MIST.BOLO INT ORGAN LARANJA 400G;1X400G
7651;TOSCANO-TEMPERO P/SALADA EM PO;1X50GR
7654;BAZOOKA-PIR.RING POP TRAD.BAG C/10;10X9GR
8278;HEINZ-MOLHO BARBECUE FP 538G;1X538G
7680;PINHO TROP-DESINF.CITRUS 500ML;1X500ML
7781;TODESC-MAC.OVOS PENA 500GR;1X500GR
7782;TODESC-MAC.OVOS CARACOLINHO 500GR;1X500GR
7783;TODESC-MAC.OVOS TALHARIM NINHOS 500G;1X500GR
7993;GLOBALBEV-PLASTICO FORRACAO EXTRA POWER;1UN
7222;MTERRA-FARINHA DE AVEIA INTEGRAL;1X200G
8030;FLEISCHMAN-MIST.BOLO CHOCOM 450G;1X450G
6870;FLEISCHMAN-OVOMALTINE TP ;3X180ML
7157;FLORESTAL PIRULITO SM PICOLE NAPOLITANO;40X60GR
7076;PRINGLES D.PACK DAVID LUIZ ORIG+ SCO128G;2X128GR
7159;FLORESTAL PIRULITO PICOLE FLOCOS C/50UN;1X550GR
7160;FLORESTAL PIRULITO GUARDIOES TERRADOCE;1X500GR
8833;ROUPEIRO C/TPA60LTS;1UN
6991;FILTRO PARA BEBEDOR;UN
6950;OSRAM-MOBILE;1PCT
6951;OSRAM-DISPLAY DE CHAO HAL ES CLASSIC A;1UN
6952;OSRAM-DISPLAY 360;1UN
6953;OSRAM-TESTADOR PARA LAMPADAS E27;1UN
7964;BEBED BAG-40 NOX 220V IBBL;1UN
7965;BEBEDOURO COMPRESSOR COMPAT PRETO IBBL;1UN
7291;OSRAM-LAMP. DSTAR TWIST T2 20W220-240V;1UN
7292;OSRAM-LAMP. DSTAR TWIST T2 23W 220-240V;1UN
7293;OSRAM-LAMP. TWIST HO 45W 865 220-240 E27;1UN
7930;FLEISCHMAN-MIST.BOLO AIPIM L450GP390G;1X450G
8791;BICICLETA ARO 26;1UN
6856;MILI-GUARD.F.DUPLA BISTRO 30X30CM C/50UN;12X50UN
6932;PAST FREIO DT KIA SPORTAGE 04/HYUNDAI T ;1JG
6933;PAST FREIO TZ AZERA 3.3 V6 SANTA FE 2.0;1JG
7196;B.VISTA-BISC.INTEGRAL TUCS TRADICIONAL;32X70G
8032;MARILAN-ROSQUINHAS INTEGRAIS 350G;1X350GR
8033;MARILAN-MAGIC TOAST PEITO DE PERU 130G;1X130GR
6955;PT1654-EMPILHADEIRA TRACIONARIA 2B 1C 2A;1PC
7107;GLOBALBEV-PETISQUEIRA IRACEMA;1UN
7108;GLOBALBEV-TIGELA AMAZOO;1UN
7225;CELULAR LENOVO VIBE B 4G PRETO C/DOURADO;1UN
7966;MESA BELA VISTA MOR;1UN
8024;MV-PICK NICK UVA PASSA C/CHOCOLATE DP;12X40GR
6999;MTERRA-COOKIES ORG. GRANOLA/MEL 120G;1X120G
7000;MTERRA-ARROZ INTEGRAL CATETO 1KG;1X1KG
7001;MTERRA-COOKIES ORG MACA/CANELA DIET 120G;1X120G
7002;MTERRA-COOKIES ORG DAMASC/CAST DIET 120G;1X120G
7003;V.FERTIL-AZEITONA VERDE VD 360GR;1X360GR
8700;FLORESTAL PIR.BRUXOLITO ABOBORA SORTIDO;1X500GR
6971;MTERRA-FARELO DE AVEIA;1X200G
7161;LIV-SUCO LTA GRAPEFRUIT 269ML;12X269ML
7197;B.VISTA-BISC.INTEGRAL TUCS 7 GRAOS;32X70G
7198;B.VISTA-BISC.INT. TUCS AZEITE C/TQ LIMAO;32X70G
7273;TERM DIR FIAT UNO 10/ PALIO 11/ MOBI DIR;1UN
7274;TERM DIR FIAT UNO 10/ PALIO 11/ MOBI ESQ;1UN
7268;MTERRA-SOPA MADA MANDIOQ. C/ BROCOLIS DP;20X17G
7281;AMORTEC DT FIAT UNO 10/ VIVACE DIR;1UN
8034;MARILAN-B.INTEG.LEV GERGELIM 170G;1X170GR
9127;F-MARSH. FOFS TWIST ROSA/BCO BAUNILHA;1X220G
7083;OSRAM-LAMP. D.STAR 220-240V REG 4243 20W;1UN
7889;MV-BOMBOM BOLSA DE NATAL 55GR;1X55GR
7316;FLORESTAL BALA SM MACIA IOGURTE;50X70GR
7320;GABINETE ATX PRETO COM FONTE;1UN
7321;HD SATA III 500GB SEAGATE/WESTERN 7200RP;1UN
7322;MEMORIA 8GB DDR4 2133MHZ KINGSTON;1UN
7323;MONITOR 20 LED AOC E2060SWD;1UN
7931;UAU-DESENGORDURANTE COZINHA SQUEEZE 500;1X500ML
7275;AMORTEC TZ FIAT UNO 10/ WAY;1UN
7276;PAST FREIO DT FIAT UNO 10/ MOD NOVO;1JG
7277;KIT AMORTEC DT FIAT UNO 10/;1KT
7278;KIT AMORTEC TZ FIAT UNO 10/;1KT
7279;BATENTE COL AMORTEC DT FIAT UNO 10/ C/RO;1UN
7280;AMORTEC DT FIAT UNO 10/ VIVACE ESQ;1UN
8835;CESTO C/ TAMPA 65LTS COLETA SETIVA;1UN
7282;BIELETA SET FIAT FIOR 14/ UNO 10/;1UN
7283;EVAP HW MIDEA LIVA INV 9K BTU/H (1-220);1UN
7284;COND HORIZ AXIAL MIDEA LIVA INV 9K BTU/H;1UN
7285;EVAP HW MIDEA LIVA INV 12K BTU/H (1-220);1UN
7286;COND HORIZ AXIAL MIDEA LIVA INV 12K BTU;1UN
7287;G.BEV-MIX DE NUTS IRACEMA SACHE 30G;1X30GR
7228;PAPEL HIG.F.D.MIRAFIORI NEUTRO 30M R.20;8X8X30M
7890;MV-BOMBOM PAPAI NOEL 55GR;1X55GR
7891;MV-BOMBOM BONECOS DE NATAL 55GR;1X55GR
6874;DURACELL-PILHA ALC.PALITO AAA LEV6 PAG4;1X6UN
7324;PILHA RECARREGAVEL AAA - 1000 ELGIN;1UN
7325;PLACA DE REDE USB 10/100 USB LAN;1UN
7326;PLACA MAE S.1151 GIGABYTE H110M-SE DDR4;1UN
7327;PROC. INTEL SK1151 CORE I3-6100 3.7GHZ;1UN
7328;ROUTER D-LINK DIR-809 750MBPS DUAL BAND;1UN
7932;UAU-LIMP.DE BANHEIRO CLORO ATIVO 5 EM 1;1X500ML
7044;FONTE NOTEBOOK ESPECIF. DELL 19,5V;1 UN
7288;G.BEV-MIX DE NUTS IRACEMA SACHE 100G;6X100GR
7289;G.BEV-MIX DE NUTS IRACEMA LATA 100G;6X100GR
7968;INGLEZA MAXX-CERA LIQ. VERMELHA 750ML;1X750ML
7969;INGLEZA MAXX-CERA LIQ. INCOLOR 750ML;1X750ML
7970;INGLEZA MAXX-CERA LIQ. AMARELA 750ML;1X750ML
7229;PAPEL HIG.F.S.PRIMAVERA CAMOMILA 30M R66;8X8X30M
7230;PAPEL HIG.F.S. PRIMAVERA ECO L12P11 60M ;4X12X60M
7294;OSRAM-LAMP. TWIST HO 65W 865 220-240 E27;1UN
7308;HARIBO-TRICICLO TICO-TICO XALINGO COFET;1UN
7126;V.FERTIL-AZ.VDE EXPORT.S/CAROCO 65GR;1X65GR
7892;MV-TORRONE C/ AMENDOIM MINI 80G;1X80GR
7336;DANONE-APTAMIL PREMIUM 3 800G LTA (NAC);1X800GR
7337;DANONE-APTAMIL PR. S/LAC. 400G LTA (IMP);1X400GR
7338;DANONE-APTAMIL PR. S/LAC. 800G LTA (IMP);1X800GR
7339;DANONE-APTAMIL PR. SOJA 1 400G LTA (IMP);1X400GR
7340;DANONE-APTAMIL PR. SOJA 2 400G LTA (IMP);1X400GR
7341;DANONE-APTAMIL PR. SOJA 2 800G LTA (IMP);1X800GR
7378;DURACELL-CLIPSTRIP C/COMUNICACAO ONDA 2;1UN
7045;IMPRESSORA MULTIFUNC. HP 2135;1UN
6884;DURACELL-PILHA ALCALINA MN 21 C/1UN;1X1UN
6885;DURACELL-PILHA QUANTUM PALITO AAA C/2UN;1X2UN
8103;INGLEZA-BRILHA MOVEIS MAD.CLARAS 200ML;1X200ML
7097;AGARRADINHO BUNNY DURACELL;1UN
7098;CARTELA ADESIVA DURACELL BUNNY TEMATIC;1UN
7099;CARTELA DE ADESIVO DURACELL BUNNY;1UN
7100;GUIA DE DGMP DURACELL 2016;1UN
7101;LAMINA DURACELL PILHAS;1UN
7102;SACOLA EM PAPEL DURACELL;1UN
7342;DANONE-APTAMIL PR. A.REG. 400G LTA (IMP);1X400GR
7343;DANONE-APTAMIL PR. A.REG. 800G LTA (IMP);1X800GR
7344;DANONE-MILUPA 1 400G LTA (IMP);1X400GR
7345;DANONE-MILUPA 1 800G LTA (IMP);1X800GR
7348;DANONE-MILNUTRI LTA 400G (NAC);1X400GR
7349;DANONE-MILNUTRI LTA 800G (NAC);1X800GR
7379;DURACELL-DISPLAY PILHA C/MOLDURA QUANTUM;1UN
7046;LIMPADOR CONTATO 210ML IMPLASTEC;1UN
7047;KIT LIMPEZA P/ TELAS HARDLINE KCL- 1014;1UN
7048;MEMORIA NOTEBOOK 4GB DDR3;1 UN
6907;SOFA CAMA MINI VW 8160 DELIVERY-TUPA;1PC
7024;V.FERTIL-AZ.VERDE RECH.PIMENTAO VD 200GR;1X200GR
7025;MTERRA-COOKIES ORGAN. 4 CASTANHAS DP;7X25G
7026;MTERRA-COOKIES ORGAN.DIET MACA/CANELA DP;7X25G
7027;MTERRA-COOKIES ORGAN. GRANOLA/MEL DP;7X25G
7028;V.FERTIL-AZ.VERDE S/CAROCO VD 280GR;1X280GR
7029;V.FERTIL-AZ.VERDE S/CAROCO VD 160GR;1X160GR
8703;FLORESTAL PIRULITO CHICLE GIGA T-FRUTTI;1X600GR
7103;BATERRY CENTER MODELO 2;1UN
7104;DURACELL-CLIP STRIP;1UN
8775;UNID INT SPLIT HW 12KBTUS SO FRIO 220V;1UN
8776;UNID EXT SPLIT HW 12KBTUS SO FRIO 220V;1UN
7329;DANONE-APTAMIL PROFUT. 1 400G LTA (IMP);1X400GR
7330;DANONE-APTAMIL PROFUT. 1 800G LTA (IMP);1X800GR
7331;DANONE-APTAMIL PROFUT. 2 800G LTA (IMP);1X800GR
7332;DANONE-APTAMIL PREMIUM 1 400G LTA (IMP);1X400GR
7333;DANONE-APTAMIL PREMIUM 1 800G LTA (IMP);1X800GR
7334;DANONE-APTAMIL PREMIUM 2 400G LTA (NAC);1X400GR
6871;DURACELL-PILHA ALC.PALITO AAA C/2UN ;1X2UN
7049;"MONITOR 21.5""  LED AOC  E2270SWN";1UN
7845;DANONE-SUSTAIN JR CHOC. ZERO ACUCAR LT;1X350GR
7846;DANONE-MILNUTRI PROMO BRINDE 800GR X2;1X1600GR
7847;DANONE-MILUPA 2 400G LTA (NAC);1X400GR
7030;MTERRA-FITFIBRAS DP BANANA/AVEIA;12X20G
7031;V.FERTIL-ALCAPARRAS VD 60G(I);1X60G
7032;MTERRA-FITFIBRAS DP FRUTAS VERMELHAS;12X20G
7033;MTERRA-BISC. ORG. TRIBOS AZEITE/ERVAS DP;7X25G
7034;REF CONSUL 334L CRD37E BCO 220V;1UN
7035;MTERRA-BISC. ORG. TRIBOS TOMATE/MANJ. DP;7X25G
7257;PAPEL HIG.F.D.MIRAFIORI NEUTRO 50M R.21;16X4X50M
7319;LIQUIDIFICADOR POWER 2 NL 26 220V;1UN
7455;MARILAN-BISC.DISTRACAO CHOC/COCO 360G;1X360GR
8855;VITTAMAX-RACAO GATO CASTRADO SALMAO;10,1KG
6956;COFRE 28X30X17 PESO 15KG;1UN
7190;B.VISTA-ROSQUINHA COCO;16X400GR
7933;CESTO FECHADO 54LTS;1UN
7988;G.BEV-BATATA PRINGLES MEDIA ORIGINAL;70GR
6983;MTERRA-FITFIBRAS CARTUCHO CASTANHAS 20G;3X20G
6984;MTERRA-FITFIBRAS CARTUCHO BANANA 20G;3X20G
7179;LIV-CHA VDE C/FIB TP PESSEGO 330ML;12X330ML
7180;LIV-CHA VDE C/FIB TP FRUT VERMELH 330ML;12X330ML
7181;LIV-CHA VDE C/FIB TP LICHIA 330ML;12X330ML
7182;LIV-CHA VDE C/FIB LTA LIMAO/HORT 350ML;1X350ML
8705;FLORESTAL PIRULITO CHICLE GIGA ENERGETIC;1X600GR
7036;V.FERTIL-CEBOLINHAS CRISTAL PT 100GR;1X100GR
7037;V.FERTIL-CHAMPIGNON PT 100GR;1X100GR
7038;V.FERTIL-TOMATE SECO EM CONSERVA VD 100G;1X100GR
7039;VINHO REDENTOR BRANCO SECO NIAGARA PET;6X1,5LT
7040;VINHO REDENTOR BRANCO SUAVE NIAGARA PET;6X1,5LT
7042;FLORESTAL BALA BRAZILIAN COFFEE ;1X500GR
7258;PAPEL HIG.F.D.MIRAFIORI NEUT L12P11 50M ;4X12X50M
7200;GUARDANAPO F.S.MASCOT GDE 30X32,5CM;6X50UN
7201;PAPEL HIG.F.S.PRIMAVERA NEUTRO 30M R.01;16X4X30M
7202;PAPEL HIG.F.S. PRIMAVERA NEUT L16P15 30M;4X16X30M
7203;PAPEL HIG.F.S. PRIMAVERA NEUT L12P11 60M;4X12X60M
7204;PAPEL HIG.F.D.MIRAFIORI NEUTRO 30M R.23;16X4X30M
7886;TV DE LED 32 POLEGADAS PHILCO;1UN
7191;B.VISTA-ROSQUINHA CHOCOLATE;16X400GR
7192;B.VISTA-ROSQUINHA LEITE;16X400GR
7193;B.VISTA-BISC.LANCH.RECH CHOCOCHOC FAZ DP;24X35GR
7194;B.VISTA-BISC.LANCH.RECH CHOCOCHOCO FAZEN;30X210GR
7989;G.BEV-BATATA PRINGLES MEDIA CREME/CEBOLA;70GR
7144;MILI-ABS.CONF.T.F.BAIXO SUAVE C/ABAS C/8;24X1X8UN
7145;MILI-ABS.CONF.T.F.BAIXO SUAVE S/ABAS C/8;24X1X8UN
7146;MILI-ABS.CONF.T.F.BAIXO SECA C/ABAS C/8;24X1X8UN
7147;MILI-AB.C.T.F.BAIXO SUAVE C/ABAS L16 P14;12X1X16UN
7148;MILI-ABS.PR.DISCR.F.MOD SUAVE C/ABAS C/8;24X1X8UN
7149;MILI-ABS.PR.DISCR.F.MOD SECA C/ABAS C/8;24X1X8UN
7265;MTERRA-COOKIES ORG CASTANHAS FREE 16G;30X16G
8702;FLORESTAL PIRULITO CHICLE GIGA CEREJA;1X600GR
6883;DURACELL-PILHA ALCALINA GRANDE D C/2UN;1X2UN
7043;FLORESTAL BALINHA CORACAO MORANGO ;1X500GR
7154;LIV-SUCO LTA CRANBERRY 269ML;12X269ML
7162;LIV-SUCO LTA LICHIA 269ML;12X269ML
7163;LIV-SUCO LTA GREEN APPLE 269ML;12X269ML
7259;PAPEL HIG.F.D.MIRAFIORI FL.ORIENTAIS 30M;4X12X30M
7205;PAPEL HIG.F.D.MIRAFIORI NEUT L16P15 30M ;4X16X30M
7206;PAPEL HIG.F.D.MIRAFIORI NEUT L12P11 30M ;4X12X30M
7207;TOALHA PAPEL F.DUPLA YURI C/100FLS;16X2X50FLS
7208;TOALHA DE PAPEL  F.DUPLA MASCOT C/120FLS;12X2X120FLS
7251;MTERRA-FLOCOS DE MILHO S/ADIC. DE ACUCAR;1X150G
7887;XBOX ON 500G;1UN
7256;BEB.PRES.IBBL INOX BAG-40 220V;1UN
7297;LEAO-CHA MATTE C/ TANG/CANELA C/15 SQ.;1X24G
7298;LEAO-CHA PREM.VDE CAMOMILA/MANGA C/15 SQ;1X24G
7299;LEAO-CHA PREM.PRETO LIMAO/MACA C/15 SQ;1X24G
7335;DANONE-APTAMIL PREMIUM 2 800G LTA (NAC);1X800GR
7990;G.BEV-BATATA PRINGLES MEDIA SAL/VINAGRE;70GR
8701;FLORESTAL PIRULITO POP KISS FANTASY;1X500GR
7150;MILI-AB.P.DISC.F.MOD SUAVE C/ABAS L16P14;12X1X16UN
7151;MILI-ABS.NOT.F.INTENSO SUAVE C/ABAS C/8;24X1X8UN
7152;MILI-ABS.NOT.F.INTENS SUAV C/ABAS L16P14;12X1X16UN
7153;MILI-GUARD.F.DUPLA DUPLICATO 30X29,5 ;24X1X50UN
7266;MTERRA-REMIX CARTUCHO FRUTAS TROPICAIS;2X25G
7267;MTERRA-REMIX CARTUCHO BERRY;2X25G
7164;LIV-SUCO CRANBERRY TP 1LT;1X1LT
7165;LIV-SUCO GREEN APPLE TP 1LT;1X1LT
7166;LIV-SUCO LICHIA TP 1LT;1X1LT
7167;LIV-SUCO TP CRANBERRY 200ML;3X200ML
7168;LIV-SUCO TP GREEN APPLE 200ML;3X200ML
7169;LIV-SUCO TP LICHIA 200ML;3X200ML
8704;FLORESTAL PIRULITO CHICLE GIGA UVA;1X600GR
7252;MTERRA-FITFIBRAS DP CASTANHAS;12X20G
7309;HARIBO-TRICICLO TICO-TICO TIGRAO XALINGO;1UN
7314;FLORESTAL BALA SM CHICLE TUTTI-FRUTTI;44X60GR
7884;MTERRA-QUINUA EM GRAOS;1X250G
6938;VITTAMAX-RACAO GATOS MIX;7KG
7762;UAU-LIMP.MULTIUSO ELIMINADOR ODORES 500M;1X500ML
7893;MV-BISC. WAF.TUB-IN RECH. AVELA;1X48GR
7894;MV-BISC. WAF.TUB-IN RECH. BEIJINHO;1X48GR
9126;F-MARSH. FOFS TWIST AZUL/BCO BAUNILHA;1X220G
7587;BAZOOKA-PIR.YO-KAI WATCH TWIST DISPLAY;20X14GR
7588;BAZOOKA-PIR.RING POP MEU MALVADO FAV3 DP;12X10GR
7826;HARIBO-BALA GELATINA CREAM KISS(BEIJOS);12X100G
7315;FLORESTAL BALINHA SM DO CORACAO CEREJA ;44X60GR
7393;MTERRA-BISC. ORGAN.TRIBOS GERGELIM(ORIG);1X50G
6911;MTERRA-COOKIES ORG. COCO/CASTANHAS 120G;1X120G
6912;MTERRA-COOKIES ORG. FRUT VERMELHAS 120G;1X120G
6913;MTERRA-COOKIES ORG 4 CASTANHAS DIET 120G;1X120G
6914;MTERRA-COOKIES ORG.CACAU/COCO LIGHT 120G;1X120G
6915;MTERRA-RITTO DA CHEF;1X500G
8801;DUNORTE-CASTANHA CAJU LATA 100G;1X100GR
8806;FLORESTAL BALA BONGUTTI MOR/CREME M.PORC;12X25G
7183;LIV-CHA VDE C/FIB LTA PESSEGO 350ML;1X350ML
7895;MV-BISC. WAF.TUB-IN RECH. CHOCOLATE;1X48GR
7896;MV-BISC. WAF.TUB-IN RECH. LEITE;1X48GR
6941;SUFRESH NECTAR MISTO ACAI/GUARANA TP 1L;12X1LT
6958;SUCO UVA 100% ALIANCA TINTO TP 1LT;12X1LT
8808;FLORESTAL CHICLE HAPPY BOL MORANGO C/93;93X280G
8822;V.FERTIL-TOMATE PELADO ITALIANO LT 250G;1X250GR
7184;LIV-CHA VDE C/FIB LTA FRUT VERMELH 350ML;1X350ML
7185;LIV-CHA VDE C/FIB LTA LICHIA 350ML;1X350ML
7186;LIV-CHA VDE C/FIBRAS LIMAO/HORT TP 1LT;1X1LT
7187;LIV-CHA VDE C/FIBRAS PESSEGO TP 1LT;1X1LT
7188;LIV-CHA VDE C/FIBRAS FRUT VERMELH TP 1LT;1X1LT
7189;LIV-CHA VDE C/FIBRAS LICHIA TP 1LT;1X1LT
7897;MV-BISC. WAF.TUB-IN RECH. MORANGO;1X48GR
6942;SUFRESH NECTAR MISTO ACAI/GUARANA 330ML;12X330ML
7155;FLORESTAL BALA SM BRAZILIAN COFFEE;30X100GR
7290;OSRAM-LAMP. DSTAR TWIST T2 15W 220-240;1UN
6901;MTERRA-CEREAL ORGANICO ZOORETA CACAU;1X250G
6902;MTERRA-GRANOLA TRADICIONAL 1KG;1X1KG
8823;V.FERTIL-AZ.SNACK VDE S/CAROCO CHILLI;1X50G
8824;V.FERTIL-AZ.SNACK VDE S/CAROCO PROVENCAL;1X50G
7586;BAZOOKA-PIR.ZE MOLA MEU MALVADO FAV3 DP;25X14GR
7898;MV-BISC. WAF.TUB-IN RECH. TRUFAS;1X48GR
8778;CESTO FECHADO 64 LTS C/ TAMPA;1UN
8837;ROTULO CASA OURO PALMITO RODELA 300G;1UN
6943;OSRAM-CLIP STRIP;1PCT
7260;PAPEL HIG.F.S.PRIMAVERA VANILLA 30M R.04;8X8X30M
7261;PAPEL HIG.F.S. PRIMAVERA NEUT L12P11 30M;4X12X30M
7262;PAPEL HIG.F.S. PRIMAVERA NEUT L16P15 60M;4X16X60M
7263;PAPEL HIG.F.S. PRIMAVERA ECO NAT.60M R57;16X4X60M
7264;T.PAPEL  F.D.MASCOT BOB ESPONJA C/120FLS;16X2X60FLS
7961;FLORESTAL MIL BALAS VITAMINA  C;1X1,8KG
7156;FLORESTAL PIRULITO SM FLOPITO FRUTAS;40X60GR
7158;FLORESTAL PIR.SM PATATI PATATA T.FRUTTI;40X60GR
6944;OSRAM-FOLDERS DE EQUIVALENCIA LAMPLEDS;1PCT
6945;OSRAM-STOPPER HALOGENA / ELETRONICA;1PCT
6946;OSRAM-FOLDER HALOGENA ENERGY SAVER;1PCT
6947;OSRAM-PRECIFICADOR LAMPLEDS;1PCT
6948;OSRAM-WOBBLER LAMP LED;1PCT
6949;OSRAM-CLIP STRIP HALOGENAS ES;1PCT
7456;MARILAN-BISC.DISTRACAO BAUN/CHOC. 360G;1X360GR
7457;MARILAN-BISC.COCO 400G;1X400GR
7458;MARILAN-BISC.MARIA 400G;1X400GR
7459;MARILAN-BISC.LEITE 400G;1X400GR
7460;MARILAN-BISC.MAIZENA 400G;1X400GR
7461;MARILAN-BISC.MANTEIGA 400G;1X400GR
7938;LEITOR HONEYWELL (1200G-2USB1) VOYAGER;1UN
8115;UAU-LIMP.PERF.FLORES VERM/SED L2L P1,6L;1X2LT
8116;UAU-LIMP.PERF.LAVANDA/CONF. L 2L P 1,6L ;1X2LT
7462;MARILAN-BISC.MAIZENA CHOCOLATE 400G;1X400GR
7463;MARILAN-BISC.MAIZENA INTEGRAL 400G;1X400GR
7464;MARILAN-BISC.MAIZENA 200G;1X200GR
7465;MARILAN-BISC.MAIZENA INTEGRAL 200G;1X200GR
7466;MARILAN-BISC.RECH. CHOCOLATE 335G;1X335GR
7467;MARILAN-BISC.RECH. MORANGO 335G;1X335GR
7689;UAU-LIMP.PERF. LEMBRANCAS/CARINHO 500ML;1X500ML
8139;MORTEX-MULTI INSETICIDA 300ML;1X300ML
8140;UAU-LAVA ROUPAS LIQUIDO ACTIVE 3LT;1X3LT
8113;UAU-DESENGORDURANTE GATILHO 500ML;1X500ML
8192;BAZOOKA-CHOCOEGG BOB ESPONJA C/1UN;1X20G
7582;SUCO BERGAMOTA/MACA 100% ALIANCA TP 1LT;12X1LT
8117;UAU-LIMP.MULTIUSO LAVANDA CJ PROM3X500ML;3X500ML
8118;UAU-DESENG./CLORO ATIVO GTS P.TROP PROM ;3X500ML
8119;UAU-LIMP.PESADA LEVE 1L PAGUE 900ML;1X1LT
7468;MARILAN-BISC.RECH. BAUNY 335G;1X335GR
7469;MARILAN-BISC.RECH. PAO DE MEL 335G;1X335GR
7470;MARILAN-BISC.RECH.CHOCOLATE 130G;1X130GR
7471;MARILAN-BISC.RECH.MORANGO 130G;1X130GR
7472;MARILAN-BISC.RECH.BAUNY 130G;1X130GR
7473;MARILAN-BISC.RECH.PAO DE MEL 130G;1X130GR
7526;MARILAN-PIT STOP RECH.SALSA/CEBOLA 105,6;4X26,4GR
8617;QUERO-ERVILHA MENOS SODIO LT 170G;1X170G
8618;QUERO-SELETA DE LEGUMES LT 170G;1X170G
7415;B.VISTA-BISC.AMANT.CHOCOLATE 310GR      ;1X310GR
7416;B.VISTA-BISC.AMANT.COCO 310GR;1X310GR
7417;B.VISTA-BISC.AMANT.LEITE 310GR;1X310GR
7418;B.VISTA-BISC.COCO 400GR;1X400GR
7419;B.VISTA-BISC.CREAM CRACKER 400GR;1X400GR
7527;MARILAN-PIT STOP RECH.MIST.QUENTE 105,6G;4X26,4GR
7528;MARILAN-PIT STOP RECH.QJ/TOM/MANJ 105,6G;4X26,4GR
7529;MARILAN-PIT STOP RECH.QUEIJO NACHO 105,6;4X26,4GR
7530;MARILAN-PIT STOP RECH.INT. P.PERU 105,6G;4X26,4GR
7531;MARILAN-ROSQUINHAS LEITE 400G;1X400GR
7532;MARILAN-ROSQUINHAS CHOCOLATE 400G;1X400GR
8141;UAU-LAVA ROUPAS LIQUIDO ACTIVE 5LT;1X5LT
7580;SUCO UVA TINTO INTEGRAL ALIANCA PET 1LT;6X1LT
7581;SUCO LAR/MACA/MAMAO 100% ALIANCA TP 1LT;12X1LT
7402;UFE-SABAO EM PASTA COCO 500G;1X500GR
7533;MARILAN-ROSQUINHAS COCO 400G;1X400GR
7534;MARILAN-ROSQUINHAS COCO 800G;1X800GR
7535;MARILAN-SALGADINHO SORTIDOS TRADIC 400G;1X400GR
7536;MARILAN-SALGADINHO SORTIDOS QUEIJO 400G;1X400GR
7537;MARILAN-P.STOP PETISCO CEBOLA/SALSA 80G;1X80GR
7538;MARILAN-P.STOP PETISCO PASTELZ.CARNE 80G;1X80GR
7390;HARIBO-DISPLAY BALCAO ARAMADO 3 GANCHOS;1UN
7973;GLOBALBEV-TABASCO SAUCE 60ML;1X60ML
8144;UAU-TIRA MANCHAS FACILITA 450GR;1X450GR
8114;UAU-DESENGORDURANTE REFIL 500ML;1X500ML
8198;BAZOOKA-CHOCOEGG  SHIMMER E SHINE DP ;12X20G
9128;F-MARSH. FOFS TWIST COLORIDO BAUNILHA;1X220G
7403;UFE-SABAO EM BARRA COCO PACK 5X100GR;5X100GR
7404;UFE-SABAO EM BARRA COCO FLOW PACK 200G;1X200GR
7405;UFE-SABAO EM BARRA COCO PACK 5X200GR;5X200GR
7406;UFE-DESINFETANTE UFENOL LTA 750ML;1X750ML
8120;UAU-LIMP.PESADA CLORO ATIVO L 1L P 900ML;1X1LT
7539;MARILAN-P.STOP PETISCO CALAB.ACEB 80G;1X80GR
7540;MARILAN-P.STOP PETISCO QJ.PROVOLONE 80G;1X80GR
7541;MARILAN-BISC.RECH.TURMIX PRINC.CHOC 360;1X360GR
7542;MARILAN-BISC.RECH.TURMIX H.ARAN.CHOC 360;1X360GR
7543;MARILAN-BISC.RECH.TURMIX PRINC.MOR 360G;1X360GR
7544;MARILAN-BISC.RECH.TURMIX PRINC.CHOC 140G;1X140GR
7545;MARILAN-BISC.RECH.TURMIX H.ARAN.CHOC 140;1X140GR
7391;HARIBO-DISPLAY DE CHAO 20 GANCHOS;1UN
7392;HARIBO-DISPLAY DE CHAO 24 GANCHOS;1UN
8151;BAZOOKA-PIR.PUSH POP TORRE TRADICIONAL;30X15GR
8152;LAVADORA CONSUL 11KG CWS11AB 220V;1UN
7474;MARILAN-BISC.AGUA E SAL 400G;1X400GR
7475;MARILAN-BISC.CREAM CRACKER INTEGRAL 420G;1X420GR
7476;MARILAN-BISC.CREAM CRACKER LIGHT 370G;1X370GR
7477;MARILAN-BISC.CREAM CRACKER MANTEIGA 400G;1X400GR
7478;MARILAN-BISC.CREAM CRACKER 400G;1X400GR
7479;MARILAN-BISC.CRACKER GERGELIM 400G;1X400GR
7420;B.VISTA-BISC.CREAM CRACKER 200GR;1X200GR
7421;B.VISTA-BISC.SALG.DIN CRACKER´S 100GR;1X100GR
7422;B.VISTA-BISC.INT.TUCS AZEI/TQ LIMAO 70G ;1X70G
7423;B.VISTA-BISC.INTEGRAL TUCS 7 GRAOS 70GR;1X70G
7424;B.VISTA-BISC.INTEGRAL TUCS TRAD. 70GR;1X70G
7425;B.VISTA-BISC.LEITE 400GR;1X400GR
7546;MARILAN-BISC.RECH.TURMIX PRINC.MOR 140G;1X140GR
7547;MARILAN-COOKIE ORIGINAL GOTAS CHOC 80G;1X80GR
7548;MARILAN-COOKIE CHOCOLATE GOTAS CHOC 80G;1X80GR
7549;MARILAN-COOKIE INT GRANOLA/MEL 80G;1X80GR
7550;MARILAN-COOKIE INT CACAU/CEREAIS 80G;1X80GR
7551;MARILAN-COOKIE DP ORIG. GOTAS CHOC 40G;8X40GR
7924;GLOBALBEV-COPO LARANJA EXTRA POWER;1UN
7480;MARILAN-BISC.CREAM CRACKER 200G;1X200GR
7481;MARILAN-BISC.CRACKER GERGELIM 200G;1X200GR
7482;MARILAN-WAFER BAUNY 115G;1X115GR
7483;MARILAN-WAFER CHOCOLATE 115G;1X115GR
7484;MARILAN-WAFER MORANGO 115G;1X115GR
7485;MARILAN-WAFER BRIGADEIRO 115G;1X115GR
7351;DANONE-MILN.CEREAL INF.ARROZ/BAN/MACA;1X180GR
7352;DANONE-MILN.CEREAL INF.MULTICEREAIS;1X180GR
7353;DANONE-MILN.CEREAL INF.ARROZ/AVEIA/AMEIX;1X180GR
7354;DANONE-MILN.CEREAL INF.ARROZ;1X230GR
7355;DANONE-MILN.CEREAL INF.MILHO;1X230GR
7356;DANONE-MILN.CEREAL INF.ARROZ/AVEIA;1X230GR
7401;UFE-LAVA ROUPAS PO COCO CARTUCHO 500G;1X500GR
7552;MARILAN-COOKIE DP CHOC. GOTAS CHOC 40G;8X40GR
7553;MARILAN-COOKIE DP INT GRANOLA/MEL 40G;8X40GR
7554;MARILAN-COOKIE DP INT CACAU/CEREAIS 40G;8X40GR
7555;MARILAN-B.INTEG.LEV MOR/IOG/CEREAIS 81G;3X27GR
7556;MARILAN-B.INTEG.LEV CACAU/MALTE/CER. 81G;3X27GR
7557;MARILAN-B.INTEG.LEV LEITE/CEREAIS 81G;3X27GR
7821;FLORESTAL MARSH. POP AZUL DP;12X40GR
7486;MARILAN-WAFER CHOCOLATE SUICO 115G;1X115GR
7487;MARILAN-WAFER LIMAO 115G;1X115GR
7488;MARILAN-WAFER MARACUJA 115G;1X115GR
7489;MARILAN-MINI WAFER TURMIX CHOCOLATE DP;30X29GR
7490;MARILAN-MINI WAFER TURMIX MORANGO DP;30X29GR
7491;MARILAN-CHOCO SNACK TEENS BAUNY 126G;1X126GR
7492;MARILAN-CHOCO SNACK TEENS COCO 126G;1X126GR
7357;DANONE-M.CEREAL INF.ARROZ/BAN/MACA ZERO;1X150GR
7358;DANONE-SUSTAIN JR VIT. ZERO ACUCAR LT;1X350GR
7359;DANONE-SUSTAIN JR BAUNILHA LT;1X350GR
7360;DANONE-SUSTAIN JR CHOCOLATE LT;1X350GR
7361;DANONE-SUSTAIN JR MORANGO LT;1X350GR
7362;DANONE-SUSTAIN JR CHOCOLATE POUCH;1X180GR
7426;B.VISTA-BISC.MAIZENA 400GR;1X400GR
7558;MARILAN-B.INTEG.LEV AMEI/COC/CEREAIS 81G;3X27GR
8122;BATUTA-DESINF. FLORAL 750ML;1X750ML
8123;BATUTA-DESINF. LAVANDA 750ML;1X750ML
8567;BABY SOFT-AMAC. TQ SEDUTOR L2L P1,8L;6X2LT
8568;BABY SOFT-AMAC. TQ DE CARINHO L2L P1,8L;6X2LT
7690;UAU-LIMP.PERF. REQUINTE 500ML;1X500ML
7691;UAU-LIMP.PERF.BRISA E FRESCOR 1LT;1X1LT
7493;MARILAN-CHOCO SNACK TEENS MAX 126G;1X126GR
7494;MARILAN-MAGIC TOAST ORIGINAL 150G;1X150GR
7495;MARILAN-MAGIC TOAST INTEGRAL 150G;1X150GR
7496;MARILAN-MAGIC TOAST LIGHT 144G;1X144GR
7497;MARILAN-MAGIC TOAST MULTICEREAIS 150G;1X150GR
7498;MARILAN-BISC.RECH.TEENS CHOC.BRANCO 110G;1X110GR
7363;DANONE-SUSTAIN ENERGY BAUNILHA LT;1X450GR
7364;DANONE-SUSTAIN ENERGY CHOCOLATE LT;1X450GR
7365;DANONE-SUSTAIN ENERGY MORANGO LT;1X450GR
7366;DANONE-SUSTAIN ACTIVE BANANA/AVEIA/MEL;1X450GR
7427;B.VISTA-BISC.MAIZENA 200GR;1X200GR
7428;B.VISTA-BISC.MARIA 400GR;1X400GR
7429;B.VISTA-BISC.FAZEND.LEITE 123GR;1X123GR
7640;LAV.A.P.KARCHER K-2500 RESID220V 1740LBS;1UN
7688;UAU-LIMP.PERF. LAVANDA E CONFORTO 500ML;1X500ML
8124;BATUTA-DESINF. OCEANO 750ML;1X750ML
8613;QUERO-ERVILHA LT 170G;1X170G
7694;UAU-LIMP.PERF.LEMBRANCAS/CARINHO 1LT;1X1LT
8142;UAU-PASSA ROUPAS ELIM.ODORES GAT 500ML;1X500ML
8143;UAU-PASSA ROUPAS ELIM.ODORES REF 500ML;1X500ML
7499;MARILAN-BISC.RECH.TEENS CHOCOLATE 110G;1X110GR
7500;MARILAN-BISC.RECH.TEENS BAUNY 110G;1X110GR
7501;MARILAN-BISC.RECH.TEENS DP CHOC BCO 40G;8X40GR
7502;MARILAN-BISC.RECH.TEENS DP CHOCOLATE 40G;8X40GR
7503;MARILAN-BISC.RECH.TEENS DP BAUNY 40G;8X40GR
7504;MARILAN-BISC.TORTINHA LIMAO 375G;1X375GR
7386;HARIBO-BICICLETA ARO 12 AVIADOR;1UN
8125;BATUTA-DESINF. ERVA DOCE 750ML;1X750ML
8126;BATUTA-DESINFETANTE FLORAL 2LT;1X2LT
8127;BATUTA-DESINFETANTE LAVANDA 2LT;1X2LT
8614;QUERO-ERVILHA E MILHO LT 170G;1X170G
8145;UAU-TIRA MANCHAS FAC.BRANQUEADOR 450GR;1X450GR
8850;FELTRIN-SEM.HORT.ALHO PORO;25X500MG
7505;MARILAN-BISC.TORTINHA CHOCOLATE 375G;1X375GR
7506;MARILAN-BISC.TORTINHA MORANGO 375G;1X375GR
7507;MARILAN-BISC.TORTINHA MARACUJA 375G;1X375GR
7508;MARILAN-BISC.TORTINHA BOMBOM 375G;1X375GR
7509;MARILAN-BISC.TORTINHA BAUNY 375G;1X375GR
7510;MARILAN-BISC.TORTINHA LIMAO 160G;1X160GR
7511;MARILAN-BISC.TORTINHA CHOCOLATE 160G;1X160GR
7430;B.VISTA-BISC.FAZEND.RECH CHOCOLAT 140GR ;1X140GR
7431;B.VISTA-BISC.FAZEND.RECH CHOCOCHOCO 140G;1X140GR
7432;B.VISTA-BISC.FAZEND.RECH FLOCOS 140GR;1X140GR
7433;B.VISTA-BISC.FAZEND.RECH MORANGO 140GR  ;1X140GR
7434;B.VISTA-BISC.PAO DE MEL 53GR;1X53GR
7684;UAU-LIMP.PERF. BRISA E FRESCOR 500ML;1X500ML
8128;BATUTA-DESINFETANTE OCEANO 2LT;1X2LT
8129;BATUTA-DESINFETANTE ERVA DOCE 2LT;1X2LT
8130;BATUTA-DESINFETANTE CAMPOS DE LAVANDA 2L;1X2LT
7512;MARILAN-BISC.TORTINHA MORANGO 160G;1X160GR
7513;MARILAN-BISC.TORTINHA MARACUJA 160G;1X160GR
7514;MARILAN-BISC.TORTINHA BOMBOM 160G;1X160GR
7515;MARILAN-BISC.TORTINHA BAUNY 160G;1X160GR
7516;MARILAN-PIT STOP ORIGINAL 162G;1X162GR
7517;MARILAN-PIT STOP INTEGRAL 162G;1X162GR
7435;B.VISTA-BISC.RECH. EMOJI CHOCOLATE 100G;1X100GR
7436;B.VISTA-BISC.RECH. EMOJI CHOCOLATE 60G;1X60GR
7437;B.VISTA-BISC.RECH. EMOJI MORANGO 100G;1X100GR
7438;B.VISTA-BISC.RECH. EMOJI MORANGO 60G;1X60GR
7439;B.VISTA-BISC.RECH.BANANA 130GR;1X130GR
7440;B.VISTA-BISC.RECH.CHOC.BRANCO 130GR    ;1X130GR
7583;SUCO PESSEGO/MACA 100% ALIANCA TP 1LT;12X1LT
8131;UAU-LIMP.PERF.FLORES VERM/SEDUCAO 2LT;1X2LT
8132;UAU-LIMP.PERF.LAVANDA E CONFORTO 2LT;1X2LT
8133;UAU-LIMP.PESADA CLORO ATIVO 500ML;1X500ML
8615;QUERO-ERVILHA E CENOURA LT 170G;1X170G
8111;UAU-LIMPADOR CLORO ATIVO GATILHO 500ML;1X500ML
8112;UAU-LIMPADOR CLORO ATIVO REFIL 500ML;1X500ML
7518;MARILAN-PIT STOP QUEIJO 162G;1X162GR
7519;MARILAN-PIT STOP PAO NA CHAPA 162G;1X162GR
7520;MARILAN-PIT STOP PRESUNTO 162G;1X162GR
8195;BAZOOKA-CHOCOEGG BLAZE C/1UN;1X20G
8196;BENEVIA-OVO DE CHOCOLATE BOB ESPONJA DP ;12X20G
7441;B.VISTA-BISC.RECH.CHOCOLATE 130GR;1X130GR
7442;B.VISTA-BISC.RECH.MORANGO 130GR;1X130GR
7443;B.VISTA-BISC.COOKIES BAUNILHA 100GR;1X100GR
7444;B.VISTA-BISC.COOKIES CHOCOLATE 100GR;1X100GR
7445;B.VISTA-PALITOS COB.CHOC. DOUCITOS 78GR ;1X78GR
7383;TWININGS-CHA MISTO MORANGO/MANGA C/10 SQ;1X15G
8851;FELTRIN-SEM.HORT.PIMENTA DE CHEIRO SASHA;25X100MG
8852;FELTRIN-SEM.HORT.REPOLHO 60 DIAS;25X500MG
8853;FELTRIN-SEM.HORT.TOMATE BARTO SALADETE;25X400MG
7685;UAU-LIMP.PERF. NATUREZA E HARMONIA 500ML;1X500ML
7686;UAU-LIMP.PERF. FLORES VERM/SEDUCAO 500ML;1X500ML
8121;UAU-TIRA CERA 1LT;1X1LT
7384;TWININGS-CHA MISTO CAMOM/CAN/MACA C/10 S;1X15G
7385;TWININGS-CHA MISTO LAR/MANGA/CAN C/10 S;1X18G
8134;UAU-LIMP.PESADA FLORES E FOLHAS 500ML;1X500ML
8135;UAU-LIMP.PESADA 1L;1X1LT
7692;UAU-LIMP.PERF.FLORES VERM/SEDUCAO 1LT;1X1LT
7693;UAU-LIMP.PERF.LAVANDA E CONFORTO 1LT;1X1LT
7888;FLEISCHMAN-CHOCOLATE EM PO 32% CACAU;1X200G
8193;BAZOOKA-CHOCOEGG PATRULHA CANINA C/1UN;1X20G
8194;BAZOOKA-CHOCOEGG SHIMMER E SHINE C/1UN;1X20G
7521;MARILAN-PIT STOP PIZZA 162G;1X162GR
7522;MARILAN-PIT STOP 5 CEREAIS 168G;1X168GR
7523;MARILAN-PIT STOP INTEG. GRAOS ANC. 168G;1X168GR
7524;MARILAN-PIT STOP RECH. CHOCOLATE 124G;4X31GR
7525;MARILAN-PIT STOP RECH. CHOC. BRANCO 124G;4X31GR
7687;UAU-LIMP.PERF. FLORES E SONHOS 500ML;1X500ML
8136;UAU-LIMP.PESADA CLORO ATIVO 1L;1X1LT
8137;UAU-LIMPA PISOS LAMINADOS 750ML;1X750ML
8138;UAU-LIMPA PISOS MADEIRA 750ML;1X750ML
8616;QUERO-MILHO VERDE MENOS SODIO LT 170G;1X170G
8183;FLEISCHMAN-MIST.BOLO MOUSSE MARACUJA 450;1X450G
8184;FLEISCHMAN-GOTAS DE CHOC AO LEITE 150G;1X150G
8197;BENEVIA-OVO DE CHOCOLATE PATRULHA CANINA;12X20G
7859;UAU-LIMPA INOX 200ML;1X200ML
7860;UAU-LIMPA PISOS PORCELANATOS 750ML;1X750ML
7880;UAU-LIMPA FORNO 200ML;1X200ML
8180;SC BOPP 6NP CO 128KB AAC005 TRIPLE;1UN
8607;VALDA FRIENDS-PASTILHA CANELA SACHE 25G;10X25GR
8608;VALDA FRIENDS-PASTILHA CAFE SACHE 25G;10X25GR
8167;MV-BISC.WAF.TUB-IN KIDS R.CHOC PRINCESAS;1X42GR
8171;VITTAMAX-RACAO CAES GOLD;15KG
9159;RUVOLO-JARRA DINAMARCA RIVIERA 1,64 L;1X1,64LT
9160;RUVOLO-JARRA ARUBA RIVIERA 1,97 L ;1X1,97LT
7389;SUCO UVA TINTO INTEGRAL ALIANCA PET 2LT;6X2LT
7395;MTERRA-BISC. ORGAN.TRIBOS CEBOLA/SALSA;1X50G
7396;MTERRA-BISC. ORGAN. TRIBOS CACAU;1X130G
7397;MTERRA-BISC. ORGAN. TRIBOS COCO;1X130G
7398;MTERRA-BISC. ORGAN. TRIBOS GRANOLA/MEL;1X130G
8609;VALDA FRIENDS-PASTILHA MENTOL SACHE 25G;10X25GR
8610;HONDA BIZ 110 VERMELHA;1UN
8611;VINACLEAN-LIMP.MULTIUSO 8% ACIDEZ 5LT;1X5LT
9161;RUVOLO-PRATO BOLO RAVENA C/TAMPA PLASTIC;1X1UN
7399;MTERRA-MIST.PAO DE BATATA DOCE ORG 300G;1X300G
7446;MARILAN-BISC.AMANT. CHOCOLATE 330G;1X330GR
7447;MARILAN-BISC.AMANT. NATA 330G;1X330GR
7451;MARILAN-BISC.AMANT. INTEGRAL 330G;1X330GR
7452;MARILAN-BISC.AMANT. CHOC.INTEGRAL 330G;1X330GR
7453;MARILAN-BISC.DISTRACAO BAUN/CAPUCCI 360G;1X360GR
8672;LAVADORA COLORMAQ 8KG BRANCA 220V;1UN
8181;AP 4G SAMSUNG J250F GALJ2PRO 16GB PTO DS;1UN
8182;AP 4G SAMSUNG J600GT GAL J6 32GB PTO DS;1UN
8240;UAU-LIMPA FORNO GATILHO 450ML;1X450ML
7400;UFE-LAVA ROUPAS LIQUIDO COCO 500ML;1X500ML
8506;F-CHOC.BARRA HOLLANDER 38% CACAU AO LEIT;10X90G
9174;V.FERTIL-UVA PASSA ESCURA S/SEM D.PACK-I;1X150GR
7350;DANONE-MILNUTRI SOJA LTA 800G (IMP);1X800GR
8101;INGLEZA-DISPLAY LINHA TECH;1UN
8102;INGLEZA-DISPLAY UAU PERFUMES;1UN
7367;VITTAMAX-FRESH CAES ADULTO FRANGO;1X280GR
8026;FLEISCHMAN-FERM.BIO.INST.SECO M.DOCE DP;34X10G
7855;UAU-LIMP.DE BANHEIRO 7 EM 1 S/CLORO;1X500ML
7368;VITTAMAX-FRESH CAES ADULTO CARNE;1X280GR
7856;UAU-LIMPA BOX 200ML;1X200ML
9207;UNIDADE INTERNA SPLIT HW24 KBTUS 220V;1UN
7369;VITTAMAX-FRESH GATO CARNE;1X280GR
7373;DANONE-M.CEREAL INF.MULTICEREAIS ZERO;1X150GR
7374;DANONE-M.CEREAL INF.ARROZ/AVEIA ZERO;1X150GR
7375;DANONE-SUSTAIN JR CHOCOLATE PACK (DP);4X180GR
7376;VITAMAX-AMOSTRA GRATIS FILHOTE PEQ.RACAS;100GR
7377;VITAMAX-AMOSTRA GRATIS PEQUENAS RACAS;100GR
8170;VITTAMAX-RACAO CAES GOLD;10X1KG
9208;UNIDADE EXTERNA SPLIT HW24 KBTUS 220V;1UN
7370;VITTAMAX-FRESH GATO PEIXE;1X280GR
8159;V.FERTIL-AZ.BALDE PTA PREM.AZAPA 110/130;2KG
9148;RUVOLO-TC GIN CLUB 705ML;1X705ML
9149;RUVOLO-CANECA CAFE LISA 315ML;1X315ML
7371;VITTAMAX-FRESH CAES FILHOTE FRANGO;1X280GR
8162;MV-PICK NICK ZERO UVA PASSA C/CHOC. DP;12X40GR
9150;RUVOLO-TC BEER MASTER HAPPY H.SORT 380ML;1X380ML
9151;RUVOLO-TC CHOP TULIPA HAPPY H.SORT 300ML;1X300ML
7372;VITTAMAX-FRESH CAES FILHOTE CARNE;1X280GR
8163;MV-PICK NICK ZERO CEREAL ARROZ C/CHOC DP;12X30GR
9152;RUVOLO-CP CHOP PRIME P HAPPY H.SORT220ML;1X220ML
9153;RUVOLO-CP CALDERETA HAPPY H.SORT 350ML;1X350ML
8187;FRITADEIRA MONDIAL AF-16 AIR 220V;1UN
7380;DURACELL-DISPLAY CHECKOUT TIC TAC;1UN
7381;DURACELL-EXPOSITOR PEGBOX S/CADEADO;1UN
7382;DURACELL-WOBBLER FROZEN;1UN
8164;MV-PICK NICK ZERO BANANA PASSA C/CHOC DP;12X40GR
8165;MV-PICK NICK ZERO AMENDOIM C/CHOC DP;12X40GR
9154;RUVOLO-TC BLUMENAU HAPPY HOUR SORT 300ML;1X300ML
9155;RUVOLO-TC BLUMENAU FUNNY SORT 300ML;1X300ML
9179;V.FERTIL-MOLHO DE ALHO CREMOSO;1X215ML
9180;V.FERTIL-MOLHO DE PIMENTA DEFUMADO ;1X215ML
8160;MV-B.PROTEIN. W.NOUGAT PASTA AMENDOIM DP;12X40GR
8161;MV-B.PROTEIN. W.NOUGAT BROWNIE CHOC. DP;12X40GR
8166;MV-BISC.WAF.TUB-IN KIDS R.CHOC CARRINHOS;1X42GR
9156;RUVOLO-CP LONG DRINK MIX AMIGOS 260ML;1X260ML
9181;V.FERTIL-MOLHO DE PIMENTA CREMOSO;1X215ML
9182;V.FERTIL-MOLHO DE PIMENTA CALABRESA ;1X215ML
7615;FLORESTAL DROPS BRAZILIAN COFFE;12X35GR
7843;GLOBALBEV-AMAZOO ACAI MOR/CHIA/LINH 200M;3X200ML
7844;GLOBALBEV-AMAZOO ACAI MOR/CHIA/LINH 330M;330ML
7857;UAU-LIMPA METAIS 200ML;1X200ML
7858;UAU-LIMPA COUROS 200ML;1X200ML
9157;RUVOLO-CP LONG DRINK MIX VIDA 260ML;1X260ML
9158;RUVOLO-JARRA ATHENAS RIVIERA 1,57L;1X1,57LT
8188;MICROONDAS PANASONIC 21L 220V;1UN
8010;UAU-AMAC.CONC.PERF ROSAS/SEDUCAO 500ML;1X500ML
8011;BATUTA-DESINF. EUCALIPTO 750ML;1X750ML
8012;BATUTA-DESINFETANTE EUCALIPTO 2LT;1X2LT
8013;VELA MARIANA CITRONELA 35GR;8X35GR
8673;THINNER 400 900ML;1UN
7793;TODESC-MAC.SEMOLA FETTUC NINHOS 500G;1X500GR
7794;TODESC-MAC.SEMOLA SPAGHETTI 5 500GR;1X500GR
7795;TODESC-MAC.SEMOLA SPAGHETTI 5 1KG;1X1KG
7796;TODESC-BISC.ROSQUINHA CHOCOLATE;1X400GR
7797;TODESC-BISC.ROSQUINHA COCO;1X400GR
7720;HARIBO-DISPLAY DE CHAO HIBRIDO;1UN
7664;OSRAM-LAMP.LED SS CLA35 4.5W 6500K 480LM;1UN
7665;OSRAM-LAMP.LED SS CLA60 8W 6500 806LM;1UN
7666;OSRAM-LAMP.LED SS CLA75 9.5W 6500K ;1UN
7667;OSRAM-LAMP.LED SS CLA90 12W 6500W ;1UN
7926;GLOBALBEV-CLIP STRIP IRACEMA;1UN
7927;GLOBALBEV-CARTAZ IRACEMA;1UN
7928;GLOBALBEV-PETISQUEIRA IRACEMA;1UN
7798;TODESC-BISC.ROSQUINHA DE LEITE;1X400GR
7799;TODESC-BISC. RECH. CHOCOLATE PICA-PAU;1X115GR
7800;TODESC-BISC. RECH. MORANGO PICA-PAU;1X115GR
7801;TODESC-BISC.WAFER CHOCOLATE PICA-PAU;1X115GR
7802;TODESC-BISC.WAFER MORANGO PICA-PAU;1X115GR
7956;FLORESTAL PIRULITO MASHA E O URSO DP;50X12GR
7957;FLORESTAL TUBINHOS FOFS MORANGO CITRICO;12X90GR
7958;FLORESTAL TUBINHOS FOFS SORTIDO CITRICO;12X90GR
7959;FLORESTAL TIRINHAS FOFS MORANGO ACIDO;12X90GR
7803;TODESC-BISC.WAFER CHOC.BRANCO PICA-PAU;1X115GR
7804;TODESC-BISC.WAFER BRIGADEIRO PICA-PAU;1X115GR
7805;TODESC-BISC.WAFER FLOR. NEGRA PICA-PAU;1X115GR
7806;TODESC-BISC.WAFER BAUNILHA PICA-PAU;1X115GR
7807;TODESC-BISC. MARIA 360GR;1X360GR
8089;ANEL TOMBAK INOX 0,15MM MOTOR MWM X10;1UN
7960;FLORESTAL TIRINHAS FOFS SORTIDO ACIDO;12X90GR
8087;KIT CILINDRO MOTOR MWM X10TCA;1UN
8674;BASE RETEN VOL FIAT UNO PAL 1.0 1.3 8V;1UN
8675;ESTOPA;1UN
7808;TODESC-BISC. LEITE 360GR;1X360GR
7809;TODESC-BISC. MAIZENA 360GR;1X360GR
7810;TODESC-BISC.C.CRACKER 360GR;1X360GR
7811;TODESC-BISC.C. CRACKER 200GR;1X200GR
7812;TODESC-BISC. AGUA E SAL 360GR;1X360GR
7950;GLOBALBEV-WOBBLER EP CARNAVAL;1UN
8676;PARAF CABECOTE FIAT PAL UNO FIRE 1.0 1.3;1UN
8677;JUNTA MT FIAT PAL 1.0 1.3 8V FIRE;1UN
8678;INTERRUPT TEMP FIAT PAL FIRE 1.0 1.3.1.4;1UN
8679;CALCO CAMB FIAT UNO FIOR 1.0 1.3 FIRE;1UN
7813;TODESC-BISC. AGUA E SAL 200GR;1X200GR
7814;TODESC-BISC.C.CRACKER INTEGRAL 360G;1X360GR
7815;TODESC-BISC.C. CRACKER INTEGRAL 200G;1X200GR
7816;TODESC-BISC.C.CRACKER MANTEIGA 360G;1X360GR
7636;MTERRA-BISC. ORGAN. TRIBOS CACAU;1X130G
8039;BAZOOKA-EXPOSITOR PROMOCIONAL PUSH POP;1UN
8680;SELO BLOCO FIAT MT FIRE TDS;1UN
8681;OLEO MT 15W40;1UN
8682;VALV TERMOST FIAT UNO FIRE TDS;1UN
8782;DUNORTE-CASTANHA CAJU CARAMEL. SACHE 50G;10X50GR
7817;TODESC-BISC.C. CRACKER MANTEIGA 200G;1X200GR
8697;BB FIAT UNO PAL 1.3 1.4 FIRE 8/16V 0.25M;1UN
7637;MTERRA-BISC. ORGAN. TRIBOS COCO;1X130G
8683;COLA ULTRA BLACK;1UN
8684;ADITIVO RAD ROSA ANTIRUST ORGANICO;1UN
8685;SELO BLOCO FIAT 1.0 1.5 1.6 8/16V 30.4MM;1UN
8686;TUBO REFRIG MT FIAT UNO PAL S/ AR 1.0 1.;1UN
7638;MTERRA-BISC. ORGAN. TRIBOS GRANOLA/MEL;1X130G
8276;HEINZ-EXTRATO DE TOMATE LT 130G;1X130G
8687;GUIA VALV FIAT PAL 1.0 1.3 8V FIRE;1UN
8688;BOMBA DAGUA FIAT UNO PAL 1.0 1.3 8/16V F;1UN
8689;TAMPA REESERV RAD FIAT PALIO STRAD AZUL;1UN
8779;AR COND ECO GARDEN ON/OFF 18000BTUS 220V;1UN
7624;GLOBALBEV-AMAZOO ACAI C/BANANA;300ML
7625;GLOBALBEV-AMAZOO ACAI TRADICIONAL;300ML
7626;GLOBALBEV-AMAZOO TP ACAI C/BANANA;1 LT
7627;GLOBALBEV-AMAZOO TP ACAI TRADICIONAL;1 LT
7763;UAU-LIMP.MULTIUSO FLORAL 500ML;1X500ML
8086;FLEXIVEL LUBRIF SAPATA/BANJO MOTOR MWM ;1UN
8277;HEINZ-EXTRATO DE TOMATE LT 340G;1X340G
7943;ARDOSIA MAX-CERA LIQUIDA INCOLOR 750ML;1X750ML
7764;UAU-LIMP.MULTIUSO LAVANDA 500ML;1X500ML
7765;UAU-LIMP.MULTIUSO LIMAO C/CANFORA 500ML;1X500ML
7841;MOTO ELETRICA 6V BANDEIRANTE BAN 2592;1UN
7910;BEB WHISKY OLD PAR SILVER 1LT;1X1LT
7944;INGLEZA MAX SPE-CERA LIQ.CERAMICAS 750ML;1X750ML
7766;UAU-LIMP.MULTIUSO FOLHAS VERDES 500ML;1X500ML
7767;UAU-LIMP.MULTIUSO FLORES E FOLHAS 500ML;1X500ML
7768;UAU-LIMP.MULTIUSO ACAO CLAREADORA 500ML;1X500ML
7911;BEB VHO CATUABA DA RACA PVC 970ML;6X970ML
7912;BEB VHO ITAL LAMB CELLA FRIS TTO 750ML;6X750ML
7913;BEB SIDRA CERESER MACA 660ML;12X660ML
7914;BEB 51 ICE KIWI 275ML;6X275ML
7915;CHOC LAKA OREO 20GR;20X20GR
7945;INGLEZA MAX SPE-CERA LIQ.LAMINADOS 750ML;1X750ML
7947;GLOBALBEV-TRIO ELETRICO EXTRA POWER;1UN
8038;BAZOOKA-EXPOSITOR PROMOCIONAL RING POP;1UN
8690;BOMBA OLEO FIAT UNO PAL 1.0 1.3 8V FIRE;1UN
8691;PROT CORR DENT FIAT PAL STRADA 1.0 1.3;1UN
7769;UAU-LIMP.MULTIUSO FLORES E FRESCOR 500ML;1X500ML
7916;CHOC KIT KAT 45GR;24X45GR
7951;GLOBALBEV-MASTRO COM BANDEIRINHA EP;1UN
7974;LAVADORA TURBILHAO SUGGAR 7KG BC 220V;1UN
7979;DANONE-APTAMIL PR. A.REG. 800G LTA (IMP);1X800GR
8079;PAST FREIO DT HYUNDAI AZERA 12/ SONATA;1JG
8088;BOMBA AGUAMOTOR MWM X10;1UN
8692;PROT CORR DENT FIAT PAL STRADA 1.3 FIRE;1UN
8693;FILTRO OLEO FIAT PAL 1.0 8V 04... 12 MAN;1UN
7652;OSRAM-LAMP. TWIST HO 45W 865 220V E27 ;1UN
7653;OSRAM-LAMP. DSTAR TWIST HO 30W 865 220;1UN
7655;OSRAM-LAMP. TWIST HO 65W 865 220-240V ;1UN
7656;OSRAM-LAMP. DSTAR TWIST HO 80W 865 220;1UN
7982;DANONE-APTAMIL PR. A.REG. 400G LTA (IMP);1X400GR
7773;BEB CHAMP ESP FREIXENET CORD NEGRO 750ML;1X750ML
7774;BEB CHAMP ESP FREIXENET ICE BCO 750ML;1X750ML
7775;BEB ENERGETICO RED BUL 250ML;4X250ML
7776;VODKA ABSOLUT ELYX 1,5LT;1X1,5LT
7948;GLOBALBEV-BAIANA EP;1UN
7949;GLOBALBEV-PLASTICO FORRACAO EP CARNAVAL;1UN
7994;FLORESTAL BALINHA DO CORACAO CEREJA ;1X700GR
8000;UAU-LIMPA VIDROS SQUEEZE 500ML;1X500ML
8001;UAU-LIMPA VIDROS REFIL 500ML;1X500ML
8002;UAU-LIMPA VIDROS GATILHO 500ML;1X500ML
7901;BEB WHISKY BUCHANANS 12 ANOS 1LT;1X1LT
7902;BEB TEQUILA ESPOLON OURO 750ML;1X750ML
7903;BEB VHO ITAL LAMB CELLA FRIS BCO 750ML;6X750ML
7904;BEB VODKA ABSOLUT NATURAL 750ML;1X750ML
8694;PISTAO FIAT 1.3 FIRE FLEX 0.60;1UN
7657;OSRAM-LAMP. DSTAR TWIST HO 100W 865 220;1UN
7658;OSRAM-LAMP.FLUOR T10 20W LDE;1UN
7659;OSRAM-LAMP. FLUOR T10 40W LDE;1UN
8003;UAU-LIMP.PESADA ALTA PERFORMANCE 500ML;1X500ML
8004;UAU-LIMP.PESADA ALTA PERF. L500ML P450ML;1X500ML
8005;UAU-LIMP.PERF.REQUINTE 1LT;1X1LT
7905;BEB VHO C VALDUGA NATURELLE BRANCO SV;1X750ML
7906;BEB VHO NATURELLE ROSE SUAVE 750ML;1X750ML
7907;BEB ESPUM NATURELLE MOSCATEL 750ML;1X750ML
7908;BEB WHISKY FAMOUS GROUSE FINEST 1LT;1X1LT
7909;BEB WHISKY BALLANTINES FINEST 750ML;1X750ML
8695;ANEIS MT FIAT PAL 1.3 8/16V FIRE 0.60MM;1UN
7563;MARILAN-PIT STOP RECH. HOT DOG 105,6G;4X26,4GR
7660;OSRAM-LAMP. FLUOR T12 110W/765;1UN
7661;OSRAM-LAMP. HQI-T 400W/D PRO E40 ;1UN
7662;OSRAM-LAMP HQI-E 400W/D PRO COATED E40;1UN
7663;OSRAM-LAMP. HQI-E 250W/D PRO COATEDE40;1UN
8006;UAU-LAVA ROUPAS LIQUIDO ACTIVE 1LT;1X1LT
8007;UAU-AMAC.CONC.PERF LAVANDA/FRESCOR 500ML;1X500ML
8008;UAU-AMAC.CONC.PERF FLORES/SONHOS 500ML;1X500ML
8009;UAU-AMAC.CONC.PERF CAR/CONFORTO 500ML;1X500ML
7788;TODESC-MAC.OVOS FITILHO DE OURO 500G;1X500GR
7789;TODESC-MAC.OVOS PARAF VERDURAS LEG 500G;1X500GR
7790;TODESC-MAC.OVOS PARAF VERDE LEG 200G;1X200GR
7791;TODESC-MAC.SEMOLA PARAFUSO 500GR;1X500GR
7792;TODESC-MAC.SEMOLA PENA 500GR;1X500GR
8696;BM FIAT UNO PAL 1.0 1.3 8/16V FIRE 0.25M;1UN
8015;CESTO C/ TAMPA 60LTS;1UN
8425;UAU-LIMP.PERF. CUIDADO E CARINHO 500ML;1X500ML
8426;MAIS COCO-LEITE DE COCO TP 1LT;1X1LT
8427;MAIS COCO-LEITE DE COCO TP 200ML;1X200ML
8428;SOCOCO-LEITE DE COCO VD 200ML;1X200ML
7559;GLOBALBEV-AMENDOIM IRACEMA SACHE 140G;1X140GR
7560;GLOBALBEV-AMENDOIM IRACEMA SACHE CARTELA;6X30GR
7561;GLOBALBEV-AMENDOA IRACEMA 100G;1X100GR
7562;GLOBALBEV-PISTACHE IRACEMA 100G;1X100GR
8206;VITTAMAX-RACAO CAES NATURAL FILHOTE;10X1KG
8706;FLORESTAL PIRULITO CHICLE GIGA MARACUJA;1X600GR
8368;HEINZ-PACK KETCHUP 397G / MAIONESE 390G;1X787G
8369;HEINZ-PACK KETCHUP/MAIONESE/MOSTARDA ;1X867G
8371;TODESC-BISC. RECH. CHOCOLATE PICA-PAU;1X115GR
8370;FRITADEIRA MONDIAL AF-20 AIR.F 220V;1UN
8429;SOCOCO-LEITE DE COCO VD 500ML;1X500ML
8430;SOCOCO-LEITE DE COCO LIGHT VD 200ML;1X200ML
8431;SOCOCO-LEITE DE COCO LIGHT VD 500ML;1X500ML
7707;MV-BOMBOM RECH.LICOR/CEREJAS PIC. 55GR;1X55GR
7708;MV-BOMBOM C/ CEREJAS PIC S/ ALCOOL 55G;1X55GR
7709;MV-BOMBOM CORAC AVELA CX PRESENTE 55G;1X55GR
7710;MV-BOMBOM RECH.MARACUJA 55G;1X55GR
7711;MV-BOMBOM RECH.TRUFAS 55GR;1X55GR
7975;GLOBALBEV-TABASCO GREEN SAUCE 60ML;1X60ML
8372;TODESC-BISC. RECH. MORANGO PICA-PAU;1X115GR
8373;TODESC-BISC. RECH. CHOC/BAUNILH PICA-PAU;1X115GR
8374;PAPEL HIG.F.S.PRIMAVERA NEUT L8P7 30M R5;8X8X30M
8438;SOCOCO-COCO SWEET FLOCO 100G;1X100GR
8439;SOCOCO-COCO SWEET FLOCO QUEIMADO 100G;1X100GR
8440;MAIS COCO-LEITE DE COCO VD 200ML;1X200ML
8441;MAIS COCO-LEITE DE COCO VD 500ML;1X500ML
7712;MV-BOMBOM DE CEREJA AO LICOR POTE;1X825GR
7713;MV-MENTINHA CHOC.AO LEITE SABOR MENTA;1X70GR
7714;MV-MENTINHA CHOC.AO LEITE/ MENTA PCT;1X300GR
7715;MV-MENTINHA CHOC.AO LEITE/MENTA POTE;1X230GR
7976;GLOBALBEV-TABASCO GARLIC SAUCE 60ML;1X60ML
7977;GLOBALBEV-TABASCO CHIPOTLE SAUCE 60ML;1X60ML
8375;PAPEL HIG.F.D.MIRAFIORI NEUTRO 30M R.88;4X24X30M
8376;GUARDANAPO F.SIMPLES YURI PEQ 22X22,5CM;1X50UN
8377;TOALHA PAPEL F.DUPLA YURI C/120FLS R142;16X2X60FLS
8378;TOALHA PAPEL F.DUPLA YURI FIT C/100FLS  ;16X2X50FLS
7681;PINHO TROP-DESINF.FRESH 500ML;1X500ML
7682;PINHO TROP-DESINF. LAVANDA 1LT;1X1LT
7683;PINHO TROP-DESINF. PINHO 1LT;1X1LT
8442;MAIS COCO-COCO RALADO 50G;1X50GR
8443;MAIS COCO-COCO RALADO 100G;1X100GR
7750;BEB 51 ICE BALADA 275ML;6X275ML
7751;BEB AGUARDENTE 51 LUXO 965ML;1X965ML
7752;AGUA OXIG CRUZEIRO 30V 90ML;12X90ML
7753;BEB WHISKY WHITE HORSE 500ML;1X500ML
7754;BEB WHISKY JACK DANIELS 1LT;1X1LT
7899;GLOBALBEV-EXTRA POWER SUGAR FREE 270ML;6X270 ML
8035;TOSCANO-VINAGRE MACA NATURAL VINACORPUS ;1X250ML
8362;QUERO-AMIDO DE MILHO CARTUCHO 200G;1X200G
8363;QUERO-AMIDO DE MILHO CARTUCHO 500G;1X500G
8379;TOALHA PAPEL F.DUPLA MASCOT C/120FLS;16X2X60FLS
8387;GUARDANAPO F.DUPLA MASCOT GDE 33X32,5CM;1X50UN
8432;SOCOCO-LEITE DE COCO RTC 200ML;1X200ML
8433;SOCOCO-LEITE DE COCO RTC 500ML;1X500ML
8434;SOCOCO-COCO RALADO 50G;1X50GR
8435;SOCOCO-COCO RALADO 100G;1X100GR
7755;BEB VODKA SMIRNOFF 998ML;1X998ML
7756;BEB WHISKY JACK DANIELS HONEY 1LT;1X1LT
7757;BEB CACHACA SELETA 670ML;1X670ML
7758;CHICLE TRIDENT .MENTA  DP;21X8,5GR
7759;CHOC PRESTIGIO 33GR;30X33GR
7900;GLOBALBEV-EXTRA POWER LEMON MINT 1L;6X1 LT
8388;FLORESTAL DROPS IMINT EXTRA FORTE C/10;10X30GR
8389;FLORESTAL DROPS IMINT EUCALIPTO C/10;10X30GR
8390;FLORESTAL DROPS IMINT MENTA C/10;10X30GR
8391;FLORESTAL DROPS IMINT CEREJA C/10;10X30GR
8327;QUERO-EXTRATO DE TOMATE LT 350G;1X350G
8328;QUERO-EXTRATO DE TOMATE SACHE 340G;1X340G
8436;SOCOCO-FLOCOCO 100G;1X100GR
8437;SOCOCO-COCO RALADO SWEET COCO 100G;1X100GR
8446;SOCOCO-AGUA DE COCO TP 200ML;1X200ML
8556;HEINZ-BOBINA FORRACAO;1UN
7600;PRING-D.PACK R.MADRID ORIG 146G+CEB 155G;1X301G
9135;DUNORTE-CASTANHA CAJU 100G DP;20X100GR
9136;DUNORTE-CASTANHA CAJU SACHE 50G DP;28X50GR
9137;DUNORTE-CASTANHA CAJU GRANUL.SACHE DP;20X100GR
8392;FLORESTAL DROPS IMINT MELANCIA C/10;10X30GR
8393;FLORESTAL BALA BONGUTTI LIMAO/CREME C/60;1X300GR
8394;FLORESTAL BALA BONGUTTI UVA/CREME C/60UN;1X300GR
8395;FLORESTAL BALA BONGUTTI MORANGO/CREME;1X300GR
8189;BABY SOFT-AMAC. TQ ENVOLVENTE;2X5LT
8453;MV-B.CER.CORPO&SABOR SM SAL. FRUTA LIGHT;3X25G
8458;V.FERTIL-AZ.BALDE VDE FATIADA COB. PIZZA;1,8KG
8459;UAU-AMAC CONC.PERF CARINHO/CONFORTO 1LT;1X1LT
8557;QUERO-BOBINA FORRACAO;1UN
7760;CHOC CHOKITO 32GR;30X32GR
7761;CHOC LACTA 5 STAR 40GR DP;18X40GR
7978;GLOBALBEV-TABASCO HABANERO SAUCE 60ML;1X60ML
9138;DUNORTE-MIX DE NOZES SACHE 50G DP;28X50GR
8082;FLEISCHMAN-AROMA CX MISTA 30ML DP;12X30ML
8553;MATSUDA-COMED.PLAST.POP FURACAOPET 600ML;1UN
8406;C.OURO-SUCO UVA TINTO INTEGRAL 500ML;1X500ML
8407;C.OURO-SUCO UVA BRANCO INTEGRAL 1,5LT;1X1,5LT
8408;C.OURO-SUCO MACA INTEGRAL 1LT;1X1LT
8409;LAVADORA LAVAMAX ECO SUGGAR 10KG BC 220V;1UN
8452;LAV. ELECTR. 12KG LAC12 BC. 220V;1UN
8465;UAU-AMAC.PERF ELEGANCE (BRANCO) 2LT;1X2LT
8466;UAU-AMAC.PERF GLAMOUR (BLACK) 2LT;1X2LT
8467;NUTRINECTAR  CAJU TP 1LT;6X1LT
8468;NUTRINECTAR  GOIABA E MACA TP 1LT;6X1LT
8558;KRAFT-BOBINA FORRACAO;1UN
7770;BRILHOWAX-CERA LIQUIDA INCOLOR 850ML;1X850ML
7771;BRILHOWAX-CERA LIQUIDA AMARELA 850ML;1X850ML
7772;BRILHOWAX-CERA LIQUIDA VERMELHA 850ML;1X850ML
7837;DANONE-SUSTAIN JR CHOCOLATE 450G+ BRINDE;1X450GR
7838;DANONE-M.CEREAL INF. ZERO PROMO 330GR;1X330GR
8083;PNEU ALTIMAX 175/65 R ;1UN
8207;VITTAMAX-RACAO CAES NATURAL FILHOTE;10,1KG
8208;VITTAMAX-RACAO CAES NATURAL PEQ.PORTE;10X1KG
8216;FLORESTAL PIRULITO FLOPITO CORUJAS;1X400GR
8410;FOGAO BALI 6076 6 BOCAS BRANCO;1UN
8411;HEINZ-PACK MAIONESE 390G DESC. UNIDADE 2;2X400G
8412;BAZOOKA-PIR.SPRING POP PAW PATROL DP;25X14GR
8413;BAZOOKA-PIR.TWIST POP PAW PATROL DP;20X14GR
8447;SOCOCO-AGUA DE COCO TP 330ML;1X330ML
8448;SOCOCO-AGUA DE COCO TP 1LT;1X1LT
8449;SOCOCO-AGUA COCO MAIS TANGERINA TP 200ML;1X200ML
8450;SOCOCO-AGUA COCO MAIS MARACUJA TP 200ML;1X200ML
8559;HEINZ-DISPLAY DE CHAO;1UN
8560;QUERO-DISPLAY DE CHAO;1UN
7839;DANONE-M.CEREAL INF. ZERO PROM+BRINDE;1X330GR
7867;INGLEZA-CERA EM PASTA AMARELA 400G;1X400GR
7868;INGLEZA-CERA EM PASTA VERMELHA 400G;1X400GR
7869;INGLEZA-CERA LIQ.P/CALÇADOS INCOLOR 60ML;1X60ML
8217;FLORESTAL PIRULITO GIROLITO PIAO POTE;1X640GR
8218;FLORESTAL PIRULITO CHICLE APITO BOCAO PT;1X720GR
8219;FLORESTAL BALA SONHARE RECH.SORTIDA;1X600GR
8402;UAU-LIMP.BANHEIRO C.ATIVO 4 EM 1 KIT PRO;2X500ML
8403;UAU-DESENGORD.COZINHA LIMAO 500ML KIT PR;2X500ML
8404;TOSCANO-VINAGRE MACA 6% BEM VIVER;1X250ML
8405;TOSCANO-VINAGRE VINHO TINTO 6% BEM VIVER;1X250ML
8460;UAU-AMAC CONC.PERF ROSAS/SEDUCAO 1LT;1X1LT
8461;UAU-AMAC CONC.PERF LAVANDA/FRESCOR 1LT;1X1LT
8462;UAU-AMAC CONC.PERF FLORES/SONHOS 1LT;1X1LT
8463;UAU-AMAC.PERF SEDUCAO (VERMELHO) 2LT;1X2LT
8561;HEINZ-FAIXA DE GONDOLA;1UN
7870;INGLEZA-CERA LIQ.P/CALÇADOS MARROM 60ML;1X60ML
7871;INGLEZA-CERA LIQ.P/CALÇADOS PRETA 60ML;1X60ML
7872;UAU-REPELENTE AFASTA FORMIGAS D. GATILHO;1X500ML
7873;TODESCHINI-FOLDER ;1UN
7874;TODESCHINI-SACOLA BRANCA INST;1UN
8220;FLORESTAL BALA SONHARE RECH.COCO C/77UN;1X600GR
8221;FLORESTAL BALA SONHARE RECH.LEITE COND.;1X600GR
8222;FLORESTAL BALA SONHARE RECH.CHOCOLATE;1X600GR
8223;FLORESTAL BALA SONHARE RECH.AMENDOIM;1X600GR
9133;DUNORTE-POTE CASTANHA CAJU W320 NATURAL ;1X150GR
7967;DISCO RIGIDO 600GB 15000RPM ;1UN
8040;BABY SOFT-AMAC. CONC.TQ DE CARINHO(AZUL);12X500ML
8041;BABY SOFT-AMAC. CONC.TQ DES.ENVOLV(VERM);12X500ML
8042;BABY SOFT-AMAC. CONC.TQ INSP.FASC(ROXO);12X500ML
8469;N.NECTAR - NECTAR LARANJA TP 1LT;6X1LT
8470;NUTRINECTAR  MANGA E MACA TP 1LT;6X1LT
8471;N.NECTAR - NECTAR MARACUJA TP 1LT;6X1LT
8472;N.NECTAR - NECTAR PESSEGO TP 1LT;6X1LT
8473;NUTRINECTAR  UVA E MACA TP 1LT;6X1LT
7628;BAZOOKA-PIR.PUSH POP DUO DISPLAY;20X15GR
7629;BAZOOKA-PIR.PUSH POP TORRE DUO;30X15GR
7630;BAZOOKA-PIR.YO-KAI POP WATCH DISPLAY;25X14GR
7631;BAZOOKA-PIR.YO-KAI POP WATCH POTE;30X14GR
7632;BAZOOKA-PIR.RING POP TRAD.BAG C/4;4X10GR
7875;TODESCHINI-REGUA DE GONDOLA;1UN
8178;LAV. COLORMAQ LCB 10KG BCA 220V;1UN
8224;FLORESTAL BALA MAST.MOLY CAPUCCINO C/83;1X500GR
8225;FLORESTAL BALA MAST.MOLY CHURROS C/83;1X500GR
8226;FLORESTAL BALA MAST.MOLY TRUFADO C/83;1X500GR
8043;BABY SOFT-AMAC. CONC.PUREZA(BCO);12X500ML
8044;BABY SOFT-L.ROUPAS MAX PERFORMANCE LILAS;12X1LT
8451;MAIS COCO-AGUA DE COCO TP 1LT;1X1LT
8455;UAU-LIMP.PESADA ROSAS E SEDUCAO 500ML;1X500ML
8456;UAU PETS-LIMP.ELIM.ODORES TRADICIONAL 2L;1X2L
8457;UAU PETS-LIMP.ELIM.ODORES CITRONELA 2L;1X2L
8562;KRAFT-FAIXA DE GONDOLA;1UN
7633;BAZOOKA-PIR.RING POP TRAD.POTE;24X10GR
7634;BAZOOKA-PIR.BABY BOTTLE POP DISPLAY;18X31GR
7876;TODESCHINI-FAIXA DE GONDOLA;1UN
7877;TODESCHINI-BROASIDE;1UN
7878;TODESCHINI-BOBINA DE FORRAÇÃO;1UN
7879;TODESCHINI-PRECIFICADOR ;1UN
8234;FLEISCHMAN-GELATINA MORANGO 20G;1X20G
8235;FLEISCHMAN-GELATINA FRAMBOESA 20G;1X20G
8236;FLEISCHMAN-GELATINA CEREJA 20G;1X20G
8237;FLEISCHMAN-GELATINA UVA 20G;1X20G
8045;BABY SOFT-L.ROUPAS MAX PERFORMANCE AZUL ;12X1LT
7823;HARIBO-SACOLA DE PAPEL DUPLEX 250G;1UN
8444;SOCOCO-DOCE DE COCO BRANCO 335G;1X335GR
8445;SOCOCO-DOCE DE COCO QUEIMADO 335G;1X335GR
8454;FRITADEIRA MONDIAL AIR FRYER NAF031 220V;1UN
8464;UAU-AMAC.PERF ROMANCE (ROSA) 2LT;1X2LT
8563;QUERO-FAIXA DE GONDOLA;1UN
7881;FLEISCHMAN-MIST.BOLO BROWNIE 450G;1X450G
8153;MV-TOMALLOWS SABOR UVA 80GR;1X80GR
8154;MV-TOMALLOWS SABOR MORANGO 80GR;1X80GR
8155;MV-TOMALLOWS SABOR TUTTI-FRUTTI 80GR;1X80GR
8156;MV-TORRONE SPORT C/AMENDOIM E COCO DP ;12X30GR
8396;BRILHOWAX-CERA LIQUIDA VERMELHA 750ML;1X750ML
8397;BRILHOWAX-CERA LIQUIDA INCOLOR 750ML;1X750ML
8398;BRILHOWAX-CERA LIQUIDA AMARELA 750ML;1X750ML
8399;INGLEZA-CERA LIQ.AUTO BRILHO INCOLOR 750;1X750ML
8380;JORDANS-GRANOLA BERRY FRUITS 400G;1X400G
8381;JORDANS-GRANOLA FRUITS & NUTS 400G;1X400G
8382;JORDANS-GRANOLA NUTS 400G;1X400G
8383;JORDANS-GRANOLA RED FRUITS 400G;1X400G
9109;FLORESTAL SM PIR.CORACAO LAR/LIM VIT C;1X120GR
7882;FLEISCHMAN-CHOCOLATE EM PO 50% CACAU;1X200G
8157;MV-TORRONE SPORT C/AMEND/NIBS CACAU DP ;12X30GR
8158;MV-TORRONE SPORT C/AMEND/CRANBERRY DP ;12X30GR
8238;FLEISCHMAN-GELATINA ABACAXI 20G;1X20G
8239;FLEISCHMAN-GELATINA LIMAO 20G;1X20G
8400;ARDOSIA-CERA LIQUIDA VERDE 750ML;1X750ML
8401;ARDOSIA-CERA LIQUIDA INCOLOR 750ML;1X750ML
8414;BAZOOKA-PIR.PUSH POP XTREME L24P20 DP;24X15GR
8415;BAZOOKA-PIR.PUSH POP XTREME DP;20X15GR
8416;BAZOOKA-PIR.PUSH POP XTREME TORRE;30X15GR
7971;GLOBALBEV-BALA NERDS RAINBOW 142G;1X142GR
7883;FLEISCHMAN-OVOMALTINE CREME CROC. 260GR;1X260GR
8275;BAZOOKA-CHOCO PUSH POP SABOR CHOCOLATE;9X30GR
8417;BAZOOKA-PIR.RING POP XTREME DP;12X10GR
8418;BAZOOKA-CHOCO PUSH POP PAW PATROL DP;9X30GR
8419;BAZOOKA-PIR.PUSH POP TRADICIONAL DISPLAY;20X15GR
8420;BAZOOKA-PIR.RING POP TRANSFORMERS DP;12X10GR
7972;GLOBALBEV-BALA NERDS STRAWBERRY/GRAPE DP;36X47GR
8384;JORDANS-GRANOLA TROPICAL 400G;1X400G
8385;GUARDANAPO F.SIMPLES YURI GDE 29,5X33CM;1X50UN
8386;GUARDANAPO F.DUPLA MASCOT PEQ 24X23,5CM;1X50UN
9110;FLORESTAL SM PIRULITO PICOLE NAPOLITANO;1X121GR
7885;MTERRA-CACAU EM PO S/ ACUCAR;1X100G
8300;QUERO-FEIJAO CARIOCA TR 340G;1X340G
8364;HEINZ-KETCHUP TRADICIONAL FP 260G;1X260G
8365;HEINZ-MOLHO BARBECUE FP 397G;1X397G
8366;HEINZ-KETCHUP BACON/CEBOLA FP 397G;1X397G
8367;QUERO-MAIONESE POTE 3,0KG;1X3,0KG
8564;VALDA-EXPOSITOR DE ACRILICO;1UN
8421;PAST FREIO DT HYUNDAI AZERA 06;1JG
8422;PINHO TROP-DESINF. CITRUS L1LT P900ML;1X1LT
8423;PINHO TROP-DESINF. FRESH L1LT P900ML;1X1LT
8424;SOCOCO-LEITE DE COCO TP 1LT;1X1LT
7777;PINHO TROP-DESINF. PINHO L1LT P900ML;1X1LT
7925;FLORESTAL-ALMOFADA BALINHA DO CORACAO;1UN
8230;BATUTA-DESINF.LAVANDA L1L P900ML;1X1LT
8231;UAU-LIMP.PERF.BRISA E FRESCOR L2L P1,6L;1X2LT
8232;UAU-LIMPA BOX GATILHO 450ML;1X450ML
8215;VITTAMAX-RACAO GATO CASTRADO GOLD SALMAO;10X1KG
7937;BRY-CERA LIQUIDA VERMELHA 750ML;1X750ML
7952;FLORESTAL PIR.FLOPITO TWIST BRANCO/AZUL;1X450GR
8106;INGLEZA-BRILHA MOVEIS MAD.ESCURAS 200ML;1X200ML
8228;BATUTA-DESINF.EUCALIPTO L1L P900ML;1X1LT
7953;FLORESTAL PIR.FLOPITO TWIST BRANCO/VERDE;1X450GR
7954;FLORESTAL PIR.FLOPITO TWIST VERM/AMARELO;1X450GR
7955;FLORESTAL BALA MAST.MASHA E O URSO;1X500GR
7962;V.FERTIL-AZ.VDE SACHE FATIADA DOY PACK;24X180GR
7980;MV-OVO DE CHOCOLATE COELHINHO/COELHINHA;1X40GR
8274;VITTAMAX-RACAO GATOS CARNE;10X1KG
8528;F-CHOCO FOFS CHOCOLATE C/MARSH EMB.PRES.;8X14GR
7981;MV-OVO DE CHOCOLATE CESTINHO DO COELHO;1X40GR
8107;BRY-LUSTRA MOVEIS ALFAZEMA 200ML;1X200ML
8014;BABY SOFT-AMAC. TQ ENVOLVENTE (VERM.)2L;6X2LT
8620;MOTO HONDA CG 160 START VERMELHA;1UN
8036;BABY SOFT-LAVA ROUPAS PO CARTUCHO 1KG;20X1KG
8110;BRY-LUSTRA MOVEIS LAVANDA 200ML;1X200ML
8037;BABY SOFT-LAVA ROUPAS PO SACHE 2KG;10X2KG
7622;GRASSI-POWER DRINK SAFADINHO PET 250ML;1X250ML
8719;FELTRIN-SEM.HORT.BERINGELA EMBU;25X400MG
7861;INGLEZA MAX SPE-CERA LIQ. MADEIRAS 750ML;1X750ML
7862;ARDOSIA MAX-CERA LIQUIDA VERDE 750ML;1X750ML
7863;ARDOSIA-CERA LIQUIDA INCOLOR 5L;1X5L
7864;INGLEZA-CERA LIQ.AUTO BRILHO INCOLOR;1X850ML
7865;INGLEZA-CERA LIQ. RESGAT 750ML;1X750ML
8108;BRY-LUSTRA MOVEIS ERVA DOCE 200ML;1X200ML
8109;BRY-LUSTRA MOVEIS JASMIM 200ML;1X200ML
7866;INGLEZA-CERA EM PASTA INCOLOR 400G;1X400GR
8049;B.VISTA-BISC.FAZEND.RECH CHOCOCHOCO 130G;1X130GR
8050;B.VISTA-BISC.FAZEND.RECH CHOCOLAT 130GR ;1X130GR
8100;TODESC-BISC. RECH. CHOC/BAUNILH PICA-PAU;1X115GR
7929;GLOBALBEV-PISTACHE IRACEMA 100G;1X100GR
8229;BATUTA-DESINF.FLORAL L1L P900ML;1X1LT
8051;B.VISTA-BISC.FAZEND.RECH FLOCOS 130GR;1X130GR
8052;B.VISTA-BISC.FAZEND.RECH MORANGO 130GR  ;1X130GR
7639;LEITOR COD. BARRAS LASER CPX;1UN
7668;ARDOSIA-CERA LIQUIDA INCOLOR 850ML;1X850ML
7669;ARDOSIA-CERA LIQUIDA VERDE 850ML;1X850ML
7670;UAU-LIMP.DE BANHEIRO CLORO ATIVO 4 EM 1;1X500ML
8619;VINACLEAN-LIMP.MULTIUSO 8% ACIDEZ 2LT;1X2LT
8104;INGLEZA-BRILHA MOVEI MDF/LAMINADOS 200ML;1X200ML
7840;GLOBALBEV-AMENDOA IRACEMA IMPORTADA 100G;1X100GR
7635;BAZOOKA-CHOCO PUSH POP SABOR CHOCOLATE;9X30GR
8612;QUERO-MILHO VERDE LT 170G;1X170G
7828;MV-B.CER.CORPO&SABOR SM CEREJA L4 P3 ;4X25G
7829;MV-B.CER.CORPO&SABOR SM BANANA L4 P3 ;4X25G
7830;MV-B.CER.CORPO&SABOR SM CAST.PARA L4 P3;4X25G
7831;MV-B.CER.CORPO&SABOR MACA/UVA PASS L4 P3;4X25G
7851;MEGA-ALCOOL LIQ. NEUTRO 92,8 500ML;12X500ML
8105;INGLEZA-BRILHA MOV.MAD.RUSTICAS/DEMOLIC.;1X200ML
8257;HEINZ-MAIONESE FP 215G;1X215G
8258;HEINZ-MAIONESE FP 390G;1X390G
8357;QUERO-ATUM RALADO LT 170G;1X170G
8358;QUERO-MOLHO DE PIMENTA VD 150ML;1X150ML
8571;MARIFRUITT-B.MISTA KIDS MARACUJA TP200ML;27X200ML
8572;MARIFRUITT-B.MISTA KIDS MORANGO TP200ML;27X200ML
8573;MARIFRUITT-B.MISTA KIDS UVA TP 200ML;27X200ML
8574;TODESC-MAC.SEMOLA PADRE NOSSO 500G;1X500GR
7946;VITTAMAX-EMBALAGEM GATO MIX LATA 0,5KG;1UN
8146;B.VISTA-BISC.TUCS BACON DIN CRACKER;30X100GR
8186;QUINTVS-VINHO GFA TINTO SECO 1LT;1X1LT
8269;HEINZ-MOLHO TOMATE COGUMELO SACHE 340G;1X340G
8090;SELO BLOCO MOTOR MWM X10 / X12;1UN
8091;MANGUEIRA RESPIRO MOTOR MWM X10/X12;1UN
8092;VARETA VALVULA MOTOR MWM X10/X12;1UN
8093;SILICONE ALTA TEMPERATURA E680;1UN
8094;FILTRO AR EXTERNO MASTER0101E;1UN
8095;ANEL CAMISA MOTOR MWM X10 904931361131;1UN
8359;QUERO-MOLHO DE ALHO VD 150ML;1X150ML
8360;QUERO-MOLHO INGLES VD 150ML;1X150ML
8361;QUERO-MOLHO SHOYU VD 150ML;1X150ML
8575;TODESC-MAC.SEMOLA SPAGHETTINI 6 500G;1X500GR
8576;TODESC-MAC.OVOS LINGUINE 500G;1X500GR
8577;TODESC-MAC.INST.LAMEN GALINHA 85G;1X85G
7995;V.FERTIL-AZEITONA VERDE SACHE ;12X100GR
7996;V.FERTIL-AZEITONA VERDE SACHE ;12X200GR
7618;GLOBALBEV-AMAZOO TP ACAI TRADIC. 200ML;3X200ML
7619;GLOBALBEV-AMAZOO TP ACAI C/BANANA ;3X200ML
7623;MARILAN-BISC.CREAM CRACKER ESPECIAL 400G;1X400GR
7983;DANONE-APTAMIL PR. A.REG. 800G LTA (NAC);1X800GR
7984;DANONE-APTAMIL PR. A.REG. 400G LTA (NAC);1X400GR
7985;DANONE-APTAMIL PROFUT. 1 400G LTA (NAC);1X400GR
7997;V.FERTIL-AZEITONA VERDE VD ;12X200GR
7998;V.FERTIL-AZEITONA VERDE VD;6X360GR
7848;GRASSI-CATUABA CATU ACAI SAFADONA;6X1L
7849;GRASSI-CATUABA CATU SAFADONA;6X1L
7850;MEGA-ALCOOL LIQ. NEUTRO 92,8 1L;12X1L
7922;GRASSI-POWER DRINK SAFADINHO PET 250ML;12X250ML
8270;HEINZ-MOLHO TOMATE TRADIC. SACHE 1,02KG;1X1,02KG
8271;HEINZ-MOLHO TOMATE TRADICIONAL LT 340G;1X340G
8272;HEINZ-MOLHO TOMATE TRADIC. SACHE 250G;1X250G
7986;DANONE-APTAMIL PROFUT. 1 800G LTA (NAC);1X800GR
7999;V.FERTIL-AZEITONA VERDE VD ;6X500GR
8260;HEINZ-MAIONESE SACHE 8G;192X8G
8261;HEINZ-MOSTARDA ESCURA FP 396G;1X396G
8262;HEINZ-MOSTARDA FP 255G;1X255G
8263;HEINZ-MOSTARDA SACHE 5G;192X5G
7616;GRASSI-POWER DRINK SAFADINHO PET 250ML;6X250ML
7617;GRASSI-POWER DRINK SAFADAO PET 2LT;6X2LT
7721;MV-TOCATA AMENDOAS CONF.CHOC.AO LEITE;1X80GR
7722;MV-TOCATA BANANA PASSA COB.CHOC.LEITE;1X80GR
7723;MV-TOCATA AMENDOAS CONF.CHOC.AO LEITE ;1X1KG
7724;MV-TOCATA BANANA PASSA COB.CHOC.LEITE;1X1KG
8080;VITTAMAX-FRESH GATO FRANGO;1X280GR
7987;DANONE-APTAMIL PROFUT. 2 800G LTA (NAC);1X800GR
8017;TOSCANO-MOLHO DE PIMENTA FR 150ML;1X150ML
8018;TOSCANO-MOLHO INGLES FR 150ML;1X150ML
7725;MV-BISC. CHAMPANHE 75GR R.4202;1X75GR
7726;MV-BISC. CHAMPANHE 150GR R.4204;1X150GR
7727;MV-BISC. WAF.TUB-IN RECH. TRUFAS;1X48GR
7728;MV-BISC. WAF.TUB-IN RECH. AVELA;1X48GR
7729;MV-BISC. WAF.TUB-IN RECH. LEITE;1X48GR
7730;MV-BISC. WAF.TUB-IN RECH. CHOCOLATE;1X48GR
8081;VITTAMAX-FRESH CAES PEQ.RACAS FRANGO;1X280GR
8096;TITANIUM-ENERGETICO LATA 269ML;12X269ML
7593;VITTAMAX-RACAO GATO CASTRADO GOLD FRANGO;10X1KG
8019;TOSCANO-MOLHO SHOYU FR 150ML;1X150ML
8020;TOSCANO-MOLHO DE ALHO FR 1010ML;1X1010ML
7731;MV-BISC. WAF.TUB-IN RECH. MORANGO;1X48GR
7732;MV-BISC. WAF.TUB-IN RECH. BEIJINHO;1X48GR
7733;MV-BISC. WAF.TUB-IN LANCHE RECH. CHOC;12X20GR
7734;MV-BISC. WAF.TUB-IN RECH AVELA COB CHO;1X48GR
7735;MV-BISC. WAF.TUB-IN RECH CHOC COB CHOC;1X48GR
7736;MV-B.CER.CORPO&SABOR BANANA ;144X25GR
8259;HEINZ-MAIONESE FP 400G;1X400G
8301;QUERO-FEIJAO PRETO TR 340G;1X340G
8302;QUERO-KETCHUP TRADICIONAL FP 200G;1X200G
8303;QUERO-KETCHUP PICANTE FP 200G;1X200G
8304;QUERO-KETCHUP TRADICIONAL FP 400G;1X400G
7594;VITTAMAX-RACAO GATO CASTRADO GOLD FRANGO;10,1KG
8021;TOSCANO-MOLHO DE PIMENTA FR 1010ML;1X1010ML
8022;TOSCANO-MOLHO INGLES FR 1010ML;1X1010ML
7737;MV-B.CER.CORPO&SABOR SAL. FRUTA LIGHT;144X25GR
7738;MV-B.CER.CORPO&SABOR SM CEREJA;3X25G
7739;MV-B.CER.CORPO&SABOR SM BANANA;3X25G
7740;MV-B.CER.CORPO&SABOR SM CAST.PARA;3X25G
7741;MV-B.CER.CORPO&SABOR SM MACA/UVA PASS;3X25G
7742;MV-B.CER.CORPO&SABOR SM SAL. FRUTA LIGHT;3X25G
7963;DANONE-SUSTAIN JR ZERO ACUCAR MORANGO LT;1X350GR
8305;QUERO-KETCHUP PICANTE FP 400G;1X400G
8306;QUERO-KETCHUP TRADICIONAL TP 1,15KG;1X1,15KG
8307;QUERO-KETCHUP TRADICIONAL SACHE 1,1KG;1X1,1KG
8308;QUERO-KETCHUP TRADICIONAL TP 300G;1X300G
8309;QUERO-KETCHUP PICANTE TP 300G;1X300G
8310;QUERO-KETCHUP TRADICIONAL TP 140G;1X140G
7595;VITTAMAX-RACAO GATO CASTRADO;25KG
7591;BAZOOKA-PIR.PUSH POP TORRE MEU MALV.FAV3;30X15GR
8023;TOSCANO-MOLHO SHOYU FR 1010ML;1X1010ML
7743;MV-B.CER.CORPO&SABOR SM CAST/AVELA LIGHT;3X20G
7744;MV-B.CER.CORPO&SABOR DP CEREJA;24X25GR
7745;MV-B.CER.CORPO&SABOR DP BANANA;24X25GR
7746;MV-B.CER.CORPO&SABOR DP CAST.PARA;24X25GR
7747;MV-B.CER.CORPO&SABOR DP MACA/UVA PASS;24X25GR
7748;MV-B.CER.CORPO&SABOR DP SAL. FRUTA LG;24X25GR
7923;BAZOOKA-PIR.PUSH POP GRAVITY L29 P24;29X15GR
8311;QUERO-MOSTARDA FP 190G;1X190G
8312;QUERO-MAIONESE SACHE 1,02KG;1X1,02KG
8313;QUERO-MAIONESE SACHE 200G;1X200G
8314;QUERO-MAIONESE TP 270G;1X270G
8315;QUERO-MAIONESE TP 1,012KG;1X1,012KG
8316;QUERO-MAIONESE FP 495G;1X495G
8147;FLORESTAL PAW PATROL PIR.MORANGO C/47UN;1X376GR
8148;FLORESTAL PAW PATROL DROPS DP C/12UN;1X420GR
7749;MV-B.CER.CORPO&SABOR DP CAST/AVELA LIGHT;24X20GR
8200;DANONE-APTAMIL PREMIUM 1 400G LTA (NAC);1X400GR
8201;DANONE-APTAMIL PREMIUM 1 800G LTA (NAC);1X800GR
8202;BAZOOKA-PIR.MEGA PUSH POP DISPLAY;9X30GR
8203;BAZOOKA-PIR.TRIPLE POWER PUSH POP DUO DP;9X34GR
8317;QUERO-EXTRATO DE TOMATE CP 190G;1X190G
8318;QUERO-EXTRATO DE TOMATE LT 130G;1X130G
8319;QUERO-EXTRATO DE TOMATE CP 260G;1X260G
8320;QUERO-EXTRATO DE TOMATE TR 1,08KG;1X1,08KG
8321;QUERO-EXTRATO DE TOMATE LT 840G;1X840G
8322;QUERO-EXTRATAO DE TOMATE SACHE 340G;1X340G
8149;FLORESTAL PAW PATROL CHICLE T-FRUTI C/50;50X4GR
8046;BABY SOFT-L.ROUPAS MAX PERFORMANCE VERDE;12X1LT
8047;BABY SOFT-LAVA ROUPAS MAX PERFORM. VERDE;6X2LT
8048;MATSUDA-CESTO C/ TAMPA 60 LT;1UN
7597;BENEVIA-DISPLAY DE CHAO;1UN
7716;MV-PAO DE MEL MATINAL GLACEADO 48GR;1X48GR
7717;MV-PAO DE MEL MATINAL PCT 500GR;50X10GR
7718;MV-PAO DE MEL MATINAL SUPER 3 PCT 156GR;3X52GR
7719;MV-PALITOS DE CHOCOLATE PCT 15GR;30X15GR
8204;BAZOOKA-PIR.PUSH POP SLIDERZ DISPLAY;9X14GR
8227;C.OURO-SUCO UVA TINTO INTEGRAL VD 1LT;1X1LT
8332;QUERO-EXTRATO DE TOMATE TP 130G;1X130G
8333;QUERO-EXTRATO DE TOMATE TP 320G;1X320G
8334;QUERO-POLPA DE TOMATE TP 1,05KG;1X1,05KG
8335;QUERO-POLPA DE TOMATE TP 260G;1X260G
8336;QUERO-POLPA DE TOMATE SACHE 1,02KG;1X1,02KG
8337;QUERO-POLPA DE TOMATE TP 520G;1X520G
7589;BAZOOKA-PIR.PUSH POP MEU MALVADO FAV3 DP;20X15GR
7590;BAZOOKA-APERTA ZE BICHOS DOCE CHOCOLATE ;9X30GR
8150;FLORESTAL PAW PATROL CHICLE HORTELA C/50;50X4GR
8264;HEINZ-MOLHO TOMATE TRADIC. SACHE 340G;1X340G
8265;HEINZ-MOLHO TOMATE MANJERICAO SACHE 340G;1X340G
8266;HEINZ-MOLHO TOMATE BOLONHESA SACHE 340G;1X340G
8267;HEINZ-MOLHO TOMATE AZEITONA SACHE 340G;1X340G
8268;HEINZ-MOLHO TOMATE ARRABIATA SACHE 340G;1X340G
8273;MATSUDA MOVEL DISPENSER CINZA 10X37 L556;1UN
8323;GUARAMIL-REFRESCO ACAI 290ML;1X290ML
8324;GUARAMIL-REFRESCO UVA 290ML;1X290ML
8325;GUARAMIL-REFRESCO LARANJA/ACEROLA 290ML;1X290ML
8326;GUARAMIL-REFRESCO LIMONADA SUICA 290ML;1X290ML
8338;QUERO-MOLHO TOMATE ERVAS FINAS SACHE 340;1X340G
8339;QUERO-MOLHO TOMATE HOT DOG SACHE 340G;1X340G
8340;QUERO-MOLHO TOMATE TRADIC. SACHE 340G;1X340G
8341;QUERO-MOLHO TOMATE PARMEGIANA SACHE 340G;1X340G
8342;QUERO-MOLHO TOMATE MANJERICAO SACHE 340G;1X340G
8329;QUERO-EXTRATO DE TOMATE LT 4,0KG;1X4,0KG
8330;QUERO-EXTRATO DE TOMATE SACHE 140G;1X140G
8331;QUERO-EXTRATO DE TOMATE SACHE 1,02KG;1X1,02KG
8025;BABY SOFT-AMAC. TQ SEDUTOR (ROXO)2L;6X2LT
7818;FLORESTAL CHICLE CLISS CART.MACA VERDE;12X16,8GR
8242;KRAFT-MAIONESE MAYO FP 450G;1X450G
8243;KRAFT-MAIONESE MAYO FP 320G;1X320G
8244;KI-SUCO SABOR LIMAO 25G DP;15X25G
8245;KI-SUCO SABOR ABACAXI 25G DP;15X25G
8246;KI-SUCO SABOR MARACUJA 25G DP;15X25G
8247;KI-SUCO SABOR MORANGO 25G DP;15X25G
8343;QUERO-MOLHO TOMATE PIZZA SACHE 340G;1X340G
8344;QUERO-MOLHO TOMATE MARGUERITA SACHE 340G;1X340G
8345;QUERO-MOLHO TOMATE NAPOLITANO SACHE 340G;1X340G
8346;QUERO-MOLHO TOMATE BOLONHESA SACHE 340G;1X340G
8347;QUERO-MOLHO TOMATE TRADIC. SACHE 1,02KG;1X1,02KG
8348;QUERO-MOLHO TOM.TRAD.C/PEDACOS LT 340G;1X340G
7819;FLORESTAL CHICLE CLISS CART.CEREJA;12X16,8GR
7820;FLORESTAL MARSH. SORVETAO POTE;24X15GR
7601;GLOBALBEV-AMENDOIM IRACEMA SACHE CARTELA;6X30GR
8248;KI-SUCO SABOR UVA 25G DP;15X25G
8249;KI-SUCO SABOR LARANJA 25G DP;15X25G
8250;HEINZ-KETCHUP TRADICIONAL FP 397G;1X397G
8251;HEINZ-KETCHUP PICANTE FP 397G;1X397G
8252;HEINZ-KETCHUP JALAPENO FP 397G;1X397G
8349;QUERO-MOLHO TOMATE TRADICIONAL LT 3,1KG;1X3,1KG
8350;QUERO-MOLHO TOM.TRAD.PENEIRADO TP 1,05KG;1X1,05KG
8351;QUERO-MOLHO TOM.TRAD.PENEIRADO TP 320G;1X320G
8352;QUERO-MOLHO TOM.TRAD.PENEIRADO TP 520G;1X520G
8353;QUERO-GOIABADA POTE 300G;1X300G
8016;TOSCANO-MOLHO DE ALHO FR 150ML;1X150ML
8179;BABY SOFT-AMAC.TQ SEDUTOR (ROXO)5L;2X5LT
8253;HEINZ-KETCHUP TRADICIONAL FP 567G;1X567G
8254;HEINZ-KETCHUP TRADICIONAL SACHE 8G;192X8G
8255;HEINZ-KETCHUP TRADICIONAL FP 1,033KG;1X1,033KG
8256;HEINZ-MAIONESE VIDRO 415G;1X415G
8354;QUERO-GOIABADA POTE 600G;1X600G
8355;QUERO-GOIABADA BLOCO 500G;1X500G
8356;QUERO-ATUM SOLIDO LT 170G;1X170G
8569;MARIFRUITT-B.FRUTA ADOC.MARACUJA TP1LT;6X1LT
8570;MARIFRUITT-B.FRUTA ADOC. UVA TP 1LT;6X1LT
7835;VINHO SAO VICTOR TINTO SUAVE BORDO;6X1LT
7836;VINHO SAO VICTOR BRANCO SECO MOSCATO;6X1LT
7919;AP 4G LG NOVO K4 - LGX230 DS TITANIO DS;1UN
7920;AP 4G APPLE IPHONE 7 128GB PRETO MT;1UN
8552;FLORESTAL CATALOGO DE PRODUTOS;1UN
8897;V.F-AZ.OLIVA TIPO UNICO PET 500ML ESPAN.;1X500ML
8507;F-CHOC.BARRA HOLLANDER 52% CACAU;10X90G
8508;F-CHOC.BARRA HOLLANDER 65% CACAU/R.LARAN;10X90G
8565;VITTAMAX-BISCOITO CAES BANANA/AVEIA/MEL;1X500GR
8566;VITTAMAX-BISCOITO CAES CENOURA/ESPINAFRE;1X500GR
8944;NADIR-CP BAR LD 264ML 2601;1X264ML
8965;F-BALA SACHE IMINT MEL GENG.E MENTOL;20X9GR
8966;F-BALA SACHE IMINT MEL LIMAO E PROPOLIS;20X9GR
8967;FLORESTAL BALA M.ZOLLE TUB.UVA 20G ;12X20GR
8968;FLORESTAL BALA M.ZOLLE TUB.M.VERDE 20G;12X20GR
8969;FLORESTAL BALA M.ZOLLE TUB.MORANGO 20G;12X20GR
8970;FLORESTAL BALA M.ZOLLE TUB.CHURROS 20G;12X20GR
8504;C.OURO-SUCO TANGERINA/MACA INTEGRAL 1LT;1X1LT
8505;C.OURO-SUCO MACA INTEGRAL 1,5LT;1X1,5LT
8964;NADIR-CP AMERICANO MULTIUSO 190ML 2010;1X190ML
9075;CLICHE-CLICHE ALTERACAO;1UN
8811;FLORESTAL CHICLE HAPPY BOL HORTELA C/93;93X280G
8793;HOVERBOARD;1UN
8800;ESCADA ARTICULADA 3X4 DEGRAUS 13;1 UN 
8816;AMOR E CHA-CHA MATE TP 1LT;6X1LT
8870;B. DAS  MAGICAS-LELECA GLITTER 180GR DP;12X180GR
8834;LAVADORA COLORMAQ LCS10 KG BCO 220V;1UN
8879;MARIZA-AGUA MINERAL S/ GAS 1,5LT;6X1,5LT
8829;C.OURO-PALMITO ACAI RODELA PREMIUM 300G;1X300G
8836;ROTULO CASA OURO PALMITO  PICADO 300G;1UN
8485;N.NECTAR-NECTAR TP MARACUJA 200ML ;27X200ML 
8888;FLORESTAL SM PIRULITO FLOPITO FRUTAS;1X136GR
8889;FLORESTAL SM PIRULITO CHICLE CEREJA ;1X132GR
8890;FLORESTAL SM PIRULITO CORACAO VERMELHO;1X120GR
8891;FLORESTAL SM PIRULITO PICOLE NAPOLITANO;1X132GR
9131;C.OURO-VINHO TINTO SECO 750ML;1X750ML
8529;FLORESTAL BALA MAST. SAO PAULO C/200;1X1KG
8530;FLORESTAL BALA MAST. FLAMENGO C/200;1X1KG
8531;FLORESTAL BALA MAST. CORINTHIANS C/200;1X1KG
8532;FLORESTAL BALA MAST. PALMEIRAS C/200;1X1KG
8533;FLORESTAL BALA M.ZOLLE STICK M.VERDE DP;40X12,3GR
8591;DUNORTE-CASTANHA CAJU LATA 100G;6X100GR
8515;F-CHOC.HOLLANDER TRUFADO MORANGO DP;18X25G
8517;F-CHOC.BARRA MILKINO C/COCO 90G;10X90G
8518;F-CHOC.BARRA MILKINO C/AMENDOIM 90G;10X90G
8519;F-CHOC.BARRA MILKINO BRANCO 90G;10X90G
8520;F-CHOC. BARRA MILKINO AO LEITE 20G DP;12X20G
8854;FELTRIN-EXPOSITOR PAREDE 36 GANCHOS;1UN
8892;FLORESTAL SM PIRULITO CHIC.GIGA T-FRUTTI;1X125GR
8893;FLORESTAL SM PIRULITO CHIC.GIGA ENERGET;1X125GR
8917;FLORESTAL SM BALA MACIA IOGURTE;1X150GR
8501;V.FERTIL-AZ.OLIVA E.VIRGEM PREMIUM ARG. ;1X500ML
8858;TONER MASTERPRINT CB435;UN
8871;B. DAS  MAGICAS-SLIME PUXA PUXA 125GR ;12X125GR
9074;FELTRIN-EXPOSITOR FIXO C/PES 35 GANCHOS;1UN
8534;FLORESTAL BALA M.ZOLLE STICK FRAMBOES DP;40X12,3GR
8535;FLORESTAL CHICLE CLISS CART.ENERGETICO;12X16,8GR
8592;DUNORTE-PISTACHE C/CASCA SACHE 50G;20X50GR
8593;DUNORTE-AMENDOIM S/PELE SACHE 40G;18X40GR
8594;DUNORTE-AMENDOIM S/PELE SACHE 110G;10X110GR
8524;F-DRAGEAS CHOC. SPIKS AO LEITE DP;14X50G
8525;F-DRAGEAS CHOC. SPIKS BRANCO DP;14X50G
8526;F-DRAGEAS CHOC. SPIKS C/AMENDOIM DP;14X50G
8527;F-DRAGEAS CHOC. SPIKS C/PASSAS DP;14X50G
8838;ROTULO CASA OURO PALMITO TOLETE 180G;1UN
8863;BAZOOKA-OVO PLASTICO C/ SURPRESA LOL DP;24X5GR
8933;NADIR-TC BARONE 190ML 7856;1X190ML
8934;NADIR-TC BARONE 600ML 7956;1X600ML
8935;NADIR-TC GALLANT AGUA 320ML 7708;1X320ML
8936;NADIR-TC GALLANT CHAMPANHE 180ML 7808;1X180ML
9132;C.OURO-VINHO BRANCO SUAVE 750ML;1X750ML
8790;VALDA X-GOMA MASCAR MENTOL POTE 36G;6X36GR
8595;DUNORTE-MIX DE NOZES SACHE 50G;20X50GR
8596;DUNORTE-AMENDOA CHILENA SACHE 50G;20X50GR
8597;DUNORTE-POTE MIX DE NOZES 150G ;1X150GR
8598;DUNORTE-POTE CAST.CAJU TORRADA SECO 150G;1X150GR
8864;BAZOOKA-CHAVEIRO COM PASTILHAS LOL DP;18X10GR
8865;BAZOOKA-EXIBIDOR MULTI PRODUTOS BRASIL;51X1,47KG
8866;BAZOOKA-PIR.POP BY PUSH POP MINIONS DP;24X13GR
8872;B. DAS  MAGICAS-LELECA BALL 125GR DP;12X125GR
8937;NADIR-TC GALLANT V. BC 220ML 7108;1X220ML
8938;NADIR-TC GALLANT V.TINTO 250ML 7008;1X250ML
8939;NADIR-TC GIN TONICA 600ML 7948;1X600ML
8787;FLORESTAL TUBINHOS FOFS SORTIDO CITRICO;12X70G
8815;AMOR E CHA-CHA VDE C/ LIMAO TP 1LT;6X1LT
8915;B. DAS  MAGICAS-PRIVADINHA DO PUM 80GR;12X80GR
8599;DUNORTE-POTE AMENDOA LAMINADA 110G;1X110GR
8600;DUNORTE-POTE DAMASCO 140G;1X140GR
8601;DUNORTE-POTE CASTANHA DO PARA 120G;1X120GR
8602;DUNORTE-POTE PISTACHE C/CASCA 100G;1X100GR
8712;F-CHOC.BARRA BCO B.CORACAO C/RASPAS BALA;10X90G
8876;BAZOOKA-OVO DE CHOCOLATE C/ SURP.TROLLS ;12X20GR
8878;MARIZA-AGUA MINERAL C/ GAS 500ML;12X500ML
8881;CAPACETE AUTOMATICO GOW;1UN
8882;DIVERSOS ;1
8475;N.NECTAR - NECTAR TANGERINA TP 1LT;6X1LT
8476;N.NECTAR - NECTAR LIMONADA TP 1LT;6X1LT
8479;N.NECTAR - NECTAR TP LIGHT PESSEGO 1LT;6X1LT
8480;NUTRINECTAR  UVA E MACA LIGHT TP 1LT;6X1LT
8481;NUTRINECTAR CAJU TP 200ML;27X200ML
8482;NUTRINECTAR GOIABA E MACA TP 200ML;27X200ML
8603;DUNORTE-POTE NOZES S/CASCA 110G;1X110GR
8604;DUNORTE-POTE AMENDOA CHILENA NATURAL150G;1X150GR
8605;DUNORTE-POTE CHIPS DE COCO 50G;1X50GR
8883;TOSCANO-VINAGRE MACA 5% BEM VIVER;1X250ML
8884;FLORESTAL SM BALA DURA BOLINHA CANELA;1X140GR
8886;FLORESTAL SM  BALA CORACAO MORANGO;1X120GR
8887;FLORESTAL SM BALA MOLE SORTIDAS ;1X150GR
8812;FLORESTAL CHICLE HAPPY BOL MELANCIA C/93;93X280G
8946;NADIR-CP BAR LD 390ML 2603;1X390ML
8947;NADIR-CP BAR ROCKS 265ML 1800;1X265ML
8948;NADIR-TC FLORIPA CERVEJA 300ML 7732;1X300ML
8483;N.NECTAR-NECTAR TP LARANJA 200ML ;27X200ML
8484;NUTRINECTAR MANGA E MACA TP 200ML;27X200ML
8486;N.NECTAR-NECTAR TP PESSEGO 200ML ;27X200ML
8487;NUTRINECTAR UVA E MACA TP 200ML;27X200ML
8488;N.NECTAR-NECTAR TP TANGERINA  200ML;27X200ML
8489;NUTRINECTAR UVA E MACA LIGHT TP 200ML;27X200ML
8606;DUNORTE-POTE AMEIXA 150G;1X150GR
8867;BAZOOKA-PIR.POP BY PUSH POP TROLLS DP;24X13GR
8868;BENEVIA-PIR.SPRING POP MINIONS DP;25X14GR
8869;BENEVIA-OVO DE CHOCOLATE LOL DP;12X20G
8894;FLORESTAL SM PIRULITO ZOLLE FRAMBOESA;1X120GR
8914;BAZOOKA-PIR.RING POP C/SURPRESA LOL DP;24X10GR
8490;N.NECTAR-NECTAR LIGHT PESSEGO  TP 200ML ;27X200ML
8491;JUICE BOX - SUCO 100% LARANJA TP 1LT;6X1LT
8492;JUICE BOX - SUCO 100% UVA TP 1LT;6X1LT
8495;UAU-AMAC.PERF ACONCHEGO (AZUL) 2LT;1X2LT
8496;UAU-LIMP.PERF.CUIDADO/CARINHO L1L P800ML;1X1LT
8497;QUERO-KETCHUP PIZZA FP 200G;1X200G
8798;DUNORTE-MIX DE NOZES SACHE 50G;1X50GR
8896;V.F-AZ.OLIVA TIPO UNICO PET 250ML ESPAN.;1X250ML
8930;LAVADORA COLORMAQ LCS10 KG BCO 220V;1UN
8940;NADIR-TC PAULISTA AGUA 250ML 7002;1X250ML
8941;NADIR-TC PAULISTA CERVEJA 300ML 7702;1X300ML
8942;NADIR-TC PAULISTA VINHO 200ML 7402;1X200ML
8498;QUERO-MOLHO 3 EM 1 FP 200G ;1X200G
8499;GEO-DETERGENTE LIQ. OCEAN 500ML;24X500ML
8500;N.NECTAR - NECTAR JABUTICABA TP 1LT;6X1LT
9209;RUVOLO-CP PRIME M 320ML;1X320ML
9210;RUVOLO-TC  BARCELONA AGUA 300ML;1X300ML
9211;RUVOLO-TC  BARCELONA VINHO 240ML;1X240ML
9039;NADIR-JG CP SM AURORA 270ML 6PC 6XJ116;6X270ML
9040;NADIR-CP SM MANCHESTER LD 310ML J206;1X300ML
9041;NADIR-CP SM MARROCOS 250ML 2045;1X250ML
9042;NADIR-CP SM NATURE 270ML J126;1X270ML
9043;NADIR-JG CP SM NATURE 270ML 6PC 6XJ126;6X270ML
8981;FLORESTAL DROPS MAST.ZOLLE UVA;10X35GR
8982;F-MARSH.FOFS SORVETINHOS BAUNILHA RECH;1X160GR
8983;F-MARSH.FOFS TWIST ROSA/BCO BAUNILHA;1X220GR
8984;F-MARSH.FOFS TWIST AZUL/BCO BAUNILHA;1X220GR
8844;DUNORTE-CASTANHA CAJU 100G ;1X100GR
8932;NADIR-TC BARONE 385ML 7156;1X385ML
9212;RUVOLO-TC  BARCELONA CHAMPAGNE 210ML;1X210ML
9213;RUVOLO-CP OCTON LONG DRINK 290ML;1X290ML
9214;RUVOLO-QUEIJEIRA GOURMET C/TAMPA;1X1UN
8555;B.VISTA-BISC.FAZEND.RECH LIMAO 130GR  ;1X130GR
8768;FELTRIN-EXPOSITOR GIRATORIO 84 GANCHOS;1UN
8769;FELTRIN-EXPOSITOR DE PAREDE 30 GANCHOS;1UN
8770;FELTRIN-EXPOSITOR N4 PAREDE 20 GANCHOS;1UN
9044;NADIR-CP SM ZUMBA 270ML J136;1X270ML
8985;F-MARSH.FOFS TWIST NAPOLITANO;1X220GR
8986;F-MARSH.FOFS CORACAO MORANGO;1X220GR
8987;F-MARSH.FOFS TWIST COLORIDO BAUNILHA;1X220GR
8988;F-MARSH.FOFS TUBE COLORIDO BAUNILHA;1X220GR
8509;F-CHOC.BARRA HOLLANDER 65% CACAU C/AVELA;10X90G
8510;F-CHOC.BARRA HOLLANDER 71% CACAU;10X90G
8511;F-CHOC.BARRA HOLLANDER 80% CACAU C/ NIBS;10X90G
8512;F-CHOC.HOLLANDER TRUFADO D.LEITE DP;18X25G
9215;RUVOLO-MINI QUEIJEIRA C/TAMPA H.SPECIAL;1X1UN
9216;RUVOLO-POTE KITCHEN C/TPA PLAST.G;1X2200ML
9217;RUVOLO-POTE HERMETICO PP;1X675ML
8780;TITANIUM-ENERGETICO PET 500ML;12X500ML
8841;B.VISTA-BISC.FAZEND.RECH BANANA 130GR;1X130GR
8909;FLORESTAL MOCHILA PERSONALIZADA;1UN
8910;FLORESTAL FRITADEIRA ELETRICA 220V;1UN
8989;F-MARSH.FOFS SM TUBE COLORIDO BAUNILHA ;1X55GR
8990;F-MARSH.FOFS SM TWIST COLORIDO BAUNILHA ;1X55GR
8991;F-MARSH.FOFS SM CORACAO MORANGO ;1X55GR
8992;VALDA-DISPLAY MODULAR 4 GANCHOS;1UN
9051;OURO CASA-SACO P/LIXO ROLO 15LT PRETO;12X1X40UN
9067;NADIR-JARRA BAR 780ML 5416;1X780ML
9068;NADIR-JARRA BAR 1,55LT 5414;1X1,55LT
9069;NADIR-TC SM ROYAL 185ML J808;1X185ML
9070;NADIR-TC SM ROYAL 365ML J800;1X365ML
9218;RUVOLO-POTE HERMETICO M;1X1150ML
8911;"FLORESTAL TV SMART 32""""";1UN
8912;FLORESTAL PATINETE ATRIO ES263;1UN
9052;OURO CASA-SACO P/LIXO ROLO 30LT PRETO;12X1X20UN
9053;OURO CASA-SACO P/LIXO ROLO 50LT PRETO;12X1X20UN
9054;OURO CASA-SACO P/LIXO ROLO 100LT PRETO;12X1X10UN
9081;SUPREMA-CLORO ATIVO SUPER CONC. 5% 5L;1X5LT
8849;FELTRIN-SEM.FLOR MORANGO ORNAMENTAL;20X50MG
8949;NADIR-CP FREVO 220ML 7120;1X220ML
8950;NADIR-CP ILHABELA LD 400ML 7623;1X400ML
8951;NADIR-CP LIGHTS LD 410ML 7604;1X410ML
9071;NADIR-TC SM ROYAL 615ML J809;1X615ML
9072;NADIR-CP SM BROOKLYN LD 330ML J256;1X330ML
9073;NADIR-JARRA SM TANGO 1,5LT 5447;1X1,5LT
8860;FLORESTAL-EXPOSITORES DE PAPEL CARTAO;1UN
8861;FLORESTAL CATALOGOS CHOCOLATE ;1UN
9082;SUPREMA-CLORO ATIVO PROFISS. CONC. 5% 5L;1X5LT
8952;NADIR-CP LIGHTS ROCKS 290ML 7504;1X290ML
8953;NADIR-JG CP BATUQUE 265ML 6PC 2019;6X265ML
8954;NADIR-JG CP GINGA 265ML 6PC 2021;6X265ML
8955;NADIR-JG CP LAGUNA 265ML 6PC 2026;6X265ML
8956;NADIR-JG CP MARACATU 265ML 6PC 2018;6X265ML
9219;RUVOLO-PRATO BOLO CJ SERVIR MONACO ;1X5PC
8846;SEPTGEL- ALCOOL GEL ANTISSEP. 70% 500ML;1X500ML
8957;NADIR-TG SOBREMESA LIGHTS 310ML 7304;1X310ML
8958;NADIR-TC SOBREMESA PAULISTA 220ML 7202;1X220ML
8959;NADIR-TG MULTIUSO POLI 170ML 4401;1X170ML
9027;NADIR-LASANHEIRA C/TP 5LT 6538;1X5LT
9028;NADIR-TERRINA REDONDA 1LT 6455;1X1LT
9029;NADIR-TERRINA REDONDA 2,3LT 6456;1X2,3LT
9030;NADIR-TERRINA REDONDA 2,8LT 6457;1X2,8LT
8771;FELTRIN-EXPOSITOR BALCAO GIR.24 GANCHOS;1UN
8847;SEPTGEL- ALCOOL GEL ANTISSEP. 70% 1 LT;1X1LT
8848;SEPTGEL- ALCOOL GEL ANTISSEP. 70% 5 LT;1X5LT
8916;FELTRIN-SEM.FLOR AMOR PERF.SORT.GIGANTE;20X70MG
8960;NADIR-CANECA ASPEN 300ML 5909;1X300ML
8961;NADIR-CANECA TARSILA 300ML 5921;1X300ML
8962;NADIR-DECANTER 500ML 7619;1X500ML
8536;VALDA CLASSIC-PASTILHA MENTOL LATA 50G;10X50GR
8537;VALDA CLASSIC-PASTILHA MENT. FLIPTOP 24G;12X24GR
8538;VALDA CLASSIC-PASTILHA MENTOL SACHE 12G;12X12GR
8539;VALDA TABLETE GOMA MASCAR C/100 ;100X4GR
8540;VALDA DIET-PASTILHA MENTOL SACHE 12G;12X12GR
8803;VALDA-DISPLAY MODULAR 8 GANCHOS;1UN
9031;NADIR-FACILITA VAP C/TP 300ML 0729;1X300ML
8513;F-CHOC.HOLLANDER TRUFADO BRIGADEIRO DP;18X25G
8514;F-CHOC.HOLLANDER TRUFADO CAFE DP;18X25G
8516;F-CHOC.BARRA MILKINO AO LEITE 90G;10X90G
8521;F-CHOC. BARRA MILKINO C/ COCO 20G DP;12X20G
8522;F-CHOC. BARRA MILKINO C/AMENDOIM 20G DP;12X20G
8523;F-CHOC. BARRA MILKINO BRANCO 20G DP;12X20G
8903;V.F-AZ.OLIVA E.VIRGEM PREM VD 750ML ARG.;1X750ML
8904;V.F-AZ.OLIVA E.VIRGEM PET 500ML TUNISIA;1X500ML
8905;V.FERTIL-CHAMPIGNON INTEIRO D.PACK(I);1X100GR
8906;V.FERTIL-AZ.MIX TEMPERADA SABOR ITALIANO;1X150GR
9141;FLORESTAL CJ. FACAS CHURRASCO TRAMONTINA;1UN
8541;VALDA DIET-TABLETE GOMA MASCAR C/100 ;100X3,5GR
8542;VALDA FRIENDS-PASTILHA MENTOL SACHE 25G;30X25GR
8543;VALDA FRIENDS-PASTILHA CAFE SACHE 25G;30X25GR
8544;VALDA FRIENDS-PASTILHA CANELA SACHE 25G;30X25GR
8545;VALDA C-BALA GELATINA LARANJA SACHE 24G;18X24GR
8546;VALDA C-BALA GELATINA LARANJA LATA 50G;10X50GR
9003;NADIR-PT DURALEX DIAM. SOB.5338;1X19CM
8859;FLORESTAL-EXPOSITORES DE CHOCOLATE;1UN
8919;F-CHOC.FLORESTAL BRANCO UNICORNIOS 90G;10X90GR
8920;F-CHOC.FLORESTAL AO LEITE 90G;10X90GR
8921;F-CHOC.FLORESTAL BRANCO 90G;10X90GR
8832;C.SUICA BOLO ZERO C/NOZES;280GR
8830;TOSCANO- CAIXA PAPELAO ;1UN
9142;FLORESTAL BOLSA TERMICA;1UN
9143;FLORESTAL KIT CAIPIRA;1UN
8547;VALDA X-GOMA MASCAR MENTOL LATA 18G;18X18GR
8548;VALDA FRIENDS-PASTILHA MENTOL POTE 50G;6X50GR
9004;NADIR-JG PRATO DURALEX DIAM.F.6PC 6X5838;6X22,4CM
9005;NADIR-PT DURALEX PRIMAVERA FD 5831;1X22,4CM
9006;NADIR-PT DURALEX PRIMAVERA RS 5731;1X23CM
8922;F-CHOC.FLORESTAL40% MEIO AMARGO 90G;10X90GR
8923;F-CHOC.FLORESTAL AO LEITE C/AMENDOIM 90G;10X90GR
8924;F-CHOC.FLORESTAL AO LEITE C/FLOCOS 90G;10X90GR
8925;F-CHOC. FLORESTAL AO LEITE 20G;15X20G
8842;FLORESTAL BALA MAST. FLAMENGO C/90;1X450GR
9147;RUVOLO-PRATO BOLO GURMET C/PE TAMPA PLAS;1X1UN
9164;RUVOLO-SALADEIRA BOWL GOURMET RIVIERA;1X1UN
9165;RUVOLO-SALADEIRA BOWL GOUR. RIVIERA C/PE;1X1UN
9007;NADIR-PT DURALEX PRIMAVERA SOB 5331;1X19CM
9008;NADIR-PT DURALEX OCEANO FD 6008;1X22,2CM
9009;NADIR-PT DURALEX OCEANO RS 6002;1X22,6CM
9010;NADIR-PT DURALEX OCEANO SOB.6006;1X19CM
8877;MARIZA-AGUA MINERAL S/ GAS 500ML;12X500ML
8926;F-CHOC. FLORESTAL BRANCO 20G;15X20G
8927;F-CHOC. FLORESTAL40% MEIO AMARGO 20G   ;15X20G
8928;F-CHOC. FLORESTAL AO LEITE C/AMENDOIM 20;15X20G
8493;JUICE BOX-SUCO 100% UVA TP 200ML ;27X200ML
8494;JUICE BOX-SUCO 100% LARANJA TP 200ML;27X200ML
8503;BOBINA FORRACAO OVM;1UN
8826;C.OURO-PALMITO ACAI INTEIRO PREMIUM 300G;1X300G
9166;RUVOLO-JG TC SOB.NEW VERANO 12PC;1X12PC
8810;FLORESTAL CHICLE HAPPY BOL UVA C/93;93X280G
8931;NADIR-TC BARONE 490ML 7056;1X490ML
9011;NADIR-PT DURALEX MENU RS 5743;1X24CM
9012;NADIR-PT DURALEX MENU FD 5843;1X23CM
9013;NADIR-PT DURALEX MENU SOB.5343;1X19CM
8918;FLORESTAL FAIXA PROMOCIONAL ROLO 90M ;1RL
8929;F-CHOC. FLORESTAL AO LEITE C/FLOCOS 20G;15X20G
9065;FELTRIN-SEM.FLOR GIRASSOL VERMELHO;20X600MG
9066;FELTRIN-SEM.FLOR GIRASSOL AMARELO;20X600MG
8474;NUTRINECTAR  ABACAXI E MACA TP 1LT;6X1LT
8843;TOSCANO-VINAGRE MACA ORGANICO 4% B.VIVER;1X250ML
8907;FLORESTAL BALAS  DIV. SABORES;1CX
8908;FLORESTAL CAFETEIRA EXPRESSO DOLCE GUSTO;1UN
9167;RUVOLO-POTE STYLE G DEC C/ TAMPA PLAST.;1X2,2LT
9168;RUVOLO-POTE STYLE M DEC C/ TAMPA PLAST.;1X1,15LT
9169;RUVOLO-POTE STYLE P DEC C/ TAMPA PLAST.;1X900ML
9175;V.FERTIL- UVA PASSA ESCURA S/SEM.SACHE;1X150GR
9014;NADIR-PT DURALEX PETALA FD 5844;1X23,5CM
9015;NADIR-PT DURALEX PETALA RS 5744;1X25,5CM
9016;NADIR-PT DURALEX PETALA SOB.5344;1X19,5CM
9017;NADIR-ASSAD.OVAL 4LT 6664;1X4LT
8845;SEPTGEL- ALCOOL GEL ANTISSEP. 70% 200G;1X200G
8873;B. DAS  MAGICAS-SLIME PUXA PUXA SM 80GR;1X80GR
8880;COIFA CAMB. HYUNDAI VERA CRUZ A346;1UN
9080;SUPREMA-CLORO ATIVO 2,5% 5LT;1X5LT
8502;BAZOOKA-PIR.BABY B. POP POPPING CANDY DP;18X18GR
9176;V.FERTIL- DAMASCO SECO S/SEMENTE SACHE;1X150GR
9177;V.FERTIL- AMEIXA SECA S/SEMENTE SACHE(I);1X150GR
8814;FLORESTAL CHICLE HAPPY BOL SUSTO C/93;93X280G
8821;CATALOGOS VALE FERTIL;1UN
9018;NADIR-ASSAD.REDONDA 2,4LT 6495;1X2,4LT
9019;NADIR-ASSAD.RETANGULAR 1,6LT 6532;1X1,6LT
9020;NADIR-ASSAD.RETANGULAR 2,2LT 6534;1X2,2LT
8971;FLORESTAL CONFEITO DRAG. IMINT MENTA;10X32GR
8972;FLORESTAL CONFEITO DRAG. IMINT HORTELA;10X32GR
8973;FLORESTAL CONFEITO DRAG. IMINT CEREJA ;10X32GR
8974;FLORESTAL CONFEITO DRAG. IMINT F.VERM.;10X32GR
9188;SANDUICHEIRA MUNDIAL FAST S12 PRETO 220V;1UN
9189;FAQUEIRO BRINOX MODENA 42PCS INOX ACO;1UN
9190;CJ COPOS NADIR ALTO ARUBA 465ML 6PCS;1UN
9191;VENTILADOR BRITANIA FAMA 30 PRETO 220V;1UN
9021;NADIR-ASSAD.RETANGULAR 2,9LT 6536;1X2,9LT
9032;NADIR-FACILITA VAP C/TP 500ML 0723;1X500ML
9033;NADIR-FACILITA VAP C/TP 750ML 0726;1X750ML
9034;NADIR-AV ASD OPAL OVAL MED 1LT 655917;1X1LT
9035;NADIR-AV ASD OPAL OVAL GDE 1,4LT 675917;1X1,4LT
8874;FELTRIN-SEM.HORT.CEBOLA IPA AMARELA;25X400MG
8875;FELTRIN-SEM.HORT.MORANGA EXPOSICAO;25X2G
8975;FLORESTAL CONFEITO DRAG. IMINT IOGURTE;10X32GR
8976;FLORESTAL CONFEITO DRAG. IMINT T. FRUTTI;10X32GR
8477;HEINZ-KETCHUP TRADICIONAL BAG 2KG;1X2KG
8478;HEINZ-MOSTARDA BAG 2KG;1X2KG
8839;ROTULO CASA OURO PALMITO TOLETE 300G;1UN
9192;CHURRASQUEIRA ELETRICA BRITANIA PRETO;1UN
9193;FERRO VAPOR MALLORY JUPITER BRANCO/AZUL;1UN
8549;LAVADORA ELECTROLUX LAC11 10,5KG BRANCO;1UN
8550;UNIDADE INTERNA SPLIT HW 22 KBTUS 220V;1UN
8551;UNIDADE EXTERNA SPLIT HW 22 KBTUS 220V;1UN
9036;NADIR-AV ASD OPAL OVAL PEQ 600ML 635917;1X600ML
9037;NADIR-AV ASD OPAL REDONDA GDE 2LT 685917;1X2LT
9038;NADIR-CP SM AURORA 270ML J116;1X270ML
8977;FLORESTAL CONFEITO DRAG. IMINT VIT C;10X32GR
8978;FLORESTAL DROPS MAST.ZOLLE FRAMBOESA;10X35GR
8979;FLORESTAL DROPS MAST.ZOLLE M.VERDE;10X35GR
8980;FLORESTAL DROPS MAST.ZOLLE MORANGO;10X35GR
8807;FLORESTAL CHICLE HAPPY BOL MARACUJA C/93;93X280G
9194;CJ PANELA TRAMONTINA TURIM 4PCS VERMELHO;1UN
9195;GARRAFA TERMICA SAN REMO C FILTRO 700ML ;1UN
9196;CJ SOBREMESA RUVOLO CANCUN 12 PC INCOLOR;1UN
9197;AP JANTAR OPALINE JASMIN 12PCS BRANCO;1UN
9172;BAZOOKA-CHOC.BARRA REC.C/SURP PAT.CANINA;1X48GR
8772;FRITADEIRA CADENCE FRT550 P;1UN
8795;DUNORTE-CASTANHA CAJU 100G ;1X100GR
8796;DUNORTE-CASTANHA CAJU GRANUL. SACHE 100G;1X100GR
8805;FLORESTAL BALA BRAZILIAN COFFEE M.PORCAO;12X18G
8809;FLORESTAL CHICLE HAPPY BOL T.FRUTTI C/93;93X280G
8857;PAPEL CHAMEX HP A4 500X1;UN
8554;GEO-AMACIANTE R.INFANTIS (BRANCO) 2LT;6X2LT
8786;FLORESTAL TUBINHOS FOFS MORANGO CITRICO;12X70G
8788;FLORESTAL TIRINHAS FOFS MORANGO ACIDO;12X70G
8789;FLORESTAL TIRINHAS FOFS SORTIDO ACIDO;12X70G
8792;BICICLETA ARO 29;1UN
8794;DUNORTE-AMENDOA CHILENA SACHE 50G;1X50GR
8707;F-CHOCO FOFS CHOCOLATE C/MARSH DP;15X14GR
8748;FELTRIN-SEM.HORT.CEBOLINHA TODO ANO;25X400MG
8749;FELTRIN-SEM.HORT.FEIJAO TEMPESTA VAGEM;25X2G
8750;FELTRIN-SEM.HORT.MARACUJA AMARELO;25X300MG
8751;FELTRIN-SEM.HORT.MAXIXE DO NORTE;25X1G
8784;BABY SOFT-AMAC. INFINITY CARE 3L;4X3LT
8813;FLORESTAL CHICLE HAPPY BOL ACIDO MORANGO;93X280G
8818;TOSCANO-CAIXA PAPELAO ;1X750ML
8828;C.OURO-PALMITO ACAI PICADO PREMIUM 300G;1X300G
8831;CAD.AGENDA EXECUTIVA MASC.MINI;1 UN
8752;FELTRIN-SEM.ERVAS ARRUDA;20X100MG
8753;FELTRIN-SEM.ERVAS CAMOMILA;20X120MG
8754;FELTRIN-SEM.ERVAS CEBOLINHA VERDE FINA;20X50MG
8755;FELTRIN-SEM.ERVAS ERVA CIDREIRA;20X150MG
8756;FELTRIN-SEM.ERVAS HORTELA;20X30MG
8723;FELTRIN-SEM.HORT.COENTRO VERDAO;25X1,6G
8724;FELTRIN-SEM.HORT.COUVE MANTEIGA;25X1G
8725;FELTRIN-SEM.HORT.ESPINAFRE NOVA ZELANDIA;25X700MG
8726;FELTRIN-SEM.HORT.JILO COMPRIDO;25X400MG
8727;FELTRIN-SEM.HORT.MAMAO FORMOSA;25X250MG
8757;FELTRIN-SEM.ERVAS MANJERICAO VERDE;20X150MG
8758;FELTRIN-SEM.ERVAS MANJERICAO ROXO;20X100MG
8759;FELTRIN-SEM.ERVAS OREGANO;20X80MG
8760;FELTRIN-SEM.FLOR AMOR PERFEITO SORTIDO;20X70MG
8761;FELTRIN-SEM.FLOR BELA DA MANHA;20X1G
8728;FELTRIN-SEM.HORT.MELANCIA CRIMSON;25X1G
8729;FELTRIN-SEM.HORT.PEPINO VERDE COMPRIDO;25X1G
8730;FELTRIN-SEM.HORT.PIMENTA CHAPEU DE BISPO;25X400MG
8731;FELTRIN-SEM.HORT.PIMENTA CAYENNE;25X400MG
8732;FELTRIN-SEM.HORT.PIMENTA DE BICO;25X400MG
8762;FELTRIN-SEM.FLOR CRAVO GIGANTE SORTIDO;20X100MG
8763;FELTRIN-SEM.FLOR DALIA SORTIDA;20X320MG
8764;FELTRIN-SEM.FLOR GIRASSOL DOBR. AMARELO;20X600MG
8765;FELTRIN-SEM.FLOR PETUNIA SORTIDA;20X80MG
8766;FELTRIN-SEM.FLOR SALVIA ANA;20X100MG
8733;FELTRIN-SEM.HORT.PIMENTA MALAGUETA;25X400MG
8734;FELTRIN-SEM.HORT.PIMENTA MALAGUETINHA;25X400MG
8735;FELTRIN-SEM.HORT.PIMENTA OURO;25X400MG
8736;FELTRIN-SEM.HORT.PIMENTA MALAGUET VULCAO;25X400MG
8737;FELTRIN-SEM.HORT.PIMENTAO C.DURA IKEDA;25X400MG
8767;FELTRIN-SEM.FLOR ZINNIA;20X290MG
8738;FELTRIN-SEM.HORT.QUIABO SANTA CRUZ;25X2G
8739;FELTRIN-SEM.HORT.QUIABO VALENCA;25X2G
8740;FELTRIN-SEM.HORT.RABANETE REDONDO VIP;25X1,4G
8741;FELTRIN-SEM.HORT.RUCULA CULTIVADA;25X1G
8742;FELTRIN-SEM.HORT.RUCULA FOLHA LARGA;25X1G
8743;FELTRIN-SEM.HORT.SALSA LISA;25X900MG
8744;FELTRIN-SEM.HORT.SALSA GRAUDA;25X900MG
8745;FELTRIN-SEM.HORT.TOMATE CAROLINA CEREJA;25X100MG
8746;FELTRIN-SEM.HORT.TOMATE SANTA CRUZ;25X400MG
8747;FELTRIN-SEM.HORT.TOMATE GAUCHO SALADA;25X400MG
8663;SUPREMA-L. ROUPAS LIQ MULTI-ACAO AZUL 5L;1X5LT
8664;SUPREMA-L. ROUPAS LIQ COCO 5L;1X5LT
8665;SUPREMA-DESINF. PINHO 2LT;1X2LT
8666;SUPREMA-DESINF. OCEANIC 2LT;1X2LT
8913;B. DAS  MAGICAS-GEL KIDS 200GR DP;12X200GR
8797;DUNORTE-CASTANHA CAJU SACHE 50G;1X50GR
8799;DUNORTE-PISTACHE C/CASCA SACHE 50G;1X50GR
8898;V.F-AZ.OLIVA E.VIRGEM VD 250ML ESPANHOL;1X250ML
9063;F-MARSH.FOFS POP AZUL DISPLAY 40GR;12X40GR
9064;F-MARSH.FOFS POP ROSA DISPLAY 40GR;12X40GR
8856;MOTO HONDA CG 160 START VERMELHA;1UN
8777;FLORESTAL BALA BRAZILIAN COFFEE LT;10X1X40GR
9055;V.SERRANO-VINHO GFA TINTO SECO 1LT;1X1LT
9056;V.SERRANO-VINHO GFA TINTO SUAVE 1LT;1X1LT
9045;OURO CASA-SACO P/LIXO ALMOFADA 15LT PTO;25X1X20UN
9046;OURO CASA-SACO P/LIXO ALMOFADA 30LT PTO;25X1X10UN
9047;OURO CASA-SACO P/LIXO ALMOFADA 50LT PTO;25X1X10UN
9048;OURO CASA-SACO P/LIXO ALMOFADA 100LT PTO;25X1X5UN
8804;FLORESTAL BALINHA CORACAO MORANGO M.PORC;12X20G
9334;BALY-ENERG.  MELANCIA LT 473ML;6X473ML
8963;NADIR-CP AMERICANO DOSE 45ML 2310;1X45ML
8621;SUPREMA-DESENGORDURANTE SQUEEZE 500ML;1X500ML
8622;SUPREMA-LAVA LOUCAS LIQ LIMAO 500ML;1X500ML
8623;SUPREMA-LAVA LOUCAS LIQ F.VERMELH. 500ML;1X500ML
8624;SUPREMA-LAVA LOUCAS LIQ CLEAR 500ML;1X500ML
8625;SUPREMA-LAVA LOUCAS LIQ NEUTRO 500ML;1X500ML
8626;SUPREMA-LAVA LOUCAS LIQ COCO 500ML;1X500ML
8627;SUPREMA-LAVA LOUCAS LIQ. CLEAR 5LT;1X5LT
8628;SUPREMA-LAVA LOUCAS LIQ. NEUTRO 5LT;1X5LT
8629;SUPREMA-MULTIUSO 3 EM1 TRADICIONAL 500ML;1X500ML
8825;FLORESTAL-CESTO EXPOSITOR PAPEL CARTAO;1UN
9049;NADIR-JG CP SM ZUMBA 270ML 6PC 6XJ136;6X270ML
9050;NADIR-APARELHO JANTAR PETALA 16PC;1X16PC
8895;FLORESTAL BALAS E PIRULITOS DIV. SABORES;1CX
8630;SUPREMA-MULTIUSO 3 EM1 CAMPESTRE 500ML;1X500ML
8631;SUPREMA-MULTIUSO 3 EM1 CITRUS 500ML;1X500ML
8632;SUPREMA-MULTIUSO 3 EM1 FRESH 500ML;1X500ML
8633;SUPREMA-MULTIUSO 3 EM1 LIMP.PESADA 500ML;1X500ML
8634;SUPREMA-AGUA SANITARIA 1LT;1X1LT
8802;VALDA-DISPLAY MODULAR 2 GANCHOS;1UN
8993;NADIR-TG AMERIC. 150ML C/TP 4210;1X150ML
8994;NADIR-TG AMERIC. 350ML C/TP 4110;1X350ML
8995;NADIR-TG AMERIC. 600ML C/TP 4010;1X600ML
8996;NADIR-PT DURALEX ASTRAL FD 0008;1X22,2CM
8997;NADIR-PT DURALEX ASTRAL RS 0002;1X22,6CM
8635;SUPREMA-AGUA SANITARIA 2LT;1X2LT
8636;SUPREMA-AGUA SANITARIA 5LT;1X5LT
8637;SUPREMA-LIMP. PERFUM. DELICATO 500ML;1X500ML
8638;SUPREMA-LIMP. PERFUM. ELEGANCE 500ML;1X500ML
8998;NADIR-PT DURALEX ASTRAL SOPA 0004;1X19,6CM
8999;NADIR-PT DURALEX ASTRAL SOB.0006;1X19CM
9000;NADIR-XC DURALEX AST.CHA 240ML 0104;1X240ML
9001;NADIR-PT DURALEX DIAM. FD 5838;1X22,4CM
9002;NADIR-PT DURALEX DIAM. RS 5738;1X23CM
8885;FLORESTAL SM BALA BRAZILLIAN COFFEE;1X120GR
9057;V.SERRANO-VINHO TINTO SECO 750ML;1X750ML
9058;V.SERRANO-VINHO TINTO SUAVE 750ML;1X750ML
9059;V.SERRANO-VINHO TINTO DEMI-SEC 750ML;1X750ML
8639;SUPREMA-LIMP. PERFUM. MANHA DE SOL 500ML;1X500ML
8640;SUPREMA-LIMP. PERFUM. ROSA VENTOS 500ML;1X500ML
8641;SUPREMA-LIMPA VIDROS SQUEEZE 500ML;1X500ML
8642;SUPREMA-REMOVEDOR  TRADICIONAL 500ML;1X500ML
8643;SUPREMA-REMOVEDOR  FLORATA 500ML;1X500ML
8785;BABY SOFT-AMAC. INFINITY CARE 2L;6X2LT
8820;V.FERTIL-AZ.VDE S/CAROCO SNACKS PROVENC.;24X50GR
9060;V.SERRANO-VINHO BRANCO SUAVE 750ML;1X750ML
9061;C.OURO-SUCO UVA TINTO INTEGRAL PET 900ML;1X900ML
9062;C.OURO-SUCO UVA TINTO INTEGRAL PET 1,5LT;1X1,5LT
8644;SUPREMA-REMOVEDOR  VERBENA 500ML;1X500ML
8645;SUPREMA-REMOVEDOR TRADICIONAL 1LT;1X1LT
8646;SUPREMA-REMOVEDOR FLORATA 1LT;1X1LT
8647;SUPREMA-REMOVEDOR VERBENA 1LT;1X1LT
8648;SUPREMA-ALVEJANTE ULTRA BRANQUEADOR 1,5L;1X1,5LT
8819;V.FERTIL-AZ.VDE S/CAROCO SNACKS CHILI SC;24X50GR
8827;C.OURO-PALMITO ACAI INTEIRO PREMIUM 180G;1X180G
8899;V.F-AZ.OLIVA E.VIRGEM VD 500ML ESPANHOL;1X500ML
8900;V.F-AZ.OLIVA E.VIRGEM PRE.VD 500ML CHILE;1X500ML
8901;V.F-AZ.OLIVA E.VIRGEM PREM VD 250ML ARG.;1X250ML
8902;V.F-AZ.OLIVA E.VIRGEM PREM VD 500ML ARG.;1X500ML
8945;NADIR-CP BAR LD 340ML 2606;1X340ML
8840;VINACLEAN-LIMP.MULTIUSO 8% ACIDEZ 750ML;1X750ML
9076;ROTULO CASA OURO PALMITO  PICADO 300G;1UN
9077;ROTULO CASA OURO PALMITO RODELA 300G;1UN
9078;ROTULO CASA OURO PALMITO INTEIRO 300G;1UN
9022;NADIR-LASANHEIRA 3,7LT 6537;1X3,7LT
9023;NADIR-LASANHEIRA 5LT 6538;1X5LT
9024;NADIR-FORMA FILETADA 600ML 6227;1X600ML
9025;NADIR-FORMA FILETADA 1,3LT 6228;1X1,3LT
8781;SUPREMA-LIMPA VIDROS GATILHO 500ML;1X500ML
9079;ROTULO CASA OURO PALMITO INT.PREM. 180G;1UN
8817;AMOR E CHA-CHA VDE LARANJA E GENGIBRE 1L;6X1LT
9026;NADIR-FORMA FILETADA 1,6LT 6229;1X1,6LT
8649;SUPREMA-ALVEJANTE ULTRA REM.MANCHAS 1,5L;1X1,5LT
8650;SUPREMA-AMAC  ALEGRES ENCANTOS (AZUL) 2L;1X2LT
8651;SUPREMA-AMAC  LA FELICITA (AMARELO) 2L;1X2LT
8652;SUPREMA-AMAC  EXPR.CARINHO BCO/LILAS 2L;1X2LT
8667;SUPREMA-DESINF. EUCALIPTO 2LT;1X2LT
8668;SUPREMA-DESINF. FLORES DO CAMPO 2LT;1X2LT
8669;SUPREMA-DESINF. LAVANDA BOUQUET 2LT;1X2LT
8670;SUPREMA-DESINFETANTE EUCALIPTO 5LT;1X5LT
8671;SUPREMA-DESINFETANTE LAVANDA BOUQUET 5LT;1X5LT
8653;SUPREMA-AMAC  TOQUE DE AMOR (ROSA) 2L;1X2LT
8654;SUPREMA-AMAC ALEGRES ENCANTOS (AZUL) 5L;1X5LT
8655;SUPREMA-AMAC TOQUE DE AMOR (ROSA) 5L;1X5LT
8656;SUPREMA-L.ROUPAS LIQ ULTRA-AÇAO VERDE 1L;1X1LT
8657;SUPREMA-L.ROUPAS LIQ MULTI-AÇAO AZUL 1L;1X1LT
8658;SUPREMA-L.ROUPAS  LIQ  COCO 1L;1X1LT
8659;SUPREMA-L ROUPAS LIQ ULTRA-ACAO VERDE 3L;1X3LT
8660;SUPREMA-L ROUPAS LIQ MULTI-ACAO AZUL 3L;1X3LT
8661;SUPREMA-L ROUPAS LIQ COCO 3L;1X3LT
8662;SUPREMA-L. ROUPAS LIQ ULTRA-ACAO VERDE5L;1X5LT
9146;RUVOLO-CP LONG DRINK MIX CULTIVE 260ML;1X260ML
9162;RUVOLO-SALADEIRA/FRUTEIRA GOURMET C/PE;1X1UN
9163;RUVOLO-TC BOMBONIERE BELGICA RIVIERA TPA;1X1UN
9178;RELOGIO DE PONTO REP HENRY PRISMA ADVANC;1UN
9183;FLORESTAL ADEGA 12 GARRAFAS VINHO 220V;1UN
9170;FELTRIN-EXPOSITOR GIRATORIO 128 GANCHOS;1UN
9145;RUVOLO-CANECA CHOP HOPFEN 610ML;1X610ML
9184;FLORESTAL CHOPEIRA ELETRICA BRENMAX;1UN
9185;FLORESTAL CERVEJEIRA 100 LITROS 220V;1UN
9186;FLORESTAL TABUA INTELIGENTE P/CHURRASCO;1UN
9187;BARRIL DE CHOPP 50LTS VAZIO;1UN
9257;FLORESTAL BOLSA TERMICA 15L PERSON.;1UN
9305;TOSCANO-VINAGRE ALCOOL DUPLO 8% 2LT;1X2LT
9306;TOSCANO-VINAGRE DE ALCOOL DUPLO 8% 5L;1X5L
9311;GRASSI-GIN/TONICA ICE INTENCION VD 275ML;6X275ML
10563;QUEENSBERRY 100% FRUIT GELEIA DE DAMASCO;1X300G
9272;MATSUDA MOVEL DISPENSER PRETO 10X40L 111;1UN
9273;ROTULO C.OURO PALMITO PUPUNHA INT.300GR;1UN
9274;ROTULO C.OURO PALMITO PUPUNHA INT.180GR;1UN
9275;ROTULO C.OURO PALMITO PUPUNHA RODELA 300;1UN
9276;ROTULO C.OURO PALMITO PUPUNHA PICADO 300;1UN
9277;B. DAS  MAGICAS-GEL KIDS 180GR DP;12X180GR
9282;BALY-ENERG TRADICIONAL LT 250ML;6X250ML
9293;BALY-ENERG COCO/ACAI LT 250ML;6X250ML
9294;BALY-ENERG FRUTAS TROPICAIS LT 250ML;6X250ML
10564;QUEENSBERRY 100% FRUIT GELEIA F.VERMELHA;1X300G
9302;BALY-ENERG.MACA VERDE PET 2L;6X2L
9321;TOSCANO-VINAGRE ALCOOL COLORIDO 5L;1X5L
9327;FLORESTAL CHICLE HAPPY BOL MELANCIA C/46;46X140GR
9328;FLORESTAL CAMISETA CLISS;1UN
9329;BALY-ENERG. FRUTAS TROPICAIS PET 1L;6X1L
9330;BALY-ENERG. MACA VERDE PET 1L;6X1L
9247;FLORESTAL-CAIXA TERMICA MOR 18L PERSON.;1UN
9248;FLORESTAL-COOLER 24L PERSONALIZADO;1UN
9249;FLORESTAL-COLCHAO INFLAVEL SUMER;1UN
9250;FLORESTAL-COLCHAO INFLAVEL POLTRONA;1UN
9251;FLORESTAL-BOIA PICOLE MOR;1UN
9292;FLORESTAL CHICLE HAPPY BOL SUSTOO C/46;46X3G
9307;HDD 600GB SAS 15K 6G 3.5 HITACHI/DELL;UN
9309;SEAGATE HDD SAS CHEETAH 15K 600GB ST3600;1UN
9310;HDD 600GB SAS 15K 6G 3.5 HITACHI/DELL;1UN
9314;FLORESTAL BALA MAST.ZOLLE UNICORNIOS;1X350GR
9252;FLORESTAL-CADEIRA DE AREA;1UN
9253;FLORESTAL-GARRAFA TERMICA 750ML PERSON.;1UN
9254;RUVOLO-BOLEIRA BLACK C/PE E TAMPA;1X1UN
9255;RUVOLO-BOLEIRA P H.SPECIAL C/PE E TAMPA;1X1UN
9256;RUVOLO-PRATO BLACK C/TAMPA;1X1UN
9268;BAZOOKA-PIR.PUSH POP TESTE;20X15GR
9236;C.OURO-PALMITO PUPUNHA MEXICANO 300G;1X300G
9278;FLORESTAL PIRULITO PICOLE ACAI C/50UN;1X550G
9303;BALY-ENERG.CRANBERRY PET 2L;6X2L
9304;BALY-ENERG.FRUTAS TROPICAIS PET 2L;6X2L
9312;GRASSI-GIN/TROPICAL ICE INTENC VD 275ML;6X275ML
10530;KIT EMBREAGEM 365MM SOB MORINGA 2500LB;1UN
9220;VITTAMAX-RACAO GATO NATURAL;10X1KG
9280;F-MARSH.FOFS TWIST DINOS BAUNILHA;1X220G
9281;F-MARSH.FOFS SM TWIST PRINCESS BAUNILHA ;1X50G
9283;F-MARSH.FOFS SM TWIST DINOS BAUNILHA ;1X50G
9284;FLORESTAL CHICLE HAPPY BOL MORANGO C/46;46X3G
10320;PRITT-COLA BASTAO RELAUNCH 10G;1X10G
9279;F-MARSH.FOFS TWIST PRINCESS BAUNILHA;1X220G
9331;BALY-ENERG. MELANCIA PET 1L;6X1L
9332;BALY-ENERG. TRADICIONAL PET 1L;6X1L
9333;BALY-ENERG.  TRADICIONAL LT 473ML;6X473ML
9295;BALY-ENERG MELANCIA LT 250ML;6X250ML
9296;BALY-ENERG ZERO LABELLAMAFIA LT 250ML;6X250ML
9297;BALY-ENERG MACA VERDE LT 250ML;6X250ML
9298;BALY-ENERG.TRADICIONAL PET 2L;6X2L
9299;BALY-ENERG.ACAI PET 2L;6X2L
9221;FLORESTAL BALA DURA BOLINHA CANELA ;1X500G
9222;FLORESTAL PIRULITO BABY CORACAO MORANGO ;1X200G
9223;FLORESTAL PIRULITO BABY CORACAO COLORID ;1X200GR
9224;F-MARSH.FOFS SM TUBE COLORIDO BAUNILHA;1X50G
10365;LUNAR-FAR.TRIGO TRAD PANIFICACAO 25KG;1X25KG 
9238;C.OURO-PALMITO PUPUNHA INTEIRO 300G;1X300G
9240;C.OURO-PALMITO PUPUNHA PICADO 300G;1X300G
9241;TITANIUM-ENERGETICO PET 1,25LT;6X1,25LT
9269;CESTA MADEIRA C/ALCA NR03;1UN
9270;LACO PRESENTE 39,5CM 10X1;1UN
9225;F-MARSH.FOFS SM TWIST COLORIDO BAUNILHA;1X50G
9263;IMP.ZEBRA ZD220TT 203DPI TERM. USB;1UN
9264;N.NECTAR - NECTAR MORANGO TP 1LT;6X1LT
9265;N.NECTAR-NECTAR TP MORANGO 200ML ;27X200ML
9313;GRASSI-GIN/CRANBERRY ICE INTENC VD 275ML;6X275ML
9315;FLORESTAL BALA MAST.ZOLLE DINOS MORANGO;1X350GR
9229;F-CHOC.FLORESTAL B.COFFEE C/RASP.B.CAFE;10X90GR
9230;F-CHOC.FLORESTAL BCO B.COFFEE C/RASP.BAL;10X90GR
9231;F-CHOC.FLORESTAL BCO B.CORACAO C/RASPAS;10X90GR
9232;F-CHOC.FLORESTAL DINOSSAUROS C/CER.CROC.;10X90GR
9300;BALY-ENERG.COCO/ACAI PET 2L;6X2L
9271;SACO PRESENTE UNITARIO 58X89;1UN
9323;LAVADORA MUELLER SUPERPOP 4KG BRANCA 220;1UN
9335;BALY-ENERG.  MACA VERDE LT 473ML;6X473ML
9339;BALY-ENERG - TRADICIONAL S/ACUCAR 1L;1X1L
9340;BALY-ENERG. COCO E ACAI PET 1L;6X1L
9233;F-MARSH.FOFS CORACAO MORANGO;1X220G
9285;FLORESTAL CHICLE HAPPY BOL HORTELA C/46;46X3G
9286;FLORESTAL CHICLE HAPPY BOL T.FRUTTI C/46;46X3G
9287;FLORESTAL CHICLE HAPPY BOL MELANCIA C/46;46X3G
9288;FLORESTAL CHICLE HAPPY BOL UVA C/46;46X3G
9226;FLORESTAL SM PIRULITO CHICLE CEREJA ;1X120GR
9227;FLORESTAL SM BALA DURA MENTA ;1X122G
9228;FLORESTAL SM BALA DURA AMENDOIM CROCANTE;1X124GR
9246;RUVOLO-TC  ONE VINHO BORDEAUX 600ML;1X600ML
9308;SEAGATE HDD SAS CHEETAH 15K 600GB ST3600;1UN
9320;TOSCANO-VINAGRE ALCOOL 5L;1X5L
9239;RUVOLO-TC GIN TONICA VIDRO VERDE;1X705ML
9242;RUVOLO-TC GIN TONICA VIDRO VERMELHA;1X705ML
9243;RUVOLO-TC GIN TONICA VIDRO AZUL;1X705ML
9244;RUVOLO-TC  ONE AGUA 490ML;1X490ML
9245;RUVOLO-TC  ONE VINHO 385ML;1X385ML
9258;RUVOLO-SALAD. BOWL GOUR.RIVIERA C/PE IND;1X1UN
9316;FLORESTAL SM BALA ZOLLE MAST.UNICORNIOS;1X125GR
9317;FLORESTAL SM BALA ZOLLE MAST.DINOS MORAN;1X125GR
9318;FLORESTAL BALINHA CORACAO ACAI 500G;1X500GR
9319;FLORESTAL SM PIRULITO FLOPITO FRUTAS ;1X120GR
9259;RUVOLO-SALAD. BOWL GOURMET RIVIERA IND.;1X1UN
9260;GRASSI-AGUA TONICA CAPRICHO ZERO PET 1L;1X1LT
9262;BENEVIA-FUNDIPPERZ BALA GOMA C/GEL AZEDO;12X54GR
9237;C.OURO-PALMITO PUPUNHA INTEIRO 180G;1X180G
9336;BALY-ENERG.  FRUTAS TROPICAIS LT 473ML;6X473ML
9337;V.FERTIL-AZ.VDE SACHE DOY PACK;24X200GR
9338;GRASSI-COQUETEL ALC. MASTER GOLD C/COPO ;1X900ML
9341;BALY-ENERG. CRANBERRY PET 1L;6X1L
10561;QUEENSBERRY 100% FRUIT GELEIA DE MORANGO;1X300G
9234;F-MARSH.FOFS SM CORACAO MORANGO ;1X50G
9235;F-LATA BALA FLOPI S/ACUC. HORT/CANELA;12X40G
9261;BENEVIA-OVO C/PASTILHAS MINIONS ;9X30GR
9266;BAZOOKA-OVO CREME CHOC C/SURP J.PRINCESS;6X18GR
9267;BAZOOKA-PIR.PUSH POP MINIONS DISPLAY;20X15GR
9301;BALY-ENERG.MELANCIA PET 2L;6X2L
9322;BALY-ENERG CRANBERRY LT 250ML;6X250ML
9324;GRASSI-GIN-TONICA ICE INTENCION LT 300ML;6X300ML
9325;GRASSI-GIN-TROPICAL ICE INTENC  LT 300ML;6X300ML
9326;GRASSI-GIN-CRANBERRY ICE INTENC LT 300ML;6X300ML
10562;QUEENSBERRY 100% FRUIT GELEIA DE AMORA ;1X300G
9289;FLORESTAL CHICLE HAPPY BOL MARACUJA C/46;46X3G
9290;FLORESTAL CHICLE HAPPY BOL ACIDO MORANGO;46X3G
9291;FLORESTAL CHICLE HAPPY BOL GELO C/46;46X3G
9420;GRASSI-RAYSLOF CITRUS VD 900ML;6X900ML
9421;GRASSI-RAYSLOF KIWI VD 900ML;6X900ML
10333;LUNAR- M. BOLO PREMIUM CHOCOLATE 400G;12X400G
10334;LUNAR- M. BOLO PREMIUM COCO 400G;12X400G
9454;PROCAO-ULTRA AROMA PANDA EUCALIPTO 130ML;1X130ML
9455;PROCAO-ULTRA AROMA PANDA MARINE 130ML;1X130ML
9456;PROCAO-ULTRA AROMA PANDA LAVANDA 130ML;1X130ML
9457;PROCAO-ULTRA AROMA PANDA CITRUS 130ML;1X130ML
9458;PROCAO-SHAMPOO NEUTRO PET 500ML;1X500ML
9515;PARANA-VELAS PCT N 8-22GR C/8UN;24X22GR
9357;PROAUTO-TOALHA MICROFIBRA CHENILE;1X1UN
9358;PROAUTO-LUVA DA LA SINTETICA C/PUNHO;1X1UN
9359;PROAUTO-ADITIVO DE RADIADOR PRORAD 1L;1X1L
9360;PROAUTO-CERA PASTA TRADICIONAL 200G;1X200G
9361;PROAUTO-CERA LIQUIDA ULTRA BRILHO 500ML;1X500ML
9747;BALY-ENERG.  MELANCIA ZERO LT 473ML;6X473ML
9407;PROAUTO-ODORIZANTE BREEZE GEL CITRUS;1X60G
9408;PROAUTO-ODORIZANTE BREEZE GEL ICE APPLE;1X60G
9409;PROAUTO-ODORIZ. BREEZE CLASSIC ACQUA;1X6,5G
9410;PROAUTO-ODORIZ. BREEZE CLASSIC AMORE;1X6,5G
9411;PROAUTO-ODORIZ. BREEZE CLASSIC CAR FRESH;1X6,5G
9524;WASSINGTON PASTA P/CALCADO PRETA ;12X36GR
9414;V.FERTIL-CORACOES DE ALCACHOFRA GRELH VD;1X130GR
9833;ELGIN- DISPLAY CHAO LAMPADA C/TESTADOR;1UN
9459;PROCAO-SHAMPOO CITRONELA PET 500ML;1X500ML
9460;PROCAO-SHAMPOO PELOS CLAROS PET 500ML;1X500ML
9461;PROCAO-SHAMPOO E CONDICIONADOR PET 500ML;1X500ML
9462;PROCAO-SHAMPOO PELOS ESCUROS PET 500ML;1X500ML
9463;PROCAO-SHAMPOO FILHOTES PET 500ML;1X500ML
9516;PARANA-VELAS PCT N 9-32GR C/6UN;20X32GR
9362;PROAUTO-CERA LIQUIDA AEROSOL 400ML;1X400ML
9363;PROAUTO-CERA LIQ. CRISTALIZADORA GATILHO;1X500ML
9364;PROAUTO-RESINA NANO CERAMICA 300ML;1X300ML
9365;ESPUMA MAGICA-LIMPEZA GERAL AEROSOL;1X400ML
9366;ESPUMA MAGICA-TIRA ODOR 5 EM 1 GATILHO;1X500ML
9412;PROAUTO-ODORIZ. BREEZE TURBO AIR SPEED;1X6,5G
9415;V.FERTIL-AZEITONA VERDE VD 200GR;1X200GR
9485;FESTTONE-PANETTONE BRIGADEIRO PREM. 500G;1X500GR
9525;WASSINGTON PASTA P/CALCADO MARROM;12X36GR
9546;BALY-ENERG.SUMMER LOKO MANGA PET 2L;6X2L
10331;LUNAR- M. BOLO PREMIUM BAUNILHA 400G;12X400G
9760;TOSCANO-VINAGRE MACA ORGANICO 4% B.VIVER;1X250ML
9775;ELGIN-LAMP.BULBO LED 4,9W BIVOLT 6500K;10X4,9W
9783;ELGIN-LAMP.ECO HALOG A55 42W TRANSP.220V;10X42W
9517;PARANA-VELAS VOTIVA 255GR;12X255GR
9544;PROAUTO-GRAFITE EM PO CARTELA 20G;1X20G
9548;PARANA-ESPETOS P/CHURRASCO BAMBU 25CM;10X100UN
9549;PARANA-VELAS VOTIVA G 320GR;12X320GR
9550;WASSINGTON LÍQ.P/CALCADO INCOLOR;12X60ML
9367;AUTOCRAFT-LAVA AUTOS 500ML;1X500ML
9368;PROAUTO-LAVA AUTOS C/BRILHO 500ML;1X500ML
9369;PROAUTO-LAVA AUTOS CLASSIC NEUTRO 500ML;1X500ML
9370;PROAUTO-LAVA AUTOS A SECO 400ML;1X400ML
9371;PROAUTO-LAVA AUTOS HIBRIDO 500ML;1X500ML
9732;PROCAO-ESPUMA MAGICA AEROSOL 400ML;1X400ML
9553;PROAUTO-SILICONE MULTIUSO LAVANDA 321ML;1X321ML
9554;PROAUTO-SILICONE MULTIUSO AQUA 321ML;1X321ML
9555;PROAUTO-SILICONE MULTIUSO CARRO NOVO;1X321ML
9556;PARANA-HASHIS SACHES DE PAPEL C/100 PARE;1X100UN
10332;LUNAR- M. BOLO PREMIUM CENOURA 400G;12X400G
9797;ELGIN-LAMP.BULBO LED T 50W E27 BIV;1X50W
9821;ELGIN-PILHA ZINCO CARV AA PEQ TUBO C40UN;10X4PC
9822;ELGIN-PILHA ZINCO CARV AAA PALIT TUBO 40;10X4PC
10584;GRASSI-VODKA INTENCION 473 ML;6X473ML
9551;WASSINGTON LÍQ.P/CALCADO BRANCO;12X60ML
9643;DAVENE-SAB.LEITE AVEIA AMENDOAS 90G;1X90G
9644;DAVENE-SAB.LEITE AVEIA HIPOALERGENIC.90G;1X90G
9645;DAVENE-SAB.LEITE AVEIA MEL PURO 90G;1X90G
9646;DAVENE-SAB.LEITE AVEIA CLASSICO 90G;1X90G
9372;PROAUTO-LIMPA AR COND.LAVANDA BREEZE;1X300ML
9373;PROAUTO-LIMPA AR COND.COOL FRESH BREEZE;1X300ML
9374;PROAUTO-LIMPA AR COND.CARRO NOVO BREEZE;1X300ML
9375;AUTOCRAFT-LIMPA PNEUS 500ML;1X500ML
9376;PROAUTO-LIMPA PNEUS CLASSIC MICRO 500ML;1X500ML
9733;NATURATTA-BISC.ARROZ INTEGRAL 60G;1X60G
9562;FLORESTAL-SACOLA DE PAPEL;1UN
9563;FLORESTAL-DISPENSER GOMAS;1UN
9564;FLORESTAL-BANDEJA DE DEGUSTACAO ;1UN
9565;DAVENE-DESO ROLL ON HO MEN COMFORT 50ML;1X50ML
9566;DAVENE-DESO HO MEN ROLL ON SPORT 50ML;1X50ML
9417;GRASSI-RAYSLOF BIG APPLE VD 900ML;6X900ML
9418;GRASSI-RAYSLOF MARACUJA VD 900ML;6X900ML
9419;GRASSI-RAYSLOF FRUTAS VERMELHAS VD 900ML;6X900ML
9759;CELULAR SAMSUNG 4G 32GB PTO;1UN
9763;VITAO-DOCE BANANADA ZERO C.AMARGO DP;24X22G
9647;DAVENE-SAB.LEITE AVEIA OELO DE COCO 90G;1X90G
9718;VITAO-COOKIES INTEGRAL CACAU KIDS 80G;1X80G
9719;VITAO-COOKIES INTEGRAL CACAU COB.KIDS;1X80G
9720;VITAO-COOKIES S/GLUTEN KIDS CACAU COBERT;1X80G
9721;VITAO-COOKIES S/GLUTEN KIDS CACAU ZERO;1X80G
9377;PROAUTO-LIMPA PNEUS GEL 535G;1X535G
9378;PROAUTO-LIMPA PNEUS BLACK MAGIC AEROSOL ;1X400ML
9379;PROAUTO-LIMPA RODAS E MOTOR 500ML;1X500ML
9380;AUTOCRAFT-LIMPA VIDROS 500ML;1X500ML
9464;PROCAO-SHAMPOO COND.ERVA SANTA MARIA;1X500ML
9547;PARANA-FOSFORO CARTOLINA ECO 40 C/10;20X10CX
9567;DAVENE-DESO HO MEN AEROSOL COMFORT 150ML;1X150ML
9568;DAVENE-DESO HO MEN AEROSOL SPORT 150ML;1X150ML
9569;DAVENE-ALCOOL GEL KOORI S/PERFUME 500ML;1X500ML
9570;DAVENE-ALCOOL GEL KOORI ALOE VERA 500ML;1X500ML
9571;DAVENE-ALCOOL GEL KOORI LIMAO SIC 500ML;1X500ML
9764;VITAO-DOCE BANANADA ZERO C.BRANCO DP;24X22G
9765;VITAO-COCADA ZERO COB.AMARGO DP C/24UN;24X22G
9766;VITAO-COCADA ZERO COB.BRANCO DP C/24UN;24X22G
9767;VITAO-DOCE DE LEITE ZERO C.AMARGO DP C24;24X22G
9768;VITAO-GOIABADA ZERO 180G;1X180G
9769;VITAO-COCADA ZERO 180G;1X180G
9722;VITAO-BISC.DE LEITE COB CHOCO KIDS 80G;1X80G
9774;VITAO-CHA MATE FOLHAS GRANEL 250G;1X250G
9776;VITAO-CHA MATE COM PESSEGO ORG.ZERO 21G;12X21G
9777;VITAO-CHA MATE COM TANGERINA ORG.ZERO;12X21G
9782;ELGIN-LAMP.ECO HALOG A55 105W TRANSP 220;10X105W
9465;PROCAO-SHAMPOO NEUTRALIZADOR ODORES;1X500ML
9466;PROCAO-SHAMPOO BANHO DE GATO PET 500ML;1X500ML
9467;PROCAO-SHAMPOO AVEIA PET 500ML;1X500ML
9468;PROCAO-SHAMPOO ALOE VERA PET 500ML;1X500ML
9469;PROCAO-DEO COLONIA FEMEA PET 120ML;1X120ML
9744;NATURATTA-BISC.ARROZ AMENDOIM CHOC.BCO;12X40G
9572;DAVENE-ALCOOL GEL KOORI S/PERFUME 250ML;1X250ML
9573;DAVENE-ALCOOL GEL KOORI ALOE VERA 250ML;1X250ML
9574;DAVENE-ALCOOL GEL KOORI LIMAO SIC 250ML;1X250ML
9575;DAVENE-ALCOOL GEL KOORI S/PERFUME 60ML;1X60ML
9343;BALY-ENERG.  COCO E ACAI  LT 473ML;6X473ML
9344;BALY-ENERG.  ACAI  LT 473ML;6X473ML
9345;BALY-ENERG.  SUGAR FREE LT 473ML;6X473ML
9346;BALY-ENERG.  CRANBERRY LT 473ML;6X473ML
10407;AYMORE- BISC AGUA E SAL 164G;1X164G
9791;ELGIN-LAMP.ELET.FLUOR. 3U 15W 220V;10X15W
9793;ELGIN-LAMP.ELET.FLUOR. 3U 25W 220V;10X25W
9794;ELGIN-LAMP.BULBO LED T 20W E27 BIV;1X20W
9795;ELGIN-LAMP.BULBO LED T 30W E27 BIV;1X30W
9798;ELGIN-LAMP.BULBO LED T120 65W E27/40 B;1X65W
9810;ELGIN-KIT ABRACADEIRA NYLON PRETA PMG;1X1PC
9350;GRASSI-REFRI.FRUTAS PINK LEMONADE 1L;6X1L
9351;GRASSI-REFRI.FRUTAS PINK LEMONADE 250ML;6X250ML
9470;PROCAO-DEO COLONIA MACHO PET 120ML;1X120ML
9471;PROCAO-DEO COLONIA FILHOTE PET 120ML;1X120ML
9472;PROCAO-SAB.GLICERINADO ERVA STA MARIA;1X80G
10531;OVO PASCOA BON O BON BEIJINHO 150G;1X150G
9576;DAVENE-ALCOOL GEL KOORI AOLE VERA 60ML;1X60ML
9577;DAVENE-ALCOOL GEL KOORI LIMAO SIC 60ML;1X60ML
9578;DAVENE-SAB.KOORI ANTIBAC SPORT MEN 150G;1X150G
9613;DAVENE-SABONETE LA FLORE VANILA 180G;1X180G
9614;DAVENE-SABONETE LA FLORE MARACUJA 180G;1X180G
9648;F-CHOC.FLORESTAL AO LEITE PRINCESS 90G;10X90GR
9649;F-MARSH.FOFS TWIST NAPOLITANO;1X220GR
9741;NATURATTA-BISC.ARROZ ZERO ACUCAR INT. DP;12X16G
9742;NATURATTA-BISC.TAPIOCA ZERO ACUCAR DP;12X15G
9743;NATURATTA-BISC.ARROZ AMENDOIM CHOC. DP;12X40G
9811;ELGIN-EXTENSAO ELET 3 TOMADAS 2P CAB 3M;1X1UN
9818;ELGIN-BATERIA LITIO CR2032 BLISTER C/5PC;1X5CT
9831;ELGIN- TESTADOR DE LAMPADA;1UN
9834;BALY-ENERG TANGERINA  LT 250ML;6X250ML
9835;BALY-ENERG.  TANGERINA LT 473ML;6X473ML
10368;LUNAR-FAR.TRIGO PLUS PANIFICACAO 25KG ;1X25KG 
9473;PROCAO-SAB.GLICERINADO PITANGA 80G;1X80G
9504;V.FERTIL-CHAMPIGNON FATIADO BALDE 2KG;2,0KG
9505;V.FERTIL-TOMATE SECO BALDE 1,4KG;1,4KG
9506;V.FERTIL-AZ.VDE FATIADA DOY PACK KG(I);1X1,01KG
9507;V.FERTIL-AZ.VDE S/CAROCO DOY PACK KG(I);1X1,01KG
9545;BALY-ENERG.  SUMMER LOKO MANGA LT 473ML;6X473ML
9615;DAVENE-SABONETE LA FLORE LAVANDA 180G;1X180G
9616;DAVENE-SABONETE LA FLORE ERVA DOCE 180G;1X180G
9617;DAVENE-SABONETE LA FLORE CEREJA 180G;1X180G
9618;DAVENE-SABONETE LA FRUTA UVA ROXA 180G;1X180G
9751;TOSCANO-VINAGRE PALLADIO ALCOOL 750ML;12X750ML
9770;VITAO-DOCE DE LEITE ZERO 180G;1X180G
9771;VITAO-CHA MATE SOLUVEL ORG.ZERO LIMAO;1X50G
9772;VITAO-CHA MATE SOLUVEL ORG.ZERO PESSEGO;1X50G
9773;VITAO-CHA MATE COM LIMAO ORG.ZERO 21G;12X21G
9349;GRASSI-GIN INTENCION ORANGE 900ML;1X900ML
9836;BALY-ENERG.TANGERINA PET 2L;6X2L
10528;BALY KIDS-MORANGO 220ML;6X220ML
10587;KIKKOMAN-MOLHO SOJA SUSHI SASHIMI 500ML;1X500ML
9508;V.FERTIL-AZ.VDE C/CAROCO DOY PACK KG;1X1,01KG
10324;LUNAR- FARINHA TRIGO PREMIUM PAPEL 1KG;10X1KG
10325;LUNAR- FARINHA TRIGO TRAD PLASTICO 1KG;10X1KG
10326;LUNAR- FARINHA TRIGO FERMENTO PLAST 1KG;10X1KG
9619;DAVENE-SABONETE LA FRUTA MACA 180G;1X180G
9620;DAVENE-SABONETE LA FRUTA LICHIA 180G;1X180G
9621;DAVENE-SABONETE LA FRUTA MANDARINA 180G;1X180G
9622;DAVENE-SABONETE LA FRUTA MORANGO 180G;1X180G
9623;DAVENE-SAB.LA FLORE ANTBAC.GENGIBRE 180G;1X180G
9347;BALY-ENERG. ACAI PET 1L;6X1L
9474;V.FERTIL-AZ.VDE RECH.C/ALHO VD 130G(I);1X130GR
9475;V.FERTIL-PEPINO CORNICHON CONSERVA VD;1X180GR
9713;VITAO-ACUCAR MASCAVO 500G;1X500G
9714;VITAO-SAL MARINHO VITAO 1 KG;1X1KG
9557;WASSINGTON ESPONJA BRILHO MAGICO INCOLOR;6X4GR
10327;TIA NENA-FARINHA TRIGO TRAD PAPEL 1KG;10X1KG
10328;TIA NENA-FARINHA TRIGO TRAD PLASTICO 1KG;10X1KG
10329;TIA NENA-FARINHA TRIGO FERMENTO PLAST1KG;10X1KG
10330;LUNAR- M. BOLO PREMIUM ABACAXI 400G;12X400G
9624;DAVENE-SAB.LA FLORE ANTBAC.ALECRIM 180G;1X180G
9625;DAVENE-SAB.LA FRUTA ANTBAC.CRANBERRY 180;1X180G
9626;DAVENE-SAB.LA FRUTA ANTBAC.LIMAO SI.180G;1X180G
9723;TOSCANO-MOLHO BARBECUE 200G;1X200G
9745;NATURATTA-BISC.ARROZ AMENDOIM CHOC. 90G;1X90G
9416;VALDA-EXPOSITOR DE CHAO;1UN
9715;VITAO-CHA MATE SACHE ORGANICO 32G;1X32G
10335;LUNAR- M. BOLO PREMIUM FESTA 400G;12X400G
10338;LUNAR- PRO-MIX PIZZA E SALGADOS 5KG;1X5KG
10339;LUNAR- PRO-MIX PASTEL/MASSAS FRESCAS 5KG;1X5KG
9846;V.FERTIL-AZ.VDE PREMIUM GORDAL 200GR;1X200GR
9849;B.VISTA-BISC.TUCS PRESUNTO. DIN CRACKER ;30X100GR
9850;ELGIN-CALC.MESA C/VISOR 12 DIGITOS;1X1UN
9856;BABY SOFT-LAVA ROUPAS MAX PERF.AZUL 3L;4X3LT
9381;PROAUTO-LIMPA VIDROS ANTI-EMB.200ML;1X200ML
9382;PROAUTO-LIMPA VIDROS GATILHO 500ML;1X500ML
9383;PROAUTO-LIMPA VIDROS CONCENTRADO 100ML;1X100ML
9384;PROAUTO-LIMPADOR MULTIUSO 200ML;1X200ML
9385;PROAUTO-LIMPA FAROL BISNAGA 150G;1X150G
9518;PARANA-VELAS ECO PCT N 7-25GR C/8UN;24X25GR
9746;NATURATTA-BISC.ARROZ AMENDOIM CHOC.BCO;1X90G
10381;CX DIR FIAT FIORINO FURGAO;PC
10405;AYMORE- BISC AGUA E SAL 145G;1X145G
10406;AYMORE- BISC  AGUA E SAL 345G;1X345G
9837;COMP.DESKTOP CORE 15 2 GB DDR3 SSD120GB;1UN
9838;MEMORIA DDR3 4GB 1333MHZ KINGSTON;1UN
9863;BENEVIA-OVO C/PASTILHAS LOL DP;9X30GR
9386;PROAUTO-LIMPA E HIDRATA COURO BISNAGA;1X150G
9387;PROAUTO-LIMPA FAROL VISAO PERFEITA 60ML;1X60ML
9388;PROAUTO-LUB.DESINGRIPANTE LUB 312ML ;1X321ML
9389;PROAUTO-MASSA DE POLIR N 2 LT 500G;1X500G
9390;PROAUTO-REMOVE RISCOS 150G;1X150G
9519;PARANA-VELAS CAIXA N 3-10GR C/8UN;24X10GR
9748;BALY-ENERG.  FRUTAS TROPICAIS ZERO 473ML;6X473ML
9749;BALY-ENERG.  MACA VERDE ZERO LT 473ML;6X473ML
9753;F-MARSH.FOFS MEGAMALLOW TWIST PRINCESS;20X25GR
9754;F-MARSH.FOFS MEGAMALLOW TWIST DINOS;20X25GR
9755;F-MARSH.FOFS TWIST DINOS BAUNILHA 15G;1X15GR
9651;BALY-ENERG.PITAYA PET 2L;6X2L
9652;BALY-ENERG.  PITAYA LT 473ML;6X473ML
9653;BALY-ENERG PITAYA LT 250ML;6X250ML
10366;LUNAR-FAR.TRIGO PREMIUM PANIFICACAO 25KG;1X25KG 
9858;PROCAO-DISPLAY DE CHAO;1UN
9864;BENEVIA-OVO C/PASTILHAS TRAP MONSTERS;9X30GR
9877;F-BALA GOMA EUCALIPTO 60G;1X60G
9878;F-BALA GOMA MINHOCAS AZEDINHAS 65G;1X65G
9879;F-BALA GOMA BANANAS 60G;1X60G
9391;PROAUTO-NEUTRALIZADOR BREEZE ODORES;1X300ML
9392;PROAUTO-ODORIZANTE LIQ.CARRO NOVO 80ML;1X80ML
9393;PROAUTO-ODORIZANTE LIQ. LAVANDA 80ML;1X80ML
9394;PROAUTO-ODORIZANTE LIQ. MORANGO 80ML;1X80ML
9395;PROAUTO-ODORIZANTE LIQ.TALCO 80ML;1X80ML
9520;PARANA-VELAS CAIXA N 5-18GR C/8UN;24X18GR
9756;F-MARSH.FOFS TWIST PRINCES BAUNILHA 15G;1X15GR
9757;FLORESTAL-GOMA CLISS SOFT HORTELA ;6X60GR
9761;ELGIN-LAMP.BULBO LED 12W BIVOLT 6500K;10X12W
9762;ELGIN-LAMP.BULBO LED 15W BIVOLT 6500K;10X15W
9780;ELGIN-LAMP.BULBO LED A60 9W 12V AC DC ;10X9W
9784;ELGIN-LAMP.ECO HALOG A55 72W TRANSP 220V;10X72W
9422;PROAUTO-ODORIZ. BREEZE TURB AIR NO LIMIT;1X6,5G
9423;PROAUTO-SILICONE SECAGEM RAPIDA 120ML;1X120ML
9424;PROAUTO-SILICONE SECAGEM RAPIDA 120ML;1X120ML
9425;PROAUTO-SILICONE GEL BISNAGA 150G;1X150G
9426;PROAUTO-SILICONE TRADICIONAL 110ML;1X110ML
9716;VITAO-CHA MATE SACHE ORGANICO LIMAO 32G;1X32G
9717;VITAO-CHA MATE SACHE ORGANICO PESSEGO 32;1X32G
9851;BABY SOFT-AMAC. INFINITY CARE MARSALA 2L;6X2LT
9852;BABY SOFT-AMAC. INFINITY CARE MARSALA 3L;4X3LT
9853;BABY SOFT-AMAC. REFIL TQ DE CARINHO AZUL;6X1,8LT
9854;BABY SOFT-LAVA ROUPAS PO SACHE 1KG;20X1KG
9855;BABY SOFT-LAVA ROUPAS PO SACHE 5KG;4X5KG
9396;PROAUTO-ODORIZANTE LIQ.TUTTI-FRUTTI;1X80ML
9397;PROAUTO-ODORIZANTE BREEZE GEL MORANGO;1X60G
9398;PROAUTO-ODORIZANTE BREEZE GEL TUTI-FRUTI;1X60G
9399;PROAUTO-ODORIZANTE BREEZE GEL TALCO 60G;1X60G
9400;PROAUTO-ODORIZANTE BREEZE GEL LAVANDA;1X60G
9521;PARANA-VELAS CAIXA N 7-25GR C/8UN;24X25GR
9522;PARANA-VELAS CAIXA N 9-32GR C/6UN;24X32GR
9786;ELGIN-LAMP.ELETR.FLUOR. ESPIRAL 11W 220V;10X11W
9796;ELGIN-LAMP.BULBO LED T 40W E27 BIV;1X40W
9427;PROAUTO-SOS PNEUS INFLADOR LT 350ML;1X350ML
9428;PROCAO-BEEF BARS OSSOS ARTICULACOES 60G;1X60G
9429;PROCAO-BEEF BARS EQUILIBRIO PESO 60G;1X60G
9430;PROCAO-BEEF BARS MELHORA A DIGESTAO 60G;1X60G
9431;PROCAO-BEEF BARS PELE E PELOS 60G;1X60G
10336;LUNAR- M. BOLO PREMIUM LARANJA 400G;12X400G
9865;BENEVIA-OVO C/PASTILHAS ZOOMBIES ;9X30GR
9868;BALY-ENERG.  MELANCIA S/ACUCAR LT 473ML;6X473ML
9869;BALY-ENERG.  F.TROPICAIS S/ACUCAR 473ML;6X473ML
9875;F-BALA GOMA CORACAO 60G;1X60G
9401;PROAUTO-ODORIZANTE BREEZE GEL CARRO NOVO;1X60G
9402;PROAUTO-ODORIZ.BREEZE SENSATIONS EXTREME;1X5ML
9403;PROAUTO-ODORIZ.BREEZE SENSAT. WONDERLAND;1X5G
9404;PROAUTO-ODORIZ.BREEZE SENSATIONS OCEAN;1X5ML
9405;PROAUTO-ODORIZANTE BREEZE GEL TQ.MACIEZ;1X60G
9523;PARANA-VELAS CITRONELA 25GR C/6UN;24X25GR
9799;ELGIN-LAMP.BULBO LED T140 80W E40 BIV;1X80W
9804;ELGIN-PILHA ALCALINA AAA PALITO BLIST C4;10X4PC
9809;ELGIN-KIT ABRACADEIRA NYLON BRANCA PMG ;1X1PC
9812;ELGIN-EXTENSAO ELET 3 TOMADAS 2P CAB 5M;1X1UN
9828;ELGIN- DISPLAY CHAO ELGIN 20 GANCHOS;1UN
9432;PROCAO-BEEF BARS FRANGO 60G;1X60G
9433;PROCAO-BEEF BARS CARNE ANGUS 60G;1X60G
9451;PROCAO-ELIMINADOR DE ODORES FLOWER 2L;1X2L
9452;PROCAO-ELIMINADOR DE ODORES CITRONELA;1X500ML
9453;PROCAO-AREIA DE GATO ECO CANE 1,3KG;1X1,3KG
10337;LUNAR- M. BOLO PREMIUM MILHO VERDE 400G;12X400G
9870;PROCAO-SHAMPOO AVEIA PET 500ML;1X500ML
9871;BALY-ENERG.MORANGO E PESSEGO PET 2L;6X2L
9872;BALY-ENERG.  MORANGO E PESSEGO LT 473ML;6X473ML
9873;BALY-ENERG.  MACA VERDE S/ACUCAR 473ML;6X473ML
9876;F-BALA GOMA SININHO 60G;1X60G
10529;BALY KIDS-LARANJA 220ML;6X220ML
9413;PROAUTO-ODORIZ. BREEZE TURBO TOP SPEED;1X6,5G
9492;ROMA-PANETTONE TRUFADO CHOCOLATE 400G;1X400GR
9493;ROMA-PANETTONE TRUFADO COB. PREMIUM 600G;1X600GR
9494;ROMA-PANETTONE TRUFADO DOCE LEITE 400G;1X400GR
9495;ROMA-PANETTONE ZERO AD.ACUCAR GOTAS CHOC;1X300GR
9666;VITAO-GRANOLA TRAD.ZERO BANANA E CACAU ;1X250G
9667;VITAO-GRANOLA TRADICIONAL S/GLUTEN 250G;1X250G
9668;VITAO-GELEIA ZERO AMORA 200G;1X200G
9669;VITAO-GELEIA ZERO FRUTAS VERMELHAS 200G;1X200G
9670;VITAO-GELEIA ZERO MORANGO 200G;1X200G
9750;TOSCANO-VINAGRE PALLADIO COLORIDO 750ML;12X750ML
9735;NATURATTA-BISC.TAPIOCA ZERO ACUCAR 60G;1X60G
9736;NATURATTA-BISC.ARROZ FRUTAS VERM.INT.60G;1X60G
9737;NATURATTA-BISC.TAPIOCA SABOR COCO 60G;1X60G
9738;NATURATTA-BISC.ARROZ NEGRO 120G;1X120G
9739;NATURATTA-BISC.ARROZ MULTI GRAOS INT.;1X120G
9496;ROMA-PANETTONE ZERO ADICAO ACUCAR FRUTAS;1X400GR
9497;ROMA-PANETTONE ZERO ACUCAR MINI  FRUTAS ;1X80GR
9498;ROMA-PANETTONE ZERO ACUCAR MINI GOTAS ;1X80GR
9847;NUTRI-SUCO CONCENTRADO MARACUJA;12X500ML
9848;NUTRI-SUCO CONCENTRADO CAJU;12X500ML
9916;ROYAL TOYS-OVO SURPRESA ROSA DP;24X9G
9526;WASSINGTON LÍQ.P/CALCADO PRETA;12X60ML
9527;WASSINGTON LÍQ.P/CALCADO MARRON;12X60ML
9528;PARANA-PALITOS DENTE MADEIRA C/100;25X100UN
9529;PARANA-PALITOS DENTE BAMBU C/100;25X100UN
9530;PARANA-PALITOS DENTE MADEIRA C/200;20X200UN
9787;ELGIN-LAMP.ELETR.FLUOR. ESPIRAL 15W 220V;10X15W
9685;VITAO-COOKIES S/GLUTEN CAST.PARA 150G;1X150G
9686;VITAO-COOKIES ZERO BANANA COB.CHOCO 150G;1X150G
9687;VITAO-COOKIES ZERO MORANGO COB.CHOC 150G;1X150G
9688;VITAO-COOKIES ZERO BANANA 150G;1X150G
9689;VITAO-COOKIES ZERO CASTANHA DO PARA 150G;1X150G
9752;F-MARSH.FOFS BIGMALLOW COLORIDO;25X17G
9558;FLORESTAL-CAMISETA PROMOTORA ;1UN
9740;NATURATTA-BISC.ARROZ INTEGRAL DP;12X16G
9788;ELGIN-LAMP.ELET.FLUOR. ESPIRAL 20W 220V;10X20W
9800;ELGIN-LUMIN. EMERG 30 LEDS BAT LITIO BIV;1X1UN
9894;GULOZITOS-GULAO TORTILLA QUEIJO 50G;1X50G
9895;GULOZITOS-GULOZINHA PIPOCA DOCE 15G;30X15G
9917;ROYAL TOYS-OVO SURPRESA DINO DP;24X9G
9918;R.TOYS-CHOCONFETI DP;30X26G
9919;ROYAL TOYS-MAMA TOYS DP;12X30G
9531;PARANA-PALITOS DENTE  BAMBU C/200;20X200UN
9532;PARANA-PALITOS DENTE BAMBU PETISCO C/100;20X100UN
9533;PARANA-PALITOS DENTE MENTA POTE C/250;12X250UN
9534;PARANA-ESPETOS P/CHURRASCO BAMBU 18CM;10X50UN
9535;PARANA-ESPETOS P/CHURRASCO BAMBU 25CM;10X50UN
9690;VITAO-COOKIES INTEGRAIS CACAU 200G ;1X200G
9691;VITAO-COOKIES INTEGRAIS CAST.PARA 200G;1X200G
9692;VITAO-COOKIES INTEGRAIS CAST.CAJU 200G;1X200G
9693;VITAO-SNACKS INTEGRAL QUEIJO 60G;1X60G
9694;VITAO-SNACKS INTEGRAL TOMATE OREGANO 60G;1X60G
9758;FLORESTAL-GOMA CLISS SOFT MORANGO;6X60GR
9806;ELGIN-PILHA ALCALINA 9V BATERIA BLIST C1;10X1PC
9827;VITAO-SNACKS INTEGRAL KIDS REQUEIJAO 40G;1X40G
9830;ELGIN- CESTO DISPENSER DE PAPEL ELGIN;1UN
9561;F-CHOC. FLORESTAL B.COFFEE C/RASP CAF20G;15X20G
9654;PROCAO-SHAMPOO AVEIA PET 500ML;1X500ML
9655;PROCAO-SHAMPOO BANHO DE GATO PET 500ML;1X500ML
9684;VITAO-COOKIES S/GLUTEN CACAU 150G;1X150G
9789;ELGIN-LAMP.ELET.FLUOR. ESPIRAL 25W 220V;10X25W
10532;OVO PASCOA TORTUGUITA BRANCO 120G;1X120G
9536;PARANA-ESPETOS P/CHURRASCO BAMBU 30CM;10X50UN
9537;PARANA-PREND.ROUPA MADEIRA C/12UN;1X12UN
9538;PARANA-PREND.ROUPA MADEIRA GIGANTE C/12;12X12UN
9539;PARANA-PREND.ROUPA BAMBU C/10UN;1X10UN
9540;PARANA-PREND.ROUPA PLASTICO PEQ. C/12UN;12X12UN
9724;VITAO-BISC.DE CHOCOLATE KIDS 80G;1X80G
9725;VITAO-SNACKS INTEGRAL KIDS PIZZA 40G;1X40G
9726;VITAO-SNACKS INTEGRAL KIDS CHEDDAR 40G;1X40G
9727;VITAO-PIPOCA DOCE ARROZ ZERO COB KIDS;1X50G
9728;VITAO-CACAU EM PO 100G;1X100G
9779;ELGIN-LAMP.BULBO LED 9W BIVOLT 6500K;10X9W
9778;ELGIN-LAMP.BULBO LED 6W BIVOLT 6500K;10X6W
9801;VITAO-COOKIES INTEGRAIS NOZES 200G ;1X200G
9839;BENEVIA-TOY BOX MINIONS PIR.S/ACUCAR    ;12X10GR
9862;BALY-ENERG.  TRADIC. S/ACUCAR LT 473ML;6X473ML
9866;BALY-ENERG.  F.VERMELHAS CRANBERRY 473ML;6X473ML
10533;OVO PASCOA TORTUGUITA CONFEITO 45G;1X45G
9813;ELGIN-FILTRO DE LINHA 4 TOM 3P CAB 1,5M;1X1UN
9819;ELGIN-PILHA ALCALINA AA PEQ PROMO L8P7;10X8PC
9820;ELGIN-PILHA ALC. AAA PALITO PROMO L8P7;10X8PC
9840;VITAO-CHA MATE COM PESSEGO ORG.ZERO;6X3,5G
9841;VITAO-CHA MATE COM TANGERINA ORG.ZERO;6X3,5G
9842;VITAO-CHA MATE COM LIMAO ORG.ZERO;6X3,5G
9541;PARANA-PREND.ROUPA PLASTICO GIGANTE C/12;12X12UN
9542;PARANA-PREND.ROUPA EMBORRACHADO C/12;12X12UN
9581;DAVENE-SAB.KOORI ANTIBAC HIDRATANTE 150G;1X150G
9582;DAVENE-DESO CAC ROLL ON ENVOLVENTE 50ML;1X50ML
9729;VITAO-SEMENTE DE GIRASSOL 60G ;1X60G
9730;VITAO-BOLINHO DP S/GLUTEN MORANGO ZERO;12X35G
9731;VITAO-BOLINHO DP S/GLUTEN AVELA ZERO 35G;12X35G
9781;ELGIN-PILHA ALCALINA AA PEQ BLISTER C2;10X2PC
9792;ELGIN-LAMP.ELET.FLUOR. 3U 20W 220V;10X20W
9857;PROAUTO-DISPLAY DE CHAO;1UN
9342;BALY-ENERG ACAI  LT 250ML;6X250ML
9832;ELGIN- CLIP STRIP;1UN
9867;BALY-ENERG F.VERMELHAS CRANBERRY LT 250M;6X250ML
9874;VITAO-CHOC. ZERO 70% AMARGO 22G DP;12X22G
9880;F-BALA DE GOMA CORACAO 200G;1X200GR
9476;V.FERTIL-PEPINO INT SACHE D.PACK;1X300GR
9477;V.FERTIL-AZ.VDE TEMP. KALAMATA VD 145GR;1X145GR
9478;V.FERTIL-AZ.VERDE SACHE KIT BANDEJA 3X1 ;3X60GR
9479;V.F-AZ.OLIVA E.VIRGEM SACHE 7ML ;1X7ML
9543;PARANA-ACENDEDOR GEL 480GR;1X480GR
9583;DAVENE-DESO CAC ROLL ON NATURAL 50ML;1X50ML
9584;DAVENE-DESO CAC ROLL ON SUAVE 50ML;1X50ML
9585;DAVENE-DESO CAC ROLL ON FRESCOR 50ML;1X50ML
9586;DAVENE-DESO CAC ROLL ON SPORT 50ML;1X50ML
9807;ELGIN-PILHA ZINCO CARV AA PEQ BLISTER C4;10X4PC
9808;ELGIN-PILHA ZINCO CARV AAA PALIT BLIS C4;10X4PC
9814;ELGIN-PROTETOR LINHA 6 TOM 2P+T CAB 1,5M;1X1UN
9859;BALY-ENERG MORANGO E PESSEGO LT 250ML;6X250ML
9860;V.FERTIL-AZ.VDE RECH.C/ALHO VD 170GR;1X170GR
9861;BALY-ENERG TRADICIONAL S/ACUCAR LT 250ML;6X250ML
9881;F-BALA DE GOMA SININHO 200G;1X200GR
9882;F-BALA DE GOMA BANANAS 200G;1X200GR
9883;F-BALA DE GOMA MINHOCAS AZEDINHAS 201G;1X201GR
9884;FLORESTAL PIRULITO CHICLE GIGA MORANGO;1X600GR
9885;FLORESTAL PIRULITO CHICLE GIGA Q'PINTA;1X600GR
9843;VITAO-CHOC. ZERO BRANCO 22G DP;12X22G
9844;VITAO-CHOC. ZERO S/LACTOSE 22G DP;12X22G
9845;VITAO-CHOC. ZERO AO LEITE 22G DP;12X22G
9920;ROYAL TOYS-PIRULITO ZOIAO DOIDAO DP;30X10G
9921;ROYAL TOYS-RELOGIO POP CORES DP ;30X12G
9587;DAVENE-LOCAO DEO CAC SUAVE 200ML;1X200ML
9588;DAVENE-LOCAO DEO CAC NATURAL 200ML;1X200ML
9589;DAVENE-LOCAO DEO CAC ENVOLVENTE 200ML;1X200ML
9590;DAVENE-LOCAO DEO CAC FRESCOR 200ML;1X200ML
9591;DAVENE-LOCAO DEO CAC OUSADIA 200ML;1X200ML
9802;ELGIN-PILHA ALCALINA AA PEQ BLISTER C4;10X4PC
9886;VITAO-GRANOLA TRAD. GRAOS SEMENTES 800G;1X800G
9887;FLORESTAL BALA BRAZILIAN COFFEE LT;10X1X40GR
9888;PROAUTO-ODORIZ.BREEZE CHEIRINHO FUTURE;1X1UN
9889;PROAUTO-ODORIZ.BREEZE CHEIRINHO RETRO;1X1UN
9406;FLORESTAL BALA MAST.ZOLLE TOFEE;1X600G
9434;CAT ZONE-BANHO A SECO SEM AGUA 300ML;1X300ML
9435;CAT ZONE-DETERGENTE LIMP.CAIXINHA 500ML;1X500ML
9436;CAT ZONE-LMPADOR ODORES XO ODOR 500ML;1X500ML
9437;CAT ZONE-XO BACTERIAS PRONTO USO FLORES;1X500ML
9592;DAVENE-DESO CAC AEROSOL SUAVE 150ML;1X150ML
9593;DAVENE-DESO CAC AEROSOL NATURAL150ML;1X150ML
9594;DAVENE-DESO CAC AEROSOL ENVOLVENTE 150ML;1X150ML
9595;DAVENE-DESO CAC AEROSOL FRESCOR 150ML;1X150ML
9671;VITAO-GELEIA ZERO UVA 200G;1X200G
9672;VITAO-COCADA AO LEITE ZERO 200G;1X200G
9673;VITAO-DOCE DE LEITE ZERO PURO 200G;1X200G
9674;VITAO-LEITE CONDENSADO ZERO 200G;1X200G
9675;VITAO-CREME DE AVELA VEGANO ZERO 180G;1X180G
9676;VITAO-GOIABADA ZERO DISPLAY C/24UN;24X18G
9815;ELGIN-CALC.BOLSO PRETA 8 DIGITOS SOLAR;1X1UN
9890;PROAUTO-ODORIZ.BREEZE CHEIRINHO SECRET;1X1UN
9891;PROAUTO-ODORIZ.BREEZE CHEIRINHO VANILLA;1X1UN
9892;CAT ZONE-AREIA PARA GATO 4KG;1X4KG
9893;GULOZITOS-GULAO TORTILLA QUEIJO 100G;1X100G
9438;CAT ZONE-XO BACTERIAS CONCENT.LAVANDA 1L;1X1L
9439;CAT ZONE-SHAMPOO MATINHO 300ML;1X300ML
9440;CAT ZONE-SHAMPOO MIAUUU 300ML;1X300ML
9441;CAT ZONE-SHAMPOO MINGAU DE AVEIA 300ML;1X300ML
9442;PROCAO-FOODS PALITO FLEXIVEL BACON 70G;1X70G
9596;DAVENE-DESO CAC AEROSOL SPORT 150ML;1X150ML
9597;DAVENE-SAB.LIQUIDO REG AVEIA 500ML;1X500ML
9598;DAVENE-SAB.LIQUIDO REG ERVA DOCE 500ML;1X500ML
9599;DAVENE-SAB.LIQUIDO REG F.VERMELHAS 500ML;1X500ML
9600;DAVENE-SAB.LIQUIDO REFIL AVEIA 500ML;1X500ML
9677;VITAO-GOIABADA ZERO 54G C/3UN;3X18G
9678;VITAO-DOCE BANANADA ZERO 24X18G DP;24X18G
9679;VITAO-DOCE BANANADA ZERO 54G C/3UN;3X18G
9680;VITAO-COCADA ZERO DISPLAY 24X18G ;24X18G
9681;VITAO-COCADA ZERO 54G C/3UN;3X18G
9896;MIOLO-V.RES TTO SECO CAB.SAUVIGNON 750ML;1X750ML
9897;MIOLO-V.RES BCO SECO CHARDONNAY 750ML;1X750ML
9898;MIOLO-V.RES TTO SECO MERLOT 750ML;1X750ML
9899;MIOLO-V.SEL TTO SECO CAB/MERLOT 750ML;1X750ML
9900;MIOLO-V.SEL BCO SECO CHARD/VIOGNIE 750ML;1X750ML
9443;PROCAO-FOODS PALITO FLEXIVEL MENTA 70G;1X70G
9444;PROCAO-DESINF.CLASSIC PLUS LAVANDA 2L;1X2L
9445;PROCAO-DESINF.CLASSIC PLUS CITRONELA 2L;1X2L
9446;PROCAO-DESINF.ULTRA CONC.CITRONELA 1L;1X1L
9447;PROCAO-EDUCADOR SANITARIO NAO PODE 200ML;1X200ML
9601;DAVENE-SAB.LIQUIDO REFIL ERVA DOCE 500ML;1X500ML
9602;DAVENE-SAB.LIQUIDO REF.F.VERMELHAS 500ML;1X500ML
9603;DAVENE-SAB.LIQUIDO BALHO CAMOMILA 300ML;1X300ML
9604;DAVENE-SAB.LIQUIDO BALHO ALGODAO 300ML;1X300ML
9605;DAVENE-SAB.LIQUIDO BALHO VERBENA 300ML;1X300ML
9682;VITAO-DOCE DE LEITE ZERO DP C/24UN;24X18G
9683;VITAO-DOCE DE LEITE ZERO 54G C/3UN;3X18G
9901;MIOLO-V.SEL ROSE SECO 750ML;1X750ML
9902;ALMADEN-V.TINTO SECO CAB SAUVIGNON 750ML;1X750ML
9903;ALMADEN-V.TINTO SECO MERLOT 750ML;1X750ML
9904;ALMADEN-V.TINTO SECO TANNAT 750ML;1X750ML
9905;ALMADEN-V.BRANCO SECO RIESLING 750ML;1X750ML
9352;PROAUTO-ESTOPA P/POLIMENTO 200G;1X200G
9353;PROAUTO-ESPONJA DE LIMPEZA;1X1UN
9354;PROAUTO-ESPONJA MICROFIBRA;1X1UN
9355;PROAUTO-ESPONJA ABSORTEC;1X1UN
9356;PROAUTO-LUVA MICROFIBRA C/PUNHO;1X1UN
9552;F-CHOCO FOFS CHOCOLATE C/MARSH PCT;1X420GR
9606;DAVENE-HIDR.BANHO DEO CAMOMILA 300ML;1X300ML
9607;DAVENE-HIDR.BANHO DEO ALGODAO 300ML;1X300ML
9608;DAVENE-SABONETE LA VEGGIE CENOURA 180G;1X180G
9609;DAVENE-SABONETE LA VEGGIE BETERRABA 180G;1X180G
9610;DAVENE-SABONETE LA VEGGIE PEPINO 180G;1X180G
9486;FESTTONE-PANETTONE PETIT GATEAU 400G;1X400GR
9906;ALMADEN-V.MOSCATEL FRISANTE BLANC 750ML;1X750ML
9907;ALMADEN-V.MOSCATEL FRISANTE ROSE 750ML;1X750ML
9908;ALMADEN-V.ROSE SUAVE 750ML;1X750ML
9909;ALMADEN-V.TINTO SUAVE CABERNET 750ML;1X750ML
9910;ALMADEN-V.BRANCO SUAVE UGNI BLANC 750ML;1X750ML
9448;PROCAO-EDUCADOR SANITARIO PET STOP ;1X350ML
9449;PROCAO-EDUCADOR SANITARIO PODE 200ML;1X200ML
9450;PROCAO-ELIMINADOR DE ODORES MARINE 2L;1X2L
10534;OVO PASCOA TORTUGUITA FORMATO 120G;1X120G
9611;DAVENE-SABONETE LA VEGGIE TOMATE 180G;1X180G
9612;DAVENE-SABONETE LA FLORE PEONIA 180G;1X180G
9579;DAVENE-SAB.KOORI ANTIBAC HIPOALERGE.150G;1X150G
9580;DAVENE-SAB.KOORI ANTIBAC LIMAO SIC.150G;1X150G
9803;ELGIN-PILHA ALCALINA AAA PALITO BLIST C2;10X2PC
9805;ELGIN-PILHA ALCALINA D GRANDE BLIST C2  ;10X2PC
9817;ELGIN-BATERIA ALCALINA A27 BLISTER C/5PC;1X5CT
9627;DAVENE-LEITE D.AVEIA TODOS T.PELES 180ML;1X180ML
9628;DAVENE-LEITE D.AVEIA HIPOALERGENIC.180ML;1X180ML
9629;DAVENE-LEITE D.AVEIA INTENSA 180ML;1X180ML
9630;DAVENE-LEITE D.AVEIA MEL PURO 180ML;1X180ML
10362;NHAC! TIRINHAS CARNE ;20X65G
10535;OVO PASCOA TORTUGUITA BRIGADEIRO 120G;1X120G
10536;OVO PASCOA TORTUGUITA CONFEITO 120G;1X120G
9559;F-CHOC. FLORESTAL BCO B.CORACAO C/RAS20G;15X20G
9560;F-CHOC. FLORESTAL BCO B.COFFE C/RASP.20G;15X20G
9695;VITAO-SNACKS INTEGRAL CHURRASCO 40G;1X40G
9696;VITAO-SNACKS INTEGRAL AZEITE E SAL 40G ;1X40G
9697;VITAO-FARINHA DE TRIGO INTEGRAL 500G;1X500G
9698;VITAO-FARINHA DE LINHACA MARROM 200G;1X200G
9699;VITAO-SEMENTE DE LINHACA MARROM 200G;1X200G
9823;VITAO-BOLINHO DP S/GLUTEN COB.CHOC ZERO ;12X35G
9631;DAVENE-LEITE D.AVEIA OLEO AMENDOAS 180ML;1X180ML
9632;DAVENE-LEITE D.AVEIA OLEO DE COCO 180ML;1X180ML
9633;DAVENE-LEITE D.AVEIA TODOS T.PELES 400ML;1X400ML
9634;DAVENE-LEITE D.AVEIA HIPOALERGENIC.400ML;1X400ML
9635;DAVENE-LEITE D.AVEIA INTENSA 400ML;1X400ML
9499;V.F-AZ.OLIVA E.VIRGEM PET 2L ESPANHOL;1X2L
9500;V.F-AZ.OLIVA E.VIRGEM PET 2L TUNISIANO;1X2L
9509;PARANA-FOSFORO MADEIRA ECO 40 C/10;20X10CX
9510;PARANA-FOSFORO LONGO ECO 200 FORNO&FOGAO;15X200UN
9511;PARANA-FOSFORO LONGO ECO 300 FAMILIA;20X3CX
9501;V.FERTIL-ALCAPARRAS BALDE 2KG;2,0KG
9502;V.FERTIL-CEBOLINHAS BALDE 2KG;2,0KG
9650;PARANA-PALITOS DENTE BAMBU SACHES C/1000;1X1000UN
9656;VITAO-CHOC.AO LEITE ZERO 24X22G DP;24X22G
9700;VITAO-CHIA EM GRAOS 150G ;1X150G
9701;VITAO-PROTEINA DE SOJA 200G;1X200G
9702;VITAO-FARINHA MIX SEM GLUTEN 500G;1X500G
9703;VITAO-MIST.BOLO DE CANECA BAUNILHA 55G ;1X55G
9704;VITAO-MIST.BOLO DE CANECA CHOCOLATE 55G ;1X55G
9824;VITAO-COOKIES S/GLUTEN COB.MORANGO 80G;1X80G
9636;DAVENE-LEITE D.AVEIA MEL PURO 400ML;1X400ML
9637;DAVENE-LEITE D.AVEIA OLEO AMENDOAS 400ML;1X400ML
9638;DAVENE-LEITE D.AVEIA OLEO DE COCO 400ML;1X400ML
9639;DAVENE-CREME FACIAL AVEIA SUAVE 50G;1X50G
9640;DAVENE-CREME FACIAL AVEIA INTENSA 50G;1X50G
9480;PROCAO-TAPETE HIGIENICO 60X55 7UN;1X7UN
9481;PROCAO-TAPETE HIGIENICO 60X55 14UN;1X14UN
9482;PROCAO-TAPETE HIGIENICO 60X55 30UN;1X30UN
9483;PROCAO-TAPETE HIGIENICO 80X60  30UN;1X30UN
9512;PARANA-FOSFORO GIGANTE ECO 50 C/15;15X50UN
10363;NHAC! TIRINHAS FRANGO ;20X65G
9657;VITAO-CHOC.BRANCO ZERO 24X22G DP;24X22G
9658;VITAO-CHOC.S/LACTOSE ZERO 24X22G DP;24X22G
9659;VITAO-CHOC.70% AMARGO ZERO 24X22G DP;24X22G
9660;VITAO-GRANOLA TRADICIONAL ORIGINAL 250G;1X250G
9661;VITAO-GRANOLA TRADICIONAL ZERO 250G;1X250G
9484;FLORESTAL CAFETEIRA EXPRESSO OSTER 220V;1UN
9705;VITAO-MIST.MIX BOLO S/GLUTEN CHOCOLATE ;1X400G
9706;VITAO-MIST.MIX BOLO S/GLUTEN AIPIM 400G ;1X400G
9707;VITAO-MIST.MIX PAO S/GLUTEN TRADICIONAL;1X300G
9708;VITAO-AVEIA FLOCOS FINOS 500G;1X500G
9825;VITAO-BOLINHO S/GLUTEN BAUNILHA 80G;1X80G
9641;DAVENE-CREME FACIAL AVEIA HIPOALERGE.50G;1X50G
9642;DAVENE-CREME FACIAL AVEIA CLASSICO 50G;1X50G
9790;ELGIN-LAMP.ELET.FLUOR. ESPIRAL 32W 220V;10X32W
9816;ELGIN-BATERIA ALCALINA A23 BLISTER C/5PC;1X5CT
9911;ALMADEN-V.TINTO SEC.CABERNET FRANC 750ML;1X750ML
9513;PARANA-ACENDEDOR BASTAO C/5UN;10X5UN
9514;PARANA-ACENDEDOR BASTAO L10 P8 C/10UN;1X10UN
9348;MINI EMB LOL PASTILHA C/BORR CLIP STRIP;6X5G
9662;VITAO-GRANOLA TRAD.CACAU COCO 250G;1X250G
9663;VITAO-GRANOLA TRADICIONAL ORIGINAL 800G;1X800G
9664;VITAO-GRANOLA TRADICIONAL ZERO 800G;1X800G
9665;VITAO-GRANOLA TRAD.FRUTAS TROPICAIS 250G;1X250G
9709;VITAO-AVEIA FLOCOS GROSSOS 200G;1X200G
9710;VITAO-FARINHA DE AVEIA 250G;1X250G
9711;VITAO-MACARRAO INTEGRAL TORNILHO 500G;1X500G
9712;VITAO-MACARRAO INTEGRAL SPAGUETTI 500G;1X500G
9734;NATURATTA-BISC.ARROZ ZERO INTEGRAL 60G;1X60G
9826;VITAO-PIPOCA DOCE ARROZ ZERO KIDS 60G;1X60G
9829;ELGIN- DISPLAY BALCAO ELGIN 6 GANCHOS;1UN
9912;ALMADEN-ESPUMANTE MOSCATEL ROSE 750ML;1X750ML
9913;ALMADEN-ESPUMANTE BRUT 750ML;1X750ML
9914;ALMADEN-ESPUMANTE BRUT ROSE 750ML;1X750ML
9915;ROYAL TOYS-OVO SURPRESA AZUL DP;24X9G
9487;FESTTONE-PANETTONE TRUF.BRIGADEIRO 400G ;1X400GR
9488;FESTTONE-PANETTONE TRUF.CHOCOLATE 400G;1X400GR
9489;FESTTONE-PANETTONE TRUF.DOCE LEITE 500G;1X500GR
9490;ROMA-PANETTONE FRUTAS 400G;1X400GR
9491;ROMA-PANETTONE GOTAS CHOCOLATE 400G;1X400GR
10096;AZUMA-ARROZ MIROKUMAI 5KG;1X5KG
10097;AZUMA-MISSO POTE 1KG;1X1KG
10098;AZUMA-MISSO POTE 500G;1X500G
10099;AZUMA-SHOYU LIGHT 5L;1X5L
10103;AZUMA-SHOYU LIGHT 500ML;1X500ML
10224;V.FERTIL-ALCAPARRAS DOY PACK 100G(I);1X100G
10442;ARCOR-CHICLE TOPLINE GUARANA DP;20X6,7G
9970;QUEENSBERRY GOURMET ALHO CARAMELIZADO;1X310G
9971;QUEENSBERRY GOURMET GEL.PIMENTAO C/ERVAS;1X290G
9972;QUEENSBERRY GOURMET GELEIA PIMENTA VERM;1X320G
9973;QUEENSBERRY GOURMET GELEIA MENTA C/HORT;1X320G
9974;QUEENSBERRY GOURMET GELEIA PIMENTA VERDE;1X320G
10210;C.OURO-PALMITO PUPUNHA MEXICANO 180G;1X180G
10090;AZUMA-SAKE SECO CHEF 5L;1X5L
10091;AZUMA-SAKE SECO CHEF 500ML;1X500ML
10092;AZUMA-SAKE SECO CHEF 970ML;1X970ML
10093;AZUMA-SAKE LICOROSO MIRIN 500ML;1X500ML
10094;AZUMA-SAKE LICOROSO MIRIN 970ML;1X970ML
10159;TOSCANO BEM VIVER-VINAGRE DE MACA 5%;1X500ML
10226;KIKKOMAN- MOLHO TARE SACHE 12ML;1X12ML
10227;KIKKOMAN-MOLHO DE OSTRA 390ML;1X390ML
10228;KIKKOMAN-MOLHO CITRUS SABOR YUZU E LIMAO;1X192ML
10229;AZUMA-SAKE MIX MATCH CHA BRANCO C/ YUZU ;1X740ML
10230;AZUMA-SAKE MIX MATCH MEL C/NOTAS BAUNILH;1X740ML
10443;ARCOR-CHICLE TOPLINE MENTA DP;20X6,7G
9975;QUEENSBERRY ORGANICA GELEIA DE MORANGO;1X320G
9976;QUEENSBERRY ORGANICA GELEIA PIMENTA VERM;1X320G
9977;QUEENSBERRY DIET GELEIA DE GOIABA;1X280G
9978;QUEENSBERRY DIET GELEIA DE DAMASCO;1X280G
9979;QUEENSBERRY DIET GELEIA DE FRAMBOESA;1X280G
9948;BALY-ENERG.  TANGERINA S/ACUCAR 473ML;6X473ML
9949;BALY-ENERG.  COCO E ACAI S/ACUCAR 473ML;6X473ML
10264;PROCAO-ULTRA LIMP.PERF.CONC. LAVANDA;1X120ML
10265;PROCAO-ULTRA LIMP.PERF.CONC. EUCALIPTO;1X120ML
10548;TRIUNFO CEREAL MIX CHOCO AVELA 135G;1X135G
10565;NUTRI MARACUJA TP 200ML;27X200ML
10095;AZUMA-SAKE LICOROSO MIRIN 5L;1X5L
10110;AZUMA-SHOYU ORIENTAL LIGHT 5L;1X5L
10112;AZUMA-SHOYU TRADICIONAL SACHE 8ML;1X8ML
10160;FLORESTAL BALA MACIA ZOLLE IOGURTE;1X500G
10105;AZUMA-SHOYU ORIENTAL 5L;1X5L
10231;AZUMA-SAKE MIX MATCH TANGERINA C/ PIMENT;1X740ML
10444;ARCOR-CHICLE TOPLINE MORANGO DP;20X6,7G
10065;FLORESTAL BALA MAST ZOLLE FRAMBOESA 100;1X500GR
10140;KIKKOMAN-MOLHO SOJA S/ACUCARES SACHE 8ML;1X8ML
10141;KIKKOMAN-MOLHO SOJA SUSHI SASHIMI SACHE ;1X12ML
10142;KIKKOMAN-MOLHO SWEET CHILLI 180ML;1X180ML
10143;KIKKOMAN-MOLHO SWEET CHILLI 5L;1X5L
10144;KIKKOMAN-MOLHO TARE 275G;1X275G
10057;VALE FERTIL-STOPPER;1UN
10058;VALE FERTIL-BOBINA PLASTICO FORRACAO;1UN
10194;TOSCANO-VINAGRE VINHO TINTO 6% BEM VIVER;1X500ML
10355;NHAC! RACAO GATO PEIXE 1KG;10X1KG
10356;NHAC! RACAO GATO PEIXE 10,1KG;1X10,1KG
10170;LUNAR- FARINHA TRIGO TRAD PAPEL 1KG;10X1KG
10188;GRASSI-GIN INTENCION MELANCIA 900ML;1X900ML
10189;GRASSI-GIN INTENCION MACA VERDE 900ML;1X900ML
11255;PROAUTO-ODORIZ.BREEZE CARD TRIP WOOD;1X1UN
10205;B. DAS MAGICAS-SLIME PUXA PUXA 180G DP;12X180G
10206;B. DAS MAGICAS-SLIME PUXA PUXA GLITTER;12X180G
10549;TRIUNFO CEREAL MIX BANANA CANELA 135G;1X135G
10064;C.OURO-SUCO UVA TINTO INTEGRAL PET 1,35L;1X1,35LT
10086;AZUMA-SAKE AK DOURADO 740ML;1X740ML
10445;ARCOR-CHICLE TOPLINE TFRUTTI DP;20X6,7G
10446;ARCOR-CX BONOBON MIX PRESENT 165G;1X165G
10447;ARCOR-PACOCA AMOR 18G DP;30X18G
10448;ARCOR-PACOCA AMOR ROLHA PT;30X16G
10145;KIKKOMAN-MOLHO TARE 6,9KG;1X6,9KG
10146;KIKKOMAN-MOLHO WASABI 210G;1X210G
10147;KIKKOMAN-MOLHO WASABI 410G;1X410G
10168;V.F-AZ.OLIVA E.VIRGEM INT VD 500ML ESPAN;1X500ML
10169;V.F-AZ.OLIVA E.VIRGEM PET 500ML ARGENTIN;1X500ML
10190;SUPREMA-DESINF. CLORADO 7EM1 2LT;1X2LT
9940;ROYAL TOYS-APITO GUITARRA DP;12X1UN
9941;ROYAL TOYS-CENTO POP DP;30X1UN
9942;ROYAL TOYS-ROBO 1 POP DP;30X1UN
9943;ROYAL TOYS-CARRO TUR POP DP;30X1UN
10357;NHAC! RACAO GATO PEIXE 25KG;1X25KG
10211;PROAUTO-KIT TQ FINAL LIMP PNE+CERA+SIL;1X1UN
10212;PROAUTO-KIT AUTOCARE LV AUT+LIMP PNE+SIL;1X1UN
10213;PROAUTO-KIT ESSENCIAL AUTOCRAFT LA+LP+SI;1X1UN
10216;FLORESTAL PIR.FLOPITO BEIJINHO;1X500G
10218;FLORESTAL PIR.FLOPITO NAPOLITANO ;1X500G
10375;ROYAL TOYS-VENTO POP CORES DP;30X1UN
10042;CASCOLA COLA EXTRA SEM TOLUOL SM 30G;1X30G
10175;BENEVIA-MINI PETZ PIRULITO CHAVEIRO;6X10,5G
10317;BEST POP- PIRULITO POP LETTER MORANGO ;24X14G
10318;BEST POP- PIRULITO POP LETTER UVA  ;24X14G
10319;BEST POP- PIRULITO POP LETTER FRUT. VERM;24X14G
10275;F-MARSH.MALLOWEM RECH BAUNILHA MORANGO;1X250G
10276;FLORESTAL BALA MACIA BANZE IOGURTE SORT.;1X500G
10307;PRITT-COLA BASTAO ORIGINAL DP 10G (IMP);10X10G
10041;LOCTITE-S.BONDER PINCEL CARTELA SM 4G(I);1X4G
10068;FLORESTAL BALA MACIA BANZE SORTIDA C/100;1X500GR
10358;NHAC! RACAO CAES PEQUENO PORTE 1KG;10X1KG
10359;NHAC! RACAO CAES PEQUENO PORTE 10,1KG;1X10,1KG
10360;NHAC! RACAO CAES PEQUENO PORTE 15KG ;1X15KG
10361;NHAC! RACAO GATO MIX 10,1KG;1X10,1KG
10219;FLORESTAL PIR.FLOPITO BALINHA DE CORACAO;1X500G
10220;FLORESTAL PIR.FLOPITO BRIGADEIRO;1X500G
10221;F-CHOCO FOFS MARSH BAUNILHA COB. CHOC.;16X18G
10222;F-CHOCO FOFS MARSH MORANGO COB. CHOC.;16X18G
10223;F-CHOCO FOFS MARSH BANANA COB. CHOC.;16X18G
9994;LOCTITE-SUP.BONDER PRECISAO CARTELA 5G;24X5GR
9995;LOCTITE-SUP.BONDER ORIGINAL 3G L26P24 SM;26X3G
10461;ARCOR-TURRON MANI CHOCOLATADA;1X25G
10462;ARCOR-TURRON MANI ;1X25G
10364;NHAC! TIRINHAS LINGUICA ;20X65G
10369;FLORESTAL CHICLE LAMINADO HORTELA DP ;15X8,5G
10370;FLORESTAL CHICLE LAMINADO MENTA DP;15X8,5G
10371;FLORESTAL CHICLE LAMINADO MORANGO DP;15X8,5G
10372;FLORESTAL CHICLE LAMINADO CANELA DP ;15X8,5G
10382;COOLER 16 LATAS BALY;1X1
10383;AYMORE- BISC AMANT CHOCOLATE 248G;1X248G
10384;AYMORE- BISC AMANT COCO 248G;1X248G
10385;AYMORE- BISC AMANT LEITE 248G;1X248G
10386;AYMORE- BISC AMANT LEITE CHOCOLATE 248G;1X248G
10237;CAT ZONE-SHAMPOO ALOE VERA 300ML;1X300ML
10239;PROCAO-SAB.GLICERINADO ACAI 80G;1X80G
10240;CAT ZONE-EDUCADOR COMPORTAMENTAL 500ML;1X500ML
10241;PROCAO-ELIMINADOR ODORES GATILHO FLOWER;1X500ML
10243;CAT ZONE-PETISCOS CRISPITOS 40G;1X40G
10293;CASCOLA COLA CASCOREZ ARTESANATO  250G;12X250G
10294;PRITT-COLA TENAZ LAVAVEL 110G (IMP);12X110G
10295;CASCOLA FLEXITE SILICONE USO GERAL ;12X50G
10296;PRITT-COLA BASTAO FUN COLORS DP 10G;8X10G
10297;PRITT-COLA BASTAO FUN COLORS CART 10G;1X10G
10373;FLORESTAL CHICLE LAMINADO MELANCIA DP ;15X8,5G
10374;FLORESTAL CHICLE LAMINADO TUTTI FRUIT DP;15X8,5G
10408;AYMORE- BISC COCO 200G;1X200G
10409;AYMORE- BISC  CRACKER MANTEIGA 345G;1X345G
10410;AYMORE- BISC CRACKER MANTEI 164G;1X164G
10387;AYMORE- BISC CEREAL MX AVEIA E MEL 135G;1X135G
10388;AYMORE- BISC CEREAL MIX BANAN CANEL 135G;1X135G
10389;AYMORE- BISC CEREAL MX CCAU CEREAIS 135G;1X135G
10390;AYMORE- BISC RECH BRIGADEIRO 120G;1X120G
10244;CAT ZONE-PETISCOS PURRITOS 40G;1X40G
10245;CAT ZONE-PETISCOS NHAQUITOS 40G;1X40G
10246;PROCAO-KIT GATO(1 BAND.1 PA.1 BOL.2 COM);1X1UN
10247;PROAUTO-ALGODAO PARA POLIMENTO;1X100G
10248;PROAUTO-APLICADOR DE LIMPA PNEUS;1X1UN
10309;LOCTITE-DUREPOXI BRANCO 50G DP ;12X50G
10191;ROYAL TOYS-LANCADORES DA LIGA DA JUSTICA;24X1UN
10192;R.TOYS-PIRULITO HEROIS LIGA JUSTICA;15X13G
10193;ROYAL TOYS-OVO SURPRESA LIGA JUSTICA DP;24X10G
10457;TORTUG - BISC RECH BRIGADEIRO 120G;1X120G
10458;TORTUG - BISC RECH CHOC. BAUNILHA 120G;1X120G
10459;TORTUG - BISC RECH CHOCOLATE 120G;1X120G
10412;AYMORE- BISC  CREAM CRACKER 345G;1X345G
10413;AYMORE- BISC CREAM CRACKER 164G;1X164G
10414;AYMORE- BISC LEITE 345G;1X345G
10415;AYMORE- BISC MAIZENA 345G;1X345G
10416;AYMORE- BISC MAIZENA 170G;1X170G
9925;ROYAL TOYS-VENTO POP CORES DP;30X1UN
9926;ROYAL TOYS-SKATE POP CORES DP ;30X1UN
9927;ROYAL TOYS-APITO COBRA POP CORES DP;30X1UN
9928;ROYAL TOYS-CARRO NASCAR POP CORES DP;30X1UN
9929;ROYAL TOYS-DINO POP P CORES DP ;6X1UN
10391;AYMORE- BISC RECH CHOCO CREME 120G;1X120G
10392;AYMORE- BISC RECH CHOCOLATE 120G;1X120G
10249;PROAUTO-ESPONJA APLICADORA DE PRODUTOS;1X1,5CM
10250;AUTOCRAFT-CERA PASTA 200G ;1X200G
10251;PROAUTO-LIMPA TELAS 150ML;1X150ML
10252;PROAUTO-VISAO PERFEITA ESP LIMPA VIDROS;1X300ML
10253;PROAUTO-LIMPA PNEUS ACTIVA GLOSS 500ML ;1X500ML
10376;ROYAL TOYS-OVO SURPRESA VERDE DP;24X10G
10299;R.TOYS-BOLHA SABAO WIND VANE(CATAVENTO) ;24X1UN
10300;R.TOYS-BOLHA DE SABAO BEARS (URSO) 25CM;36X1UN
10301;LOCTITE-S.BONDER ORIGINAL 3G +20% 24+2UN;26X3G
10302;LOCTITE-S.BONDER FLEXIVEL 2G +20% 24+2UN;26X2G 
10417;AYMORE- BISC MAIZENA CHOCOLATE 345G;1X345G
10418;AYMORE- BISC MAIZENA CHOCOLATE 170G;1X170G
10419;AYMORE- BISC MARIA 185G;1X185G
10420;AYMORE- TABLET CHOCOLATE COOKIES 80G;12X80G
10421;AYMORE- TABLET CHOCOLATE LEITE 80G;12X80G
9965;QUEENSBERRY CLASSIC GELEIA FR.VERMELHAS;1X320G
9980;B.VISTA-WAFER FAZENDINHA CHOCOLATE;40X95GR
9981;B.VISTA-WAFER FAZENDINHA LIMAO;40X95GR
9982;B.VISTA-WAFER FAZENDINHA MORANGO;40X95GR
10254;PROCAO-BEBEDOURO PELO LONGO 650ML;1X650ML
10256;PROCAO-COMEDOURO P ANTI-FORMIGA 450ML;1X450ML
10257;PROCAO-COMEDOURO M ANTI-FORMIGA 850ML;1X850ML
10258;PROCAO-COMEDOURO G ANTI-FORMIGA 1400ML;1X1400ML
10259;PROCAO-COMEDOURO FILHOTES ANTI-FORMIGA ;1X200ML
10377;ROYAL TOYS-OVO SURPRESA AZUL DP;24X10G
10290;PROCAO-DESINF.ULTRA CONC.CITRONELA 2L;1X2L
10291;AMORTECEDOR VW/FORD/BUS 0068416;1UN
10303;ROYAL TOYS-CHICLETE  LIGA DA JUSTICA;15X12G
10077;BABY SOFT-LAVA ROUPAS PO CARTUCHO 800G;20X800G
10173;LOCTITE-S.BONDER FLEXIVEL CONTROLE (IMP);12X3G
10174;LOCTITE-S.BONDER PRECISAO SM 5G;12X5G
10422;AYMORE- TABLET CHOCOLATE LEITE BISC 80G;12X80G
10460;TORTUG - BISC RECH MORANGO 120G;1X120G
9983;B.VISTA-WAFER FAZENDINHA MOR./CHOCOLATE;40X95GR
9984;B.VISTA-BISC.RECHEADO CHOCOLATE 115G;1X115GR
9985;B.VISTA-BISC.RECHEADO MORANGO 115G;1X115GR
9986;B.VISTA-BISC.RECHEADO BANANA 115G;1X115GR
9987;B.VISTA-BISC.FAZEND.RECH CHOCO MORANGO;1X130GR
10260;PROCAO-COMEDOURO GATO ANTI-FORMIGA;1X150ML
10261;PROCAO-COMEDOURO ALTO GATO ANTI-FORMIGA;1X140ML
10262;PROCAO-BANDEJA HIGIENICA PARA GATOS 10L;1X10LT
10263;PROAUTO-RENOVA PAINEL(PROTETOR) 200ML;1X200ML
10281;BALY KIDS-TUTTI FRUTTI 220ML;6X220ML
10378;ROYAL TOYS-OVO SURPRESA ROSA DP;24X10G
10043;BULLSPET-SNACKS CANELONE BOVINO C/3 UND;1X1UN
10114;KIKKOMAN-MOLHO INGLES 150ML;1X150ML
10115;KIKKOMAN-MOLHO INGLES 1L;1X1L
10116;AZUMA-MOLHO INGLES TONKATSU 500ML;1X500ML
10117;KIKKOMAN-MOLHO PARA EMPANADOS 240ML;1X240ML
10449;ARCOR-PACOCA AMOR ROLHA PT;63X16G
10450;ARCOR-PIRULITO POOSH GUARANA 600G;1X600G
10451;ARCOR-PIRULITO POOSH SM GUARANA 120G ;1X120G
10452;ARCOR-TORRONE PACOCA AMOR ;1X25G
10019;FLORESTAL BALA BRAZILIAN COFFE MASTIGAVE;1X500GR
10020;FLORESTAL BALA MAST.BANZE SORTIDA;1X600GR
10021;FLORESTAL BALA MAST.BANZE IOGURTE;1X600GR
10022;FLORESTAL PIR.RECHEADO ZOLLE FRAMBOESA;1X480GR
10393;AYMORE- BISC RECH MORANGO 120G;1X120G
10282;BALY KIDS-UVA 220ML;6X220ML
9924;ROYAL TOYS-APITO BOLA CORES DP;12X1UN
9930;MIOLO-ESPUMANTE CUVEE BCO BRUT 750ML;1X750ML
10053;LOCTITE-CLIP STRIP SUPER BONDER ;1UN
10118;KIKKOMAN-MOLHO PARA EMPANADOS 5L;1X5L
10119;KIKKOMAN-MOLHO SABOR OSTRA VEGET 1L;1X1L
10308;TOSCANO-VINAGRE MACA ORGANICO 4% B.VIVER;1X500ML
10453;TORTUG- BISC RECH MONO CHOCOLATE 43G;12X43G
10454;TORTUG- BISC RECH MONO MORANGO 43G;12X43G
10455;TORTUG- BISC TORTINI CHOCOLATE 90G;1X90G
10456;TORTUG- BISC TORTINI  MORANGO 90G;1X90G
10023;FLORESTAL PIR.RECHEADO ZOLLE MORANGO;1X480GR
10024;FLORESTAL PIR.RECHEADO ZOLLE UVA;1X480GR
10025;F-BALA DE GOMA TUBO DINOS DP;30X30GR
10026;F-BALA DE GOMA TUBO PRINCESS DP;30X30GR
10027;F-BALA DE GOMA TUBO SORTIDA DP;30X30GR
10394;AYMORE- ROSQUINHA COCO 350G;1X350G
10078;BABY SOFT-LAVA ROUPAS PO CARTUCHO 1,6KG;9X1,6KG
10054;LOCTITE-DISPLAY 1M VAREJO ALIMENTAR;1UN
10120;KIKKOMAN-MOLHO SABOR OSTRA VEGET 390ML;1X390ML
10121;KIKKOMAN-MOLHO SABOR OSTRA VEGET 5L;1X5L
10122;KIKKOMAN-MOLHO SHOYU VD 150ML;1X150ML
10123;KIKKOMAN-MOLHO SHOYU 1L;1X1L
10125;KIKKOMAN-MOLHO SHOYU VD 275ML;1X275ML
10165;V.F-AZ.OLIVA E.VIRGEM CLASSICO ARG.250ML;1X250ML
10076;TOSCANO-VINAGRE ALC.HORTELA C/PIMENTA;12X750ML
10028;LOCTITE-SUP.BONDER ORIGINAL 3G;24X3GR
10029;LOCTITE-DUREPOXI LIQUIDO CART SM16G(IMP);1X16G
10030;CASCOLAR COLA BRANCA ESCOLAR 500G;1X500G
10031;PRITT-COLA BASTAO CARTELA SM 10G (IMP);1X10G
10032;LOCTITE-SUP.BONDER MEGA CARTELA 20G;8X20G
10395;AYMORE- ROSQUINHA LEITE 350G;1X350G
10397;AYMORE- BISC SALPET 200G;1X200G
10398;AYMORE- BISC TORTINI CHOCOLATE 90G;1X90G
10399;AYMORE- BISC TORTINI MORANGO 90G;1X90G
10036;V.FERTIL-AZ.VERDE RECH.PIMENTAO VD 200GR;24X200GR
10079;ROYAL TOYS-PIRULITO ESPADA FLASH C/LED ;24X1UN
10127;KIKKOMAN-MOLHO SHOYU 5L;1X5L
10130;KIKKOMAN-MOLHO SOJA COM LIMAO 1L;1X1L
10132;KIKKOMAN-MOLHO SOJA COM LIMAO 240ML;1X240ML
9939;VALDA-EXPOSITOR DE BALCAO 4 GANC.2 BAND.;1UN
10033;PRITT-COLA TENAZ LAVAVEL 35G DP (IMP);12X35G
10034;PRITT-COLA TENAZ LAVAVEL 225G (IMP);1X225G
10035;PRITT-MASSA ADESIVA MULTI TACK CART(IMP);12X35G
10396;AYMORE- BISC SALPET 100G;1X100G
10400;AYMORE- BISC TORTINI TRUFA 90G;1X90G
10401;AYMORE- WAFER CHOCO AVELA 105G;1X105G
10402;AYMORE- WAFER CHOCOLATE 105G;1X105G
10403;AYMORE- WAFER LIMAO 105G;1X105G
10404;AYMORE- WAFER MORANGO 105G;1X105G
10135;KIKKOMAN-MOLHO SOJA PRATOS QUENTES 150ML;1X150ML
10136;KIKKOMAN-MOLHO SOJA PRATOS QUENTES 1L;1X1L
10137;KIKKOMAN-MOLHO SOJA SEM ACUCARES 150ML;1X150ML
10138;KIKKOMAN-MOLHO SOJA SEM ACUCARES 500ML;1X500ML
10139;KIKKOMAN-MOLHO SOJA SEM ACUCARES 5L;1X5L
10166;V.F-AZ.OLIVA E.VIRGEM CLASSICO ARG.500ML;1X500ML
10167;V.F-AZ.OLIVA E.VIRGEM INT VD 250ML ESPAN;1X250ML
10049;BALY-ENERG LIMAO SICILIANO  LT 250ML;6X250ML
10059;LOCTITE-DUREPOXI LIQUIDO DP 16G;6X16G
10063;FELTRIN-SEM.FLOR SALVIA BOLA DE FOGO VER;20X100MG
10081;LOCTITE-SUP.BONDER PRECISAO CARTEL 5G+1G;25X5G+1G
10082;TOSCANO BEM VIVER-VINAGRE BALSAMICO;1X500ML
10423;LAVADORA A.PRESSAO LAV1200 220V;1X1
10440;BEST POP- PIRULITO POP MONSTER SORTIDO ;24X14G
10441;ARCOR-CHICLE POOSH GUARANA DP;40X5G
9966;QUEENSBERRY CLASSIC GELEIA DE GOIABA;1X320G
9967;QUEENSBERRY CLASSIC GELEIA DE MIRTILO;1X320G
9968;QUEENSBERRY CLASSIC GELEIA MACA E CANELA;1X320G
9969;QUEENSBERRY GOURMET CEBOLA CARAMELIZADA;1X310G
10292;PROCAO-SHAMPOO PELES SENSIVEIS PET 500ML;1X500ML
10184;ROYAL TOYS-PIRULITO ROSQUINHA DA VOVO ;15X10G
10185;ROYAL TOYS-PIRULITO LIKE POPPING;15X10G
10186;ROYAL TOYS-PIRULITO OVO DOIDAO;15X9,5G
10187;R.TOYS-CHICLE ZOIAO CLETS;50X9,5G
10207;BABY SOFT-AMAC. TQ ENVOLVENTE (VERMELHO);6X2LT
10498;ARCOR-TABLETE CHOCOLATE AMARGO 70;18X20G
10101;KIKKOMAN-MOLHO DE LARANJA 250G;1X250G
10102;KIKKOMAN-MOLHO DE LARANJA 484G;1X484G
10104;KIKKOMAN-MOLHO DE LARANJA 6,25KG;1X6,25KG
10106;KIKKOMAN-MOLHO DE OSTRA 190ML;1X190ML
10107;KIKKOMAN-MOLHO DE OSTRA 1L;1X1L
10108;KIKKOMAN-MOLHO DE OSTRA 5L;1X5L
10148;KIKKOMAN-MOLHO SOJA SUSHI SASHIMI 5L;1X5L
10051;BALY-ENERG.LIMAO SICILIANO PET 2L;6X2L
10470;TORTUG - BISC RECH QD CHOCOLATE 130G;1X130G
10471;TORTUG - BISC RECH QD MORANGO 130G;1X130G
10472;TORTUG- BISC FLOW RECH CHOCOLATE 86G;1X86G
10310;FELTRIN-SEM.HORT.ABOBRINHA CASERTA ITALI;25X2G
10311;FELTRIN-SEM.HORT.BROCOLIS CALABRES;25X600MG
10313;FELTRIN-SEM.HORT.PEPINO WISCONSIN CONSER;25X1G
10314;FELTRIN-SEM.FLOR.ONZE HORAS DOBRADA;20X50MG
10183;ELGIN-LAMP.BULBO LED 7W BIVOLT 6500K;10X7W
10499;ARCOR-TABLETE CHOCOLATE AO LEITE;18X20G
10500;ARCOR-TABLETE CHOCOLATE BRANCO COOKIES;18X20G
10501;ARCOR-BALA GELATINA 7BELO FRAMBOESA;1X70G
10502;ARCOR-BALA GELATINA UNICORNIO;1X70G
10109;KIKKOMAN-MOLHO PIMENTA 210G;1X210G
10111;KIKKOMAN-MOLHO DE GERGELIM 1L;1X1L
10113;KIKKOMAN-MOLHO DE GERGELIM 240ML;1X240ML
10128;AZUMA-SHOYU TRADICIONAL 5L;1X5L
10129;AZUMA-SHOYU TRADICIONAL MESA 5L;1X5L
10131;AZUMA-SHOYU TRADICIONAL 500ML;1X500ML
10149;KIKKOMAN-MOLHO SOJA SUSHI SASHIMI 1L;1X1L
9944;VITAO-CHOC.ZERO 70% NIBS DE CACAU 70G DP;6X70G
9945;VITAO-CHOC.ZERO 40% AO LEITE 70G DP;6X70G
9946;VITAO-CHOC.ZERO BCO MOR.CRANBERRY 70G DP;6X70G
10044;BULLSPET-SNACKS CASCO C/1 UND;1X1UN
10315;FELTRIN-SEM.FLOR.MARGARIDA GIGANTE BRANC;20X150MG
10316;FELTRIN-SEM.FLOR.SEMPRE-VIVA DOBRADA;20X130MG
10037;ROYAL TOYS-DINO POP P CORES DP;12X1UN
10505;AYMORE- WAFER PREMIUM AMARGO 80G;1X80G
10506;TORTUG- CHOCOLATE IMP SNACK BRIGADEI 28G;24X28G
10507;COOLER 12 LATAS BALY;1X1
10508;KIKKOMAN-MOLHO SUSHI SASHIMI SACHE 8ML;1X8ML
10080;ROYAL TOYS-PIRULITO ESCOVA DOIDAO C/LED;24X1UN
10133;AZUMA-TEMPERO PARA SUSHI 5L;1X5L
10134;AZUMA-TEMPERO PARA SUSHI 750ML;1X750ML
10150;KIKKOMAN-MOLHO INGLES TONKATSU 5L;1X5L
10151;KIKKOMAN-MOLHO SOJA SUSHI SASHIMI 150ML;1X150ML
10152;VINHO GAIAO TINTO SELECTION;1X750ML
9931;MIOLO-ESPUMANTE CUVEE ROSE BRUT 750ML;1X750ML
9932;MIOLO-V.RES TTO SECO TANNAT 750ML;1X750ML
9933;MIOLO-V.RES TTO SECO TEMPRANILLO 750ML;1X750ML
9934;MIOLO-V.RES TTO SECO SYRAH 750ML;1X750ML
9935;MIOLO-V.RES BCO SC SAUVIGNON BLANC 750ML;1X750ML
10503;ARCOR-BALA GELATINA MORDIDA;1X70G
10509;BALY-ENERG ABACAXI C/ HORTELA LT 250ML;6X250ML
10510;BALY-ENERG.  ABACAXI C/ HORTELA 473ML;6X473ML
10511;BALY-ENERG.ABACAXI C/ HORTELA PET 2L;6X2L
10512;KIKKOMAN-MOLHO SOJA SUSHI SASHIMI 20L;1X20L
10153;VINHO GAIAO BRANCO VERDE DOC       ;1X750ML
10154;VINHO GAIAO BRANCO VARIETAL;1X750ML
10155;VINHO GAIAO TINTO VARIETAL         ;1X750ML
10156;VINHO VINAS DEL TANGO TTO RESERVA MALBEC;1X750ML
10157;VINHO VINAS DEL TANGO BRANCO CHARDONAY;1X750ML
10171;QUEENSBERRY GELEIA PIM.VERMELHA 1,2KG;1X1,2KG
9936;MIOLO-V.SEL BCO SECO P.GRIGIO/RIESLING  ;1X750ML
10045;BULLSPET-SNACKS CASCO C/3 UND;1X1UN
10046;BULLSPET-SNACKS CHIFRE  C/1 UND;1X1UN
10047;BULLSPET-FILEZINHO CARNE DP C/24 UND;24X1UN
10048;BULLSPET-FILEZINHO CARNE C/3 UND;1X3UN
10513;BENEVIA-OVO C/PASTILHAS GABBY'S DP;9X30GR
10514;BENEVIA-OVO C/PASTILHAS JURASSIC WORLD;9X30GR
10515;BENEVIA-MINI CATZ PASTILHAS CHAVEIRO;6X10G
10516;BENEVIA-PIR.SPRING POP JURASSIC WORLD DP;25X14G
10158;VINHO VINAS DEL TANGO TINTO  MALBEC;1X750ML
10195;MARI MIX- UVA 1LT;6X1LT
10196;MARI MIX- LARANJA 1LT;6X1LT
10197;MARI MIX- MARACUJA 1LT;6X1LT
10198;MARI MIX- MORANGO 1LT;6X1LT
9992;LOCTITE-SUP.BONDER POWER F.GEL CONT.CART;1X3GR
9993;LOCTITE-SUP.BONDER MEGA 20G DISPLAY;8X20G
10062;VISOR PS DO RESERVATORIO;1X1
10469;PRITT-MASSA ADESIVA MULTI TACK CART;1X35G
10604;PROCAO-CONDICIONADOR 200ML;1X200ML
10340;NHAC! RACAO CAES CARNE 1KG;10X1KG
10341;NHAC! RACAO CAES CARNE 2,3KG ;6X2,3KG
10342;NHAC! RACAO CAES CARNE 10,1KG;1X10,1KG
10343;NHAC! RACAO CAES CARNE 15KG;1X15KG
9951;HERO GELEIA DE MORANGO;1X345G
9952;HERO GELEIA DE AMORA;1X345G
9953;HERO GELEIA DE FRUTAS VERMELHAS;1X345G
9954;HERO GELEIA DE PESSEGO;1X345G
9955;QUEENSBERRY 100% FRUIT GELEIA DE DAMASCO;1X170G
10085;AZUMA-SAKE AK GUINJO 740ML;1X740ML
10199;MARI MIX- BEBIDA DE COCO 1LT;6X1LT
10200;MARI MIX-UVA 200ML;27X200ML
10201;MARI MIX-LARANJA 200ML;27X200ML
10202;MARI MIX-MARACUJA 200ML;27X200ML
10203;MARI MIX-MORANGO 200ML;27X200ML
10074;VITTAMAX-RACAO CAES NATURAL PREM.ESP.;10X1KG
10504;R.TOYS-PIRULITO DENTE MEDONHO;24X1UN
10588;PROAUTO-AGUA DESMINERALIZADA 1L;1X1L
10589;PROAUTO-CRISTALIZADOR DE VIDROS 100ML;1X100ML
10590;PROAUTO-SILICONE GEL CARRO NOVO 150G;1X150G
10344;NHAC! RACAO CAES CARNE 25KG;1X25KG
10345;NHAC! RACAO CAES CARNE E VEGETAIS 2,3KG;6X2,3KG
10346;NHAC! RACAO CAES CARNE E VEGETAIS 10,1KG;1X10,1KG
10347;NHAC! RACAO CAES CARNE E VEGETAIS 15KG;1X15KG
10348;NHAC! RACAO CAES CARNE E VEGETAIS 25KG;1X25KG
9956;QUEENSBERRY 100% FRUIT GELEIA DE MORANGO;1X170G
9957;QUEENSBERRY 100% FRUIT GELEIA DE AMORA;1X170G
9958;QUEENSBERRY 100% FRUIT GELEIA DE MIRTILO;1X170G
9959;QUEENSBERRY 100% FRUIT GELEIA FR.VERMEL;1X170G
10204;MARI MIX-BEBIDA DE COCO 200ML;27X200ML
10215;B. DAS MAGICAS-SLIME PUXA PUXA UNICORNIO;12X180G
10269;PROCAO-ULTRA LIMP.PERF.CONC. MARINE;1X120ML
10270;PROCAO-ULTRA LIMP.PERF.CONC. CITRUS;1X120ML
10055;V.FERTIL-AZ.VDE TEMP.SABOR MEXICANO 300G;1X300G
10061;LOCTITE-SUP.BONDER ORIGINAL CARTELAO 3G;12X3G
10070;QUEENSBERRY GELEIA CREMOSA  FRUTAS VERM.;12X310G
10678;TORO PIEDRA-V.GRAN RESER SYRAH 750ML;1X750ML
10679;TORO PIEDRA-V.GRAN RESER PETIT VERDOT;1X750ML
10349;NHAC! RACAO CAES FILHOTE 1KG;10X1KG
10350;NHAC! RACAO CAES FILHOTE 10,1KG;1X10,1KG
10351;NHAC! RACAO CAES FILHOTE 25KG;1X25KG
10352;NHAC! RACAO GATO MIX 1KG;10X1KG
10354;NHAC! RACAO GATO MIX 25KG;1X25KG
9960;QUEENSBERRY CLASSIC GELEIA DE LARANJA;1X320G
9961;QUEENSBERRY CLASSIC GELEIA DE DAMASCO;1X320G
9962;QUEENSBERRY CLASSIC GELEIA DE FRAMBOESA;1X320G
9963;QUEENSBERRY CLASSIC GELEIA DE MORANGO;1X320G
9964;QUEENSBERRY CLASSIC GELEIA DE AMORA;1X320G
10572;ELGIN-PILHA ZINCO CARV D-R20 BLIS C2;1X2PC
10278;C.OURO-PALMITO PUPUNHA MEXICANO 300G;1X300G
10279;C.OURO-PALMITO PUPUNHA INTEIRO 300G;1X300G
10280;C.OURO-PALMITO PUPUNHA PICADO 300G;1X300G
10087;AZUMA-SAKE AK SOFT 740ML;1X740ML
10088;AZUMA-SAKE AK COMUM 600ML;1X600ML
10089;AZUMA-SAKE AK COMUM 5L;1X5L
10675;TORO PIEDRA-V.GRAN RESER CABERNET 750ML;1X750ML
10676;TORO PIEDRA-V.GRAN RESER CARMENERE 750ML;1X750ML
10367;TIA NENA-FAR.TRIGO TRAD PANIFICACAO 25KG;1X25KG 
10424;ARCOR-BALA POOSH GUARANA 600G;1X600G
10425;ARCOR-BALA POOSH GUARANA 150G;1X150G
10426;ARCOR-BALA KIDS HORTELA 500G;1X500G
9922;R.TOYS-GIRO HELICE CORES DP;12X1UN
9923;R.TOYS-BATE BOLA CORES DP;12X1UN
9950;B. DAS  MAGICAS-LELECA SLIME 180GR DP;12X180GR
10011;ROYAL TOYS-MICRO VOICE DP ;20X1UN
10012;F-MARSH.FOFS BIG TWIST BAUNILHA;1X220GR
10013;F-MARSH. FOFS PARA ASSAR BAUNILHA;1X220G
10605;PROCAO-KIT HIGIEN SH+COND GRTS RASTELO;1X1UN
10606;CAT ZONE-XO BACTERIAS FLORES 2L;1X2L
10607;CAT ZONE-XO BACTERIAS LAVANDA 2L;1X2L
10677;TORO PIEDRA-V.GRAN RESER MERLOT 750ML;1X750ML
10014;F-MARSH.FOFS TWIST RECHEADO BANANA;1X220GR
10015;F-MARSH.FOFS TWIST RECH IOGURTE MORANGO;1X220GR
10016;FLORESTAL CHICLE HAPPY BOL BRUXO Q'PINTA;46X3G
10017;FLORESTAL BALA DURA HORTELA;1X500GR
10283;ELGIN-EXTENSAO ELETRICA 3 TOM 3 P CAB 3M;1X1UN
10961;R.TOYS-PIRULITO TORRE ZOIAOLITO;60X15G
10284;LOCTITE-S.BONDER PINCEL CART. SM 4G(IMP);12X4G
10285;PROCAO-TAPETE HIGIENICO 60X55 7UN;1X7UN
9947;VITAO-CHOC.ZERO 60% MIX DE NUTS 70G DP;6X70G
10161;FLORESTAL BALA MACIA ZOLLE AZEDINHA MOR.;1X500G
10162;FLORESTAL BALA MACIA BRUXOLITA Q'PINTA;1X500G
10163;NUTRI MORANGO TP 200ML;27X200ML
10580;R.TOYS-SUPER MAMA TOYS DP;12X50G
10427;ARCOR-BALA KIDS SM HORTELA 100G;1X100G
10467;LOCTITE-S.BONDER FLEXIVEL CONTROLE;12X3G
10468;PRITT-COLA BASTAO ORIGINAL DP 40G (IMP);5X40G
10473;TORTUG- BISC FLOW RECH MORANGO 86G;1X86G
10018;FLORESTAL BALA DURA MORANGO RECH C/91UN;1X500GR
10056;ELGIN- EXPOSITOR DE PILHAS CHAO;1UN
10067;FLORESTAL BALA MACIA MINT HORTELA C/100;1X500G
10073;QUEENSBERRY MOUSSE DE FRUTAS VERMELHAS;1X310G
10126;AZUMA-SHOYU LIGHT SACHE 8ML;1X8ML
10286;PROCAO-TAPETE HIGIENICO 60X55 14UN;1X14UN
10287;PROCAO-TAPETE HIGIENICO 60X55 30UN;1X30UN
10288;PROCAO-TAPETE HIGIENICO 80X60 7UN;1X7UN
10289;PROCAO-TAPETE HIGIENICO 80X60 30UN;1X30UN
10298;LOCTITE-DESCOLA TUDO CARTELA SM 2G;12X2G
10069;FELTRIN-SEM.HORT.CEBOLA BAIA HERVAL;25X400MG
10164;NUTRI  MORANGO TP 1LT;6X1LT
10176;FLORESTAL BALA MACIA CORACAO MORANGO;1X500G
10177;FLORESTAL SM BALA MACIA CORACAO MORANGO;1X100G
10178;FLORESTAL PIR.FLOPITO CHICLE CEREJA ;1X500G
10475;F-BALA DE GOMA BANANAS 500G;1X500GR
10476;F-BALA DE GOMA MINHOCAS AZEDINHAS 500G;1X500G
10477;LUNAR- M.BOLO PRO MIX ABACAXI 5KG;1X5KG
10478;LUNAR- M.BOLO PRO MIX AIPIM 5KG;1X5KG
10479;LUNAR- M.BOLO PRO MIX BAUNILHA 5KG;1X5KG
9996;LOCTITE-SUP.BONDER CREATIVE CARTELA SM3G;1X3G
9997;LOCTITE-DESCOLA TUDO CARTELA 2G;1X2G
9998;LOCTITE-DUREPOXI 50G DP (IMP);12X50G
9999;LOCTITE-DUREPOXI CARTELA SM 50G;1X50G
10321;BENEVIA-PIRULITO PUSH POP DP DUO;20X14G
10179;FLORESTAL PIR.FLOPITO CHICLE Q PINTA;1X500G
10180;FLORESTAL PIR.FLOPITO CHICLE MELANCIA;1X500G
10181;FLORESTAL PIR.FLOPI CHICLE SORT AZEDINHO;1X500G
10182;FLORESTAL PIR.FLOPITO CHICLE T-FRUTTI;1X500G
10208;BENEVIA-PIR.SPRING POP TRADICIONAL DP;25X14G
10480;LUNAR- M.BOLO PRO MIX CENOURA 5KG;1X5GG
10481;LUNAR- M.BOLO PRO MIX CHOCOLATE 5KG;1X5KG
10482;LUNAR- M.BOLO PRO MIX COCO 5KG;1X5KG
10483;LUNAR- M.BOLO PRO MIX LARANJA 5KG;1X5KG
10484;LUNAR- M.BOLO PRO MIX FUBA 5KG;1X5KG
10000;LOCTITE-DUREPOXI 100G DP(IMP);12X100G
10001;LOCTITE-DUREPOXI CARTELA SM 100G;1X100G
10002;LOCTITE-DUREPOXI BRANCO 50G DP (IMP);12X50G
10003;CASCOLA COLA CASCOREZ EXTRA 500G;1X500G
10004;CASCOLA COLA CASCOREZ EXTRA 1KG;1X1KG
10322;BENEVIA-PIRULITO PUSH POP DP TRADICIONAL;20X14GR
10323;BENEVIA-PIRULITO PUSH POP DP MINIONS;20X14GR
10380;BENEVIA-PIRULITO PUSH POP TORRE TRAD.;30X14GR
10428;ARCOR-BALA POOSH TFRUTTI 500G;1X500G
10429;ARCOR-BALA POOSH TFRUTTI 100G;1X100G
10430;ARCOR-CHICLE BIG BIG FRUTAS DP;12X22,5G
10060;LOCTITE-SUP.BONDER POWER F.GEL L26 P24;26X2G
10209;BENEVIA-PIRULITO RING POP TRADICIONAL DP;24X10G
10225;V.FERTIL-CHAMPIGNON FATIADO D.PACK(I);1X100G
10232;BALY-ENERG COLA LT 250ML;6X250ML
10233;BALY-ENERG.COLA PET 2L;6X2L
10474;KIKKOMAN-MOLHO SOJA PRATOS QUENTES 20L;1X20L
10485;LUNAR- M.BOLO PRO MIX MILHO VERDE 5KG;1X5KG
10486;LUNAR- M.BOLO PRO MIX LEITE COND. 5KG;1X5KG
10487;LUNAR- M.BOLO PRO MIX NEUTRO 5KG;1X5KG
10488;LUNAR- PRO-MIX MELHORADOR PANIFICACAO;1X5G
9991;CAT ZONE-XO BACTERIAS CITRONELA 2L;1X2L
10005;CASCOLA COLA CASCOREZ MADEIRA 250G;1X250G
10006;LOCTITE-LUBRIFICANTE SUPER LUB 300ML;1X300ML
10007;LOCTITE-SUP.BONDER POWER FLEX GEL SM 2G;24X2G
10008;FLORESTAL-CAIXA DE SOM LENOXX CA335;1UN
10305;PRITT-COLA BASTAO FUN COLORS DP10G (IMP);8X10G
10306;PRITT-COLA BASTAO FUN COLORS CART 10G(I);1X10G
10431;ARCOR-CHICLE BIG BIG HORTELA DP;90X3,5G
10432;ARCOR-CHICLE BIG BIG MORANGO DP;90X3,5G
10433;ARCOR-CHICLE BIG BIG TFRUTTI DP;90X3,5G
9937;DURABOX- DISPENSER 6 BOCAS PRETO 3X2;1UN
9938;DURABOX- DISPENSER 10 BOCAS PRETO 5X2;1UN
10040;V.FERTIL-AZ.VERDE RECH.PIMENT VD 200G;1X200G
10214;PROCAO-TAPETE MR.PADS GRAMA 80X60 30UN;1X30UN
10234;BALY-ENERG.  COLA LT 473ML;6X473ML
10489;TORTUG- CHOCOLATE IMP SNACK BAUNILHA 28G;24X28G
10490;AYMORE- WAFER PREMIUM CHOCOLATE 80G;1X80G
10491;ARCOR-CHICLE TOPLINE 7BELO DP;20X6,7G
10492;ARCOR-CHICLE BIG BIG BIGAO TFRUTTI DP;24X29G
10009;FLORESTAL-CUPONS (BLOCOS 50FL);1UN
10010;FLORESTAL-URNA ;1UN
10038;VALDA FRIENDS-PASTILHA MORANGO POTE 50G;6X50G
10039;VALDA FRIENDS-PASTILHA MORANGO SACHE 25G;10X25G
10379;BENEVIA-PIRULITO PUSH POP TORRE DUO;30X14GR
10434;ARCOR-CHICLE BIG BIG UVA DP;90X3,5G
10435;ARCOR-CHICLE FLICS HORTELA DP;12X17G
10436;ARCOR-CHICLE FLICS MENTA DP;12X17G
10437;ARCOR-CHICLE FLICS MORANGO DP;12X17G
10235;BALY-ENERG.  COLA COFFEE  LT 473ML;6X473ML
10236;NOTA COMPLEMENTAR CONFORME DADOS ADICION;1X1
10271;LOCTITE-DUREPOXI LIQUIDO CART SM16G;1X16G
10493;ARCOR-BALA BUTTER TOFFEES IOGURT MORANGO;1X48G
10494;ARCOR-ROCKLETS CONFEITO 80G;1X80G
10495;ARCOR-BALA BUTTER TOFFEES IOGURTE MACA;1X48G
10496;ARCOR-CHOCOVINHOS;10X50G
10497;TORTUG- CONFEITO;12X40G
9988;QUEENSBERRY DIET GELEIA DE MORANGO;1X280G
9989;QUEENSBERRY DIET GELEIA DE AMORA ;1X280G
9990;QUEENSBERRY DIET GELEIA FR.VERMELHAS ;1X280G
10050;BALY-ENERG.  LIMAO SICILIANO 473ML;6X473ML
10052;PRITT-COLA BASTAO CARTELA SM 20G (IMP);1X20G
10438;ARCOR-CHICLE FLICS T.FRUTTI DP;12X17G
10439;ARCOR-CHICLE FLICS UVA REFRE DP;12X17G
10463;ARCOR-WAFER PASSION CHOC AMARGO 80G;1X80G
10464;ARCOR-WAFER PASSION CHOC BRANCO 80G;1X80G
10465;ARCOR-WAFER PASSION CHOCOLATE 80G;1X80G
10466;ARCOR-WAFER PASSION LIMAO 80G;1X80G
10272;LOCTITE-DUREPOXI 100G DP;12X100G
10273;LOCTITE-DUREPOXI 50G DP;12X50G
10274;LOCTITE-DESCOLA TUDO CARTELA SM 2G (IMP);1X2G
10689;MAYOS-V.FRISANTE NACIONAL PINK 750ML;1X750ML
10690;MAYOS-VINHO IMP PINOT NOIR CHILENO 750ML;1X750ML
10691;MAYOS-VINHO IMP RED BLEND CHILENO 750ML;1X750ML
10692;MAYOS-VINHO IMP SYRAH CHILENO 750ML;1X750ML
10693;MAYOS-VINHO NAC JOVEM BRANCO 750ML;1X750ML
10694;MAYOS-VINHO NAC RESERVA CABERNET 750ML;1X750ML
10695;MAYOS-VINHO NAC RESERVA CHARDONNAY 750ML;1X750ML
10696;MAYOS-VINHO NAC JOVEM ROSE 750ML;1X750ML
10697;STA ALBA- V.RESERVA SYRAH 750ML;1X750ML
10698;MAYOS-VINHO NAC RESERVA CARBENET 250ML;1X250ML
10699;MAYOS-VINHO NAC RESERVA CHARDONNAY 250ML;1X250ML
10750;BUSCHLE-UNTA FACIL 5KG GALAO;1X5KG
10751;BALY-ENERG.  CEREJA  LT 473ML;6X473ML
10603;COMBO 1 BENEVIA;1X3UND
10622;D.GRANO GOLD-V.TINTO MESA SUAVE 750ML;1X750ML
10623;D.GRANO GOLD-V.TINTO MESA DEMI-SEC 750ML;1X750ML
10624;D.GRANO GOLD-V.TINTO SUAVE BORDO 750ML;1X750ML
10758;R.TOYS-CHICLE ZOIAO CLETS C/50;50X12G
10585;OURO CASA-LAVA ROUPAS PO MULTIACAO 1,6KG;13X1,6KG
10625;D.GRANO GOLD-V.ROSE MESA SUAV BORD 750ML;1X750ML
10626;D.GRANO GOLD- V.TINTO MESA SUAVE 250ML;1X250ML
10627;D.GRANO GOLD- V.TINTO MESA SECO 250ML;1X250ML
10628;D.GRANO GOLD- V.ROSE MESA SUAV BORD250ML;1X250ML
10629;D.GRANO GOLD-KIT VINHOS C/3 250ML;3X250ML
10630;DEL GRANO-V.FRISANTE BRANCO 750ML;1X750ML
10631;DEL GRANO-V.FRISANTE ROSE 750ML;1X750ML
10632;DEL GRANO-ESPUMANT MOSCATEL BRANCO 660ML;1X660ML
10633;DEL GRANO-ESPUMANTE MOSCATEL ROSE 660ML;1X660ML
10634;DEL GRANO-ESPUMANTE BRUT BRANCO 660ML;1X660ML
10635;DEL GRANO-ESPUMANTE BRUT ROSE 660ML;1X660ML
10547;OVO PASCOA ARCOR UNICORNIO 120G;1X120G
10636;DEL GRANO- V.BRANCO MESA SUAVE PET 1,48L;1X1,48L
10637;DEL GRANO- V.TINTO MESA SUAVE PET 1,48L;1X1,48L
10638;DEL GRANO-V.TINTO MESA SUAVE PROMO PET1L;1X1L
10639;M.PASCHOAL-KIT VINHOS RESERVA C/3 250ML;1X250ML
10640;M.PASCHOAL-V.FRISANTE MOSCATO BRANC750ML;1X750ML
10591;PROCAO-TAPETE MR.PADS GRAMA 80X60 7 UN;1X7UN
10608;PROCAO-BANHO A SECO 500ML;1X500ML
10609;PROAUTO-KIT GLASS LV AUT+L PNEU GRATIS;1X1UN
10611;ALMA DE LISBOA-V.ROSE REGIONAL 750ML;1X750ML
10612;ALMA DE LISBOA-V.BRANCO REGIONAL 750ML;1X750ML
10641;M.PASCHOAL-V.FRISANTE MOSCATO ROSE 750ML;1X750ML
10642;M.PASCHOAL-V.FRISANT MOSCATO BRANCO250ML;1X250ML
10644;M.PASCHOAL-V.FRISANTE MOSCATO ROSE 250ML;1X250ML
10645;M.PASCHOAL-ESP.BRUT CHAMPENOISE DEDICATO;1X750ML
10646;M.PASCHOAL-ESPUMANTE MOSCATEL BRANC 750M;1X750ML
10550;R.TOYS-CESTO BALL;12X1UN
10551;ROYAL TOYS - GOMA POP;30X1UN
10552;R.TOYS-PIRULITO BOCA MEDONHA;24X1UN
10553;R.TOYS-PULSEIRA MOLA ANEL ARCO-IRIS;12X1UN
10554;R.TOYS-PINTINHO PASSEIA;12X1UN
10647;M.PASCHOAL-ESPUMANTE MOSCATEL ROSE 750ML;1X750ML
10648;M.PASCHOAL-ESPUMANTE BRUT 750ML;1X750ML
10649;M.PASCHOAL-ESPUMANTE BRUT ROSE 750ML;1X750ML
10650;M.PASCHOAL-ESPUMANTE ICE MOSCATEL 750ML;1X750ML
10651;M.PASCHOAL-ESPUMANTE DEMI-SEC 750ML;1X750ML
10764;CAT ZONE-AREIA PARA GATO NATURAL 3KG;1X3KG
10555;R.TOYS-CARRO FURIOSO 4;18X1UN
10556;R.TOYS-BASKETOYS 2;12X1UN
10557;R.TOYS-TUBARAO ESTICA;12X1UN
10558;R.TOYS-MENINO MALUKINHO;12X1UN
10559;R.TOYS- AQUA PLAY FUNDO DO MAR;24X1UN
10652;M.PASCHOAL-ESP.ZERO ALCOOL NECTAR UVA;1X750ML
10653;M.PASCHOAL- ESPUMANTE MOSCATEL BRANC 187;1X187ML
10654;M.PASCHOAL- ESPUMANTE MOSCATEL ROSE187ML;1X187ML
10655;M.PASCHOAL- ESPUMANTE BRUT 187ML;1X187ML
10656;M.PASCHOAL- ESPUMANTE BRUT ROSE 187ML;1X187ML
10762;C.OURO-SUCO 100% UVA+MACA PET 1,35L;1X1,35LT
10537;OVO PASCOA TORTUGUITA AO LEITE 120G;1X120G
10538;OVO PASCOA TORTUGUITA HEADPHONE 100G;1X100G
10539;OVO PASCOA ARCOR AUTHENTIC GAMES 100G;1X100G
10540;OVO PASCOA ARCOR FREE FIRE 100G;1X100G
10541;OVO PASCOA ARCOR AO LEITE 190G;1X190G
10521;PROCAO-TAPETE MR.PADS PREMIUM 90X60 30UN;1X30UN
10560;R.TOYS- AQUA PLAY UNICORNIO;24X1UN
10613;STA ALBA-V.CABERNET SAUV WINEMAKER 750ML;1X750ML
10614;STA ALBA-V.CARMENERE WINEMAKER SEL 750ML;1X750ML
10615;STA ALBA-V.MALBEC WINEMAKER SELEC 750ML;1X750ML
10657;M.PASCHOAL- ESPUMANTE MOSCATEL ICE 187ML;1X187ML
10658;M.PASCHOAL- ESPUMANTE DEMI-SEC 187ML;1X187ML
10659;M.PASCHOAL- ESP.ZERO ALCOOL NECTAR UVA;1X187ML
10660;M.PASCHOAL-KIT ESPUMANT MOSCAT C/3 187ML;3X187ML
10661;M.PASCHOAL-KIT ESPUMANTE BRUT C/3 187ML;3X187ML
10763;BALY-ENERG.  ABACAXI HORT S/ACUCAR 473ML;6X473ML
10542;OVO PASCOA ARCOR AMARGO 70 190G;1X190G
10543;OVO PASCOA ARCOR CARROS 120G;1X120G
10544;OVO PASCOA ARCOR MASHA E O URSO 100G;1X100G
10545;OVO PASCOA ARCOR ROCKETS AO LEITE 220G;1X220G
10546;OVO PASCOA ARCOR ROCKETS BRANCO 220G;1X220G
10601;BENEVIA-PIRULITO PUSH POP TORRE MINIONS;30X14GR
10616;STA ALBA-V.PINOT NOIR WINEMAKER SEL750ML;1X750ML
10617;STA ALBA-V.ROSE WINEMAKER SELECTION750ML;1X750ML
10618;STA ALBA-V.SAUVIGNON BLANC WINEMAK 750ML;1X750ML
10619;D.GRANO GOLD-V. ROSE MESA SUAVE BORDO 1L;1X1L
10662;LAKU-V.SECRET BLEND 750ML;1X750ML
10663;POTRO PIEDRA- V.CABERN SAUV/FRANC 750ML ;1X750ML
10664;TORO PIEDRA-V.COL DIAMANTE CLARET 750ML;1X750ML
10665;TORO PIEDRA-V.COL DIAMANTE PINOT 750ML;1X750ML
10666;TORO PIEDRA RINCON-V.CARBENET SAUV 750ML;1X750ML
10526;BALY-ENERG.  MOR.PESSEGO S/ACUCAR LT 473;6X473ML
10527;BALY-ENERG.TRADICIONAL S/ACUCAR PET 2L;6X2L
10610;ALMA DE LISBOA-V.TINTO REGIONAL 750ML   ;1X750ML
10620;D.GRANO GOLD-V. TINTO MESA SUAV BORDO 1L;1X1L
10621;D.GRANO GOLD-V.TINTO MESA SECO 750ML;1X750ML
10667;TORO PIEDRA RINCON-V.CARMENERE 750ML    ;1X750ML
10668;TORO PIEDRA-V.GRAN RES LATE HARVEST375ML;1X375ML
10669;TORO PIEDRA-V.RESER CABERNET SAUV 750ML;1X750ML
10670;TORO PIEDRA-V.RESERVA CARMENERE 750ML;1X750ML
10671;TORO PIEDRA-V.RESERVA PINOT NOIR 750ML;1X750ML
10602;ELGIN-LUMINARIA DE MESA LED PRETA;1X10UN
10672;TORO PIEDRA-V.RESERVA SAUVIGON BLANC 750;1X750ML
10673;TORO PIEDRA-V.RESERVA CHARDONNAY 750ML;1X750ML
10680;TORO PIEDRA-V.GRAN RESER PINOT NOI750ML;1X750ML
10681;TORO PIEDRA-V.GRAN RESER CARIGNAN 750ML;1X750ML
10682;TORO PIEDRA-V.GRAN RESER SAUV BLANC750ML;1X750ML
10683;TORO PIEDRA-V.GRAN RESER CHARDONNAY 750M;1X750ML
10684;MAYOS-ESPUMANTE BRUT 750ML;1X750ML
10685;MAYOS-ESPUMANTE BRUT ROSE 750ML;1X750ML
10686;MAYOS-ESPUMANTE MOSCATEL 750ML;1X750ML
10687;MAYOS-ESPUMANTE MOSCATEL ROSE 750ML;1X750ML
10688;MAYOS-V.FRISANTE NACIONAL GREEN 750ML;1X750ML
10596;BENEVIA-FUNDIPPERZ BALA GOMA GEL MINIONS;12X54GR
10597;BENEVIA-PIR.SPRING POP MINIONS DP;36X12G
10598;BENEVIA-PIR.SPRING POP BOB ESPONJA DP;36X12G
10599;BENEVIA-OVO CREME HOT WHEELS C/SURPRESA;4X18GR
10600;BENEVIA-OVO CREME SONIC C/SURPRESA;4X18GR
10754;FLORESTAL DROPS EXTRA FORTE C/10;10X30GR
10755;FLORESTAL DROPS MENTA C/10;10X30GR
10756;FLORESTAL DROPS CEREJA C/10;10X30GR
10757;FLORESTAL DROPS MELANCIA C/10;10X30GR
10566;NUTRI PESSEGO TP 200ML;27X200ML
10568;NUTRI TP LIMONADA 200ML;27X200ML
10569;NUTRI  MARACUJA TP 1LT;6X1LT
10570;NUTRI  PESSEGO TP 1LT;6X1LT
10595;V.FERTIL-AZ.SNACK VDE S/CAROCO OLIVITO;1X30G
10571;NUTRI LIMONADA TP 1LT;6X1LT
10733;BUSCHLE-GELADINHO AMERICADO 55ML C/40UN;40X55ML
10734;BUSCHLE-DOCENETA CHOCOLATE 20G C/12UN ;12X20G
10735;BUSCHLE-DOCENETA DOCE LEITE 20G C/12UN ;12X20G
10736;BUSCHLE-DOCENETA CR CONDENSADO 20GC/12UN;12X20G
10517;BENEVIA-PIRULITO RING POP GABBY'S DP;24X10GR
10737;BUSCHLE-DOCENETA MORANGO 20G C/12UN ;12X20G
10738;BUSCHLE-DOCENETA SORTIDA 20G C/20UN;12X20G
10739;BUSCHLE-DOCENETA UVA 20G C/12UN;12X20G
10740;BUSCHLE-DOCENETA COMECOME CARTELA SM 40G;1X40G
10741;BUSCHLE-COBERTURA CARAMELO 270G;1X270G
10700;BABY SOFT-AMAC. CONC.CARINHO (AZUL)1,5L;6X1,5LT
10701;BABY SOFT-AMAC. CONC.PUREZA (BRANCO)1,5L;6X1,5LT
10702;BABY SOFT-AMAC. CONC.DESEJO (VERM)1,5L;6X1,5LT
10703;BABY SOFT-AMAC. CONC.INSPIRACAO(ROXO)1,5;6X1,5LT
10704;BABY SOFT-LAVA ROUPAS MAX PERF.VERDE 3L;4X3LT
10518;PROCAO-TAPETE MR.PADS PREMIUM 60X60 7UN;1X7UN
10519;PROCAO-TAPETE MR.PADS PREMIUM 60X60 30UN;1X30UN
10520;PROCAO-TAPETE MR.PADS PREMIUM 90X60 7UN;1X7UN
10522;EXPOSITOR VERT VCM400 400L PT 220V;1UN
10573;ARRUELA ENCOSTO ENGREN.3A 0001802;1UN
10705;BABY SOFT-LAVA ROUPAS PO SACHE 1,6KG ;10X1,6KG
10706;BABY SOFT-LAVA ROUPAS PO SACHE 800G;20X800G
10707;UFE-LAVA ROUPAS LIQ COCO 1L;12X1L
10708;UFE-SABAO EM BARRA COCO PACK 5X180GR;5X180GR
10574;CJ ROLAMENTO 0043181 ;1UN
10575;CONJ. SINCRONIZADOR 5A E 6A 0105126;1UN
10576;CUBO SINCRONIZADOR ACO 2A/3A VEL;1UN
10577;ENGRENAGEM RE EIXO PRINCIPAL;1UN
10578;ENGRENAGEM 1A 0105188;1UN
10579;JG INTELIGENTE JUNTAS TRANSMISSAO;1UN
10581;OLEO CAMBIO SAE40 CX EATON;1UN
10582;RETENTOR DIANT CAIXA MARCHA;1UN
10583;RETENTOR TRASEIRO CAMBIO;1UN
10742;BUSCHLE-COBERTURA LEITE CONDENSADO 270G;1X270G
10594;ELGIN-LANTERNA LED DE BOLSO C/ PILHA AAA;1X1UN
10743;BUSCHLE-COBERTURA CHOCOLATE 270G;1X270G
10744;BUSCHLE-COBERTURA MORANGO 270G;1X270G
10745;BUSCHLE-COBERTURA  CARAMELO 1,3KG;1X1,3KG
10746;BUSCHLE-COBERTURA  CHOCOLATE 1,3KG;1X1,3KG
10747;BUSCHLE-COBERTURA  LEITE CONDENSADO 1,3K;1X1,3KG
10748;BUSCHLE-COBERTURA  MORANGO 1,3KG;1X1,3KG
10749;BUSCHLE-ALGOD.DOCE COTTON IMPR.COLORIDO ;1X40G
10760;C.OURO-SUCO 100% MACA PET 1,35L;1X1,35LT
10761;C.OURO-SUCO UVA+PERA INTEGRAL PET 1,35L;1X1,35LT
10709;BUSCHLE-GELADINHO MANIA 55ML C/40UN;40X55ML
10710;BUSCHLE-GELAD.AMERICANO 55ML C/10UN SM;10X55ML
10711;BUSCHLE-GELAD.AMERICANO ZERO 55ML C/10UN;10X55ML
10712;BUSCHLE-GELADAO AMERICANO 100ML C/20UN;20X100ML
10523;COPO ECO LABEL PERSONALIZADO BALY 600ML;1UN
10713;BUSCHLE-GELAD.AMERICANO MINI 28ML C/50UN;50X28ML
10714;BUSCHLE-ALGODAO BOLL COLOR.IMPRESSO 20G;6X20G
10715;BUSCHLE-ALGODAO BOLL S/R AMAR.ABACAXI20G;6X20G
10716;BUSCHLE-ALGODAO BOLL S/R AZUL T.FRUT 20G;6X20G
10717;BUSCHLE-ALGODAO BOLL S/R BCO NEUTRO 20G;6X20G
10586;PROAUTO-DISPLAY DE CHAO 4 CESTOS;1UN
10718;BUSCHLE-ALGODAO BOLL S/R COLOR AZ/BR/RS;6X20G
10719;BUSCHLE-ALGODAO DOCE S/R AMARELO ABACAXI;6X20G
10720;BUSCHLE-ALGODAO DOCE S/R AZUL TUTTI-FRUT;6X20G
10721;BUSCHLE-ALGODAO DOCE S/R COLOR AZ/BR/RS;6X20G
10722;BUSCHLE-ALGODAO DOCE S/R BRANCO NEUTRO;6X20G
10524;AYMORE- BISC MAIZENA MANTEIGA 345G;1X345G
10525;FLORESTAL BALA MOLE SORTIDA 500G C/100UN;1X500GR
10674;KIKKOMAN-MOLHO BARBECUE 390ML;1X390ML
10723;BUSCHLE-ALGODAO DOCE S/R ROSA MORANGO;6X20G
10724;BUSCHLE-ALGODAO DOCE S/R VERDE MELANCIA;6X20G
10725;BUSCHLE-ALGOD.DOCE COTTON AZUL T.FRUTTI;1X40G
10726;BUSCHLE-ALGOD.DOCE COTTON BRANCO NEUTRO;1X40G
10727;BUSCHLE-ALGOD.DOCE  COTTON ROSA MORANGO;1X40G
10728;BUSCHLE-ALGOD.DOCE COTTON COLOR.AZ/BR/RS;1X40G
10729;BUSCHLE-GELAXUP PCT DOCE LEITE 1,5KG;1X1,5KG
10759;LAVADORA NEWMAQ 10KG BRANCA 220V;1UN
10730;BUSCHLE-GELAXUP PT DOCE LEITE 750G;1X750G
10731;BUSCHLE-GELAXUP PT BRIGADEIRO 750G;1X750G
10732;BUSCHLE-GELAXUP PT DOCE LEITE 1,5KG;1X1,5KG
10752;FLORESTAL DROPS BRAZILLIAN COFFEE C/10;10X30GR
10753;FLORESTAL DROPS EUCALIPTO C/10;10X30GR
10592;PROAUTO-KIT GLASS LV AUT+L PNEU+ESPONJ ;1X1UN
10593;PROAUTO-KIT GLASS LV AUT+L PNEU+L VIDRO;1X1UN
10824;BALY-ENERG TRADICIONAL S/ACUCAR LT 250ML;1X250ML
10825;BALY-ENERG.ABACAXI C/ HORTELA PET 2L;1X2L
10826;BALY-ENERG.COCO/ACAI PET 2L;1X2L
10827;BALY-ENERG.COLA PET 2L;1X2L
10828;BALY-ENERG.CRANBERRY PET 2L;1X2L
10971;LAVADORA ELETROLUX LED 9L;1UN
10972;DOCILE - EXPOSITOR BALCAO 4 GANCHOS;1UN
10973;DOCILE - PLASTICO DE FORRACAO DOCES GENT;1UN
10976;ELGIN- DISPLAY CHAO SONIC 20 GANCHOS;1UN
10977;ELGIN- DISPLAY BALCAO SONIC 6 GANCHOS;1UN
10978;PRIMOR-BALA DE BANANA TRAD SUPOCH 70G;1X70G
10848;DOCILE-CANUDINHO 15G DP MORANGO ;12X15G
10849;DOCILE-CANUDINHO AQUARELA 70G;12X70G
10850;DOCILE-CANUDINHO 15G DP VASSOURA BRUXA;12X15G
10851;DOCILE-CANUDINHO SUPER AZEDINHOS 70G;12X70G
10852;DOCILE-CANUDINHO JUMBO BIT SIZE 70G;12X70G
10776;PRIMOR-BALA DE BANANA ORGANICA 150G;1X150G
10778;PRIMOR-DOCE DE BANANA ORGANICO 400G;1X400G
10779;PRIMOR-DOCE DE GOIABA ORGANICO 400G;1X400G
10780;PRIMOR-DOCE DE GOIABADA ORGANICO 7KG;1X7KG
10829;BALY-ENERG.FRUTAS TROPICAIS PET 2L;1X2L
10830;BALY-ENERG.LIMAO SICILIANO PET 2L;1X2L
10831;BALY-ENERG.MACA VERDE PET 2L;1X2L
10832;BALY-ENERG.MELANCIA PET 2L;1X2L
10833;BALY-ENERG.MORANGO E PESSEGO PET 2L;1X2L
10834;BALY-ENERG.PITAYA PET 2L;1X2L
10847;AYMORE-PANETTONE FRUTAS 400G;1X400G
10995;ELGIN-AP.BARBEAR CARE MASC 2 LAMIN 2X12;12X2
10996;ELGIN-AP.BARBEAR CARE FEM 2 LAMIN 2X12;12X2
10997;ELGIN-AP.BARBEAR RAZOR MASC 3 LAMIN C/12;1X12
10998;ELGIN-AP.BARBEAR RAZOR FEM 3 LAMIN C/12;1X12
10853;DOCILE-GELATINES AMORAS 80G;12X80G
10854;DOCILE-GELATINES BANANA 80G;12X80G
10855;DOCILE-GELATINES BEIJO 70G;12X70G
10857;DOCILE-GELATINES COBRINHAS CITRICAS 80G;12X80G
10858;DOCILE-GELATINES COBRINHAS 80G;12X80G
10908;V.FERTIL-AZ.SNACK VDE S/CAROCO NATURAL;1X50G
10979;FELTRIN-SEM.HORT.MELAO GAUCHO CARVALHO;25X900MG
10980;BENEVIA-GODIPPERZ SNACK C/AVELA E CHOCO;12X33GR
10983;DOCILE-PASTILLE DP MINI 8 CANGURU C/100;100X3,85G
10984;DOCILE-XCLE CORACAO MORANGO CHICLE DP;40X4G
10985;DOCILE-CANUDINHO 26G DP MORAN UNICOR BIG;24X26G
10784;PROCAO-DISPLAY DE CHAO 4 CESTOS;1UN
10835;BALY-ENERG.TANGERINA PET 2L;1X2L
10836;BALY-ENERG.TRADICIONAL PET 2L;1X2L
10837;GRASSI-VODKA INTENCION LT 473 ML;1X473ML
10838;BALY-ENERG.  TANGERINA LT 473ML;1X473ML
10941;PROCAO-SHAMPOO DETOX PET 500ML;1X500ML
10942;DOCILE - BICICLETA ARO 26;1UN
10989;DOCILE - EXPOSITOR MINIMINTY FRENT DE CX;1UN
11019;NHAC! RACAO GATO CASTRADO SALMAO 10,1KG;1X10,1KG
11020;FLORESTAL-EXPOSIT METAL SLIM 15 GAN+CEST;1UN
10859;DOCILE-GELATINES DENT VAMPIRO CITRIC 80G;12X80G
10860;DOCILE-GELATINES DENTES MONSTRO SORT 80G;12X80G
10861;DOCILE-GELATINES DENTES VAMPIRO 80G;12X80G
10862;DOCILE-GELATINES MIX DIVERTIDO 80G;12X80G
10863;DOCILE-GELATINES AMORAS UNICORNIO 80G;12X80G
10907;LAVADORA COLOMARQ 6KG LCT 6 BRANCO 220V;1UN
11002;CAR COLLECT-PERFUME WOOD SCENT;1X500ML
11003;CAR COLLECT-CERA FINISH PRO;1X500ML
11004;CAR COLLECT-PERFUME BOOST SCENT CITRUS;1X500ML
11005;CAR COLLECT-CERA POLISH MAX;1X500ML
10839;BALY-ENERG.TRADICIONAL S/ACUCAR PET 2L;1X2L
10881;DOCILE-CANUDINHO IORGUTE GREGO 70G;12X70G
10882;DOCILE-CANUDINHO COLOR MORANGO CITR. 70G;12X70G
10883;DOCILE-CANUDINHO 15G DP UNICORNIO;12X15G
10884;DOCILE-CANUDINHO MORANGO 70G;12X70G
10892;DOCILE-GELATINES 15G MINI AMORAS HALOWEN;12X15G
10893;DOCILE-GELATINES 15G MINI BANANA;12X15G
10894;DOCILE-GELATINES 15G MINI  BEIJO;12X15G
10895;DOCILE-GELATINES 15G MINI DENTE VAMP CIT;12X15G
10896;DOCILE-MARSH RECH TWIST COLORIDO 135G;20X135G
10844;LAVADORA LIBEL BRANCO 220V;1UN
10864;DOCILE-GELATINES PIRAMIDES AZEDINHOS 80G;12X80G
10865;DOCILE-GELATINES MIX FRUTAS NATURAIS 70G;12X70G
10889;DOCILE-CANUDINHO 15G DP TUTTI FRUTTI;12X15G
10890;DOCILE-CANUDINHO TUTTI FRUT 70G;12X70G
10931;DOCILE - CUPOM PROMOCIONAL;1UN
10932;DOCILE - URNA;1UN
10933;DOCILE - CARTAZ A3 SORTEIO DE BRINDE;1UN
10934;DOCILE - CATALOGO;1UN
10935;DOCILE - BALCAO DE DEGUSTACAO;1UN
10885;DOCILE-CANUDINHO MOR.CITR. UNICORNIO 70G;12X70G
10886;DOCILE-CANUDINHO 15G DP MORANGO COLORIDO;12X15G
10887;DOCILE-CANUDINHO MORANGO CITRICO 70G;12X70G
10888;DOCILE-TIJOLINHO BITES SIZE 70G;12X70G
10898;DOCILE-MARSH RECH TWIST COL UNICORN 135G;20X135G
10897;DOCILE-MARSH 50G RECH TWIST COL UNICORNI;12X50G
11006;CAR COLLECT-LAVA AUTOS PRO WASH;1X500ML
11007;CAR COLLECT-SELANTE P/ PNEUS REVIVE PRO;1X500ML
11008;CAR COLLECT-MULTILIMPADOR CLEANER PRO;1X500ML
11009;CAR COLLECT-MULTILIMPADOR BAC PRO;1X500ML
10891;DOCILE-GELATINES 15G MINI AMORAS;12X15G
10911;TORTUG - COOKIE CHOCOLATE DP C/16 60G;16X60G
10912;LAVADORA ALTA PRESSAO 1400W 220V KARCHER;1UN
10943;DOCILE - PRECIFICADOR DE GONDOLA DOCES;1UN
10944;DOCILE - EXPOSITOR CHAO VR 18 GANCHOS;1UN
10786;BALY KIDS-LARANJA 220ML;1X220ML
10787;BALY KIDS-MORANGO 220ML;1X220ML
10788;BALY KIDS-TUTTI FRUTTI 220ML;1X220ML
10789;BALY KIDS-UVA 220ML;1X220ML
10790;BALY-ENERG.  ABACAXI C/ HORTELA 473ML;1X473ML
10840;PARAFUSO RODA TRASEIRA VW 14150/CARGO;1UN
10841;PORCA PARAFUSO RODA VW 14150/40300/CARGO;1UN
10842;PRISIONEIRO CUBO TRAZ. VW 12140/13190;1UN
10843;ROLAMENTO EIXO PILOTO FS5306/5406/OUTROS;1UN
10899;DOCILE-MARSH TUBO TORCAO BAUNILHA150G;20X150G
10953;C.MARINE-SARDINHA PALMEIRA C/ OLEO 125G;1X125G
10954;C.MARINE-SARDINHA PALMEIRA TOMATE 125G;1X125G
10999;BENEVIA-OVO CREME LOVE DIANA C/SURPRESA;4X18GR
11000;BENEVIA-OVO CREME PEPPA PIG C/SURPRESA;4X18GR
11001;BENEVIA-OVO CREME BOB ESPONJA C/SURPRESA;4X18GR
10920;DOCILE-PASTILHA MINI MINTYLARANJA C/12;12X14G
10921;DOCILE-PASTIL MINI MINTY LAR+MOR DP C/12;12X14G
10922;DOCILE-PASTILLE MINI UNICORNIO 100G;14X100G
10923;DOCILE-PASTILLE MINI SORTIDA 100G;14X100G
10791;BALY-ENERG.  ABACAXI HORT S/ACUCAR 473ML;1X473ML
10792;BALY-ENERG.  ACAI  LT 473ML;1X473ML
10793;BALY-ENERG.  CEREJA  LT 473ML;1X473ML
10794;BALY-ENERG.  COCO E ACAI  LT 473ML;1X473ML
10795;BALY-ENERG.  COLA COFFEE  LT 473ML;1X473ML
10900;DOCILE-MARSH 50G TWIST COLOR1 BAUNILHA;12X50G
10901;DOCILE-MARSH TWIST COLOR1 BAUNILHA 150G;20X150G
10902;DOCILE-MARSH PIPOCA DOCE 150G;20X150G
10903;DOCILE-MARSH 50G RECH TWIST ROSA BRANCO;12X50G
10904;DOCILE-MARSH TUBO BRANCO P/ASSAR 150G;20X150G
10986;DOCILE-XCLE CORACAO TUTTI FRUT CHICLE DP;40X4G
10987;DOCILE-CANUDINHO 26G DP F.VERME DINO BIG;24X26G
10988;DOCILE-PASTIL MINI MINTY SORT C/6 DP+EXP;6X12X14G
10990;BALY KIDS SUPLEMENTO-TUTTI FRUTTI 220ML;1X220ML
10991;BALY KIDS SUPLEMENTO-UVA 220ML;1X220ML
10945;NHAC! RACAO CAES CARNE 7KG;1X7KG
10948;R.TOYS-UNICORNIO MALABARISTA DP;12X1UN
10949;R.TOYS-BOCAO DINOSSAURO DP;12X1UN
10950;R.TOYS-ELEFANTINHO DE CORDA DP;12X1UN
10951;R.TOYS-UNICORNIO TURBO DP;16X1UN
10952;R.TOYS-OVO TOYS UNICORNIO DP;24X1UN
10785;VITTAMAX-RACAO CAES GOLD;10,1KG
10796;BALY-ENERG.  COLA LT 473ML;1X473ML
10797;BALY-ENERG.  FRUTAS TROPICAIS LT 473ML;1X473ML
10798;BALY-ENERG.  F.TROPICAIS S/ACUCAR 473ML;1X473ML
10783;ESPUMA MAGICA-LIMPEZA MULTIUSO GATILHO;1X500ML
10905;DOCILE-PASTILHA MINI MINTY HORTELA C/12;12X14G
10906;DOCILE-PASTILHA MINTY HORTELA 17G;20X17G
10909;AYMORE- COOKIES BAUNILHA 60G;1X60G
10910;AYMORE- COOKIES RED VELVET 60G;1X60G
11010;CAR COLLECT-GOMA DE LIMPEZA CLEANSE PRO;1X180GR
11011;CAR COLLECT-RENOVA PLASTICO RECOVER PRO;1X500ML
11012;CAR COLLECT-HIDRATA COURO SOFT PRO;1X500ML
11014;PROAUTO-GOMA DE LIMPEZA 180G;1X180G
11015;PROAUTO-LAVA AUTOS PRE LAVAGEM 500ML;1X500ML
10955;BENEVIA-FUNDIPPERZ BALA GOMA BOB ESPONJA;12X54GR
10956;BENEVIA-PIRULITO RING POP HALLOWEEN DP;24X10G
10964;VITTAMAX-GOURMET CAES CARNE;18X100G
10965;VITTAMAX-GOURMET CAES FRANGO;18X100G
10966;VITTAMAX-GOURMET GATO SALMAO;18X85G
10799;BALY-ENERG.  F.VERMELHAS CRANBERRY 473ML;1X473ML
10800;BALY-ENERG.  LIMAO SICILIANO 473ML;1X473ML
10801;BALY-ENERG.  MACA VERDE LT 473ML;1X473ML
10802;BALY-ENERG.  MACA VERDE S/ACUCAR 473ML;1X473ML
10803;BALY-ENERG.  MELANCIA LT 473ML;1X473ML
10845;PROAUTO-CERA LIQUIDA CERAMIC WAX 500ML;1X500ML
10913;DOCILE-CANUDINHO 26G DP MORANGO DINO BIG;24X26G
10914;DOCILE-GELATINES  BANANA 1KG;1X1KG
10915;DOCILE-GELATINES  BEIJO 1KG;1X1KG
10916;DOCILE-GELATINES  DENTES VAMPIRO 1KG;1X1KG
10866;BALY-ENERG.  SUMMER LOKO MANGA LT 473ML;1X473ML
10867;GRASSI-GIN INTENCION LT 473 ML;1X473ML
10924;PROCAO-SHAMPOO CLOREXIDINA PET 500ML;1X500ML
10925;DOCILE-BALA DOCIGOMA SINO SABORES 1KG;1X1KG
10926;DOCILE-XCLE TUTTI FRUIT POTE 12G DP;12X12G
10967;VITTAMAX-GOURMET GATO CARNE;18X85G
10974;NUTRI  LARANJA TP 1LT;6X1LT
10975;NUTRI LARANJA TP 200ML;27X200ML
10992;BALY KIDS SUPLEMENTO-MORANGO 220ML;1X220ML
10804;BALY-ENERG.  MELANCIA S/ACUCAR LT473ML;1X473ML
10805;BALY-ENERG.  MORANGO E PESSEGO LT 473ML;1X473ML
10806;BALY-ENERG.  MOR.PESSEGO S/ACUCAR LT 473;1X473ML
10807;BALY-ENERG.  PITAYA LT 473ML;1X473ML
10808;BALY-ENERG.  MACA VERDE LT 473ML;1X473ML
10917;DOCILE-GELATINES  AMORAS 1KG;1X1KG
10918;DOCILE-GELATINES  MIX DIVERTIDO 1KG;1X1KG
10919;DOCILE-BALA DOCIGOMA MINHOCA AZEDIN 900G;1X900G
10936;DOCILE - SACOLA PLASTICA;1UN
10937;DOCILE - CLIP STRIP GENTILEZAS CJ C/10;1UN
10927;DOCILE-PASTILHA MINI MINTY MORANGO C/12;12X14G
10929;DOCILE-XCLE MINI MORANGO 11G DP;24X11G
10930;DOCILE-XCLE MINI TUTTI FRUTT 11G DP;24X11G
10993;BALY KIDS SUPLEMENTO-LARANJA 220ML;1X220ML
10994;BALY KIDS SUPLEMENTO-MELANCIA 220ML;1X220ML
10981;DOCILE-CANUDINHO TWIST PUXA ESTICA DP;24X12G
10982;DOCILE-XCLE MINI TIRA TUTTI FRUT 3,4G CT;30X3,4G
11016;PROAUTO-KIT 4 PANO MICROFIBRA 35X35;1X1UN
11017;PROAUTO-SELANTE PLASTICO/BORRACHA 280G;1X280G
11018;NHAC! RACAO GATO CASTRADO SALMAO 1KG;10X1KG
10809;BALY-ENERG. TRADICIONAL S/ACUCAR LT473ML;1X473ML
10810;BALY-ENERG.  TRADICIONAL LT 473ML;1X473ML
10811;BALY-ENERG ABACAXI C/ HORTELA LT 250ML;1X250ML
10812;BALY-ENERG ACAI  LT 250ML;1X250ML
10813;BALY-ENERG COCO/ACAI LT 250ML;1X250ML
10765;PRIMOR-BALA DE BANANA TRADICIONAL 100G;1X100G
10938;DOCILE - SACOLA CARTAO INSTITUCIONAL;1UN
10939;DOCILE - MINI MOTO ELETRICA;1UN
10940;PROCAO-LIMPA PATAS 150ML;1X150ML
10957;DOCILE - MINI MOTO ELETRICA ZYPPI;1UN
10868;DOCILE-BALA DOCIGOMA PICOLES AZEDIN 190G;1X190G
10869;DOCILE-BALA DOCIGOMA MINHOCA AZEDINH 90G;30X90G
10870;DOCILE-BALA DOCIGOMA MIX AZED E DOC 190G;1X190G
10871;DOCILE-BALA DOCIGOMA CUBINHO AZEDINH 80G;12X80G
10872;DOCILE-BALA GOMA MINI SINO EUCALIPTO DP;24X18G
10766;PRIMOR-BALA DE BANANA TRADICIONAL 200G;1X200G
10767;PRIMOR-BALA DE BANANA TRADICIONAL 600G;1X600G
10768;PRIMOR-BALA DE BANANA TRADICIONAL 1KG;1X1KG
10769;PRIMOR-BALA BANANA TRADICIONAL FP 150G;1X150G
10770;PRIMOR-BALA BANANA TRADICIONAL FP 750G;1X750G
10814;BALY-ENERG COLA LT 250ML;1X250ML
10815;BALY-ENERG FRUTAS TROPICAIS LT 250ML;1X250ML
10816;BALY-ENERG F.VERMELHAS CRANBERRY LT 250M;1X250ML
10817;BALY-ENERG LIMAO SICILIANO  LT 250ML;1X250ML
10818;BALY-ENERG MACA VERDE LT 250ML;1X250ML
10781;R.TOYS-BOLHA SABAO BOB ESPONJA DP;24X1UN
10782;R.TOYS-BOLHA SABAO PATRULHA CANINA DP;24X1UN
10958;DOCILE - EXPOSITOR DUPLA FACE 36 GANCHOS;1UN
10959;DOCILE - MOCHILA;1UN
10960;DOCILE - SKATE DOCES GENTILEZAS;1UN
10873;DOCILE-BALA GOMA SINO EUCALIPTO 90G;30X90G
10874;DOCILE-BALA DOCIGOMA SINO SORTIDO 100G;30X100G
10875;DOCILE-BALA GOMA ABOBORA 80G;12X80G
10876;DOCILE-BALA GOMA MINI ABOBORA DP C/24;24X18G
10877;DOCILE-BALA GOMA MIX AZEDINHOS DP C/12;12X15G
10771;PRIMOR-BALA BANANA C/BAUNILHA FP 150G;1X150G
10772;PRIMOR-BALA  BANANA C/BAUNILHA FP 650G;1X650G
10773;PRIMOR-BALA BANANA C/CANELA FP 150G;1X150G
10774;PRIMOR-BALA BANANA C/CANELA FP 650G;1X650G
10775;PRIMOR-BALA BANANA C/CHOCOLATE FP 100G;1X100G
10819;BALY-ENERG MELANCIA LT 250ML;1X250ML
10820;BALY-ENERG MORANGO E PESSEGO LT 250ML;1X250ML
10821;BALY-ENERG PITAYA LT 250ML;1X250ML
10822;BALY-ENERG TANGERINA  LT 250ML;1X250ML
10823;BALY-ENERG TRADICIONAL LT 250ML;1X250ML
10962;R.TOYS-PIRULITO TORRE DADOCURA;60X15G
10963;R.TOYS- EXPOSITOR PLACA POLIONDA PEQUENO;1UN
10968;BALY-ENERG FRUTAS TROPICA S/ACUCAR 250ML;1X250ML
10969;BALY-ENERG MELANCIA S/ACUCAR LT 250ML;1X250ML
10970;DOCILE - MINI MOTO ELETRICA C/BAU BRANCA;1UN
10878;DOCILE-BALA DOCIGOMA TUBO SORTID DP C/30;30X30G
10879;DOCILE-BALA DOCIGOMA TUBO GURT DP C/30;30X30G
10880;BALY-ENERG CHAMPANHE LT 250ML;1X250ML
10946;R.TOYS-BOLHA SABAO MAGIC SWORD DP;16X1UN
10947;R.TOYS-BOLHA SABAO BASTAO MISTO DP;24X1UN
11218;CAOACHERY/TIGGO7 TXS CINZA ANO 2021/2022;1UN
11483;FURIOSO-ENERG UVA VERDE/PESSEGO LTA269ML;1X269ML
11484;FURIOSO- ENERG TRADICIONAL LTA 473ML;1X473ML
11485;FURIOSO- ENERG.TRADICIONAL ZERO 473ML;1X473ML
11486;FURIOSO- ENERG TROPICAL LTA 473ML;1X473ML
11487;FURIOSO- ENERG MELANCIA/MORANGO LTA473ML;1X473ML
11197;LAVADORA ALTA PRESSAO MONDIAL 220V;1UN
11258;CLASSE A-SUCO UVA TINTO INTEGRAL VD1,35L;6X1,35L
11470;SMART TV LG UHD 65 POL 4K;1UN
11606;BELLA ROMA - CHOPP VINHO VD;1X600ML
11607;BELLA ROMA - CHOPP VINHO LTA;1X473ML
11414;FRITADEIRA ELGIN AIR FORNO OVEN FRY 4EM1;1UN
11415;ELGIN-PILHA ULTRA ALCALINA AA BLISTER C2;10X2PC
11416;ELGIN-PILHA ULTRA ALCALINA AA BLISTER C4;10X4PC
11417;ELGIN-PILHA ULTRA ALCALINA AAA BLIST C2;10X2PC
11418;ELGIN-PILHA ULTRA ALCALINA AAA BLIST C4;10X4PC
11111;DOCILE-CANUDINHO JUMBO BIT SIZE 1KG;1X1KG
11112;DOCILE-CANUDINHO 15G DP FRUTAS VERMELHAS;12X15G
11254;VALE FERTIL- CLIP STRIP;1UN
11567;DACOLONIA-GOIABINHA ZERO DISPLAY 600G;24X25G
11568;DACOLONIA-PE DE MOCA C/CHOCOLATE DP;24X30G
11488;FURIOSO- ENERG.MELANCIA/MORANG ZERO473ML;1X473ML
11489;FURIOSO- ENERG MACA VERDE/MELAO LTA473ML;1X473ML
11490;FURIOSO- ENERG UVA VERDE/PESSEGO LT473ML;1X473ML
11491;FURIOSO- ENERG.TANGERINA/LIMAO ZERO473ML;1X473ML
11110;CESTO REDONDO 60L COLOR;1UN
11366;F.GOLDEN-SEM.HORT.RUCULA APRECIATTA FLAR;10X5G
11608;DACOLONIA-AMENDOIM DOCE CRI-CRI PCT;1X140G
11419;ELGIN-PILHA ULTRA ALCALINA AA BLISTER C8;10X8PC
11420;ELGIN-PILHA ULTRA ALCALINA AAA BLIST C8;10X8PC
11421;BALY-ENERG.  CEREJA S/ACUCAR 473ML;1X473ML
11422;BALY-ENERG - UVA VERDE S/ACUCAR 1L;1X1L
11456;AZUMA-TEMPERO PARA SUSHI 1L;1X1L
11151;BALY-ENERG CAIPIRINHA LT 250ML;1X250ML
11152;BALY-ENERG FLORIPA SPRITZ LT 250ML;1X250ML
11569;DACOLONIA-PE DE MOCA C/CHOC.BRANCO DP;24X30G
11570;DACOLONIA-PE DE MOCA C/CHOC BC PISTAC DP;24X25G
11492;FURIOSO-ENERG. TRADICIONAL PET 2L;1X2L
11493;FURIOSO-ENERG. TROPICAL PET 2L;1X2L
11494;FURIOSO-ENERG. MACA VERDE/MELAO PET 2L;1X2L
11495;FURIOSO-ENERG. MELANCIA/MORANGO PET 2L;1X2L
11496;FURIOSO-ENERG. UVA VERDE/PESSEGO PET 2L;1X2L
11198;DOCILE-MARSH RECH TWIST PINTALINGUA 135G;20X135G
11222;DOCILE - EXPOSITOR HALLOWEEN ILHA;1UN
11389;DUCOCO-AGUA DE COCO BLEND 1LT;12X1LT
11234;BOBINA(45X0,0080)L.ROUP O.CASA 1,6K PEBD;1UN
11464;LAVADORA ALTA PRESSAO VONDER 220V;1UN
11465;LAVADORA ALTA PRESSAO PHILCO 220V;1UN
11503;FURIOSO -ENERG TRADICIONAL PET 250ML;1X250ML
11504;FURIOSO -ENERG TROPICAL PET 250ML;1X250ML
11113;DOCILE - CLIP STRIP MINTY S/ ACUCAR;1UN
11114;DOCILE - PAPELAO CANUDINHO BIG;1UN
11115;DOCILE - ACRILICO CHECK OUT MINTY S/ACUC;1UN
11116;DOCILE - REGUA DE GONDOLA CJ C/50;1UN
11117;DOCILE - MOLESKINE DOCES GENTILEZAS;1UN
11497;NOCH ICE-COCKTAIL ALC.LIMAO 270ML;1X270ML
11498;NOCH ICE-COCKTAIL ALC.MARACUJA 270ML;1X270ML
11499;NOCH ICE-COCKTAIL ALC.MORANG/MELAN 270ML;1X270ML
11500;JAMES COOK-VODKA 900ML;1X900ML
11501;JAMES COOK-GIN 900ML;1X900ML
11194;DOCILE-MARSH 70G TWIST COLOR1 BAUNILHA;12X70G
11195;DOCILE-MARSH 70G RECH TWIST ROSA BRANCO;12X70G
11196;DOCILE-MARSH 70G RECH TWIST COL UNICORNI;12X70G
11505;FURIOSO -ENERG MACA VERDE/MELAO PET250ML;1X250ML
11506;FURIOSO -ENERG MELANCIA/MORANGO PET250ML;1X250ML
11508;F-MONO PORCAO BALA BRAZILIAN COFFEE;12X18G
11574;PROINSET-MULTI-INSETICIDA EMB.ECON;1X350ML
11575;PROINSET-MULTI-INSETIC. EMB.ECO S/CHEIRO;1X350ML
11118;DOCILE - EXPOSITOR SUPER SLIM 10 GANCHOS;1UN
11119;DOCILE - BICICLETA ARO 20;1UN
11120;DOCILE - EXPOSITOR SM 30 GANCHOS;1UN
11121;DOCILE - FRITADEIRA AIR FRY 4L;1UN
11122;DOCILE - BANDEJA P/ DEGUSTACAO;1UN
11502;BAMBOA-VODKA 970ML;1X970ML
11507;FURIOSO -ENERG UVA VERDE/PESSEGO PET250M;1X250ML
11509;PANETONE ITALIA MIA FRUTAS 400G;1X400G
11510;PANETONE ITALIA MIA GOTAS CHOCOLATE 400G;1X400G
11511;PANETONE ROMANATO FRUTAS SACHE 300G;1X300G
11576;PROINSET-MULTI-INSETIC. EMB.EC.CITRONELA;1X350ML
11579;PROINSET-MULTI-INSETIC.EMB.EC.EUCALIPTO;1X350ML
11580;PROINSET-MULTI-INSETIC.EMB.EC.ACAO TOTAL;1X350ML
11581;PROINSET-MATA BARATAS;1X350ML
11582;PROINSET- MULTI-INSETICIDA;1X250ML
11163;R.TOYS-BATOM LITO DP;30X3,5G
11164;R.TOYS- RATO CORDA DP;12X1UN
11199;LAVADORA ALTA PRESSAO ELECTROLUX 1400W;1UN
11207;FLORESTAL SM BALA MOLE SORTIDAS;1X100GR
11210;ESPUMA MAGICA-IMPERMEABILIZANT P/ TECIDO;1X500ML
11512;PANETONE ROMANATO GOTAS CHOC.SACHE 300G;1X300G
11535;DACOLONIA-ACUCAR MASCAVO PCT;1X500G
11536;DACOLONIA-AMENDOIM DOCE CRI-CRI PCT;1X140G
11537;DACOLONIA-DOCE AMENDOIM TABLETAO MAXI;1X100G
11538;DACOLONIA-AMENDOIM JAPONES PCT;1X150G
11101;OURO CASA-LAVA ROUPA LIQUIDO MULTIACAO;12X800ML
11168;FILTRO DE CAMBIO FCA1564;1UN
11169;ELEMENTO FILTRANTE DE OLEO WORC001;1UN
11380;BENEVIA-DISPLAY DE CHAO FUNDIPPERZ;1UN
11458;SMACK! COMEDOURO;1UN
11583;PROINSET- MULTI-INSETICIDA ACAO TOTAL;1X250ML
11584;PROINSET- MULTI-INSETICIDA S/CHEIRO;1X250ML
11585;PROINSET -MULTI-INSETICIDA;1X600ML
11592;PURO AR-ODOR.MINI REFIL L3 P2 LAVANDA;1X12ML
11593;PURO AR-ODOR.MINI REFIL L3 P2 TALCO;1X12ML
11594;PURO AR-ODOR.MINI REFIL L3P2 YLANG YLANG;1X12ML
11124;CANTINHO DO VALE-COQUETEL ALCOOLICO;12X880ML
11125;CANTINHO DO VALE-COQUETEL ALCOOLICO 2L;6X2L
11126;STEMPEL-COQUETEL ALCOOLICO BLACK 600ML;6X600ML
11127;STEMPEL-COQUETEL ALCOOLICO RED 600ML;6X600ML
11128;STEMPEL-COQUETEL ALCOOLICO WHITE 600ML;6X600ML
11539;DACOLONIA-AMENDOIM SALGAD TORRADO S/PELE;1X150G
11540;DACOLONIA-AMENDOIM TORRADO S/PELE S/SAL;1X300G
11541;DACOLONIA-PASTA DE AMENDOIM AMENDOPOWER;1X500G
11542;DACOLONIA-BALA DE BANANA TRADICIONAL PCT;1X160G
11543;DACOLONIA-DOCE DE BANANA ZERO ACUCAR;1X180G
11205;MONITOR 19 LED C3TECH MR-19;1UN
11206;DVR 16C INTELBRAS MHDX 3116 MULTIHD;1UN
11213;R.TOYS-ASTROLITO PIRULITO ASTRONAUTA;60X3G
11214;R.TOYS-GOMA MONSTER GEL FORM OLHO E BOCA;30X9G
11215;R.TOYS-GOMA SUSHI GEL FORM SUSHI;30X9G
11595;PURO AR- ODORIZADOR REFIL YLANG YLANG;1X250ML
11596;PURO AR-ODORIZADOR LAVANDA;1X250ML
11597;PURO AR-ODORIZADOR TALCO;1X250ML
11598;PURO AR -ODORIZADOR CAPIM LIMAO;1X400ML
11599;PURO AR -ODORIZADOR LAVANDA;1X400ML
11129;STEMPEL-COQUETEL ALCOOLC PINEAPPLE 600ML;6X600ML
11130;STEMPEL-COQUETEL ALCOOLICO PINK 600ML;6X600ML
11131;LEGGER-SUPLEMENTO VITAMIN. ACAI 520ML;12X520ML
11132;LEGGER-SUPLEMENTO VITAMIN. GUARANA 520ML;12X520ML
11133;LEGGER-SUPLEMENTO VITAMIN. CITRUS 520ML;12X520ML
11544;DACOLONIA-BARRA BANANA/ACAI ZERO F.PACK;1X150G
11545;DACOLONIA-BISCOITO DE ARROZ INTEGRAL;1X95G
11546;DACOLONIA-PE DE MOLEQUE CROCANTE PCT;1X140G
11547;DACOLONIA-BANANINHA ZERO DISPLAY 600G;24X25G
11077;STA-ESCOVA CORPUS RAQUETE OVAL;1X1UN
11078;STA-ESCOVA CORPUS RAQUETE QUADRADA;1X1UN
11079;STA-CORDA P/ VARAL N.5 -15M;1X1UN
11080;STA-DESENTOPE VASO SANITARIO;1X1UN
11200;FILTRO AR EXTERNO 0033606;1UN
11600;PURO AR -ODORIZADOR PETALAS DE ROSAS;1X400ML
11601;PURO AR -ODORIZADOR TALCO;1X400ML
11602;PURO AR -ODORIZADOR CHA BRANCO;1X400ML
11603;PURO AR -ODOR.FLOR YLANG YLANG  L500P400;1X500ML
11604;ABOVE-REPELENTE DE INSETOS AERO;1X150ML
11134;LEGGER-SUPLEMENTO VITAMIN. LIMAO 520ML;12X520ML
11178;DOCILE-GELATINES PULSEIRA 60G;12X60G
11226;R.TOYS-OVO TOYS DINOSSAURO DP;24X1UN
11227;R.TOYS-OVO TOYS MENINO DP;24X1UN
11228;R.TOYS-OVO TOYS MENINA DP;24X1UN
11548;DACOLONIA-PACOCA RETANGULAR TRAD DP 432G;24X18G
11549;DACOLONIA-PACOQUINHA ROLHA ZERO 432G DP;24X18G
11550;DACOLONIA-PACOCA RETANGULAR C/MASCAVO;1X180G
11551;DACOLONIA-PACOCA RETANGULAR TRADICIONAL;1X180G
11552;DACOLONIA-PACOCA ROLHA MASCAVO POTE C/12;1X210G
11135;BABY SOFT-SEM PASSAR GATILHO 300ML;18X300ML
11201;FILTRO COMBUSTIVEL SEDIMENTADOR 0025142;1UN
11202;FILTRO DIESEL 0038493;1UN
11203;FILTRO LUBRIFICANTE 0034837;1UN
11208;STA-ESPONJA ESFRELUX MULT L4 P3 DP C/180;1X180UN
11605;ABOVE-REPELENTE DE INSETOS ADULTO SPRAY;1X200ML
11613;LEGGER-SUPLEMENTO VIT. KIWI/MACA 520ML;12X520ML
11614;LEGGER-SUPLEMENTO VIT.MELANC/LIMAO 520ML;12X520ML
11615;LEGGER-SUPLEMENTO VIT.MELAO/GENGIB 520ML;12X520ML
11620;F-MONO PORCAO BALA GELATINA GOMINHOS DP;12X15G
11150;C.OURO-SUCO UVA TINTO INTEGRAL VD 1,35L;1X1,35LT
11229;R.TOYS-OVO TOYS MISTO DP;24X1UN
11230;R.TOYS-OVO TOYS BOB ESPONJA DP;24X1UN
11231;R.TOYS-OVO TOYS PATRULHA CANINA DP;24X1UN
11241;ARCOR-BONOBON BRIGADEIRO C/50;1X750G
11553;DACOLONIA-PACOCA ROLHA TRAD.POTE C/8UN;1X140G
11554;DACOLONIA-PACOCA ROLHA TRADIC. CX 1,4KG;100X14G
11555;DACOLONIA-PACOCA ROLHA TRADICIONAL POTE;40X14G
11556;DACOLONIA-PACOQUINHA ROLHA ZERO C/10;1X170G
11557;DACOLONIA-PE DE MOLEQUE RETANGULAR;1X120G
11093;STA-LIMPA VIDROS ESFRELUX REFIL 500ML;1X500ML
11094;STA-ESCOVA DE TANQUE RETANGULAR REF.752;1X1UN
11095;STA-ESCOVA DE TANQUE OVAL REF. 751;1X1UN
11096;STA-ESCOVA CORPUS MAGICA QUADRADA C/CABO;1X1UN
11097;STA-ESCOVA CORPUS MAGICA SEM CABO;1X1UN
11621;F-BALA GELATINA BANANA;1X60G
11622;F-BALA GELATINA MINHOCAS ACIDAS SORTIDAS;1X60G
11623;F-BALA GELATINA URSO SORTIDO;1X60G
11624;F-BALA GELATINA MIX SORTIDO;1X60G
11187;D.GRANO GOLD-BORDO S/ALCOOL SUCO UVA INT;1X750ML
11242;ARCOR-BONOBON BEIJINHO C/50;1X750G
11243;ARCOR-BALA BUTTER TOFFEES CHOCOLATE 400G;1X400G
11244;BALY-ENERG CEREJA S/ACUCAR LT 250ML;1X250ML
11256;PROAUTO-ODORIZ.BREEZE CARD TRIP FRESH;1X1UN
11558;DACOLONIA-PE DE MOLEQUE MINI PCT;1X60G
11559;DACOLONIA-PE DE MOLEQUE POTE 714G;51X14G
11571;DACOLONIA-BANANADA MARIOLA TIJOLINHO;1X300G
11572;DACOLONIA-PE DE MOCA TABLETE;1X130G
11573;ELGIN- DISPLAY CHAO SONIC 18 GANCHOS;1UN
11609;BNB-B3ST PTOTEIN BANANA SPLIT DP;10X60G
11098;STA-ESCOVA CORPUS POLVO;1X1UN
11099;STA-ESCOVA CORPUS RAQUETE PADDLE;1X1UN
11216;R.TOYS-ANIMALLOW MARSH FORM ANIMAIS;40X8G
11217;R.TOYS-ZOOLITO PIRULITO FORM ANIMAIS;30X15G
11257;CAIXA PAP. OND. CAIXA OURO CASA;1UN
11209;STA-VASSOURAO TERREIRO S/CABO;1X1UN
11219;QUADRICICLO - MINI ELETRICO 6V AZUL;1UN
11267;RADIADOR DAGUA VW;1UN
11387;BALY-ENERG - MELANCIA S/ACUCAR 1L;1X1L
11388;BALY-ENERG - FRUTAS TROPICAI S/ACUCAR 1L;1X1L
11611;BNB-B3ST PROTEIN CARAMELO SALGADO DP;10X60G
11612;BNB-B3ST PROTEIN COCO DP;10X60G
11616;MAT PROM. PURO AR DISPLAY PAPELAO GRANDE;1PC
11617;MAT PROM.PROINSET DISPLAY PAPELAO GRANDE;1PC
11618;MAT PROM. PROINSET BOBINA DE FORRACAO;1UN
11025;DOCILE-MARSH PISTACHE 150G;20X150G
11026;DOCILE-GELATINES MELISSA 70G;12X70G
11027;DOCILE-BALA DOCIGOMA MIX AZED E DOC 90G;30X90G
11028;DOCILE-TIJOLINHO 15G BITES SIZE;12X15G
11259;BALY-ENERG.TADALA AZULZINHO PET 2L;1X2L
11268;BENEVIA-PIRULITO PUSH POP DP TROPICALS;12X14G
11270;TROLLI-BALA GEL.FLAVOR BOMB STRAWBERYC/4;1X75G
11271;TROLLI-BALA GEL.FLAVOR BOMB GLOWWORM C/4;1X75G
11272;BENEVIA-PIR.BABY BOTTLE POP DP;12X31G
11273;BENEVIA-GEL SUPER AZEDO WARHEADS DP;32X20G
11381;LEGGER-SUPLEMENTO VITAMIN.ACAI LT350ML;6X350ML
11382;LEGGER-SUPLEMENTO VITAMIN.CITRUS LT350ML;6X350ML
11383;LEGGER-SUPLEMENTO VITAMIN.GUARAN LT350ML;6X350ML
11384;LEGGER-SUPLEMENTO VITAMIN.LIMAO LT350ML;6X350ML
11424;FELTRIN-SEM.HORT.MELAO GAUCHO RED CONESU;25X900MG
11619;MAT PROM. PURO AR BOBINA DE FORRACAO;1UN
11140;FELTRIN-EXPOSITOR FIXO C/PES 72 GANCHOS;1UN
11260;BALY-ENERG. TADALA AZULZINHO LT 473ML;1X473ML
11367;F.GOLDEN-EXPOSITOR GIR.BALCAO 24GANCHOS;1UN
11368;F.GOLDEN-EXPOSITOR GIRATORIO 112 GANCHOS;1UN
11369;F.GOLDEN-EXPOSITOR GIRATORIO 72 GANCHOS;1UN
11245;BALY-ENERG UVA VERDE LT 250ML;1X250ML
11246;BALY-ENERG. UVA VERDE LT 473ML;1X473ML
11247;BALY-ENERG AMORA HORT S/ACUCAR LT 250ML;1X250ML
11249;BALY-ENERG.  AMORA C/ HORTELA LT 473ML;1X473ML
11457;QUADRICICLO - MINI ELETRICO 6V LARANJA;1UN
11309;AUTOCRAFT-CERA LIQUIDA GATILHO 500ML;1X500ML
11310;AUTOCRAFT-ADITIVO RADIADOR 1L;1X1L
11311;AUTOCRAFT-LUBRIFICANTE AUTO LUB 250ML;1X250ML
11312;AUTOCRAFT-SILICONE SECAGEM RAPIDA 110ML;1X110ML
11313;AUTOCRAFT-SILICONE GEL PERFUMADO 150ML;1X150ML
11142;LAVADORA TURBILHAO SUGGAR 8KG BC 220V;1UN
11472;LAVADORA ALTA PRESSAO PHILCO 1300PSI220V;1UN
11477;FURIOSO-ENERG TRADICIONAL LTA 269ML;1X269ML
11478;FURIOSO-ENERG TRADICIONAL ZERO LTA269ML;1X269ML
11479;FURIOSO-ENERG MELANCIA/MORANGO LTA 269ML;1X269ML
11275;BENEVIA-PIRULITO RING POP SHREK DP;24X10G
11370;F.GOLDEN-EXPOSITOR FIXO C/PES 64 GANCHOS;1UN
11371;F.GOLDEN-EXPOSITOR FIXO C/PES 48 GANCHOS;1UN
11390;BALY-ENERG MOR.PESSEGO S/ACUCAR 250ML;1X250ML
11391;BALY-ENERG - MOR. PESSEGO S/ACUCAR 1L;1X1L
11469;REFRIGER. EXPOSITOR VERT 124L ECOGELO PT;1X1
11480;FURIOSO-ENERG MELANCIA/MORANG ZERO 269;1X269ML
11481;FURIOSO-ENERG MACA VERDE/MELAO LTA 269ML;1X269ML
11482;FURIOSO-ENERG TROPICAL LTA 269ML;1X269ML
11021;FLORESTAL-EXPOSIT BALCAO METAL 6 GANCHOS;1UN
11022;FLORESTAL-EXPOSIT BALCAO METAL 3 FRENTES;1UN
11023;FLORESTAL-EXPOSIT ACRILICO PIRULITO;1UN
11024;FLORESTAL-EXPOSIT ACRILIC PIRULT 2 ANDAR;1UN
11034;STA-SACO P/LIXO ESFRELUX ROLO 100L C/15;1X1UN
11330;F.GOLDEN-SEM.HORT.PIMENTA MALAGUETINHA;10X1G
11331;F.GOLDEN-SEM.HORT.PEPINO AODAI;10X5G
11332;F.GOLDEN-SEM.HORT.CEBOLA BAIA HERVAL;10X2G
11333;F.GOLDEN-SEM.HORT.ABOBORA HIROKO;10X2G
11334;F.GOLDEN-SEM.HORT.FEIJAO TEMPESTA;10X10G
11452;BALY COPA HIDRATE FRUTAS AMARELAS 500ML;1X500ML
11453;BALY COPA ENERG. CAIPIRINHA LT 473ML;1X473ML
11454;BALY COPA ICE INTENCION 275ML;1X275ML
11455;BALY COPA ENERG.CAIPIRINHA PET 2L;1X2L
11035;STA-SACO P/LIXO ESFRELUX ROLO 200LT C/25;1X1UN
11036;STA-SACO P/LIXO ESFRELUX ROLO 30LT C/30;1X1UN
11037;STA-SACO P/LIXO ESFRELUX ROLO 50LT C/30;1X1UN
11038;STA-SACO P/LIXO ESFRELUX PIA/BANHE C/20;1X1UN
11039;STA-RODO PLASTICO 30CM C/CABO;1X1UN
11263;ELGIN- DISP BALCAO ELGIN 6 GANCHOS-SONIC;1UN
11353;F.GOLDEN-SEM.FLOR MORANGO VERMELHO RUGE;10X0,3G
11354;F.GOLDEN-SEM.FLOR BELA DA MANHA TRICOLOR;10X1,5G
11355;F.GOLDEN-SEM.FLOR DALIA COLTNESS SORTIDA;10X0,5G
11356;F.GOLDEN-SEM.ERVAS ALFAZEMA OU LAVANDA;10X0,3G
11141;DOCILE - MINI MOTO ELETRICA BIG TRAIL;1UN
11262;FELTRIN-SEM.HORT.ABOBORA MENINA BRASILEI;25X2G
11385;BALY-ENERG.  MANGA S/ACUCAR 473ML;1X473ML
11386;BALY-ENERG - MANGA S/ACUCAR 1L;1X1L
11427;BALY-ENERG - MACA VERDE S/ACUCAR 1L;1X1L
11459;QUADRICICLO - MINI ELETRICO 6V BRANCO;1UN
11461;FELTRIN-SEM.HORT.ALFACE REPOLHUDA;25X700MG
11462;FELTRIN-SEM.HORT.ALFACE GIOVANA;25X700MG
11463;V.FERTIL-AZ.SNACK PRETA S/CAROCO NATURAL;1X50G
11466;DISJ.MONO 16A C 220V EASY 9;UN
11040;STA-RODO PLASTICO 40CM C/CABO;1X1UN
11041;STA-RODO PLASTICO 60CM C/CABO;1X1UN
11042;STA-VASSOURA PHENIX C/CABO;1X1UN
11043;STA-VASSOURA VARRECASA C/CABO;1X1UN
11044;STA-VASSOURA PIACALUX C/CABO;1X1UN
11146;STA-PA P/LIXO PLASTICA;1X1UN
11149;STA-ESPONJA ESFRELUX PROTETOR DE UNHA UN;1X1UN
11357;F.GOLDEN-SEM.ERVAS ARRUDA;10X0,6G
11358;F.GOLDEN-SEM.ERVAS CAMOMILA OU MACANILHA;10X0,3G
11359;F.GOLDEN-SEM.ERVAS CEBOLINHA VERDE FINA;10X0,3G
11276;F.GOLDEN-SEM.HORT.ABOBORA JACAREZINHO;10X8G
11277;F.GOLDEN-SEM.HORT.MORANGA EXPOSICAO;10X8G
11278;F.GOLDEN-SEM.HORT.ABOBORA MENINA BRASILE;10X8G
11279;F.GOLDEN-SEM.HORT.ABOBRINHA TRONCO REDON;10X8G
11280;F.GOLDEN-SEM.HORT.ABOBRINHA CASERTA ITAL;10X8G
11235;NHAC! COMEDOURO;1UN
11467;LEDTUGLA LEDTUBE 1200MM 18W BIV -PHILIPS;1X120CM
11468;LUMIN. LED SLIM LINEAR FIT KIAN 36W 6500;1X1UN
11471;MATSUDA CERVEJEIRA 220V;1UN
11474;VITTAMAX-TIRINHAS SMACK! CARNE;20X65G
11045;STA-VASSOURA LAVA CASA C/CABO;1X1UN
11046;STA-LIMPAD.CONC. ESFRELUX A.MARINH 140ML;1X140ML
11047;STA-LIMPAD.CONC. ESFRELUX CAPIM/LI 140ML;1X140ML
11048;STA-LIMPAD.CONC. ESFRELUX CITRONEL 140ML;1X140ML
11049;STA-LIMPAD.CONC. ESFRELUX EUCALIPT 140ML;1X140ML
11360;F.GOLDEN-SEM.ERVAS MELISSA ERVA CIDREIRA;10X0,35G
11361;F.GOLDEN-SEM.ERVAS HORTELA OU MENTA PIPE;10X0,1G
11362;F.GOLDEN-SEM.ERVAS MANJERICAO ALFAVACA;10X1,3G
11363;F.GOLDEN-SEM.ERVAS MANJERICAO ROXO;10X0,5G
11364;F.GOLDEN-SEM.ERVAS OREGANO;10X0,17G
11283;F.GOLDEN-SEM.HORT.ABOBORA GOIANINHA;10X8G
11284;F.GOLDEN-SEM.HORT.ALMEIRAO PAO DE ACUCAR;10X5G
11285;F.GOLDEN-SEM.HORT.ALFACE MONICA;10X2,5G
11286;F.GOLDEN-SEM.HORT.CEBOLINHA TODO ANO;10X3G
11287;F.GOLDEN-SEM.HORT.ABOBR.MENINA BRAS PREC;10X8G
11274;TROLLI-BALA GEL.POP EYE(4 UN POR PCT);1X75G
11314;F.GOLDEN-SEM.HORT.ALFACE AMERIC GD LAGOS;10X2,5G
11315;F.GOLDEN-SEM.HORT.MARACUJA AMARELO;10X1G
11316;F.GOLDEN-SEM.HORT.PIMENTA CAYENNE LONG S;10X1G
11317;F.GOLDEN-SEM.HORT.QUIABO VALENCA;10X10G
11475;VITTAMAX-TIRINHAS SMACK! FRANGO;20X65G
11050;STA-LIMPAD.CONC. ESFRELUX LAVANDA 140ML;1X140ML
11051;STA-LIMPAD.CONC. ESFRELUX PETCARE 140ML;1X140ML
11052;STA-LIMPAD.CONC. ESFRELUX TALCO 140ML;1X140ML
11053;STA-ESPONJA ESFRELUX MULTIUSO LV4PG3;1X1UN
11054;STA-ESPONJA ESFRELUX MULTIUSO UNIT;1X1UN
11372;V.FERTIL-AZ.VDE RECH.C/JALAPENO VD 130G;1X130GR
11373;NUTRINECTAR  LT UVA E MACA 290ML;6X290ML
11374;NUTRINECTAR  LT MANGA E MACA 290ML;6X290ML
11375;NUTRINECTAR  LT GOIABA E MACA 290ML;6X290ML
11376;NUTRINECTAR  LT PESSEGO E MACA 290ML;6X290ML
11170;DOCILE-MARSH PACOCA 150G;20X150G
11171;DOCILE-GELATINES BALA SURPRESA 80G;12X80G
11250;DISPENSER DE RACAO STANDART PRETO 40L;UN
11428;BALY-ENERG - CEREJA S/ACUCAR 1L;1X1L
11438;SMACK! RACAO CAES PEQUENO PORTE 15KG;1X15KG
11439;SMACK! RACAO GATO PEIXE 1KG;1X1KG
11233;QUADRICICLO - ASTRO 6V AZUL;1UN
11476;VITTAMAX-TIRINHAS SMACK! LINGUICA;20X65G
11560;DACOLONIA-FONDANT DE LEITE TRAD.CUBINHO;1X120G
11561;DACOLONIA-MELADO BISNAGA;1X250G
11562;DACOLONIA-TORRONE C/AMENDOIM;1X60G
11055;STA-ESPONJA ESFRELUX ANTIADERENTE UNIT;1X1UN
11056;STA-ESPONJA ESFRELUX ANTIADERENTE LV4PG3;1X1UN
11057;STA-ESPONJA ESFRELUX LIMP CAR UNIT;1X1UN
11058;STA-ESPONJA ESFRELUX LIMPA FACIL C/CABO;1X1UN
11059;STA-ESPONJA ESFRELUX MULTIUSO C/CABO;1X1UN
11181;PROAUTO-ODORIZ.BREEZE SENSATIONS ENERGY;1X5G
11182;PROAUTO-ODORIZ.BREEZE SENSATIONS CONFORT;1X5G
11183;PROAUTO-ODORIZ.BREEZE SENSATIONS WAVE;1X5G
11377;NUTRI LT MARACUJA 290ML;6X290ML
11378;FLORESTAL PIR FLOPITO CORACAO VERMEL DP;1X500G
11440;SMACK! RACAO GATO PEIXE 10,1KG;1X10,1KG
11441;SMACK! RACAO GATO PEIXE 25KG;1X25KG
11442;SMACK! RACAO GATO MIX 1KG;1X1KG
11443;SMACK! RACAO GATO MIX 10,1KG;1X10,1KG
11444;SMACK! RACAO GATO MIX 25KG;1X25KG
11586;PURO AR- ODORIZADOR REFIL LAVANDA;1X250ML
11587;PURO AR- ODORIZADOR REFIL TALCO;1X250ML
11588;PURO AR- ODOR.APARELHO+REFIL LAVANDA;1X12ML
11589;PURO AR- ODOR.APARELHO+REFIL TALCO;1X12ML
11590;PURO AR- ODOR.APARELHO+REFIL YLANG YLANG;1X12ML
11591;PURO AR- ODORIZADOR REFIL CHA BRANCO;1X250ML
11060;STA-ESPONJA ESFRELUX LIMP GRILL UNIT;1X1UN
11061;STA-LUVAS ESFRELUX FORRADAS 1PAR-TAM P;1X1UN
11062;STA-LUVAS ESFRELUX FORRADAS 1PAR-TAM M;1X1UN
11063;STA-LUVAS ESFRELUX FORRADAS 1PAR-TAM G;1X1UN
11064;STA-LUVAS ESFRELUX FORRADAS 1PAR-TAM GG;1X1UN
11068;STA-LUVAS VIP MULTISO 1 PAR- TAM M;1X1UN
11069;STA-LUVAS VIP MULTISO 1 PAR- TAM G;1X1UN
11070;STA-ESPONJA BANHO SPLUM L AQUA LV3 PG2;1X1UN
11071;STA-ESPONJA BANHO SPLUM L AQUA UNIT;1X1UN
11072;STA-ESPONJA BANHO SPLUM MASSAGEADORA UNI;1X1UN
11100;DOCILE-PASTILHA ROLLY  MINTYHORTELA C/16;16X29G
11102;DOCILE-BALA PASTILHA MINTYHORTELA 17G;40X17G
11103;DOCILE-PASTILHA ROLLY  MINTYFRUIT C/16;16X29G
11104;DOCILE-CANUDINHO 15G DP MORANGO CITRICO;12X15G
11105;DOCILE-BALA DOCIGOMA TUBO SORTID SM;24X30G
11521;FLORESTAL BALA STICK MINT HORTELA;40X12,3G
11522;FLORESTAL SM BALA SACHE MORANGUINHO;1X100G
11523;FLORESTAL BALA STICK CORACAO;40X12,3G
11524;F-MONO PORCAO BALA DO CORACAO;12X20G
11525;F-LATA CHICLE CLISS MENTA FORTE;8X28G
11066;STA-LUVAS VIP MULTISO 1 PAR- TAM P;1X1UN
11223;PROAUTO-ODORIZ.BREEZE BUBBLE PULSE;1X1UN
11224;PROAUTO-ODORIZ.BREEZE BUBBLE SPARK;1X1UN
11225;PROAUTO-ODORIZ.BREEZE BUBBLE BLOOM;1X1UN
11261;BALY-ENERG.CEREJA S/ACUCAR PET 2L;1X2L
11073;STA-ESPONJA BANHO SPLUM MASSAG+ESFOL C/2;1X1UN
11074;STA-ESPONJA BANHO SPLUM ESFOLIANTE UN;1X1UN
11075;STA-ESCOVA CORPUS ANTARES MADEIRA M BOLA;1X1UN
11076;STA-ESCOVA CORPUS RAQUETE OBLONGA;1X1UN
11379;FLORESTAL SM BALA ZOLLE MAST.IOGURTE;1X100G
11106;DOCILE-BALA PASTILHA MINTYMORANGO 17G;20X17G
11107;DOCILE-BALA PASTILHA MINTYMENTA S/ACUCAR;9X21G
11108;DOCILE-BALA PASTILHA MINTYMORAN S/ACUCAR;9X21G
11109;DOCILE-CANUDINHO 15G DP SUPER AZEDINHO;12X15G
11081;STA-DESENTOPE PIA;1X1UN
11082;STA-ESPONJA ESFRELUX DE ACO UNIT;1X1UN
11083;STA-PA P/LIXO CABO LONGO;1X1UN
11084;STA-ESCOVA SANITARIA S/POTE;1X1UN
11085;STA-ESCOVA SANITARIA C/POTE;1X1UN
11335;F.GOLDEN-SEM.HORT.ALFACE BETANIA;10X2,5G
11336;F.GOLDEN-SEM.HORT.TOMATE BARTO;10X1G
11337;F.GOLDEN-SEM.HORT.PIMENTA CASCAVEL;10X1G
11338;F.GOLDEN-SEM.HORT.COENTRO PACIFICO;10X5G
11340;F.GOLDEN-SEM.HORT.SALSA GRAUDA PORTUGUES;10X10G
11136;FLORESTAL-CADEIRA DE PRAIA ALUMINIO;1UN
11137;FLORESTAL-GUARDA-SOL BAGUM ALUMIN 1,80MT;1UN
11138;FLORESTAL-CAIXA TERMICA 19L BEL;1UN
11139;FLORESTAL-MOCHILA FLOPI;1UN
11429;SMACK! RACAO CAES CARNE 1KG;1X1KG
11252;VALE FERTIL- REGUA DE GONDOLA;1UN
11253;VALE FERTIL- WOBBLER;1UN
11392;DUCOCO-AGUA DE COCO BLEND 200ML;27X200ML
11393;DUCOCO-AGUA DE COCO 1LT;12X1LT
11394;DUCOCO-AGUA DE COCO 330ML;12X330ML
11395;DUCOCO-AGUA DE COCO 200ML;27X200ML
11086;STA-RODO P/ PIA;1X1UN
11087;STA-TABUA DE CARNE GRANDE;1X1UN
11088;STA-PRENDEDOR ROUPA MADEIRA C/12;1X1UN
11089;STA-PRENDEDOR ROUPA PLASTICO GRANDE C/12;1X1UN
11090;STA-ROLO ADESIVO+REFIL;1X1UN
11167;BUSCHLE-ALGOD.DOCE SURPRESA DP 12X15G;12X15G
11318;F.GOLDEN-SEM.HORT.COENTRO VERDAO;10X5G
11319;F.GOLDEN-SEM.HORT.RABANETE VIP CRISMON;10X10G
11320;F.GOLDEN-SEM.HORT.MAMAO FORMOSA;10X0,5G
11321;F.GOLDEN-SEM.HORT.ALFACE ELISABETH;10X2,5G
11158;V.FERTIL-AZ.VDE PREMIUM AZIZI VD 300GR;1X300GR
11159;V.FERTIL-AZ.VDE RECH.C/TOMATE SECO 130G;1X130GR
11160;V.FERTIL-AZ.VDE RECH.C/CEBOLA VD 130G;1X130GR
11161;V.FERTIL-AZ.PRETA FATIADA D.PACK 120G(I);1X120GR
11162;V.FERTIL-AZ.PRETA S/CAROCO D.PACK120G(I);1X120GR
11396;DUCOCO-LEITE DE COCO TP 1LT;1X1LT
11397;DUCOCO-LEITE DE COCO VD 200ML;1X200ML
11398;DUCOCO-LEITE DE COCO VD 500ML;1X500ML
11399;DUCOCO-LEITE DE COCO TP 200ML;1X200ML
11400;DUCOCO-OLEO DE COCO EXTRA VIRGEM 200ML;1X200ML
11091;STA-LIMPA MULTI ESFRELUX FLOTADOR 500ML;1X500ML
11092;STA-LIMPA VIDROS ESFRELUX SPRAY GT 500ML;1X500ML
11192;STEMPEL-COQUETEL ALCOOLICO RED 355ML;12X355ML
11526;FLORESTAL CONFEITO DRAGEADO F.VERMELHAS;10X31G
11527;FLORESTAL CONFEITO DRAGEADO HORTELA;10X31G
11172;BALY HIDRATE-ISOTONICO TANGERINA 500ML;1X500ML
11173;BALY HIDRATE-ISOTONICO LIMAO 500ML;1X500ML
11174;BALY HIDRATE-ISOTONICO MELANCIA 500ML;1X500ML
11175;BALY-ENERG MUSCLE PROTEIN TROPICAL 250ML;1X250ML
11176;BALY-ENERG.  REDRAGON S/ACUCAR LT 473ML;1X473ML
11165;BICICLETA ARO 20;1UN
11288;F.GOLDEN-SEM.HORT.BETERRABA KATRINA;10X5G
11289;F.GOLDEN-SEM.HORT.COUVE MANTEIGA;10X3G
11290;F.GOLDEN-SEM.HORT.MAXIXE DO NORTE;10X4G
11291;F.GOLDEN-SEM.HORT.COUVE FLOR 4 ESTACOES;10X3G
11188;FELTRIN-SEM.HORT.ALFACE MIMOSA VERDE;25X700MG
11189;FELTRIN-SEM.HORT.ALFACE LISA;25X700MG
11190;FELTRIN-SEM.HORT.ALMEIRAO PAO DE ACUCAR;25X700MG
11401;DUCOCO-OLEO DE COCO SEM SABOR 200ML;1X200ML
11402;DUCOCO-COCO RALADO SECO 100G;1X100G
11153;V.FERTIL-PEPINO FATIADO AGRIDOCE VD 300G;1X300GR
11154;V.FERTIL-PASSATA MOLHO DE TOMATE 500GR;1X500GR
11155;V.FERTIL-TOMATE SECO DOY PACK 100G;1X100GR
11156;V.FERTIL-AZ.VDE PREMIUM ARAUCO 300GR;1X300GR
11157;V.FERTIL-AZ.VDE PREMIUM GORDAL 300GR;1X300GR
11177;BALY LOUNGE RELAX DRINK LT 269ML;1X269ML
11184;ESPUMA MAGICA-ESPONJA MAGICA PACK C/3UN;1X3UN
11185;TOSCANO BEM VIVER-VINAGRE MACA ORGANICO;1X500ML
11186;FRITADEIRA ELGIN AIR FRYER AFG30 3.5L;1UN
11193;LAVADORA ALTA PRESSAO 1400W K2 KARCHER;1UN
11292;F.GOLDEN-SEM.HORT.SALSA LISA;10X10G
11293;F.GOLDEN-SEM.HORT.TOMATE GAUCHO MELHORAD;10X1G
11294;F.GOLDEN-SEM.HORT.JILO COMPRIDO GD RIO;10X2,5G
11295;F.GOLDEN-SEM.HORT.PIMENTA CHAPEU DE BISP;10X1G
11296;F.GOLDEN-SEM.HORT.MELANCIA FAIRFAX;10X5G
11204;QUADRICICLO - ASTRO 6V VERMELHO;1UN
11403;DUCOCO-COCO RALADO UMIDO ADOCADO 50G;1X50G
11404;DUCOCO-COCO RALADO UMIDO ADOCADO 100G;1X100G
11405;DUCOCO-COCO FLOCOS UMIDO ADOCADO 100G;1X100G
11406;DUCOCO-COCO RALADO UMIDO ADOCADO 1KG;1X1KG
11514;FLORESTAL SM BALA DURA BOLINHA CANELA;1X122GR
11515;FLORESTAL BALA STICK BRUXOLITA Q'PINTA;40X12,3G
11516;F-MONO PORCAO BALA GOMA GOMINT;12X15G
11517;FLORESTAL SM BALA SACHE HORTELA;1X100G
11518;F-MONO PORCAO BALA I MINT;12X216G
11322;F.GOLDEN-SEM.HORT.TOMATE CAROLINA;10X1G
11323;F.GOLDEN-SEM.HORT.ABOBORA MARANHAO;10X6G
11324;F.GOLDEN-SEM.HORT.CENOURA BRASILIA IRECE;10X5G
11325;F.GOLDEN-SEM.HORT.JILO REDONDO MORRO GD;10X2,5G
11326;F.GOLDEN-SEM.HORT.ABOBORA MINI PAULISTA;10X8G
11298;F.GOLDEN-SEM.HORT.MELAO GAUCHO CONESUL;10X5G
11299;F.GOLDEN-SEM.HORT.MELANCIA CRIMSON SWEET;10X5G
11300;F.GOLDEN-SEM.HORT.PIMENTAO AMARELO SF134;10X2,5G
11301;F.GOLDEN-SEM.HORT.PEPINO ESMERALDA CAIPI;10X5G
11302;F.GOLDEN-SEM.HORT.PIMENTAO CASCA DURA IK;10X2G
11303;F.GOLDEN-SEM.HORT.PIMENTA MALAGUETA;10X1G
11407;DUCOCO-COCO FLOCOS UMIDO ADOCADO 1KG;1X1KG
11408;MENINA-LEITE DE COCO VD 200ML;1X200ML
11409;MENINA-LEITE DE COCO VD 500ML;1X500ML
11410;MENINA-LEITE DE COCO TP 200ML;1X200ML
11411;MENINA-COCO RALADO UMIDO ADOCADO 50G;1X50G
11528;FLORESTAL CONFEITO DRAGEADO IORG.MORANGO;10X31G
11529;FLORESTAL CONFEITO DRAGEADO MENTA;10X31G
11531;F-MARSH. FOFS TWIST VAMP RECH. MORANGO;1X220G
11532;FLORESTAL SM PIRULITO BRUXOLITO Q'PINTA;1X120G
11534;F-MONO PORCAO BALA GOMA FLOPI SORTIDO;12X15G
11563;DACOLONIA-FLOCOS DE ARROZ CARAMELIZADO;1X100G
11251;PROAUTO-ODORIZ.BREEZE CARD TRIP VIBE;1X1UN
11327;F.GOLDEN-SEM.HORT.PIMENTA VULCAO;10X1G
11328;F.GOLDEN-SEM.HORT.MAXIXE LISO CALCUTA;10X4G
11329;F.GOLDEN-SEM.HORT.PIMENTA BICO;10X1G
11341;F.GOLDEN-SEM.HORT.PIMENTA NUCLEAR;10X1G
11342;F.GOLDEN-SEM.HORT.PIMENTA DEDO DE MOCA;10X1G
11304;F.GOLDEN-SEM.HORT.PIMENTA DOCE COMPRIDO;10X1G
11305;F.GOLDEN-SEM.HORT.QUIABO SANTA CRUZ;10X10G
11306;F.GOLDEN-SEM.HORT.ABOBORA RAJADA SECA;10X8G
11307;F.GOLDEN-SEM.HORT.REPOLHO 60 DIAS;10X7G
11308;F.GOLDEN-SEM.HORT.RUCULA CULTIVADA;10X5G
11430;SMACK! RACAO CAES CARNE 10,1KG;1X10,1KG
11220;AZUMA-SAKE FLAVORS UVA VERDE 740ML;1X740ML
11221;AZUMA-SAKE FLAVORS TANG & PIM ROSA 740ML;1X740ML
11412;MENINA-COCO RALADO UMIDO ADOCADO 100G;1X100G
11413;MENINA-COCO FLOCOS UMIDO ADOCADO 100G;1X100G
11423;FRITADEIRA ELGIN AIR FORNO OVEN FRY 3EM1;1UN
11232;GRASSI-COQUETEL ALC. MARULA 880ML;1X880ML
11564;PANETONE ITALIA MIA TRUFADO CHOCO 400G;1X400G
11565;PANETONE FORNERIA ITALIA FRUTAS 300G;1X300G
11566;PANETONE FORNERIA ITALIA GOTAS 300G;1X300G
11343;F.GOLDEN-SEM.HORT.PIMENTA SASHA;10X1G
11344;F.GOLDEN-SEM.FLOR ZINIA DOBRADA DAHLIAFL;10X1G
11345;F.GOLDEN-SEM.FLOR SEMPRE VIVA DOBRADA SO;10X0,5G
11346;F.GOLDEN-SEM.FLOR MARGARIDA GIGANTE BRAN;10X1G
11347;F.GOLDEN-SEM.FLOR GIRASSOL DOBRADO ANAO;10X1,5G
11431;SMACK! RACAO CAES CARNE 15KG;1X15KG
11432;SMACK! RACAO CAES CARNE 25KG;1X25KG
11433;SMACK! RACAO CAES FILHOTE 1KG;1X1KG
11434;SMACK! RACAO CAES FILHOTE 10,1KG;1X10,1KG
11435;SMACK! RACAO CAES FILHOTE 25KG;1X25KG
11425;BENEVIA-PIR.SPRING BOB ESPONJA DP;18X12G
11426;BENEVIA-PIR.SPRING MINIONS DP;18X12G
11445;SMACK! RACAO GATO CASTRADO SALMAO 1KG;1X1KG
11446;SMACK! RACAO GATO CASTRADO SALMAO 10,1KG;1X10,1KG
11447;SMACK! TIRINHAS CARNE;20X65G
11448;SMACK! TIRINHAS FRANGO;20X65G
11264;V.FERTIL-AZ.VDE MIX SALADA DOY PACK 80G;1X80GR
11265;V.FERTIL-AZ.VDE RECH.C/ALHO VD 130G;1X130GR
11266;V.FERTIL-AZ.VDE RECH.C/LIMAO VD 130GR;1X130GR
11519;F-LATA BALA BRAZILIAN COFFEE;8X52,5G
11520;F-LATA BALA I MINT;8X52,5G
11348;F.GOLDEN-SEM.FLOR AMOR PERFEITO SORTIDO;10X0,2G
11349;F.GOLDEN-SEM.FLOR CRAVO GIGANTE CHABAUD;10X0,25G
11350;F.GOLDEN-SEM.FLOR PETUNIA ANA COMP. SORT;10X0,25G
11351;F.GOLDEN-SEM.FLOR ONZE HORAS DOBRADA SOR;10X0,25G
11352;F.GOLDEN-SEM.FLOR AMOR PERFEITO SORTIDO;10X0,20G
11166;O TRADICIONAL-SUCO UVA TINTO PET 1,35L;6X1,35L
11436;SMACK! RACAO CAES PEQUENO PORTE 1KG;1X1KG
11437;SMACK! RACAO CAES PEQUENO PORTE 10,1KG;1X10,1KG
11211;ESPUMA MAGICA-LIMPA AIR FRYER E GRELHA;1X500ML
11212;ESPUMA MAGICA-NEUTRALIZA ODORES P/TECIDO;1X500ML
11449;SMACK! TIRINHAS LINGUICA;20X65G
11450;BALY COPA ENERG CAIPIRINHA LT 250ML;1X250ML
11451;BALY COPA KIDS SUPLEMENTO LARANJA 220ML;1X220ML
11236;TOSCANO-VINAGRE DE CEBOLA;12X750ML
11237;TOSCANO-VINAGRE DE LIMAO SICILIANO;12X750ML
11238;TOSCANO-VINAGRE DE COENTRO;12X750ML
11239;TOSCANO-VINAGRE DE OREGANO;12X750ML
11240;TOSCANO-VINAGRE TOMATE SECO E MANJERICAO;12X750ML
11029;STA-SACO P/LIXO ESFRELUX ALMOF 100L C/5;1X1UN
11030;STA-SACO P/LIXO ESFRELUX ALMOF 15L C/20;1X1UN
11031;STA-SACO P/LIXO ESFRELUX ALMOF 30L C/10;1X1UN
11032;STA-SACO P/LIXO ESFRELUX ALMOF 50L C/10;1X1UN
11033;STA-SACO P/LIXO ESFRELUX ROLO 15L C/60;1X1UN
